solid OpenSCAD_Model
  facet normal 0 0 1
    outer loop
      vertex 16.389925633370876 9.058285038471183 1.65
      vertex 16.460588899254798 9.041190582811794 1.65
      vertex 16.471804369986057 9.22385689198967 1.65
    endloop
  endfacet
  facet normal 0 0 1
    outer loop
      vertex 16.460588899254798 9.041190582811794 1.65
      vertex 16.53715971559286 9.02898025840517 1.65
      vertex 16.51892716884613 9.210868488550148 1.65
    endloop
  endfacet
  facet normal 0 0 1
    outer loop
      vertex 16.53715971559286 9.02898025840517 1.65
      vertex 16.619638082385062 9.021654065251312 1.65
      vertex 16.597283986210822 9.197474199831447 1.65
    endloop
  endfacet
  facet normal 0 0 1
    outer loop
      vertex 16.619638082385062 9.021654065251312 1.65
      vertex 16.708023999631404 9.01921200335022 1.65
      vertex 16.684847970306873 9.191385890841445 1.65
    endloop
  endfacet
  facet normal 0 0 1
    outer loop
      vertex 16.708023999631404 9.01921200335022 1.65
      vertex 16.756302085518836 9.019941892027816 1.65
      vertex 16.716082003712653 9.190979998111686 1.65
    endloop
  endfacet
  facet normal 0 0 1
    outer loop
      vertex 16.756302085518836 9.019941892027816 1.65
      vertex 16.80288158804178 9.022131572961769 1.65
      vertex 16.77940126955509 9.192712593376598 1.65
    endloop
  endfacet
  facet normal 0 0 1
    outer loop
      vertex 16.80288158804178 9.022131572961769 1.65
      vertex 16.84776249229908 9.025781038701496 1.65
      vertex 16.80933142900467 9.194878328144512 1.65
    endloop
  endfacet
  facet normal 0 0 1
    outer loop
      vertex 16.84776249229908 9.025781038701496 1.65
      vertex 16.89094480574131 9.030890296697578 1.65
      vertex 16.83810860365629 9.197910364270172 1.65
    endloop
  endfacet
  facet normal 0 0 1
    outer loop
      vertex 16.89094480574131 9.030890296697578 1.65
      vertex 16.932428528368472 9.037459339499435 1.65
      vertex 16.892204013466834 9.206573325693569 1.65
    endloop
  endfacet
  facet normal 0 0 1
    outer loop
      vertex 16.917522241175174 9.212204250991306 1.65
      vertex 16.932428528368472 9.037459339499435 1.65
      vertex 16.972213660180568 9.045488167107067 1.65
    endloop
  endfacet
  facet normal 0 0 1
    outer loop
      vertex 16.972213660180568 9.045488167107067 1.65
      vertex 17.010300193727016 9.054976779520473 1.65
      vertex 16.94168749153614 9.218701470196208 1.65
    endloop
  endfacet
  facet normal 0 0 1
    outer loop
      vertex 16.96469975709915 9.226064983308277 1.65
      vertex 17.010300193727016 9.054976779520473 1.65
      vertex 17.046688143908977 9.065925184190235 1.65
    endloop
  endfacet
  facet normal 0.4152571899425797 0.9097040541852016 0
    outer loop
      vertex 16.26632175296545 9.10712634354826 1.65
      vertex 16.26632175296545 9.10712634354826 2
      vertex 16.325169917941093 9.080263625383338 1.65
    endloop
  endfacet
  facet normal 0.3213999118100762 0.9469435551755316 0
    outer loop
      vertex 16.325169917941093 9.080263625383338 1.65
      vertex 16.325169917941093 9.080263625383338 2
      vertex 16.389925633370876 9.058285038471183 1.65
    endloop
  endfacet
  facet normal 0.23513187988904205 0.9719634761964284 0
    outer loop
      vertex 16.389925633370876 9.058285038471183 1.65
      vertex 16.389925633370876 9.058285038471183 2
      vertex 16.460588899254798 9.041190582811794 1.65
    endloop
  endfacet
  facet normal 0.15747482895520518 0.9875230013754256 0
    outer loop
      vertex 16.460588899254798 9.041190582811794 1.65
      vertex 16.460588899254798 9.041190582811794 2
      vertex 16.53715971559286 9.02898025840517 1.65
    endloop
  endfacet
  facet normal 0.08847727641110517 0.9960781955041846 0
    outer loop
      vertex 16.53715971559286 9.02898025840517 1.65
      vertex 16.53715971559286 9.02898025840517 2
      vertex 16.619638082385062 9.021654065251312 1.65
    endloop
  endfacet
  facet normal 0.027618996171773557 0.9996185227627905 0
    outer loop
      vertex 16.619638082385062 9.021654065251312 1.65
      vertex 16.619638082385062 9.021654065251312 2
      vertex 16.708023999631404 9.01921200335022 1.65
    endloop
  endfacet
  facet normal -0.01511669869082746 0.9998857361822353 0
    outer loop
      vertex 16.708023999631404 9.01921200335022 1.65
      vertex 16.708023999631404 9.01921200335022 2
      vertex 16.756302085518836 9.019941892027816 1.65
    endloop
  endfacet
  facet normal -0.04695768168045911 0.9988968796283212 0
    outer loop
      vertex 16.756302085518836 9.019941892027816 1.65
      vertex 16.756302085518836 9.019941892027816 2
      vertex 16.80288158804178 9.022131572961769 1.65
    endloop
  endfacet
  facet normal -0.0810469418907396 0.996710285494315 0
    outer loop
      vertex 16.80288158804178 9.022131572961769 1.65
      vertex 16.80288158804178 9.022131572961769 2
      vertex 16.84776249229908 9.025781038701496 1.65
    endloop
  endfacet
  facet normal -0.1174987150533997 0.9930730345552637 0
    outer loop
      vertex 16.84776249229908 9.025781038701496 1.65
      vertex 16.84776249229908 9.025781038701496 2
      vertex 16.89094480574131 9.030890296697578 1.65
    endloop
  endfacet
  facet normal 0.5142870592987729 0.8576181088560458 0
    outer loop
      vertex 16.26632175296545 9.10712634354826 1.65
      vertex 16.213381138443946 9.138873192965946 2
      vertex 16.26632175296545 9.10712634354826 2
    endloop
  endfacet
  facet normal 0.4152571899425797 0.9097040541852016 0
    outer loop
      vertex 16.325169917941093 9.080263625383338 1.65
      vertex 16.26632175296545 9.10712634354826 2
      vertex 16.325169917941093 9.080263625383338 2
    endloop
  endfacet
  facet normal 0.3213999118100762 0.9469435551755316 0
    outer loop
      vertex 16.389925633370876 9.058285038471183 1.65
      vertex 16.325169917941093 9.080263625383338 2
      vertex 16.389925633370876 9.058285038471183 2
    endloop
  endfacet
  facet normal 0.23513187988904205 0.9719634761964284 0
    outer loop
      vertex 16.460588899254798 9.041190582811794 1.65
      vertex 16.389925633370876 9.058285038471183 2
      vertex 16.460588899254798 9.041190582811794 2
    endloop
  endfacet
  facet normal 0.15747482895520518 0.9875230013754256 0
    outer loop
      vertex 16.53715971559286 9.02898025840517 1.65
      vertex 16.460588899254798 9.041190582811794 2
      vertex 16.53715971559286 9.02898025840517 2
    endloop
  endfacet
  facet normal 0.08847727641110517 0.9960781955041846 0
    outer loop
      vertex 16.619638082385062 9.021654065251312 1.65
      vertex 16.53715971559286 9.02898025840517 2
      vertex 16.619638082385062 9.021654065251312 2
    endloop
  endfacet
  facet normal 0.027618996171773557 0.9996185227627905 0
    outer loop
      vertex 16.708023999631404 9.01921200335022 1.65
      vertex 16.619638082385062 9.021654065251312 2
      vertex 16.708023999631404 9.01921200335022 2
    endloop
  endfacet
  facet normal -0.01511669869082746 0.9998857361822353 0
    outer loop
      vertex 16.756302085518836 9.019941892027816 1.65
      vertex 16.708023999631404 9.01921200335022 2
      vertex 16.756302085518836 9.019941892027816 2
    endloop
  endfacet
  facet normal -0.04695768168045911 0.9988968796283212 0
    outer loop
      vertex 16.80288158804178 9.022131572961769 1.65
      vertex 16.756302085518836 9.019941892027816 2
      vertex 16.80288158804178 9.022131572961769 2
    endloop
  endfacet
  facet normal -0.0810469418907396 0.996710285494315 0
    outer loop
      vertex 16.84776249229908 9.025781038701496 1.65
      vertex 16.80288158804178 9.022131572961769 2
      vertex 16.84776249229908 9.025781038701496 2
    endloop
  endfacet
  facet normal -0.1174987150533997 0.9930730345552637 0
    outer loop
      vertex 16.89094480574131 9.030890296697578 1.65
      vertex 16.84776249229908 9.025781038701496 2
      vertex 16.89094480574131 9.030890296697578 2
    endloop
  endfacet
  facet normal -0.15640349497140765 0.9876932452744268 0
    outer loop
      vertex 16.89094480574131 9.030890296697578 1.65
      vertex 16.89094480574131 9.030890296697578 2
      vertex 16.932428528368472 9.037459339499435 1.65
    endloop
  endfacet
  facet normal -0.19781686159276077 0.9802389959951554 0
    outer loop
      vertex 16.932428528368472 9.037459339499435 1.65
      vertex 16.932428528368472 9.037459339499435 2
      vertex 16.972213660180568 9.045488167107067 1.65
    endloop
  endfacet
  facet normal -0.24174374794586861 0.9703401261048027 0
    outer loop
      vertex 16.972213660180568 9.045488167107067 1.65
      vertex 16.972213660180568 9.045488167107067 2
      vertex 17.010300193727016 9.054976779520473 1.65
    endloop
  endfacet
  facet normal -0.28812085243427465 0.9575940551154998 0
    outer loop
      vertex 17.010300193727016 9.054976779520473 1.65
      vertex 17.010300193727016 9.054976779520473 2
      vertex 17.046688143908977 9.065925184190235 1.65
    endloop
  endfacet
  facet normal -0.3367969918750546 0.9415772863997488 0
    outer loop
      vertex 17.046688143908977 9.065925184190235 1.65
      vertex 17.046688143908977 9.065925184190235 2
      vertex 17.08137749582529 9.078333373665771 1.65
    endloop
  endfacet
  facet normal -0.38751404966537156 0.9218637975926509 0
    outer loop
      vertex 17.08137749582529 9.078333373665771 1.65
      vertex 17.08137749582529 9.078333373665771 2
      vertex 17.114368256926536 9.092201347947082 1.65
    endloop
  endfacet
  facet normal -0.43989026163974543 0.8980515339970843 0
    outer loop
      vertex 17.114368256926536 9.092201347947082 1.65
      vertex 17.114368256926536 9.092201347947082 2
      vertex 17.145660434663295 9.107529114484748 1.65
    endloop
  endfacet
  facet normal -0.4934097786909737 0.8697969822275335 0
    outer loop
      vertex 17.145660434663295 9.107529114484748 1.65
      vertex 17.145660434663295 9.107529114484748 2
      vertex 17.175254014134406 9.12431666582819 1.65
    endloop
  endfacet
  facet normal -0.15640349497140765 0.9876932452744268 0
    outer loop
      vertex 16.932428528368472 9.037459339499435 1.65
      vertex 16.89094480574131 9.030890296697578 2
      vertex 16.932428528368472 9.037459339499435 2
    endloop
  endfacet
  facet normal -0.19781686159276077 0.9802389959951554 0
    outer loop
      vertex 16.972213660180568 9.045488167107067 1.65
      vertex 16.932428528368472 9.037459339499435 2
      vertex 16.972213660180568 9.045488167107067 2
    endloop
  endfacet
  facet normal -0.24174374794586861 0.9703401261048027 0
    outer loop
      vertex 17.010300193727016 9.054976779520473 1.65
      vertex 16.972213660180568 9.045488167107067 2
      vertex 17.010300193727016 9.054976779520473 2
    endloop
  endfacet
  facet normal -0.28812085243427465 0.9575940551154998 0
    outer loop
      vertex 17.046688143908977 9.065925184190235 1.65
      vertex 17.010300193727016 9.054976779520473 2
      vertex 17.046688143908977 9.065925184190235 2
    endloop
  endfacet
  facet normal -0.3367969918750546 0.9415772863997488 0
    outer loop
      vertex 17.08137749582529 9.078333373665771 1.65
      vertex 17.046688143908977 9.065925184190235 2
      vertex 17.08137749582529 9.078333373665771 2
    endloop
  endfacet
  facet normal -0.38751404966537156 0.9218637975926509 0
    outer loop
      vertex 17.114368256926536 9.092201347947082 1.65
      vertex 17.08137749582529 9.078333373665771 2
      vertex 17.114368256926536 9.092201347947082 2
    endloop
  endfacet
  facet normal -0.43989026163974543 0.8980515339970843 0
    outer loop
      vertex 17.145660434663295 9.107529114484748 1.65
      vertex 17.114368256926536 9.092201347947082 2
      vertex 17.145660434663295 9.107529114484748 2
    endloop
  endfacet
  facet normal -0.4934097786909737 0.8697969822275335 0
    outer loop
      vertex 17.175254014134406 9.12431666582819 1.65
      vertex 17.145660434663295 9.107529114484748 2
      vertex 17.175254014134406 9.12431666582819 2
    endloop
  endfacet
  facet normal 0 0 1
    outer loop
      vertex 16.037291315197944 9.37086937159296 1.65
      vertex 16.06069417744875 9.314701873362026 1.65
      vertex 16.24637612402439 9.431368249952754 1.65
    endloop
  endfacet
  facet normal 0 0 1
    outer loop
      vertex 16.06069417744875 9.314701873362026 1.65
      vertex 16.090004590153693 9.263418506383857 1.65
      vertex 16.263619956374168 9.391845766007862 1.65
    endloop
  endfacet
  facet normal 0 0 1
    outer loop
      vertex 16.090004590153693 9.263418506383857 1.65
      vertex 16.125222553312778 9.217019270658454 1.65
      vertex 16.284792502224445 9.356006543636283 1.65
    endloop
  endfacet
  facet normal 0 0 1
    outer loop
      vertex 16.125222553312778 9.217019270658454 1.65
      vertex 16.166348074376582 9.175504166185817 1.65
      vertex 16.296852041780948 9.339468162059745 1.65
    endloop
  endfacet
  facet normal 0 0 1
    outer loop
      vertex 16.213381138443946 9.138873192965946 1.65
      vertex 16.323917654156684 9.30915384322401 1.65
      vertex 16.166348074376582 9.175504166185817 1.65
    endloop
  endfacet
  facet normal 0 0 1
    outer loop
      vertex 16.06069417744875 9.314701873362026 1.65
      vertex 16.254506950080394 9.411146599352321 1.65
      vertex 16.24637612402439 9.431368249952754 1.65
    endloop
  endfacet
  facet normal 0 0 1
    outer loop
      vertex 16.090004590153693 9.263418506383857 1.65
      vertex 16.27371514290571 9.373465742468795 1.65
      vertex 16.263619956374168 9.391845766007862 1.65
    endloop
  endfacet
  facet normal 0 0 1
    outer loop
      vertex 16.06069417744875 9.314701873362026 1.65
      vertex 16.263619956374168 9.391845766007862 1.65
      vertex 16.254506950080394 9.411146599352321 1.65
    endloop
  endfacet
  facet normal 0 0 1
    outer loop
      vertex 16.125222553312778 9.217019270658454 1.65
      vertex 16.296852041780948 9.339468162059745 1.65
      vertex 16.284792502224445 9.356006543636283 1.65
    endloop
  endfacet
  facet normal 0 0 1
    outer loop
      vertex 16.090004590153693 9.263418506383857 1.65
      vertex 16.284792502224445 9.356006543636283 1.65
      vertex 16.27371514290571 9.373465742468795 1.65
    endloop
  endfacet
  facet normal 0 0 1
    outer loop
      vertex 16.01979600340128 9.43192100107666 1.65
      vertex 16.037291315197944 9.37086937159296 1.65
      vertex 16.233060997724532 9.474574002921543 1.65
    endloop
  endfacet
  facet normal 0 0 1
    outer loop
      vertex 16.037291315197944 9.37086937159296 1.65
      vertex 16.24637612402439 9.431368249952754 1.65
      vertex 16.239227470755576 9.452510717809162 1.65
    endloop
  endfacet
  facet normal 0 0 1
    outer loop
      vertex 16.037291315197944 9.37086937159296 1.65
      vertex 16.239227470755576 9.452510717809162 1.65
      vertex 16.233060997724532 9.474574002921543 1.65
    endloop
  endfacet
  facet normal 0 0 1
    outer loop
      vertex 16.1539278075099 10.043322380185089 1.65
      vertex 16.16039143204689 10.03366697907444 1.65
      vertex 16.33876136392355 10.159468087851963 1.65
    endloop
  endfacet
  facet normal 0 0 1
    outer loop
      vertex 16.16039143204689 10.03366697907444 1.65
      vertex 16.167175737023353 10.024222831726036 1.65
      vertex 16.34417289942503 10.151470038592777 1.65
    endloop
  endfacet
  facet normal 0 0 1
    outer loop
      vertex 16.167175737023353 10.024222831726036 1.65
      vertex 16.17428073734045 10.014989915788135 1.65
      vertex 16.34417289942503 10.151470038592777 1.65
    endloop
  endfacet
  facet normal 0 0 1
    outer loop
      vertex 16.18945277929306 9.997157822847328 1.65
      vertex 16.197519835829734 9.98855863839384 1.65
      vertex 16.356383022665977 10.136330086290798 1.65
    endloop
  endfacet
  facet normal 0 0 1
    outer loop
      vertex 16.17428073734045 10.014989915788135 1.65
      vertex 16.181706410646438 10.005968246161899 1.65
      vertex 16.35005499869585 10.143778997957668 1.65
    endloop
  endfacet
  facet normal 0 0 1
    outer loop
      vertex 16.181706410646438 10.005968246161899 1.65
      vertex 16.18945277929306 9.997157822847328 1.65
      vertex 16.35005499869585 10.143778997957668 1.65
    endloop
  endfacet
  facet normal 0 0 1
    outer loop
      vertex 16.113947328925132 10.128332938551864 1.65
      vertex 16.11774336248636 10.116898979544601 1.65
      vertex 16.32182091921568 10.194530333876571 1.65
    endloop
  endfacet
  facet normal 0 0 1
    outer loop
      vertex 16.11774336248636 10.116898979544601 1.65
      vertex 16.121900920569896 10.105710666179618 1.65
      vertex 16.325350177288055 10.18530426502224 1.65
    endloop
  endfacet
  facet normal 0 0 1
    outer loop
      vertex 16.136461068689822 10.07355602413412 1.65
      vertex 16.141962629556655 10.063266898989639 1.65
      vertex 16.33382039964199 10.167773145735225 1.65
    endloop
  endfacet
  facet normal 0 0 1
    outer loop
      vertex 16.131280188262462 10.084056388139686 1.65
      vertex 16.136461068689822 10.07355602413412 1.65
      vertex 16.329350006580352 10.176385204791984 1.65
    endloop
  endfacet
  facet normal 0 0 1
    outer loop
      vertex 16.141962629556655 10.063266898989639 1.65
      vertex 16.14778487831354 10.053189020156822 1.65
      vertex 16.33382039964199 10.167773145735225 1.65
    endloop
  endfacet
  facet normal 0 0 1
    outer loop
      vertex 16.121900920569896 10.105710666179618 1.65
      vertex 16.126420003175735 10.094767998456916 1.65
      vertex 16.325350177288055 10.18530426502224 1.65
    endloop
  endfacet
  facet normal 0 0 1
    outer loop
      vertex 16.126420003175735 10.094767998456916 1.65
      vertex 16.131280188262462 10.084056388139686 1.65
      vertex 16.329350006580352 10.176385204791984 1.65
    endloop
  endfacet
  facet normal 0 0 1
    outer loop
      vertex 16.107439850270747 10.151937793493232 1.65
      vertex 16.316174101829528 10.213903497457466 1.65
      vertex 16.104728405177593 10.164108689427337 1.65
    endloop
  endfacet
  facet normal 0 0 1
    outer loop
      vertex 16.107439850270747 10.151937793493232 1.65
      vertex 16.110512827336787 10.140012543201408 1.65
      vertex 16.318762224912643 10.20406341135498 1.65
    endloop
  endfacet
  facet normal 0 0 1
    outer loop
      vertex 16.110512827336787 10.140012543201408 1.65
      vertex 16.113947328925132 10.128332938551864 1.65
      vertex 16.32182091921568 10.194530333876571 1.65
    endloop
  endfacet
  facet normal 0 0 1
    outer loop
      vertex 16.098763209581374 10.202095236182174 1.65
      vertex 16.100390081107616 10.189187410771808 1.65
      vertex 16.314056542515754 10.224050584733448 1.65
    endloop
  endfacet
  facet normal 0 0 1
    outer loop
      vertex 16.100390081107616 10.189187410771808 1.65
      vertex 16.10237847715616 10.176525223553142 1.65
      vertex 16.314056542515754 10.224050584733448 1.65
    endloop
  endfacet
  facet normal 0 0 1
    outer loop
      vertex 16.098763209581374 10.202095236182174 1.65
      vertex 16.3124095544219 10.234504680633506 1.65
      vertex 16.09749787002802 10.21524870723482 1.65
    endloop
  endfacet
  facet normal 0 0 1
    outer loop
      vertex 16.10237847715616 10.176525223553142 1.65
      vertex 16.104728405177593 10.164108689427337 1.65
      vertex 16.316174101829528 10.213903497457466 1.65
    endloop
  endfacet
  facet normal 0 0 1
    outer loop
      vertex 16.14778487831354 10.053189020156822 1.65
      vertex 16.1539278075099 10.043322380185089 1.65
      vertex 16.33876136392355 10.159468087851963 1.65
    endloop
  endfacet
  facet normal 0 0 1
    outer loop
      vertex 16.10237847715616 10.176525223553142 1.65
      vertex 16.316174101829528 10.213903497457466 1.65
      vertex 16.314056542515754 10.224050584733448 1.65
    endloop
  endfacet
  facet normal 0 0 1
    outer loop
      vertex 16.107439850270747 10.151937793493232 1.65
      vertex 16.318762224912643 10.20406341135498 1.65
      vertex 16.316174101829528 10.213903497457466 1.65
    endloop
  endfacet
  facet normal 0 0 1
    outer loop
      vertex 16.096594054996967 10.228647831380329 1.65
      vertex 16.31123313754797 10.245265777707061 1.65
      vertex 16.09605176448822 10.242292593717536 1.65
    endloop
  endfacet
  facet normal 0 0 1
    outer loop
      vertex 16.09605176448822 10.242292593717536 1.65
      vertex 16.310527284443378 10.256333890855274 1.65
      vertex 16.095870998501777 10.256183001697025 1.65
    endloop
  endfacet
  facet normal 0 0 1
    outer loop
      vertex 16.09749787002802 10.21524870723482 1.65
      vertex 16.31123313754797 10.245265777707061 1.65
      vertex 16.096594054996967 10.228647831380329 1.65
    endloop
  endfacet
  facet normal 0 0 1
    outer loop
      vertex 16.095870998501777 10.256183001697025 1.65
      vertex 16.310292002558707 10.267708997726402 1.65
      vertex 16.09681575447321 10.287718001306018 1.65
    endloop
  endfacet
  facet normal 0 0 1
    outer loop
      vertex 16.09681575447321 10.287718001306018 1.65
      vertex 16.310899068415164 10.28701979249712 1.65
      vertex 16.099650029838084 10.318120535016021 1.65
    endloop
  endfacet
  facet normal 0 0 1
    outer loop
      vertex 16.099650029838084 10.318120535016021 1.65
      vertex 16.312720280885696 10.305580172240695 1.65
      vertex 16.104373817145824 10.347390617728195 1.65
    endloop
  endfacet
  facet normal 0 0 1
    outer loop
      vertex 16.104373817145824 10.347390617728195 1.65
      vertex 16.315755639970302 10.32339013695713 1.65
      vertex 16.110987116396426 10.375528227090797 1.65
    endloop
  endfacet
  facet normal 0 0 1
    outer loop
      vertex 16.09749787002802 10.21524870723482 1.65
      vertex 16.3124095544219 10.234504680633506 1.65
      vertex 16.31123313754797 10.245265777707061 1.65
    endloop
  endfacet
  facet normal 0 0 1
    outer loop
      vertex 16.098763209581374 10.202095236182174 1.65
      vertex 16.314056542515754 10.224050584733448 1.65
      vertex 16.3124095544219 10.234504680633506 1.65
    endloop
  endfacet
  facet normal 0 0 1
    outer loop
      vertex 16.09605176448822 10.242292593717536 1.65
      vertex 16.31123313754797 10.245265777707061 1.65
      vertex 16.310527284443378 10.256333890855274 1.65
    endloop
  endfacet
  facet normal 0 0 1
    outer loop
      vertex 16.095870998501777 10.256183001697025 1.65
      vertex 16.310527284443378 10.256333890855274 1.65
      vertex 16.310292002558707 10.267708997726402 1.65
    endloop
  endfacet
  facet normal 0 0 1
    outer loop
      vertex 16.09681575447321 10.287718001306018 1.65
      vertex 16.310292002558707 10.267708997726402 1.65
      vertex 16.310899068415164 10.28701979249712 1.65
    endloop
  endfacet
  facet normal 0 0 1
    outer loop
      vertex 16.099650029838084 10.318120535016021 1.65
      vertex 16.310899068415164 10.28701979249712 1.65
      vertex 16.312720280885696 10.305580172240695 1.65
    endloop
  endfacet
  facet normal 0 0 1
    outer loop
      vertex 16.104373817145824 10.347390617728195 1.65
      vertex 16.312720280885696 10.305580172240695 1.65
      vertex 16.315755639970302 10.32339013695713 1.65
    endloop
  endfacet
  facet normal 0 0 1
    outer loop
      vertex 16.315755639970302 10.32339013695713 1.65
      vertex 16.320005138218402 10.340449686646423 1.65
      vertex 16.110987116396426 10.375528227090797 1.65
    endloop
  endfacet
  facet normal 0 0 1
    outer loop
      vertex 16.320005138218402 10.340449686646423 1.65
      vertex 16.119489935040473 10.40253338545557 1.65
      vertex 16.110987116396426 10.375528227090797 1.65
    endloop
  endfacet
  facet normal 0 0 1
    outer loop
      vertex 16.320005138218402 10.340449686646423 1.65
      vertex 16.129882265627383 10.428406077921352 1.65
      vertex 16.119489935040473 10.40253338545557 1.65
    endloop
  endfacet
  facet normal 0 0 1
    outer loop
      vertex 16.325468775629997 10.356758821308574 1.65
      vertex 16.142164115607738 10.453146304488143 1.65
      vertex 16.129882265627383 10.428406077921352 1.65
    endloop
  endfacet
  facet normal 0 0 1
    outer loop
      vertex 16.142164115607738 10.453146304488143 1.65
      vertex 16.332146559655666 10.372317540943584 1.65
      vertex 16.156335470080375 10.476754080057106 1.65
    endloop
  endfacet
  facet normal 0 0 1
    outer loop
      vertex 16.156335470080375 10.476754080057106 1.65
      vertex 16.34003848284483 10.387125853002033 1.65
      vertex 16.172396351397037 10.499229382276496 1.65
    endloop
  endfacet
  facet normal 0 0 1
    outer loop
      vertex 16.172396351397037 10.499229382276496 1.65
      vertex 16.349144545197486 10.40118374258276 1.65
      vertex 16.19034673720598 10.520572233498058 1.65
    endloop
  endfacet
  facet normal 0 0 1
    outer loop
      vertex 16.19034673720598 10.520572233498058 1.65
      vertex 16.349144545197486 10.40118374258276 1.65
      vertex 16.21018664240837 10.540782618820629 1.65
    endloop
  endfacet
  facet normal 0 0 1
    outer loop
      vertex 16.213381138443946 9.138873192965946 1.65
      vertex 16.26632175296545 9.10712634354826 1.65
      vertex 16.35491197258234 9.28252278596159 1.65
    endloop
  endfacet
  facet normal 0 0 1
    outer loop
      vertex 16.26632175296545 9.10712634354826 1.65
      vertex 16.325169917941093 9.080263625383338 1.65
      vertex 16.389834997057914 9.259574997723064 1.65
    endloop
  endfacet
  facet normal 0 0 1
    outer loop
      vertex 16.213381138443946 9.138873192965946 1.65
      vertex 16.338923719525337 9.295377905964813 1.65
      vertex 16.323917654156684 9.30915384322401 1.65
    endloop
  endfacet
  facet normal 0 0 1
    outer loop
      vertex 16.213381138443946 9.138873192965946 1.65
      vertex 16.35491197258234 9.28252278596159 1.65
      vertex 16.338923719525337 9.295377905964813 1.65
    endloop
  endfacet
  facet normal 0 0 1
    outer loop
      vertex 16.26632175296545 9.10712634354826 1.65
      vertex 16.371882398426532 9.27058848321434 1.65
      vertex 16.35491197258234 9.28252278596159 1.65
    endloop
  endfacet
  facet normal 0 0 1
    outer loop
      vertex 16.166348074376582 9.175504166185817 1.65
      vertex 16.30989375412464 9.3238505902886 1.65
      vertex 16.296852041780948 9.339468162059745 1.65
    endloop
  endfacet
  facet normal 0 0 1
    outer loop
      vertex 16.166348074376582 9.175504166185817 1.65
      vertex 16.323917654156684 9.30915384322401 1.65
      vertex 16.30989375412464 9.3238505902886 1.65
    endloop
  endfacet
  facet normal 0 0 1
    outer loop
      vertex 16.26632175296545 9.10712634354826 1.65
      vertex 16.389834997057914 9.259574997723064 1.65
      vertex 16.371882398426532 9.27058848321434 1.65
    endloop
  endfacet
  facet normal 0 0 1
    outer loop
      vertex 16.325169917941093 9.080263625383338 1.65
      vertex 16.389925633370876 9.058285038471183 1.65
      vertex 16.428773653507232 9.240092400014362 1.65
    endloop
  endfacet
  facet normal 0 0 1
    outer loop
      vertex 16.325169917941093 9.080263625383338 1.65
      vertex 16.428773653507232 9.240092400014362 1.65
      vertex 16.408792813122272 9.249427813589534 1.65
    endloop
  endfacet
  facet normal 0 0 1
    outer loop
      vertex 16.325169917941093 9.080263625383338 1.65
      vertex 16.408792813122272 9.249427813589534 1.65
      vertex 16.389834997057914 9.259574997723064 1.65
    endloop
  endfacet
  facet normal 0 0 1
    outer loop
      vertex 16.389925633370876 9.058285038471183 1.65
      vertex 16.449777503311633 9.231568756997547 1.65
      vertex 16.428773653507232 9.240092400014362 1.65
    endloop
  endfacet
  facet normal 0 0 1
    outer loop
      vertex 16.389925633370876 9.058285038471183 1.65
      vertex 16.471804369986057 9.22385689198967 1.65
      vertex 16.449777503311633 9.231568756997547 1.65
    endloop
  endfacet
  facet normal 0 0 1
    outer loop
      vertex 16.460588899254798 9.041190582811794 1.65
      vertex 16.51892716884613 9.210868488550148 1.65
      vertex 16.494854260981082 9.21695680499073 1.65
    endloop
  endfacet
  facet normal 0 0 1
    outer loop
      vertex 16.460588899254798 9.041190582811794 1.65
      vertex 16.494854260981082 9.21695680499073 1.65
      vertex 16.471804369986057 9.22385689198967 1.65
    endloop
  endfacet
  facet normal 0 0 1
    outer loop
      vertex 16.53715971559286 9.02898025840517 1.65
      vertex 16.54402308613062 9.205591950118503 1.65
      vertex 16.51892716884613 9.210868488550148 1.65
    endloop
  endfacet
  facet normal 0 0 1
    outer loop
      vertex 16.53715971559286 9.02898025840517 1.65
      vertex 16.57014202773571 9.201127189695796 1.65
      vertex 16.54402308613062 9.205591950118503 1.65
    endloop
  endfacet
  facet normal 0 0 1
    outer loop
      vertex 16.53715971559286 9.02898025840517 1.65
      vertex 16.597283986210822 9.197474199831447 1.65
      vertex 16.57014202773571 9.201127189695796 1.65
    endloop
  endfacet
  facet normal 0 0 1
    outer loop
      vertex 16.356877629458904 9.883515942394695 1.65
      vertex 16.37196799814701 9.8768959972262 1.65
      vertex 16.45345040857792 10.0660900059342 1.65
    endloop
  endfacet
  facet normal 0 0 1
    outer loop
      vertex 16.37196799814701 9.8768959972262 1.65
      vertex 16.38785897642374 9.870334002673587 1.65
      vertex 16.46477099955082 10.060767996609172 1.65
    endloop
  endfacet
  facet normal 0 0 1
    outer loop
      vertex 16.233348992466926 9.956088836789093 1.65
      vertex 16.243462082743644 9.948310080468616 1.65
      vertex 16.377863381803035 10.115046787559947 1.65
    endloop
  endfacet
  facet normal 0 0 1
    outer loop
      vertex 16.197519835829734 9.98855863839384 1.65
      vertex 16.20590757280588 9.980170700252017 1.65
      vertex 16.356383022665977 10.136330086290798 1.65
    endloop
  endfacet
  facet normal 0 0 1
    outer loop
      vertex 16.20590757280588 9.980170700252017 1.65
      vertex 16.21461599767208 9.971994000971279 1.65
      vertex 16.363127094507217 10.129058409035167 1.65
    endloop
  endfacet
  facet normal 0 0 1
    outer loop
      vertex 16.21461599767208 9.971994000971279 1.65
      vertex 16.223733630776405 9.963983479440174 1.65
      vertex 16.37028721421957 10.121963973641357 1.65
    endloop
  endfacet
  facet normal 0 0 1
    outer loop
      vertex 16.233348992466926 9.956088836789093 1.65
      vertex 16.37028721421957 10.121963973641357 1.65
      vertex 16.223733630776405 9.963983479440174 1.65
    endloop
  endfacet
  facet normal 0 0 1
    outer loop
      vertex 16.243462082743644 9.948310080468616 1.65
      vertex 16.25407290160656 9.940647210478744 1.65
      vertex 16.377863381803035 10.115046787559947 1.65
    endloop
  endfacet
  facet normal 0 0 1
    outer loop
      vertex 16.25407290160656 9.940647210478744 1.65
      vertex 16.26518144160509 9.933100211918315 1.65
      vertex 16.385855589807033 10.108306843340358 1.65
    endloop
  endfacet
  facet normal 0 0 1
    outer loop
      vertex 16.288891714811324 9.918353866338691 1.65
      vertex 16.301493440568446 9.911154519319496 1.65
      vertex 16.403088156878948 10.09535867303606 1.65
    endloop
  endfacet
  facet normal 0 0 1
    outer loop
      vertex 16.26518144160509 9.933100211918315 1.65
      vertex 16.2767877176404 9.925669099688491 1.65
      vertex 16.394263853132724 10.101744133532009 1.65
    endloop
  endfacet
  facet normal 0 0 1
    outer loop
      vertex 16.2767877176404 9.925669099688491 1.65
      vertex 16.288891714811324 9.918353866338691 1.65
      vertex 16.403088156878948 10.09535867303606 1.65
    endloop
  endfacet
  facet normal 0 0 1
    outer loop
      vertex 16.20590757280588 9.980170700252017 1.65
      vertex 16.363127094507217 10.129058409035167 1.65
      vertex 16.356383022665977 10.136330086290798 1.65
    endloop
  endfacet
  facet normal 0 0 1
    outer loop
      vertex 16.21461599767208 9.971994000971279 1.65
      vertex 16.37028721421957 10.121963973641357 1.65
      vertex 16.363127094507217 10.129058409035167 1.65
    endloop
  endfacet
  facet normal 0 0 1
    outer loop
      vertex 16.233348992466926 9.956088836789093 1.65
      vertex 16.377863381803035 10.115046787559947 1.65
      vertex 16.37028721421957 10.121963973641357 1.65
    endloop
  endfacet
  facet normal 0 0 1
    outer loop
      vertex 16.136461068689822 10.07355602413412 1.65
      vertex 16.33382039964199 10.167773145735225 1.65
      vertex 16.329350006580352 10.176385204791984 1.65
    endloop
  endfacet
  facet normal 0 0 1
    outer loop
      vertex 16.16039143204689 10.03366697907444 1.65
      vertex 16.34417289942503 10.151470038592777 1.65
      vertex 16.33876136392355 10.159468087851963 1.65
    endloop
  endfacet
  facet normal 0 0 1
    outer loop
      vertex 16.17428073734045 10.014989915788135 1.65
      vertex 16.35005499869585 10.143778997957668 1.65
      vertex 16.34417289942503 10.151470038592777 1.65
    endloop
  endfacet
  facet normal 0 0 1
    outer loop
      vertex 16.14778487831354 10.053189020156822 1.65
      vertex 16.33876136392355 10.159468087851963 1.65
      vertex 16.33382039964199 10.167773145735225 1.65
    endloop
  endfacet
  facet normal 0 0 1
    outer loop
      vertex 16.110512827336787 10.140012543201408 1.65
      vertex 16.32182091921568 10.194530333876571 1.65
      vertex 16.318762224912643 10.20406341135498 1.65
    endloop
  endfacet
  facet normal 0 0 1
    outer loop
      vertex 16.126420003175735 10.094767998456916 1.65
      vertex 16.329350006580352 10.176385204791984 1.65
      vertex 16.325350177288055 10.18530426502224 1.65
    endloop
  endfacet
  facet normal 0 0 1
    outer loop
      vertex 16.11774336248636 10.116898979544601 1.65
      vertex 16.325350177288055 10.18530426502224 1.65
      vertex 16.32182091921568 10.194530333876571 1.65
    endloop
  endfacet
  facet normal 0 0 1
    outer loop
      vertex 16.18945277929306 9.997157822847328 1.65
      vertex 16.356383022665977 10.136330086290798 1.65
      vertex 16.35005499869585 10.143778997957668 1.65
    endloop
  endfacet
  facet normal 0 0 1
    outer loop
      vertex 16.301493440568446 9.911154519319496 1.65
      vertex 16.314592902362346 9.904071051180324 1.65
      vertex 16.412328515946864 10.089150454401931 1.65
    endloop
  endfacet
  facet normal 0 0 1
    outer loop
      vertex 16.314592902362346 9.904071051180324 1.65
      vertex 16.328190085291862 9.897103469371757 1.65
      vertex 16.421984915435313 10.083119477629623 1.65
    endloop
  endfacet
  facet normal 0 0 1
    outer loop
      vertex 16.328190085291862 9.897103469371757 1.65
      vertex 16.342284996807575 9.890251766443214 1.65
      vertex 16.432057370245456 10.077265742719135 1.65
    endloop
  endfacet
  facet normal 0 0 1
    outer loop
      vertex 16.26518144160509 9.933100211918315 1.65
      vertex 16.394263853132724 10.101744133532009 1.65
      vertex 16.385855589807033 10.108306843340358 1.65
    endloop
  endfacet
  facet normal 0 0 1
    outer loop
      vertex 16.25407290160656 9.940647210478744 1.65
      vertex 16.385855589807033 10.108306843340358 1.65
      vertex 16.377863381803035 10.115046787559947 1.65
    endloop
  endfacet
  facet normal 0 0 1
    outer loop
      vertex 16.2767877176404 9.925669099688491 1.65
      vertex 16.403088156878948 10.09535867303606 1.65
      vertex 16.394263853132724 10.101744133532009 1.65
    endloop
  endfacet
  facet normal 0 0 1
    outer loop
      vertex 16.342284996807575 9.890251766443214 1.65
      vertex 16.356877629458904 9.883515942394695 1.65
      vertex 16.44254586547613 10.071589257121047 1.65
    endloop
  endfacet
  facet normal 0 0 1
    outer loop
      vertex 16.342284996807575 9.890251766443214 1.65
      vertex 16.44254586547613 10.071589257121047 1.65
      vertex 16.432057370245456 10.077265742719135 1.65
    endloop
  endfacet
  facet normal 0 0 1
    outer loop
      vertex 16.301493440568446 9.911154519319496 1.65
      vertex 16.412328515946864 10.089150454401931 1.65
      vertex 16.403088156878948 10.09535867303606 1.65
    endloop
  endfacet
  facet normal 0 0 1
    outer loop
      vertex 16.314592902362346 9.904071051180324 1.65
      vertex 16.421984915435313 10.083119477629623 1.65
      vertex 16.412328515946864 10.089150454401931 1.65
    endloop
  endfacet
  facet normal 0 0 1
    outer loop
      vertex 16.328190085291862 9.897103469371757 1.65
      vertex 16.432057370245456 10.077265742719135 1.65
      vertex 16.421984915435313 10.083119477629623 1.65
    endloop
  endfacet
  facet normal 0 0 1
    outer loop
      vertex 16.38785897642374 9.870334002673587 1.65
      vertex 16.40484821498394 9.863772000670394 1.65
      vertex 16.477179591357707 10.055445085763893 1.65
    endloop
  endfacet
  facet normal 0 0 1
    outer loop
      vertex 16.40484821498394 9.863772000670394 1.65
      vertex 16.42293570637703 9.857209998667201 1.65
      vertex 16.49134813696146 10.049937892258129 1.65
    endloop
  endfacet
  facet normal 0 0 1
    outer loop
      vertex 16.42293570637703 9.857209998667201 1.65
      vertex 16.44212146550417 9.850647996664009 1.65
      vertex 16.507276636362075 10.04424641609188 1.65
    endloop
  endfacet
  facet normal 0 0 1
    outer loop
      vertex 16.44212146550417 9.850647996664009 1.65
      vertex 16.46240548491478 9.844086002111396 1.65
      vertex 16.507276636362075 10.04424641609188 1.65
    endloop
  endfacet
  facet normal 0 0 1
    outer loop
      vertex 16.46240548491478 9.844086002111396 1.65
      vertex 16.48378776460886 9.837524000108203 1.65
      vertex 16.524965082108974 10.038370649814567 1.65
    endloop
  endfacet
  facet normal 0 0 1
    outer loop
      vertex 16.48378776460886 9.837524000108203 1.65
      vertex 16.50626830458641 9.83096199810501 1.65
      vertex 16.544413481652736 10.03231060087677 1.65
    endloop
  endfacet
  facet normal 0 0 1
    outer loop
      vertex 16.50626830458641 9.83096199810501 1.65
      vertex 16.52984709739685 9.824400003552398 1.65
      vertex 16.565621842443942 10.026066269278488 1.65
    endloop
  endfacet
  facet normal 0 0 1
    outer loop
      vertex 16.52984709739685 9.824400003552398 1.65
      vertex 16.55452415794134 9.817838001549205 1.65
      vertex 16.58859014958143 10.019637655019721 1.65
    endloop
  endfacet
  facet normal 0 0 1
    outer loop
      vertex 16.356877629458904 9.883515942394695 1.65
      vertex 16.45345040857792 10.0660900059342 1.65
      vertex 16.44254586547613 10.071589257121047 1.65
    endloop
  endfacet
  facet normal 0 0 1
    outer loop
      vertex 16.37196799814701 9.8768959972262 1.65
      vertex 16.46477099955082 10.060767996609172 1.65
      vertex 16.45345040857792 10.0660900059342 1.65
    endloop
  endfacet
  facet normal 0 0 1
    outer loop
      vertex 16.38785897642374 9.870334002673587 1.65
      vertex 16.477179591357707 10.055445085763893 1.65
      vertex 16.46477099955082 10.060767996609172 1.65
    endloop
  endfacet
  facet normal 0 0 1
    outer loop
      vertex 16.40484821498394 9.863772000670394 1.65
      vertex 16.49134813696146 10.049937892258129 1.65
      vertex 16.477179591357707 10.055445085763893 1.65
    endloop
  endfacet
  facet normal 0 0 1
    outer loop
      vertex 16.42293570637703 9.857209998667201 1.65
      vertex 16.507276636362075 10.04424641609188 1.65
      vertex 16.49134813696146 10.049937892258129 1.65
    endloop
  endfacet
  facet normal 0 0 1
    outer loop
      vertex 16.46240548491478 9.844086002111396 1.65
      vertex 16.524965082108974 10.038370649814567 1.65
      vertex 16.507276636362075 10.04424641609188 1.65
    endloop
  endfacet
  facet normal 0 0 1
    outer loop
      vertex 16.48378776460886 9.837524000108203 1.65
      vertex 16.544413481652736 10.03231060087677 1.65
      vertex 16.524965082108974 10.038370649814567 1.65
    endloop
  endfacet
  facet normal 0 0 1
    outer loop
      vertex 16.50626830458641 9.83096199810501 1.65
      vertex 16.565621842443942 10.026066269278488 1.65
      vertex 16.544413481652736 10.03231060087677 1.65
    endloop
  endfacet
  facet normal 0 0 1
    outer loop
      vertex 16.52984709739685 9.824400003552398 1.65
      vertex 16.58859014958143 10.019637655019721 1.65
      vertex 16.565621842443942 10.026066269278488 1.65
    endloop
  endfacet
  facet normal 0 0 1
    outer loop
      vertex 16.619638082385062 9.021654065251312 1.65
      vertex 16.625448961555957 9.194632987976036 1.65
      vertex 16.597283986210822 9.197474199831447 1.65
    endloop
  endfacet
  facet normal 0 0 1
    outer loop
      vertex 16.619638082385062 9.021654065251312 1.65
      vertex 16.654636961221694 9.192603546678981 1.65
      vertex 16.625448961555957 9.194632987976036 1.65
    endloop
  endfacet
  facet normal 0 0 1
    outer loop
      vertex 16.619638082385062 9.021654065251312 1.65
      vertex 16.684847970306873 9.191385890841445 1.65
      vertex 16.654636961221694 9.192603546678981 1.65
    endloop
  endfacet
  facet normal 0 0 1
    outer loop
      vertex 16.708023999631404 9.01921200335022 1.65
      vertex 16.716082003712653 9.190979998111686 1.65
      vertex 16.684847970306873 9.191385890841445 1.65
    endloop
  endfacet
  facet normal 0 0 1
    outer loop
      vertex 16.756302085518836 9.019941892027816 1.65
      vertex 16.74831812530756 9.191413145065269 1.65
      vertex 16.716082003712653 9.190979998111686 1.65
    endloop
  endfacet
  facet normal 0 0 1
    outer loop
      vertex 16.756302085518836 9.019941892027816 1.65
      vertex 16.77940126955509 9.192712593376598 1.65
      vertex 16.74831812530756 9.191413145065269 1.65
    endloop
  endfacet
  facet normal 0 0 1
    outer loop
      vertex 16.80288158804178 9.022131572961769 1.65
      vertex 16.80933142900467 9.194878328144512 1.65
      vertex 16.77940126955509 9.192712593376598 1.65
    endloop
  endfacet
  facet normal 0 0 1
    outer loop
      vertex 16.84776249229908 9.025781038701496 1.65
      vertex 16.83810860365629 9.197910364270172 1.65
      vertex 16.80933142900467 9.194878328144512 1.65
    endloop
  endfacet
  facet normal 0 0 1
    outer loop
      vertex 16.83810860365629 9.197910364270172 1.65
      vertex 16.89094480574131 9.030890296697578 1.65
      vertex 16.86573280096054 9.201808701753578 1.65
    endloop
  endfacet
  facet normal 0 0 1
    outer loop
      vertex 16.89094480574131 9.030890296697578 1.65
      vertex 16.892204013466834 9.206573325693569 1.65
      vertex 16.86573280096054 9.201808701753578 1.65
    endloop
  endfacet
  facet normal 0 0 1
    outer loop
      vertex 16.5802994787693 9.811275999546012 1.65
      vertex 16.607173059880733 9.80471399754282 1.65
      vertex 16.63980661779642 10.006227571070156 1.65
    endloop
  endfacet
  facet normal 0 0 1
    outer loop
      vertex 16.55452415794134 9.817838001549205 1.65
      vertex 16.5802994787693 9.811275999546012 1.65
      vertex 16.613318410515785 10.013024758100471 1.65
    endloop
  endfacet
  facet normal 0 0 1
    outer loop
      vertex 16.5802994787693 9.811275999546012 1.65
      vertex 16.63980661779642 10.006227571070156 1.65
      vertex 16.613318410515785 10.013024758100471 1.65
    endloop
  endfacet
  facet normal 0 0 1
    outer loop
      vertex 16.607173059880733 9.80471399754282 1.65
      vertex 16.635144901275634 9.798152002990207 1.65
      vertex 16.6680547863245 9.999246108829936 1.65
    endloop
  endfacet
  facet normal 0 0 1
    outer loop
      vertex 16.607173059880733 9.80471399754282 1.65
      vertex 16.6680547863245 9.999246108829936 1.65
      vertex 16.63980661779642 10.006227571070156 1.65
    endloop
  endfacet
  facet normal 0 0 1
    outer loop
      vertex 16.635144901275634 9.798152002990207 1.65
      vertex 16.664215002954005 9.791590000987014 1.65
      vertex 16.698062908649444 9.992080356478652 1.65
    endloop
  endfacet
  facet normal 0 0 1
    outer loop
      vertex 16.664215002954005 9.791590000987014 1.65
      vertex 16.68112516850233 9.787708263397178 1.65
      vertex 16.72983097732067 9.984730321466884 1.65
    endloop
  endfacet
  facet normal 0 0 1
    outer loop
      vertex 16.635144901275634 9.798152002990207 1.65
      vertex 16.698062908649444 9.992080356478652 1.65
      vertex 16.6680547863245 9.999246108829936 1.65
    endloop
  endfacet
  facet normal 0 0 1
    outer loop
      vertex 16.68112516850233 9.787708263397178 1.65
      vertex 16.69780337512493 9.783867369890174 1.65
      vertex 16.72983097732067 9.984730321466884 1.65
    endloop
  endfacet
  facet normal 0 0 1
    outer loop
      vertex 16.69780337512493 9.783867369890174 1.65
      vertex 16.714249622821807 9.780067320466003 1.65
      vertex 16.76335899978876 9.97719599634405 1.65
    endloop
  endfacet
  facet normal 0 0 1
    outer loop
      vertex 16.714249622821807 9.780067320466003 1.65
      vertex 16.7304638966918 9.776308107674083 1.65
      vertex 16.76335899978876 9.97719599634405 1.65
    endloop
  endfacet
  facet normal 0 0 1
    outer loop
      vertex 16.664215002954005 9.791590000987014 1.65
      vertex 16.72983097732067 9.984730321466884 1.65
      vertex 16.698062908649444 9.992080356478652 1.65
    endloop
  endfacet
  facet normal 0 0 1
    outer loop
      vertex 16.69780337512493 9.783867369890174 1.65
      vertex 16.76335899978876 9.97719599634405 1.65
      vertex 16.72983097732067 9.984730321466884 1.65
    endloop
  endfacet
  facet normal 0 0 1
    outer loop
      vertex 16.55452415794134 9.817838001549205 1.65
      vertex 16.613318410515785 10.013024758100471 1.65
      vertex 16.58859014958143 10.019637655019721 1.65
    endloop
  endfacet
  facet normal 0 0 1
    outer loop
      vertex 16.7304638966918 9.776308107674083 1.65
      vertex 16.746446211636066 9.772589731514415 1.65
      vertex 16.78639772236347 9.971862624883613 1.65
    endloop
  endfacet
  facet normal 0 0 1
    outer loop
      vertex 16.746446211636066 9.772589731514415 1.65
      vertex 16.76219656020403 9.76891219943758 1.65
      vertex 16.79790712594986 9.969185683429203 1.65
    endloop
  endfacet
  facet normal 0 0 1
    outer loop
      vertex 16.7304638966918 9.776308107674083 1.65
      vertex 16.774881680309772 9.974532734155616 1.65
      vertex 16.76335899978876 9.97719599634405 1.65
    endloop
  endfacet
  facet normal 0 0 1
    outer loop
      vertex 16.7304638966918 9.776308107674083 1.65
      vertex 16.78639772236347 9.971862624883613 1.65
      vertex 16.774881680309772 9.974532734155616 1.65
    endloop
  endfacet
  facet normal 0 0 1
    outer loop
      vertex 16.746446211636066 9.772589731514415 1.65
      vertex 16.79790712594986 9.969185683429203 1.65
      vertex 16.78639772236347 9.971862624883613 1.65
    endloop
  endfacet
  facet normal 0 0 1
    outer loop
      vertex 16.76219656020403 9.76891219943758 1.65
      vertex 16.777714949846267 9.765275511443576 1.65
      vertex 16.809409891068935 9.966501894891223 1.65
    endloop
  endfacet
  facet normal 0 0 1
    outer loop
      vertex 16.777714949846267 9.765275511443576 1.65
      vertex 16.79300136566162 9.761679660081825 1.65
      vertex 16.83239549845457 9.961113798916301 1.65
    endloop
  endfacet
  facet normal 0 0 1
    outer loop
      vertex 16.80805582255125 9.758124645352325 1.65
      vertex 16.84387834072113 9.958409491479358 1.65
      vertex 16.79300136566162 9.761679660081825 1.65
    endloop
  endfacet
  facet normal 0 0 1
    outer loop
      vertex 16.76219656020403 9.76891219943758 1.65
      vertex 16.809409891068935 9.966501894891223 1.65
      vertex 16.79790712594986 9.969185683429203 1.65
    endloop
  endfacet
  facet normal 0 0 1
    outer loop
      vertex 16.777714949846267 9.765275511443576 1.65
      vertex 16.820906010270118 9.963811266720256 1.65
      vertex 16.809409891068935 9.966501894891223 1.65
    endloop
  endfacet
  facet normal 0 0 1
    outer loop
      vertex 16.777714949846267 9.765275511443576 1.65
      vertex 16.83239549845457 9.961113798916301 1.65
      vertex 16.820906010270118 9.963811266720256 1.65
    endloop
  endfacet
  facet normal 0 0 1
    outer loop
      vertex 16.865954001247882 9.744312997460327 1.65
      vertex 16.879814532399177 9.740882921516857 1.65
      vertex 16.924038168787956 9.939250286221466 1.65
    endloop
  endfacet
  facet normal 0 0 1
    outer loop
      vertex 16.80805582255125 9.758124645352325 1.65
      vertex 16.822878313064574 9.754610474705657 1.65
      vertex 16.866824117302894 9.952980357706508 1.65
    endloop
  endfacet
  facet normal 0 0 1
    outer loop
      vertex 16.822878313064574 9.754610474705657 1.65
      vertex 16.837468837201595 9.751137140691242 1.65
      vertex 16.878287044167518 9.95025552392002 1.65
    endloop
  endfacet
  facet normal 0 0 1
    outer loop
      vertex 16.79300136566162 9.761679660081825 1.65
      vertex 16.84387834072113 9.958409491479358 1.65
      vertex 16.83239549845457 9.961113798916301 1.65
    endloop
  endfacet
  facet normal 0 0 1
    outer loop
      vertex 16.80805582255125 9.758124645352325 1.65
      vertex 16.855354551970958 9.955698344409427 1.65
      vertex 16.84387834072113 9.958409491479358 1.65
    endloop
  endfacet
  facet normal 0 0 1
    outer loop
      vertex 16.80805582255125 9.758124645352325 1.65
      vertex 16.866824117302894 9.952980357706508 1.65
      vertex 16.855354551970958 9.955698344409427 1.65
    endloop
  endfacet
  facet normal 0 0 1
    outer loop
      vertex 16.822878313064574 9.754610474705657 1.65
      vertex 16.878287044167518 9.95025552392002 1.65
      vertex 16.866824117302894 9.952980357706508 1.65
    endloop
  endfacet
  facet normal 0 0 1
    outer loop
      vertex 16.837468837201595 9.751137140691242 1.65
      vertex 16.85182740241289 9.747704650759658 1.65
      vertex 16.88974334001541 9.947523857951126 1.65
    endloop
  endfacet
  facet normal 0 0 1
    outer loop
      vertex 16.85182740241289 9.747704650759658 1.65
      vertex 16.865954001247882 9.744312997460327 1.65
      vertex 16.90119298994541 9.944785352349243 1.65
    endloop
  endfacet
  facet normal 0 0 1
    outer loop
      vertex 16.837468837201595 9.751137140691242 1.65
      vertex 16.88974334001541 9.947523857951126 1.65
      vertex 16.878287044167518 9.95025552392002 1.65
    endloop
  endfacet
  facet normal 0 0 1
    outer loop
      vertex 16.85182740241289 9.747704650759658 1.65
      vertex 16.90119298994541 9.944785352349243 1.65
      vertex 16.88974334001541 9.947523857951126 1.65
    endloop
  endfacet
  facet normal 0 0 1
    outer loop
      vertex 16.865954001247882 9.744312997460327 1.65
      vertex 16.9126360014081 9.942039999663791 1.65
      vertex 16.90119298994541 9.944785352349243 1.65
    endloop
  endfacet
  facet normal 0 0 1
    outer loop
      vertex 16.320005138218402 10.340449686646423 1.65
      vertex 16.325468775629997 10.356758821308574 1.65
      vertex 16.129882265627383 10.428406077921352 1.65
    endloop
  endfacet
  facet normal 0 0 1
    outer loop
      vertex 16.325468775629997 10.356758821308574 1.65
      vertex 16.332146559655666 10.372317540943584 1.65
      vertex 16.142164115607738 10.453146304488143 1.65
    endloop
  endfacet
  facet normal 0 0 1
    outer loop
      vertex 16.156335470080375 10.476754080057106 1.65
      vertex 16.332146559655666 10.372317540943584 1.65
      vertex 16.34003848284483 10.387125853002033 1.65
    endloop
  endfacet
  facet normal 0 0 1
    outer loop
      vertex 16.172396351397037 10.499229382276496 1.65
      vertex 16.34003848284483 10.387125853002033 1.65
      vertex 16.349144545197486 10.40118374258276 1.65
    endloop
  endfacet
  facet normal 0 0 1
    outer loop
      vertex 16.21018664240837 10.540782618820629 1.65
      vertex 16.349144545197486 10.40118374258276 1.65
      vertex 16.359464754164218 10.414491224586925 1.65
    endloop
  endfacet
  facet normal 0 0 1
    outer loop
      vertex 16.231916067004203 10.559860538244209 1.65
      vertex 16.359464754164218 10.414491224586925 1.65
      vertex 16.370999102294444 10.427048291563949 1.65
    endloop
  endfacet
  facet normal 0 0 1
    outer loop
      vertex 16.2555350035429 10.577805999219379 1.65
      vertex 16.370999102294444 10.427048291563949 1.65
      vertex 16.383747589588165 10.438854943513832 1.65
    endloop
  endfacet
  facet normal 0 0 1
    outer loop
      vertex 16.21018664240837 10.540782618820629 1.65
      vertex 16.359464754164218 10.414491224586925 1.65
      vertex 16.231916067004203 10.559860538244209 1.65
    endloop
  endfacet
  facet normal 0 0 1
    outer loop
      vertex 16.231916067004203 10.559860538244209 1.65
      vertex 16.370999102294444 10.427048291563949 1.65
      vertex 16.2555350035429 10.577805999219379 1.65
    endloop
  endfacet
  facet normal 0 0 1
    outer loop
      vertex 16.2555350035429 10.577805999219379 1.65
      vertex 16.383747589588165 10.438854943513832 1.65
      vertex 16.28091388642788 10.594519312977752 1.65
    endloop
  endfacet
  facet normal 0 0 1
    outer loop
      vertex 16.28091388642788 10.594519312977752 1.65
      vertex 16.39771022349596 10.449911180436573 1.65
      vertex 16.30792316496372 10.609895560443363 1.65
    endloop
  endfacet
  facet normal 0 0 1
    outer loop
      vertex 16.28091388642788 10.594519312977752 1.65
      vertex 16.383747589588165 10.438854943513832 1.65
      vertex 16.39771022349596 10.449911180436573 1.65
    endloop
  endfacet
  facet normal 0 0 1
    outer loop
      vertex 16.30792316496372 10.609895560443363 1.65
      vertex 16.41288699656725 10.460217002332172 1.65
      vertex 16.336562831699847 10.623934749066791 1.65
    endloop
  endfacet
  facet normal 0 0 1
    outer loop
      vertex 16.30792316496372 10.609895560443363 1.65
      vertex 16.39771022349596 10.449911180436573 1.65
      vertex 16.41288699656725 10.460217002332172 1.65
    endloop
  endfacet
  facet normal 0 0 1
    outer loop
      vertex 16.336562831699847 10.623934749066791 1.65
      vertex 16.41288699656725 10.460217002332172 1.65
      vertex 16.429219071567058 10.469768184721431 1.65
    endloop
  endfacet
  facet normal 0 0 1
    outer loop
      vertex 16.336562831699847 10.623934749066791 1.65
      vertex 16.429219071567058 10.469768184721431 1.65
      vertex 16.366832894086837 10.636636863946876 1.65
    endloop
  endfacet
  facet normal 0 0 1
    outer loop
      vertex 16.366832894086837 10.636636863946876 1.65
      vertex 16.446642358601093 10.478555272817573 1.65
      vertex 16.39873334467411 10.648001919984779 1.65
    endloop
  endfacet
  facet normal 0 0 1
    outer loop
      vertex 16.366832894086837 10.636636863946876 1.65
      vertex 16.429219071567058 10.469768184721431 1.65
      vertex 16.446642358601093 10.478555272817573 1.65
    endloop
  endfacet
  facet normal 0 0 1
    outer loop
      vertex 16.39873334467411 10.648001919984779 1.65
      vertex 16.446642358601093 10.478555272817573 1.65
      vertex 16.465156872570514 10.486578266620597 1.65
    endloop
  endfacet
  facet normal 0 0 1
    outer loop
      vertex 16.39873334467411 10.648001919984779 1.65
      vertex 16.465156872570514 10.486578266620597 1.65
      vertex 16.48476259857416 10.493837166130504 1.65
    endloop
  endfacet
  facet normal 0 0 1
    outer loop
      vertex 16.39873334467411 10.648001919984779 1.65
      vertex 16.48476259857416 10.493837166130504 1.65
      vertex 16.432264183461665 10.658029902279338 1.65
    endloop
  endfacet
  facet normal 0 0 1
    outer loop
      vertex 16.432264183461665 10.658029902279338 1.65
      vertex 16.48476259857416 10.493837166130504 1.65
      vertex 16.505459544062614 10.500331971347293 1.65
    endloop
  endfacet
  facet normal 0 0 1
    outer loop
      vertex 16.432264183461665 10.658029902279338 1.65
      vertex 16.505459544062614 10.500331971347293 1.65
      vertex 16.467425417900085 10.666720825731716 1.65
    endloop
  endfacet
  facet normal 0 0 1
    outer loop
      vertex 16.467425417900085 10.666720825731716 1.65
      vertex 16.505459544062614 10.500331971347293 1.65
      vertex 16.527247709035873 10.506062682270965 1.65
    endloop
  endfacet
  facet normal 0 0 1
    outer loop
      vertex 16.467425417900085 10.666720825731716 1.65
      vertex 16.527247709035873 10.506062682270965 1.65
      vertex 16.504217033088207 10.67407468289133 1.65
    endloop
  endfacet
  facet normal 0 0 1
    outer loop
      vertex 16.527247709035873 10.506062682270965 1.65
      vertex 16.550127093493938 10.51102929890152 1.65
      vertex 16.504217033088207 10.67407468289133 1.65
    endloop
  endfacet
  facet normal 0 0 1
    outer loop
      vertex 16.504217033088207 10.67407468289133 1.65
      vertex 16.550127093493938 10.51102929890152 1.65
      vertex 16.542639043927192 10.680091481208763 1.65
    endloop
  endfacet
  facet normal 0 0 1
    outer loop
      vertex 16.550127093493938 10.51102929890152 1.65
      vertex 16.57409769743681 10.515231813788375 1.65
      vertex 16.542639043927192 10.680091481208763 1.65
    endloop
  endfacet
  facet normal 0 0 1
    outer loop
      vertex 16.542639043927192 10.680091481208763 1.65
      vertex 16.57409769743681 10.515231813788375 1.65
      vertex 16.599159520864486 10.518670241832695 1.65
    endloop
  endfacet
  facet normal 0 0 1
    outer loop
      vertex 16.542639043927192 10.680091481208763 1.65
      vertex 16.599159520864486 10.518670241832695 1.65
      vertex 16.58269145041704 10.684771205782852 1.65
    endloop
  endfacet
  facet normal 0 0 1
    outer loop
      vertex 16.599159520864486 10.518670241832695 1.65
      vertex 16.62531256377697 10.521344575583896 1.65
      vertex 16.58269145041704 10.684771205782852 1.65
    endloop
  endfacet
  facet normal 0 0 1
    outer loop
      vertex 16.62531256377697 10.521344575583896 1.65
      vertex 16.65255682617426 10.5232548075914 1.65
      vertex 16.624374245107173 10.688113871514759 1.65
    endloop
  endfacet
  facet normal 0 0 1
    outer loop
      vertex 16.58269145041704 10.684771205782852 1.65
      vertex 16.62531256377697 10.521344575583896 1.65
      vertex 16.624374245107173 10.688113871514759 1.65
    endloop
  endfacet
  facet normal 0 0 1
    outer loop
      vertex 16.624374245107173 10.688113871514759 1.65
      vertex 16.65255682617426 10.5232548075914 1.65
      vertex 16.66768742799759 10.690119470953903 1.65
    endloop
  endfacet
  facet normal 0 0 1
    outer loop
      vertex 16.65255682617426 10.5232548075914 1.65
      vertex 16.680892300605773 10.524400952756366 1.65
      vertex 16.66768742799759 10.690119470953903 1.65
    endloop
  endfacet
  facet normal 0 0 1
    outer loop
      vertex 16.680892300605773 10.524400952756366 1.65
      vertex 16.710319001972675 10.524783003628215 1.65
      vertex 16.712630999088287 10.690787996649703 1.65
    endloop
  endfacet
  facet normal 0 0 1
    outer loop
      vertex 16.710319001972675 10.524783003628215 1.65
      vertex 16.737174470722675 10.524438473880252 1.65
      vertex 16.712630999088287 10.690787996649703 1.65
    endloop
  endfacet
  facet normal 0 0 1
    outer loop
      vertex 16.66768742799759 10.690119470953903 1.65
      vertex 16.680892300605773 10.524400952756366 1.65
      vertex 16.712630999088287 10.690787996649703 1.65
    endloop
  endfacet
  facet normal 0 0 1
    outer loop
      vertex 16.737174470722675 10.524438473880252 1.65
      vertex 16.754425552487373 10.690286550223789 1.65
      vertex 16.712630999088287 10.690787996649703 1.65
    endloop
  endfacet
  facet normal 0 0 1
    outer loop
      vertex 16.737174470722675 10.524438473880252 1.65
      vertex 16.76311596930027 10.523404892086944 1.65
      vertex 16.754425552487373 10.690286550223789 1.65
    endloop
  endfacet
  facet normal 0 0 1
    outer loop
      vertex 16.76311596930027 10.523404892086944 1.65
      vertex 16.78814349025488 10.52168225824829 1.65
      vertex 16.794678431749343 10.688782203495464 1.65
    endloop
  endfacet
  facet normal 0 0 1
    outer loop
      vertex 16.78814349025488 10.52168225824829 1.65
      vertex 16.8122570335865 10.519270572364292 1.65
      vertex 16.83338964432478 10.686274949014148 1.65
    endloop
  endfacet
  facet normal 0 0 1
    outer loop
      vertex 16.76311596930027 10.523404892086944 1.65
      vertex 16.794678431749343 10.688782203495464 1.65
      vertex 16.754425552487373 10.690286550223789 1.65
    endloop
  endfacet
  facet normal 0 0 1
    outer loop
      vertex 16.78814349025488 10.52168225824829 1.65
      vertex 16.83338964432478 10.686274949014148 1.65
      vertex 16.794678431749343 10.688782203495464 1.65
    endloop
  endfacet
  facet normal 0 0 1
    outer loop
      vertex 16.8122570335865 10.519270572364292 1.65
      vertex 16.83545660674572 10.516169834434947 1.65
      vertex 16.83338964432478 10.686274949014148 1.65
    endloop
  endfacet
  facet normal 0 0 1
    outer loop
      vertex 16.83545660674572 10.516169834434947 1.65
      vertex 16.85774219483137 10.512380044460258 1.65
      vertex 16.87055919021368 10.682764801681003 1.65
    endloop
  endfacet
  facet normal 0 0 1
    outer loop
      vertex 16.83545660674572 10.516169834434947 1.65
      vertex 16.87055919021368 10.682764801681003 1.65
      vertex 16.83338964432478 10.686274949014148 1.65
    endloop
  endfacet
  facet normal 0 0 1
    outer loop
      vertex 16.85774219483137 10.512380044460258 1.65
      vertex 16.906187061965465 10.678251754045448 1.65
      vertex 16.87055919021368 10.682764801681003 1.65
    endloop
  endfacet
  facet normal 0 0 1
    outer loop
      vertex 16.85774219483137 10.512380044460258 1.65
      vertex 16.879113812744617 10.507901194989643 1.65
      vertex 16.906187061965465 10.678251754045448 1.65
    endloop
  endfacet
  facet normal 0 0 1
    outer loop
      vertex 16.892204013466834 9.206573325693569 1.65
      vertex 16.932428528368472 9.037459339499435 1.65
      vertex 16.917522241175174 9.212204250991306 1.65
    endloop
  endfacet
  facet normal 0 0 1
    outer loop
      vertex 16.917522241175174 9.212204250991306 1.65
      vertex 16.972213660180568 9.045488167107067 1.65
      vertex 16.94168749153614 9.218701470196208 1.65
    endloop
  endfacet
  facet normal 0 0 1
    outer loop
      vertex 16.94168749153614 9.218701470196208 1.65
      vertex 17.010300193727016 9.054976779520473 1.65
      vertex 16.96469975709915 9.226064983308277 1.65
    endloop
  endfacet
  facet normal 0 0 1
    outer loop
      vertex 16.96469975709915 9.226064983308277 1.65
      vertex 17.046688143908977 9.065925184190235 1.65
      vertex 16.986559037864208 9.23429479032751 1.65
    endloop
  endfacet
  facet normal 0 0 1
    outer loop
      vertex 16.986559037864208 9.23429479032751 1.65
      vertex 17.046688143908977 9.065925184190235 1.65
      vertex 17.08137749582529 9.078333373665771 1.65
    endloop
  endfacet
  facet normal 0 0 1
    outer loop
      vertex 16.986559037864208 9.23429479032751 1.65
      vertex 17.08137749582529 9.078333373665771 1.65
      vertex 17.00726534128189 9.24339089870449 1.65
    endloop
  endfacet
  facet normal 0 0 1
    outer loop
      vertex 17.00726534128189 9.24339089870449 1.65
      vertex 17.08137749582529 9.078333373665771 1.65
      vertex 17.02681865990162 9.253353300988636 1.65
    endloop
  endfacet
  facet normal 0 0 1
    outer loop
      vertex 17.02681865990162 9.253353300988636 1.65
      vertex 17.114368256926536 9.092201347947082 1.65
      vertex 17.045219001173972 9.264181997179946 1.65
    endloop
  endfacet
  facet normal 0 0 1
    outer loop
      vertex 17.02681865990162 9.253353300988636 1.65
      vertex 17.08137749582529 9.078333373665771 1.65
      vertex 17.114368256926536 9.092201347947082 1.65
    endloop
  endfacet
  facet normal 0 0 1
    outer loop
      vertex 17.045219001173972 9.264181997179946 1.65
      vertex 17.114368256926536 9.092201347947082 1.65
      vertex 17.145660434663295 9.107529114484748 1.65
    endloop
  endfacet
  facet normal 0 0 1
    outer loop
      vertex 17.045219001173972 9.264181997179946 1.65
      vertex 17.145660434663295 9.107529114484748 1.65
      vertex 17.062357310950755 9.2758497330546 1.65
    endloop
  endfacet
  facet normal 0 0 1
    outer loop
      vertex 17.062357310950755 9.2758497330546 1.65
      vertex 17.145660434663295 9.107529114484748 1.65
      vertex 17.175254014134406 9.12431666582819 1.65
    endloop
  endfacet
  facet normal 0 0 1
    outer loop
      vertex 17.062357310950755 9.2758497330546 1.65
      vertex 17.175254014134406 9.12431666582819 1.65
      vertex 17.078124564886092 9.28832923948761 1.65
    endloop
  endfacet
  facet normal 0 0 1
    outer loop
      vertex 17.078124564886092 9.28832923948761 1.65
      vertex 17.20314900279045 9.142564001977405 1.65
      vertex 17.092520748078822 9.301620523929557 1.65
    endloop
  endfacet
  facet normal 0 0 1
    outer loop
      vertex 17.092520748078822 9.301620523929557 1.65
      vertex 17.229156990349292 9.162141460478267 1.65
      vertex 17.105545860528945 9.315723586380443 1.65
    endloop
  endfacet
  facet normal 0 0 1
    outer loop
      vertex 17.078124564886092 9.28832923948761 1.65
      vertex 17.175254014134406 9.12431666582819 1.65
      vertex 17.20314900279045 9.142564001977405 1.65
    endloop
  endfacet
  facet normal 0 0 1
    outer loop
      vertex 17.092520748078822 9.301620523929557 1.65
      vertex 17.20314900279045 9.142564001977405 1.65
      vertex 17.229156990349292 9.162141460478267 1.65
    endloop
  endfacet
  facet normal 0 0 1
    outer loop
      vertex 17.105545860528945 9.315723586380443 1.65
      vertex 17.229156990349292 9.162141460478267 1.65
      vertex 17.253084336221217 9.182919386327228 1.65
    endloop
  endfacet
  facet normal 0 0 1
    outer loop
      vertex 17.117199917137622 9.330638419389686 1.65
      vertex 17.253084336221217 9.182919386327228 1.65
      vertex 17.274931047856807 9.204897772073707 1.65
    endloop
  endfacet
  facet normal 0 0 1
    outer loop
      vertex 17.105545860528945 9.315723586380443 1.65
      vertex 17.253084336221217 9.182919386327228 1.65
      vertex 17.117199917137622 9.330638419389686 1.65
    endloop
  endfacet
  facet normal 0 0 1
    outer loop
      vertex 17.117199917137622 9.330638419389686 1.65
      vertex 17.29469711780548 9.228076617717704 1.65
      vertex 17.127482903003692 9.346365030407867 1.65
    endloop
  endfacet
  facet normal 0 0 1
    outer loop
      vertex 17.127482903003692 9.346365030407867 1.65
      vertex 17.312382553517818 9.25245592325922 1.65
      vertex 17.136394825577735 9.362903411984405 1.65
    endloop
  endfacet
  facet normal 0 0 1
    outer loop
      vertex 17.136394825577735 9.362903411984405 1.65
      vertex 17.32798734009266 9.278035688698253 1.65
      vertex 17.143935684859752 9.380253571569881 1.65
    endloop
  endfacet
  facet normal 0 0 1
    outer loop
      vertex 17.143935684859752 9.380253571569881 1.65
      vertex 17.341511499881744 9.304815921485385 1.65
      vertex 17.150105480849742 9.398415509164295 1.65
    endloop
  endfacet
  facet normal 0 0 1
    outer loop
      vertex 17.150105480849742 9.398415509164295 1.65
      vertex 17.362317886948585 9.361977766752204 1.65
      vertex 17.154904206097125 9.417389217317066 1.65
    endloop
  endfacet
  facet normal 0 0 1
    outer loop
      vertex 17.119001512229442 9.61582006096836 1.65
      vertex 17.12476200312376 9.60829600274559 1.65
      vertex 17.29220928698778 9.75175608277317 1.65
    endloop
  endfacet
  facet normal 0 0 1
    outer loop
      vertex 17.1128929823637 9.623139310181102 1.65
      vertex 17.119001512229442 9.61582006096836 1.65
      vertex 17.278750014305114 9.766669410765132 1.65
    endloop
  endfacet
  facet normal 0 0 1
    outer loop
      vertex 17.143670026957988 9.574952665269336 1.65
      vertex 17.147322711348533 9.565730113089046 1.65
      vertex 17.35025120973587 9.655192162394485 1.65
    endloop
  endfacet
  facet normal 0 0 1
    outer loop
      vertex 17.15054566860199 9.55615287601944 1.65
      vertex 17.357843567430972 9.63494103729721 1.65
      vertex 17.147322711348533 9.565730113089046 1.65
    endloop
  endfacet
  facet normal 0 0 1
    outer loop
      vertex 17.15054566860199 9.55615287601944 1.65
      vertex 17.153338898718356 9.546220954060516 1.65
      vertex 17.364296731352805 9.613632086217365 1.65
    endloop
  endfacet
  facet normal 0 0 1
    outer loop
      vertex 17.13013359606266 9.600492197573146 1.65
      vertex 17.13507546931505 9.592333707511386 1.65
      vertex 17.32196884304285 9.710932444333991 1.65
    endloop
  endfacet
  facet normal 0 0 1
    outer loop
      vertex 17.13507546931505 9.592333707511386 1.65
      vertex 17.139587607979774 9.58382052510973 1.65
      vertex 17.332296793162822 9.693170766830406 1.65
    endloop
  endfacet
  facet normal 0 0 1
    outer loop
      vertex 17.12476200312376 9.60829600274559 1.65
      vertex 17.13013359606266 9.600492197573146 1.65
      vertex 17.31074039340019 9.727875712811908 1.65
    endloop
  endfacet
  facet normal 0 0 1
    outer loop
      vertex 17.139587607979774 9.58382052510973 1.65
      vertex 17.143670026957988 9.574952665269336 1.65
      vertex 17.34172425121069 9.67459066539999 1.65
    endloop
  endfacet
  facet normal 0 0 1
    outer loop
      vertex 16.879814532399177 9.740882921516857 1.65
      vertex 16.893374902009963 9.737329925894699 1.65
      vertex 16.93536530137062 9.93637869834896 1.65
    endloop
  endfacet
  facet normal 0 0 1
    outer loop
      vertex 16.893374902009963 9.737329925894699 1.65
      vertex 16.90663510262966 9.733654003143272 1.65
      vertex 16.957794439792632 9.930389869511089 1.65
    endloop
  endfacet
  facet normal 0 0 1
    outer loop
      vertex 16.90663510262966 9.733654003143272 1.65
      vertex 16.91959513425827 9.729855153262577 1.65
      vertex 16.96889644563198 9.927272635996303 1.65
    endloop
  endfacet
  facet normal 0 0 1
    outer loop
      vertex 16.91959513425827 9.729855153262577 1.65
      vertex 16.93225500434637 9.725933383703193 1.65
      vertex 16.979923409223556 9.924073513150176 1.65
    endloop
  endfacet
  facet normal 0 0 1
    outer loop
      vertex 16.93225500434637 9.725933383703193 1.65
      vertex 16.944614712893962 9.721888694465122 1.65
      vertex 17.00175220966339 9.917429636716804 1.65
    endloop
  endfacet
  facet normal 0 0 1
    outer loop
      vertex 16.944614712893962 9.721888694465122 1.65
      vertex 16.956674244999885 9.717721078097782 1.65
      vertex 17.01255405396223 9.913984868228397 1.65
    endloop
  endfacet
  facet normal 0 0 1
    outer loop
      vertex 16.865954001247882 9.744312997460327 1.65
      vertex 16.924038168787956 9.939250286221466 1.65
      vertex 16.9126360014081 9.942039999663791 1.65
    endloop
  endfacet
  facet normal 0 0 1
    outer loop
      vertex 16.879814532399177 9.740882921516857 1.65
      vertex 16.93536530137062 9.93637869834896 1.65
      vertex 16.924038168787956 9.939250286221466 1.65
    endloop
  endfacet
  facet normal 0 0 1
    outer loop
      vertex 16.893374902009963 9.737329925894699 1.65
      vertex 16.946617391705512 9.933425221145114 1.65
      vertex 16.93536530137062 9.93637869834896 1.65
    endloop
  endfacet
  facet normal 0 0 1
    outer loop
      vertex 16.893374902009963 9.737329925894699 1.65
      vertex 16.957794439792632 9.930389869511089 1.65
      vertex 16.946617391705512 9.933425221145114 1.65
    endloop
  endfacet
  facet normal 0 0 1
    outer loop
      vertex 16.90663510262966 9.733654003143272 1.65
      vertex 16.96889644563198 9.927272635996303 1.65
      vertex 16.957794439792632 9.930389869511089 1.65
    endloop
  endfacet
  facet normal 0 0 1
    outer loop
      vertex 16.91959513425827 9.729855153262577 1.65
      vertex 16.979923409223556 9.924073513150176 1.65
      vertex 16.96889644563198 9.927272635996303 1.65
    endloop
  endfacet
  facet normal 0 0 1
    outer loop
      vertex 16.93225500434637 9.725933383703193 1.65
      vertex 16.99087533056736 9.92079251587387 1.65
      vertex 16.979923409223556 9.924073513150176 1.65
    endloop
  endfacet
  facet normal 0 0 1
    outer loop
      vertex 16.93225500434637 9.725933383703193 1.65
      vertex 17.00175220966339 9.917429636716804 1.65
      vertex 16.99087533056736 9.92079251587387 1.65
    endloop
  endfacet
  facet normal 0 0 1
    outer loop
      vertex 16.956674244999885 9.717721078097782 1.65
      vertex 16.96843362301588 9.713430542051753 1.65
      vertex 17.033932608366012 9.906849700510463 1.65
    endloop
  endfacet
  facet normal 0 0 1
    outer loop
      vertex 16.96843362301588 9.713430542051753 1.65
      vertex 16.979892832040786 9.709017078876457 1.65
      vertex 17.044509325921535 9.903159286379775 1.65
    endloop
  endfacet
  facet normal 0 0 1
    outer loop
      vertex 16.979892832040786 9.709017078876457 1.65
      vertex 16.991051872074603 9.704480696022472 1.65
      vertex 17.055011001229285 9.899386997818908 1.65
    endloop
  endfacet
  facet normal 0 0 1
    outer loop
      vertex 16.991051872074603 9.704480696022472 1.65
      vertex 17.00191074311733 9.699821386039218 1.65
      vertex 17.075734500586986 9.891555737256965 1.65
    endloop
  endfacet
  facet normal 0 0 1
    outer loop
      vertex 17.00191074311733 9.699821386039218 1.65
      vertex 17.012469452619552 9.695039156377277 1.65
      vertex 17.08594265282154 9.887486498355827 1.65
    endloop
  endfacet
  facet normal 0 0 1
    outer loop
      vertex 17.012469452619552 9.695039156377277 1.65
      vertex 17.022728000581264 9.690133999586067 1.65
      vertex 17.106051740050315 9.879040818214378 1.65
    endloop
  endfacet
  facet normal 0 0 1
    outer loop
      vertex 17.022728000581264 9.690133999586067 1.65
      vertex 17.03266505599022 9.685067597329578 1.65
      vertex 17.115952682495116 9.874664369523487 1.65
    endloop
  endfacet
  facet normal 0 0 1
    outer loop
      vertex 16.944614712893962 9.721888694465122 1.65
      vertex 17.01255405396223 9.913984868228397 1.65
      vertex 17.00175220966339 9.917429636716804 1.65
    endloop
  endfacet
  facet normal 0 0 1
    outer loop
      vertex 16.956674244999885 9.717721078097782 1.65
      vertex 17.023280848562717 9.91045822530981 1.65
      vertex 17.01255405396223 9.913984868228397 1.65
    endloop
  endfacet
  facet normal 0 0 1
    outer loop
      vertex 16.96843362301588 9.713430542051753 1.65
      vertex 17.044509325921535 9.903159286379775 1.65
      vertex 17.033932608366012 9.906849700510463 1.65
    endloop
  endfacet
  facet normal 0 0 1
    outer loop
      vertex 16.956674244999885 9.717721078097782 1.65
      vertex 17.033932608366012 9.906849700510463 1.65
      vertex 17.023280848562717 9.91045822530981 1.65
    endloop
  endfacet
  facet normal 0 0 1
    outer loop
      vertex 16.979892832040786 9.709017078876457 1.65
      vertex 17.055011001229285 9.899386997818908 1.65
      vertex 17.044509325921535 9.903159286379775 1.65
    endloop
  endfacet
  facet normal 0 0 1
    outer loop
      vertex 16.991051872074603 9.704480696022472 1.65
      vertex 17.065423955023288 9.895522567927799 1.65
      vertex 17.055011001229285 9.899386997818908 1.65
    endloop
  endfacet
  facet normal 0 0 1
    outer loop
      vertex 16.991051872074603 9.704480696022472 1.65
      vertex 17.075734500586986 9.891555737256965 1.65
      vertex 17.065423955023288 9.895522567927799 1.65
    endloop
  endfacet
  facet normal 0 0 1
    outer loop
      vertex 17.00191074311733 9.699821386039218 1.65
      vertex 17.08594265282154 9.887486498355827 1.65
      vertex 17.075734500586986 9.891555737256965 1.65
    endloop
  endfacet
  facet normal 0 0 1
    outer loop
      vertex 17.042254057526588 9.67979639351364 1.65
      vertex 17.051495020091533 9.674320380687675 1.65
      vertex 17.145041090250015 9.860920626223049 1.65
    endloop
  endfacet
  facet normal 0 0 1
    outer loop
      vertex 17.051495020091533 9.674320380687675 1.65
      vertex 17.060387928783893 9.66863955885168 1.65
      vertex 17.16392134577036 9.851246121823749 1.65
    endloop
  endfacet
  facet normal 0 0 1
    outer loop
      vertex 17.060387928783893 9.66863955885168 1.65
      vertex 17.068932791054248 9.662753942906818 1.65
      vertex 17.173207876086234 9.846255261003932 1.65
    endloop
  endfacet
  facet normal 0 0 1
    outer loop
      vertex 17.03266505599022 9.685067597329578 1.65
      vertex 17.042254057526588 9.67979639351364 1.65
      vertex 17.135447357594966 9.865604277253112 1.65
    endloop
  endfacet
  facet normal 0 0 1
    outer loop
      vertex 17.03266505599022 9.685067597329578 1.65
      vertex 17.135447357594966 9.865604277253112 1.65
      vertex 17.125751216709613 9.870185527503452 1.65
    endloop
  endfacet
  facet normal 0 0 1
    outer loop
      vertex 17.0771296069026 9.656663517951927 1.65
      vertex 17.191435393691062 9.835931334197483 1.65
      vertex 17.068932791054248 9.662753942906818 1.65
    endloop
  endfacet
  facet normal 0 0 1
    outer loop
      vertex 17.084978376328944 9.650368283987007 1.65
      vertex 17.092479099333286 9.643868248462638 1.65
      vertex 17.225766141712665 9.81323220908638 1.65
    endloop
  endfacet
  facet normal 0 0 1
    outer loop
      vertex 17.092479099333286 9.643868248462638 1.65
      vertex 17.099631775915622 9.637163411378822 1.65
      vertex 17.23388811647892 9.807113315463027 1.65
    endloop
  endfacet
  facet normal 0 0 1
    outer loop
      vertex 17.0771296069026 9.656663517951927 1.65
      vertex 17.084978376328944 9.650368283987007 1.65
      vertex 17.208969336748122 9.824937056302986 1.65
    endloop
  endfacet
  facet normal 0 0 1
    outer loop
      vertex 17.042254057526588 9.67979639351364 1.65
      vertex 17.145041090250015 9.860920626223049 1.65
      vertex 17.135447357594966 9.865604277253112 1.65
    endloop
  endfacet
  facet normal 0 0 1
    outer loop
      vertex 17.051495020091533 9.674320380687675 1.65
      vertex 17.15453242212534 9.856134574413261 1.65
      vertex 17.145041090250015 9.860920626223049 1.65
    endloop
  endfacet
  facet normal 0 0 1
    outer loop
      vertex 17.051495020091533 9.674320380687675 1.65
      vertex 17.16392134577036 9.851246121823749 1.65
      vertex 17.15453242212534 9.856134574413261 1.65
    endloop
  endfacet
  facet normal 0 0 1
    outer loop
      vertex 17.060387928783893 9.66863955885168 1.65
      vertex 17.173207876086234 9.846255261003932 1.65
      vertex 17.16392134577036 9.851246121823749 1.65
    endloop
  endfacet
  facet normal 0 0 1
    outer loop
      vertex 17.068932791054248 9.662753942906818 1.65
      vertex 17.182391998171806 9.841161999404392 1.65
      vertex 17.173207876086234 9.846255261003932 1.65
    endloop
  endfacet
  facet normal 0 0 1
    outer loop
      vertex 17.012469452619552 9.695039156377277 1.65
      vertex 17.09604839682579 9.883314858674964 1.65
      vertex 17.08594265282154 9.887486498355827 1.65
    endloop
  endfacet
  facet normal 0 0 1
    outer loop
      vertex 17.012469452619552 9.695039156377277 1.65
      vertex 17.106051740050315 9.879040818214378 1.65
      vertex 17.09604839682579 9.883314858674964 1.65
    endloop
  endfacet
  facet normal 0 0 1
    outer loop
      vertex 17.022728000581264 9.690133999586067 1.65
      vertex 17.115952682495116 9.874664369523487 1.65
      vertex 17.106051740050315 9.879040818214378 1.65
    endloop
  endfacet
  facet normal 0 0 1
    outer loop
      vertex 17.03266505599022 9.685067597329578 1.65
      vertex 17.125751216709613 9.870185527503452 1.65
      vertex 17.115952682495116 9.874664369523487 1.65
    endloop
  endfacet
  facet normal 0 0 1
    outer loop
      vertex 17.099631775915622 9.637163411378822 1.65
      vertex 17.106436406075954 9.630253765284976 1.65
      vertex 17.249579218029975 9.794342588186225 1.65
    endloop
  endfacet
  facet normal 0 0 1
    outer loop
      vertex 17.106436406075954 9.630253765284976 1.65
      vertex 17.1128929823637 9.623139310181102 1.65
      vertex 17.264533181488513 9.780861291587314 1.65
    endloop
  endfacet
  facet normal 0 0 1
    outer loop
      vertex 17.0771296069026 9.656663517951927 1.65
      vertex 17.200294506549834 9.83052301734682 1.65
      vertex 17.191435393691062 9.835931334197483 1.65
    endloop
  endfacet
  facet normal 0 0 1
    outer loop
      vertex 17.0771296069026 9.656663517951927 1.65
      vertex 17.208969336748122 9.824937056302986 1.65
      vertex 17.200294506549834 9.83052301734682 1.65
    endloop
  endfacet
  facet normal 0 0 1
    outer loop
      vertex 17.068932791054248 9.662753942906818 1.65
      vertex 17.191435393691062 9.835931334197483 1.65
      vertex 17.182391998171806 9.841161999404392 1.65
    endloop
  endfacet
  facet normal 0 0 1
    outer loop
      vertex 17.092479099333286 9.643868248462638 1.65
      vertex 17.23388811647892 9.807113315463027 1.65
      vertex 17.225766141712665 9.81323220908638 1.65
    endloop
  endfacet
  facet normal 0 0 1
    outer loop
      vertex 17.084978376328944 9.650368283987007 1.65
      vertex 17.217459884285926 9.819173458516559 1.65
      vertex 17.208969336748122 9.824937056302986 1.65
    endloop
  endfacet
  facet normal 0 0 1
    outer loop
      vertex 17.084978376328944 9.650368283987007 1.65
      vertex 17.225766141712665 9.81323220908638 1.65
      vertex 17.217459884285926 9.819173458516559 1.65
    endloop
  endfacet
  facet normal 0 0 1
    outer loop
      vertex 17.106436406075954 9.630253765284976 1.65
      vertex 17.257148344814777 9.787690761983356 1.65
      vertex 17.249579218029975 9.794342588186225 1.65
    endloop
  endfacet
  facet normal 0 0 1
    outer loop
      vertex 17.106436406075954 9.630253765284976 1.65
      vertex 17.264533181488513 9.780861291587314 1.65
      vertex 17.257148344814777 9.787690761983356 1.65
    endloop
  endfacet
  facet normal 0 0 1
    outer loop
      vertex 17.1128929823637 9.623139310181102 1.65
      vertex 17.271733742952346 9.77385416954752 1.65
      vertex 17.264533181488513 9.780861291587314 1.65
    endloop
  endfacet
  facet normal 0 0 1
    outer loop
      vertex 17.1128929823637 9.623139310181102 1.65
      vertex 17.278750014305114 9.766669410765132 1.65
      vertex 17.271733742952346 9.77385416954752 1.65
    endloop
  endfacet
  facet normal 0 0 1
    outer loop
      vertex 17.099631775915622 9.637163411378822 1.65
      vertex 17.24182580858469 9.800816777646503 1.65
      vertex 17.23388811647892 9.807113315463027 1.65
    endloop
  endfacet
  facet normal 0 0 1
    outer loop
      vertex 17.099631775915622 9.637163411378822 1.65
      vertex 17.249579218029975 9.794342588186225 1.65
      vertex 17.24182580858469 9.800816777646503 1.65
    endloop
  endfacet
  facet normal 0 0 1
    outer loop
      vertex 17.117199917137622 9.330638419389686 1.65
      vertex 17.274931047856807 9.204897772073707 1.65
      vertex 17.29469711780548 9.228076617717704 1.65
    endloop
  endfacet
  facet normal 0 0 1
    outer loop
      vertex 17.127482903003692 9.346365030407867 1.65
      vertex 17.29469711780548 9.228076617717704 1.65
      vertex 17.312382553517818 9.25245592325922 1.65
    endloop
  endfacet
  facet normal 0 0 1
    outer loop
      vertex 17.136394825577735 9.362903411984405 1.65
      vertex 17.312382553517818 9.25245592325922 1.65
      vertex 17.32798734009266 9.278035688698253 1.65
    endloop
  endfacet
  facet normal 0 0 1
    outer loop
      vertex 17.143935684859752 9.380253571569881 1.65
      vertex 17.32798734009266 9.278035688698253 1.65
      vertex 17.341511499881744 9.304815921485385 1.65
    endloop
  endfacet
  facet normal 0 0 1
    outer loop
      vertex 17.150105480849742 9.398415509164295 1.65
      vertex 17.341511499881744 9.304815921485385 1.65
      vertex 17.352955010533332 9.332796614170036 1.65
    endloop
  endfacet
  facet normal 0 0 1
    outer loop
      vertex 17.150105480849742 9.398415509164295 1.65
      vertex 17.352955010533332 9.332796614170036 1.65
      vertex 17.362317886948585 9.361977766752204 1.65
    endloop
  endfacet
  facet normal 0 0 1
    outer loop
      vertex 17.154904206097125 9.417389217317066 1.65
      vertex 17.362317886948585 9.361977766752204 1.65
      vertex 17.36960012167692 9.392359386682472 1.65
    endloop
  endfacet
  facet normal 0 0 1
    outer loop
      vertex 17.154904206097125 9.417389217317066 1.65
      vertex 17.36960012167692 9.392359386682472 1.65
      vertex 17.158331868052482 9.437174703478775 1.65
    endloop
  endfacet
  facet normal 0 0 1
    outer loop
      vertex 17.158331868052482 9.437174703478775 1.65
      vertex 17.37480172216892 9.423941459059677 1.65
      vertex 17.160388466715812 9.457771967649421 1.65
    endloop
  endfacet
  facet normal 0 0 1
    outer loop
      vertex 17.160388466715812 9.457771967649421 1.65
      vertex 17.377922680974006 9.45672399878498 1.65
      vertex 17.161074002087116 9.479181002378425 1.65
    endloop
  endfacet
  facet normal 0 0 1
    outer loop
      vertex 17.161074002087116 9.479181002378425 1.65
      vertex 17.378962998092174 9.490706998407802 1.65
      vertex 17.16085913479328 9.491241041123828 1.65
    endloop
  endfacet
  facet normal 0 0 1
    outer loop
      vertex 17.16085913479328 9.491241041123828 1.65
      vertex 17.378816340863704 9.504228036403617 1.65
      vertex 17.160214547812938 9.502946394979915 1.65
    endloop
  endfacet
  facet normal 0 0 1
    outer loop
      vertex 17.159140226244926 9.514297063946685 1.65
      vertex 17.37661639302969 9.543153102993926 1.65
      vertex 17.157636177539825 9.525293048024139 1.65
    endloop
  endfacet
  facet normal 0 0 1
    outer loop
      vertex 17.160214547812938 9.502946394979915 1.65
      vertex 17.37764303833246 9.53045109242197 1.65
      vertex 17.159140226244926 9.514297063946685 1.65
    endloop
  endfacet
  facet normal 0 0 1
    outer loop
      vertex 17.158331868052482 9.437174703478775 1.65
      vertex 17.36960012167692 9.392359386682472 1.65
      vertex 17.37480172216892 9.423941459059677 1.65
    endloop
  endfacet
  facet normal 0 0 1
    outer loop
      vertex 17.160388466715812 9.457771967649421 1.65
      vertex 17.37480172216892 9.423941459059677 1.65
      vertex 17.377922680974006 9.45672399878498 1.65
    endloop
  endfacet
  facet normal 0 0 1
    outer loop
      vertex 17.161074002087116 9.479181002378425 1.65
      vertex 17.377922680974006 9.45672399878498 1.65
      vertex 17.378962998092174 9.490706998407802 1.65
    endloop
  endfacet
  facet normal 0 0 1
    outer loop
      vertex 17.16085913479328 9.491241041123828 1.65
      vertex 17.378962998092174 9.490706998407802 1.65
      vertex 17.378816340863704 9.504228036403617 1.65
    endloop
  endfacet
  facet normal 0 0 1
    outer loop
      vertex 17.160214547812938 9.502946394979915 1.65
      vertex 17.378816340863704 9.504228036403617 1.65
      vertex 17.378376346826553 9.51747606277462 1.65
    endloop
  endfacet
  facet normal 0 0 1
    outer loop
      vertex 17.159140226244926 9.514297063946685 1.65
      vertex 17.37764303833246 9.53045109242197 1.65
      vertex 17.37661639302969 9.543153102993926 1.65
    endloop
  endfacet
  facet normal 0 0 1
    outer loop
      vertex 17.160214547812938 9.502946394979915 1.65
      vertex 17.378376346826553 9.51747606277462 1.65
      vertex 17.37764303833246 9.53045109242197 1.65
    endloop
  endfacet
  facet normal 0 0 1
    outer loop
      vertex 17.153338898718356 9.546220954060516 1.65
      vertex 17.155702401697635 9.535934339761695 1.65
      vertex 17.369576585292815 9.59123111844059 1.65
    endloop
  endfacet
  facet normal 0 0 1
    outer loop
      vertex 17.155702401697635 9.535934339761695 1.65
      vertex 17.157636177539825 9.525293048024139 1.65
      vertex 17.373683144152164 9.567738126516304 1.65
    endloop
  endfacet
  facet normal 0 0 1
    outer loop
      vertex 17.13507546931505 9.592333707511386 1.65
      vertex 17.327245381474494 9.702153902053794 1.65
      vertex 17.32196884304285 9.710932444333991 1.65
    endloop
  endfacet
  facet normal 0 0 1
    outer loop
      vertex 17.13507546931505 9.592333707511386 1.65
      vertex 17.332296793162822 9.693170766830406 1.65
      vertex 17.327245381474494 9.702153902053794 1.65
    endloop
  endfacet
  facet normal 0 0 1
    outer loop
      vertex 17.157636177539825 9.525293048024139 1.65
      vertex 17.375296433269977 9.555582116842231 1.65
      vertex 17.373683144152164 9.567738126516304 1.65
    endloop
  endfacet
  facet normal 0 0 1
    outer loop
      vertex 17.157636177539825 9.525293048024139 1.65
      vertex 17.37661639302969 9.543153102993926 1.65
      vertex 17.375296433269977 9.555582116842231 1.65
    endloop
  endfacet
  facet normal 0 0 1
    outer loop
      vertex 17.155702401697635 9.535934339761695 1.65
      vertex 17.373683144152164 9.567738126516304 1.65
      vertex 17.37177652567625 9.579621124565563 1.65
    endloop
  endfacet
  facet normal 0 0 1
    outer loop
      vertex 17.155702401697635 9.535934339761695 1.65
      vertex 17.37177652567625 9.579621124565563 1.65
      vertex 17.369576585292815 9.59123111844059 1.65
    endloop
  endfacet
  facet normal 0 0 1
    outer loop
      vertex 17.15054566860199 9.55615287601944 1.65
      vertex 17.364296731352805 9.613632086217365 1.65
      vertex 17.36121681034565 9.624423067569694 1.65
    endloop
  endfacet
  facet normal 0 0 1
    outer loop
      vertex 17.153338898718356 9.546220954060516 1.65
      vertex 17.369576585292815 9.59123111844059 1.65
      vertex 17.36708332300186 9.602568108141384 1.65
    endloop
  endfacet
  facet normal 0 0 1
    outer loop
      vertex 17.153338898718356 9.546220954060516 1.65
      vertex 17.36708332300186 9.602568108141384 1.65
      vertex 17.364296731352805 9.613632086217365 1.65
    endloop
  endfacet
  facet normal 0 0 1
    outer loop
      vertex 17.143670026957988 9.574952665269336 1.65
      vertex 17.35025120973587 9.655192162394485 1.65
      vertex 17.346100290119647 9.664993714094123 1.65
    endloop
  endfacet
  facet normal 0 0 1
    outer loop
      vertex 17.147322711348533 9.565730113089046 1.65
      vertex 17.354177002608775 9.645186002850494 1.65
      vertex 17.35025120973587 9.655192162394485 1.65
    endloop
  endfacet
  facet normal 0 0 1
    outer loop
      vertex 17.139587607979774 9.58382052510973 1.65
      vertex 17.337123085558414 9.683983016312084 1.65
      vertex 17.332296793162822 9.693170766830406 1.65
    endloop
  endfacet
  facet normal 0 0 1
    outer loop
      vertex 17.139587607979774 9.58382052510973 1.65
      vertex 17.34172425121069 9.67459066539999 1.65
      vertex 17.337123085558414 9.683983016312084 1.65
    endloop
  endfacet
  facet normal 0 0 1
    outer loop
      vertex 17.143670026957988 9.574952665269336 1.65
      vertex 17.346100290119647 9.664993714094123 1.65
      vertex 17.34172425121069 9.67459066539999 1.65
    endloop
  endfacet
  facet normal 0 0 1
    outer loop
      vertex 17.147322711348533 9.565730113089046 1.65
      vertex 17.357843567430972 9.63494103729721 1.65
      vertex 17.354177002608775 9.645186002850494 1.65
    endloop
  endfacet
  facet normal 0 0 1
    outer loop
      vertex 17.15054566860199 9.55615287601944 1.65
      vertex 17.36121681034565 9.624423067569694 1.65
      vertex 17.357843567430972 9.63494103729721 1.65
    endloop
  endfacet
  facet normal 0 0 1
    outer loop
      vertex 17.12476200312376 9.60829600274559 1.65
      vertex 17.298611444234847 9.744000564813575 1.65
      vertex 17.29220928698778 9.75175608277317 1.65
    endloop
  endfacet
  facet normal 0 0 1
    outer loop
      vertex 17.12476200312376 9.60829600274559 1.65
      vertex 17.304788482189178 9.736040439009628 1.65
      vertex 17.298611444234847 9.744000564813575 1.65
    endloop
  endfacet
  facet normal 0 0 1
    outer loop
      vertex 17.119001512229442 9.61582006096836 1.65
      vertex 17.29220928698778 9.75175608277317 1.65
      vertex 17.285582002997398 9.759307000338993 1.65
    endloop
  endfacet
  facet normal 0 0 1
    outer loop
      vertex 17.119001512229442 9.61582006096836 1.65
      vertex 17.285582002997398 9.759307000338993 1.65
      vertex 17.278750014305114 9.766669410765132 1.65
    endloop
  endfacet
  facet normal 0 0 1
    outer loop
      vertex 17.12476200312376 9.60829600274559 1.65
      vertex 17.31074039340019 9.727875712811908 1.65
      vertex 17.304788482189178 9.736040439009628 1.65
    endloop
  endfacet
  facet normal 0 0 1
    outer loop
      vertex 17.13013359606266 9.600492197573146 1.65
      vertex 17.31646717786789 9.719506378769836 1.65
      vertex 17.31074039340019 9.727875712811908 1.65
    endloop
  endfacet
  facet normal 0 0 1
    outer loop
      vertex 17.13013359606266 9.600492197573146 1.65
      vertex 17.32196884304285 9.710932444333991 1.65
      vertex 17.31646717786789 9.719506378769836 1.65
    endloop
  endfacet
  facet normal 0 0 1
    outer loop
      vertex 16.899571453034877 10.502733293473682 1.65
      vertex 16.91911511570215 10.496876339912376 1.65
      vertex 16.940273274481296 10.672735813558063 1.65
    endloop
  endfacet
  facet normal 0 0 1
    outer loop
      vertex 16.879113812744617 10.507901194989643 1.65
      vertex 16.899571453034877 10.502733293473682 1.65
      vertex 16.940273274481296 10.672735813558063 1.65
    endloop
  endfacet
  facet normal 0 0 1
    outer loop
      vertex 16.879113812744617 10.507901194989643 1.65
      vertex 16.940273274481296 10.672735813558063 1.65
      vertex 16.906187061965465 10.678251754045448 1.65
    endloop
  endfacet
  facet normal 0 0 1
    outer loop
      vertex 16.91911511570215 10.496876339912376 1.65
      vertex 16.93774480074644 10.490330334305725 1.65
      vertex 16.97281781286001 10.666216965317687 1.65
    endloop
  endfacet
  facet normal 0 0 1
    outer loop
      vertex 16.93774480074644 10.490330334305725 1.65
      vertex 16.955460508167743 10.483095276653728 1.65
      vertex 17.00382067710161 10.658695216774902 1.65
    endloop
  endfacet
  facet normal 0 0 1
    outer loop
      vertex 16.91911511570215 10.496876339912376 1.65
      vertex 16.97281781286001 10.666216965317687 1.65
      vertex 16.940273274481296 10.672735813558063 1.65
    endloop
  endfacet
  facet normal 0 0 1
    outer loop
      vertex 16.93774480074644 10.490330334305725 1.65
      vertex 17.00382067710161 10.658695216774902 1.65
      vertex 16.97281781286001 10.666216965317687 1.65
    endloop
  endfacet
  facet normal 0 0 1
    outer loop
      vertex 16.955460508167743 10.483095276653728 1.65
      vertex 16.97226224541664 10.475171166956386 1.65
      vertex 17.033281882107257 10.650170575380287 1.65
    endloop
  endfacet
  facet normal 0 0 1
    outer loop
      vertex 16.97226224541664 10.475171166956386 1.65
      vertex 16.98814999759197 10.466557997763118 1.65
      vertex 17.061201412975787 10.64064302623268 1.65
    endloop
  endfacet
  facet normal 0 0 1
    outer loop
      vertex 16.955460508167743 10.483095276653728 1.65
      vertex 17.033281882107257 10.650170575380287 1.65
      vertex 17.00382067710161 10.658695216774902 1.65
    endloop
  endfacet
  facet normal 0 0 1
    outer loop
      vertex 16.98814999759197 10.466557997763118 1.65
      vertex 17.003198724985122 10.457183356881103 1.65
      vertex 17.087579277157783 10.630112584233245 1.65
    endloop
  endfacet
  facet normal 0 0 1
    outer loop
      vertex 17.003198724985122 10.457183356881103 1.65
      vertex 17.017483350634574 10.446969572007617 1.65
      vertex 17.112415474653243 10.6185792419314 1.65
    endloop
  endfacet
  facet normal 0 0 1
    outer loop
      vertex 17.017483350634574 10.446969572007617 1.65
      vertex 17.03100388199091 10.435916658043823 1.65
      vertex 17.13570999801159 10.606042999327144 1.65
    endloop
  endfacet
  facet normal 0 0 1
    outer loop
      vertex 16.97226224541664 10.475171166956386 1.65
      vertex 17.061201412975787 10.64064302623268 1.65
      vertex 17.033281882107257 10.650170575380287 1.65
    endloop
  endfacet
  facet normal 0 0 1
    outer loop
      vertex 16.98814999759197 10.466557997763118 1.65
      vertex 17.087579277157783 10.630112584233245 1.65
      vertex 17.061201412975787 10.64064302623268 1.65
    endloop
  endfacet
  facet normal 0 0 1
    outer loop
      vertex 17.03100388199091 10.435916658043823 1.65
      vertex 17.043760319054126 10.424024600088558 1.65
      vertex 17.157715339958667 10.592301968038043 1.65
    endloop
  endfacet
  facet normal 0 0 1
    outer loop
      vertex 17.043760319054126 10.424024600088558 1.65
      vertex 17.055752661824226 10.411293413042984 1.65
      vertex 17.19861593544483 10.560584198236427 1.65
    endloop
  endfacet
  facet normal 0 0 1
    outer loop
      vertex 17.077445064485072 10.383313629329166 1.65
      vertex 17.08714512437582 10.368065032660922 1.65
      vertex 17.252191585302352 10.502418245673141 1.65
    endloop
  endfacet
  facet normal 0 0 1
    outer loop
      vertex 17.055752661824226 10.411293413042984 1.65
      vertex 17.066980910301208 10.39772308945652 1.65
      vertex 17.217511181533336 10.54260745227333 1.65
    endloop
  endfacet
  facet normal 0 0 1
    outer loop
      vertex 17.066980910301208 10.39772308945652 1.65
      vertex 17.077445064485072 10.383313629329166 1.65
      vertex 17.235369731485843 10.523218798935375 1.65
    endloop
  endfacet
  facet normal 0 0 1
    outer loop
      vertex 17.10425296127796 10.335050429701766 1.65
      vertex 17.111660730838775 10.317284423410854 1.65
      vertex 17.30911200940609 10.405096966326198 1.65
    endloop
  endfacet
  facet normal 0 0 1
    outer loop
      vertex 17.111660730838775 10.317284423410854 1.65
      vertex 17.118304413557052 10.298679280579051 1.65
      vertex 17.32075037509203 10.37723688364025 1.65
    endloop
  endfacet
  facet normal 0 0 1
    outer loop
      vertex 17.118304413557052 10.298679280579051 1.65
      vertex 17.12418400198221 10.27923500120636 1.65
      vertex 17.33135203719139 10.347964893579444 1.65
    endloop
  endfacet
  facet normal 0 0 1
    outer loop
      vertex 17.09608108997345 10.35197729945179 1.65
      vertex 17.282725197076797 10.456581417024097 1.65
      vertex 17.08714512437582 10.368065032660922 1.65
    endloop
  endfacet
  facet normal 0 0 1
    outer loop
      vertex 17.09608108997345 10.35197729945179 1.65
      vertex 17.10425296127796 10.335050429701766 1.65
      vertex 17.296436955034732 10.431545141637287 1.65
    endloop
  endfacet
  facet normal 0 0 1
    outer loop
      vertex 17.066980910301208 10.39772308945652 1.65
      vertex 17.235369731485843 10.523218798935375 1.65
      vertex 17.217511181533336 10.54260745227333 1.65
    endloop
  endfacet
  facet normal 0 0 1
    outer loop
      vertex 17.08714512437582 10.368065032660922 1.65
      vertex 17.267976742982864 10.480205777585468 1.65
      vertex 17.252191585302352 10.502418245673141 1.65
    endloop
  endfacet
  facet normal 0 0 1
    outer loop
      vertex 17.077445064485072 10.383313629329166 1.65
      vertex 17.252191585302352 10.502418245673141 1.65
      vertex 17.235369731485843 10.523218798935375 1.65
    endloop
  endfacet
  facet normal 0 0 1
    outer loop
      vertex 17.08714512437582 10.368065032660922 1.65
      vertex 17.282725197076797 10.456581417024097 1.65
      vertex 17.267976742982864 10.480205777585468 1.65
    endloop
  endfacet
  facet normal 0 0 1
    outer loop
      vertex 17.017483350634574 10.446969572007617 1.65
      vertex 17.13570999801159 10.606042999327144 1.65
      vertex 17.112415474653243 10.6185792419314 1.65
    endloop
  endfacet
  facet normal 0 0 1
    outer loop
      vertex 17.003198724985122 10.457183356881103 1.65
      vertex 17.112415474653243 10.6185792419314 1.65
      vertex 17.087579277157783 10.630112584233245 1.65
    endloop
  endfacet
  facet normal 0 0 1
    outer loop
      vertex 17.03100388199091 10.435916658043823 1.65
      vertex 17.157715339958667 10.592301968038043 1.65
      vertex 17.13570999801159 10.606042999327144 1.65
    endloop
  endfacet
  facet normal 0 0 1
    outer loop
      vertex 17.043760319054126 10.424024600088558 1.65
      vertex 17.19861593544483 10.560584198236427 1.65
      vertex 17.178683985769748 10.577149036824665 1.65
    endloop
  endfacet
  facet normal 0 0 1
    outer loop
      vertex 17.043760319054126 10.424024600088558 1.65
      vertex 17.178683985769748 10.577149036824665 1.65
      vertex 17.157715339958667 10.592301968038043 1.65
    endloop
  endfacet
  facet normal 0 0 1
    outer loop
      vertex 17.055752661824226 10.411293413042984 1.65
      vertex 17.217511181533336 10.54260745227333 1.65
      vertex 17.19861593544483 10.560584198236427 1.65
    endloop
  endfacet
  facet normal 0 0 1
    outer loop
      vertex 17.12418400198221 10.27923500120636 1.65
      vertex 17.340917003154754 10.31728100359436 1.65
      vertex 17.33135203719139 10.347964893579444 1.65
    endloop
  endfacet
  facet normal 0 0 1
    outer loop
      vertex 17.118304413557052 10.298679280579051 1.65
      vertex 17.33135203719139 10.347964893579444 1.65
      vertex 17.32075037509203 10.37723688364025 1.65
    endloop
  endfacet
  facet normal 0 0 1
    outer loop
      vertex 17.09608108997345 10.35197729945179 1.65
      vertex 17.296436955034732 10.431545141637287 1.65
      vertex 17.282725197076797 10.456581417024097 1.65
    endloop
  endfacet
  facet normal 0 0 1
    outer loop
      vertex 17.10425296127796 10.335050429701766 1.65
      vertex 17.30911200940609 10.405096966326198 1.65
      vertex 17.296436955034732 10.431545141637287 1.65
    endloop
  endfacet
  facet normal 0 0 1
    outer loop
      vertex 17.111660730838775 10.317284423410854 1.65
      vertex 17.32075037509203 10.37723688364025 1.65
      vertex 17.30911200940609 10.405096966326198 1.65
    endloop
  endfacet
  facet normal 0.9230784518299466 0.38461171558758966 0
    outer loop
      vertex 16.037291315197944 9.37086937159296 1.65
      vertex 16.037291315197944 9.37086937159296 2
      vertex 16.06069417744875 9.314701873362026 1.65
    endloop
  endfacet
  facet normal 0.8682020697080413 0.4962108081800248 0
    outer loop
      vertex 16.06069417744875 9.314701873362026 1.65
      vertex 16.06069417744875 9.314701873362026 2
      vertex 16.090004590153693 9.263418506383857 1.65
    endloop
  endfacet
  facet normal 0.9613074130940156 0.2754778712174386 0
    outer loop
      vertex 16.01979600340128 9.43192100107666 1.65
      vertex 16.01979600340128 9.43192100107666 2
      vertex 16.037291315197944 9.37086937159296 1.65
    endloop
  endfacet
  facet normal 0.7965379674435648 0.6045885099973988 0
    outer loop
      vertex 16.090004590153693 9.263418506383857 1.65
      vertex 16.090004590153693 9.263418506383857 2
      vertex 16.125222553312778 9.217019270658454 1.65
    endloop
  endfacet
  facet normal 0.7104323210524784 0.7037655271494818 0
    outer loop
      vertex 16.125222553312778 9.217019270658454 1.65
      vertex 16.125222553312778 9.217019270658454 2
      vertex 16.166348074376582 9.175504166185817 1.65
    endloop
  endfacet
  facet normal 0.614459942085168 0.7889480208307085 0
    outer loop
      vertex 16.213381138443946 9.138873192965946 1.65
      vertex 16.166348074376582 9.175504166185817 1.65
      vertex 16.166348074376582 9.175504166185817 2
    endloop
  endfacet
  facet normal 0.5142870592987729 0.8576181088560458 0
    outer loop
      vertex 16.213381138443946 9.138873192965946 1.65
      vertex 16.213381138443946 9.138873192965946 2
      vertex 16.26632175296545 9.10712634354826 1.65
    endloop
  endfacet
  facet normal 0.19611614831409108 -0.9805806730557387 0
    outer loop
      vertex 16.01979600340128 9.43192100107666 1.65
      vertex 16.233060997724532 9.474574002921543 1.65
      vertex 16.233060997724532 9.474574002921543 2
    endloop
  endfacet
  facet normal -0.9473146931252996 -0.32030434306908706 0
    outer loop
      vertex 16.239227470755576 9.452510717809162 1.65
      vertex 16.24637612402439 9.431368249952754 1.65
      vertex 16.24637612402439 9.431368249952754 2
    endloop
  endfacet
  facet normal -0.963091381069212 -0.2691746490853067 0
    outer loop
      vertex 16.233060997724532 9.474574002921543 1.65
      vertex 16.239227470755576 9.452510717809162 1.65
      vertex 16.239227470755576 9.452510717809162 2
    endloop
  endfacet
  facet normal 0.8967821344557925 0.4424723757715423 0
    outer loop
      vertex 16.131280188262462 10.084056388139686 1.65
      vertex 16.131280188262462 10.084056388139686 2
      vertex 16.136461068689822 10.07355602413412 1.65
    endloop
  endfacet
  facet normal 0.8818532382491613 0.47152398262386175 0
    outer loop
      vertex 16.136461068689822 10.07355602413412 1.65
      vertex 16.136461068689822 10.07355602413412 2
      vertex 16.141962629556655 10.063266898989639 1.65
    endloop
  endfacet
  facet normal 0.8658846372968079 0.5002437354863882 0
    outer loop
      vertex 16.141962629556655 10.063266898989639 1.65
      vertex 16.141962629556655 10.063266898989639 2
      vertex 16.14778487831354 10.053189020156822 1.65
    endloop
  endfacet
  facet normal 0.8309885722612812 0.5562894864826743 0
    outer loop
      vertex 16.1539278075099 10.043322380185089 1.65
      vertex 16.1539278075099 10.043322380185089 2
      vertex 16.16039143204689 10.03366697907444 1.65
    endloop
  endfacet
  facet normal 0.8121651595618912 0.5834275907032574 0
    outer loop
      vertex 16.16039143204689 10.03366697907444 1.65
      vertex 16.16039143204689 10.03366697907444 2
      vertex 16.167175737023353 10.024222831726036 1.65
    endloop
  endfacet
  facet normal 0.8489142964813072 0.5285305262987627 0
    outer loop
      vertex 16.14778487831354 10.053189020156822 1.65
      vertex 16.14778487831354 10.053189020156822 2
      vertex 16.1539278075099 10.043322380185089 1.65
    endloop
  endfacet
  facet normal 0.9373733357462294 0.34832632606793734 0
    outer loop
      vertex 16.11774336248636 10.116898979544601 1.65
      vertex 16.11774336248636 10.116898979544601 2
      vertex 16.121900920569896 10.105710666179618 1.65
    endloop
  endfacet
  facet normal 0.924282732509726 0.38170856734471426 0
    outer loop
      vertex 16.121900920569896 10.105710666179618 1.65
      vertex 16.121900920569896 10.105710666179618 2
      vertex 16.126420003175735 10.094767998456916 1.65
    endloop
  endfacet
  facet normal 0.9106458160788061 0.41318784790717805 0
    outer loop
      vertex 16.126420003175735 10.094767998456916 1.65
      vertex 16.126420003175735 10.094767998456916 2
      vertex 16.131280188262462 10.084056388139686 1.65
    endloop
  endfacet
  facet normal 0.968365810307394 0.24953488218624753 0
    outer loop
      vertex 16.107439850270747 10.151937793493232 1.65
      vertex 16.107439850270747 10.151937793493232 2
      vertex 16.110512827336787 10.140012543201408 1.65
    endloop
  endfacet
  facet normal 0.9490632527801499 0.31508561094147325 0
    outer loop
      vertex 16.113947328925132 10.128332938551864 1.65
      vertex 16.113947328925132 10.128332938551864 2
      vertex 16.11774336248636 10.116898979544601 1.65
    endloop
  endfacet
  facet normal 0.9593805371384091 0.2821151980309066 0
    outer loop
      vertex 16.110512827336787 10.140012543201408 1.65
      vertex 16.110512827336787 10.140012543201408 2
      vertex 16.113947328925132 10.128332938551864 1.65
    endloop
  endfacet
  facet normal 0.9825579000410679 0.18595691185564214 0
    outer loop
      vertex 16.10237847715616 10.176525223553142 1.65
      vertex 16.10237847715616 10.176525223553142 2
      vertex 16.104728405177593 10.164108689427337 1.65
    endloop
  endfacet
  facet normal 0.9760714115078147 0.21745022335500597 0
    outer loop
      vertex 16.107439850270747 10.151937793493232 1.65
      vertex 16.104728405177593 10.164108689427337 1.65
      vertex 16.104728405177593 10.164108689427337 2
    endloop
  endfacet
  facet normal 0.9878935860151544 0.15513304841367256 0
    outer loop
      vertex 16.100390081107616 10.189187410771808 1.65
      vertex 16.100390081107616 10.189187410771808 2
      vertex 16.10237847715616 10.176525223553142 1.65
    endloop
  endfacet
  facet normal 0.9921506549724755 0.12504830201841133 0
    outer loop
      vertex 16.098763209581374 10.202095236182174 1.65
      vertex 16.098763209581374 10.202095236182174 2
      vertex 16.100390081107616 10.189187410771808 1.65
    endloop
  endfacet
  facet normal 0.9954048267790557 0.09575610071926643 0
    outer loop
      vertex 16.098763209581374 10.202095236182174 1.65
      vertex 16.09749787002802 10.21524870723482 1.65
      vertex 16.09749787002802 10.21524870723482 2
    endloop
  endfacet
  facet normal 0.7720955510347647 0.6355064595047977 0
    outer loop
      vertex 16.17428073734045 10.014989915788135 1.65
      vertex 16.17428073734045 10.014989915788135 2
      vertex 16.181706410646438 10.005968246161899 1.65
    endloop
  endfacet
  facet normal 0.7510010736269678 0.6603009824399338 0
    outer loop
      vertex 16.181706410646438 10.005968246161899 1.65
      vertex 16.181706410646438 10.005968246161899 2
      vertex 16.18945277929306 9.997157822847328 1.65
    endloop
  endfacet
  facet normal 0.6845001285768849 0.7290127392427569 0
    outer loop
      vertex 16.20590757280588 9.980170700252017 1.65
      vertex 16.20590757280588 9.980170700252017 2
      vertex 16.21461599767208 9.971994000971279 1.65
    endloop
  endfacet
  facet normal 0.7293119872971819 0.6841812809370299 0
    outer loop
      vertex 16.18945277929306 9.997157822847328 1.65
      vertex 16.18945277929306 9.997157822847328 2
      vertex 16.197519835829734 9.98855863839384 1.65
    endloop
  endfacet
  facet normal 0.7071152604137526 0.7070983018576631 0
    outer loop
      vertex 16.197519835829734 9.98855863839384 1.65
      vertex 16.197519835829734 9.98855863839384 2
      vertex 16.20590757280588 9.980170700252017 1.65
    endloop
  endfacet
  facet normal 0.7925095981206582 0.6098594402701598 0
    outer loop
      vertex 16.167175737023353 10.024222831726036 1.65
      vertex 16.167175737023353 10.024222831726036 2
      vertex 16.17428073734045 10.014989915788135 1.65
    endloop
  endfacet
  facet normal 0.6600242278106006 0.7512443135911384 0
    outer loop
      vertex 16.21461599767208 9.971994000971279 1.65
      vertex 16.21461599767208 9.971994000971279 2
      vertex 16.223733630776405 9.963983479440174 1.65
    endloop
  endfacet
  facet normal 0.6345622983348987 0.772871716090019 0
    outer loop
      vertex 16.233348992466926 9.956088836789093 1.65
      vertex 16.223733630776405 9.963983479440174 1.65
      vertex 16.223733630776405 9.963983479440174 2
    endloop
  endfacet
  facet normal 0.6096839785625752 0.7926445901437223 0
    outer loop
      vertex 16.233348992466926 9.956088836789093 1.65
      vertex 16.233348992466926 9.956088836789093 2
      vertex 16.243462082743644 9.948310080468616 1.65
    endloop
  endfacet
  facet normal 0.5854654882676127 0.8106973307268045 0
    outer loop
      vertex 16.243462082743644 9.948310080468616 1.65
      vertex 16.243462082743644 9.948310080468616 2
      vertex 16.25407290160656 9.940647210478744 1.65
    endloop
  endfacet
  facet normal 0.9977327606482376 0.06730035905733786 0
    outer loop
      vertex 16.09749787002802 10.21524870723482 1.65
      vertex 16.096594054996967 10.228647831380329 1.65
      vertex 16.096594054996967 10.228647831380329 2
    endloop
  endfacet
  facet normal 0.9992111617857689 0.03971214125093151 0
    outer loop
      vertex 16.096594054996967 10.228647831380329 1.65
      vertex 16.09605176448822 10.242292593717536 1.65
      vertex 16.09605176448822 10.242292593717536 2
    endloop
  endfacet
  facet normal 0.9999153322004473 0.013012625809923654 0
    outer loop
      vertex 16.09605176448822 10.242292593717536 1.65
      vertex 16.095870998501777 10.256183001697025 1.65
      vertex 16.095870998501777 10.256183001697025 2
    endloop
  endfacet
  facet normal 0.9995515320530318 -0.029945530057705224 0
    outer loop
      vertex 16.095870998501777 10.256183001697025 1.65
      vertex 16.09681575447321 10.287718001306018 1.65
      vertex 16.09681575447321 10.287718001306018 2
    endloop
  endfacet
  facet normal 0.9956826730490649 -0.09282248967717284 0
    outer loop
      vertex 16.09681575447321 10.287718001306018 1.65
      vertex 16.099650029838084 10.318120535016021 1.65
      vertex 16.099650029838084 10.318120535016021 2
    endloop
  endfacet
  facet normal 0.9872262375298756 -0.1593246871410881 0
    outer loop
      vertex 16.099650029838084 10.318120535016021 1.65
      vertex 16.104373817145824 10.347390617728195 1.65
      vertex 16.104373817145824 10.347390617728195 2
    endloop
  endfacet
  facet normal 0.973473560161222 -0.22879953598518446 0
    outer loop
      vertex 16.104373817145824 10.347390617728195 1.65
      vertex 16.110987116396426 10.375528227090797 1.65
      vertex 16.110987116396426 10.375528227090797 2
    endloop
  endfacet
  facet normal 0.9538371633079292 -0.30032426790501404 0
    outer loop
      vertex 16.110987116396426 10.375528227090797 1.65
      vertex 16.119489935040473 10.40253338545557 1.65
      vertex 16.119489935040473 10.40253338545557 2
    endloop
  endfacet
  facet normal 0.9279407904229767 -0.3727276344318746 0
    outer loop
      vertex 16.119489935040473 10.40253338545557 1.65
      vertex 16.129882265627383 10.428406077921352 1.65
      vertex 16.129882265627383 10.428406077921352 2
    endloop
  endfacet
  facet normal 0.8957017409335776 -0.4446553623746803 0
    outer loop
      vertex 16.129882265627383 10.428406077921352 1.65
      vertex 16.142164115607738 10.453146304488143 1.65
      vertex 16.142164115607738 10.453146304488143 2
    endloop
  endfacet
  facet normal 0.85738572970058 -0.5146743732747959 0
    outer loop
      vertex 16.142164115607738 10.453146304488143 1.65
      vertex 16.156335470080375 10.476754080057106 1.65
      vertex 16.156335470080375 10.476754080057106 2
    endloop
  endfacet
  facet normal 0.8136119914594389 -0.5814082277998877 0
    outer loop
      vertex 16.156335470080375 10.476754080057106 1.65
      vertex 16.172396351397037 10.499229382276496 1.65
      vertex 16.172396351397037 10.499229382276496 2
    endloop
  endfacet
  facet normal 0.7653093025500503 -0.6436627000458824 0
    outer loop
      vertex 16.172396351397037 10.499229382276496 1.65
      vertex 16.19034673720598 10.520572233498058 1.65
      vertex 16.19034673720598 10.520572233498058 2
    endloop
  endfacet
  facet normal 0.7136172513124751 -0.7005358082419681 0
    outer loop
      vertex 16.19034673720598 10.520572233498058 1.65
      vertex 16.21018664240837 10.540782618820629 1.65
      vertex 16.21018664240837 10.540782618820629 2
    endloop
  endfacet
  facet normal 0.6597704098548418 -0.7514672356663158 0
    outer loop
      vertex 16.21018664240837 10.540782618820629 1.65
      vertex 16.231916067004203 10.559860538244209 1.65
      vertex 16.231916067004203 10.559860538244209 2
    endloop
  endfacet
  facet normal 0.604977895172699 -0.7962422661178009 0
    outer loop
      vertex 16.231916067004203 10.559860538244209 1.65
      vertex 16.2555350035429 10.577805999219379 1.65
      vertex 16.2555350035429 10.577805999219379 2
    endloop
  endfacet
  facet normal -0.9042717307597499 -0.42695741819151745 0
    outer loop
      vertex 16.254506950080394 9.411146599352321 1.65
      vertex 16.263619956374168 9.391845766007862 1.65
      vertex 16.263619956374168 9.391845766007862 2
    endloop
  endfacet
  facet normal -0.8443844850833976 -0.5357376609409173 0
    outer loop
      vertex 16.284792502224445 9.356006543636283 1.65
      vertex 16.284792502224445 9.356006543636283 2
      vertex 16.27371514290571 9.373465742468795 1.65
    endloop
  endfacet
  facet normal -0.8764941805827425 -0.48141245455906795 0
    outer loop
      vertex 16.263619956374168 9.391845766007862 1.65
      vertex 16.27371514290571 9.373465742468795 1.65
      vertex 16.27371514290571 9.373465742468795 2
    endloop
  endfacet
  facet normal -0.7675665896897759 -0.6409692117348595 0
    outer loop
      vertex 16.296852041780948 9.339468162059745 1.65
      vertex 16.30989375412464 9.3238505902886 1.65
      vertex 16.30989375412464 9.3238505902886 2
    endloop
  endfacet
  facet normal -0.7234738715972976 -0.6903517633178154 0
    outer loop
      vertex 16.30989375412464 9.3238505902886 1.65
      vertex 16.323917654156684 9.30915384322401 1.65
      vertex 16.323917654156684 9.30915384322401 2
    endloop
  endfacet
  facet normal -0.8080004831479104 -0.5891818218790728 0
    outer loop
      vertex 16.284792502224445 9.356006543636283 1.65
      vertex 16.296852041780948 9.339468162059745 1.65
      vertex 16.296852041780948 9.339468162059745 2
    endloop
  endfacet
  facet normal -0.47190379660685466 -0.8816500477786163 0
    outer loop
      vertex 16.389834997057914 9.259574997723064 1.65
      vertex 16.408792813122272 9.249427813589534 1.65
      vertex 16.408792813122272 9.249427813589534 2
    endloop
  endfacet
  facet normal -0.6266107540322771 -0.7793323828323195 0
    outer loop
      vertex 16.338923719525337 9.295377905964813 1.65
      vertex 16.35491197258234 9.28252278596159 1.65
      vertex 16.35491197258234 9.28252278596159 2
    endloop
  endfacet
  facet normal -0.6762680226645547 -0.7366556600755697 0
    outer loop
      vertex 16.323917654156684 9.30915384322401 1.65
      vertex 16.338923719525337 9.295377905964813 1.65
      vertex 16.338923719525337 9.295377905964813 2
    endloop
  endfacet
  facet normal -0.5752403584966818 -0.8179844313656641 0
    outer loop
      vertex 16.35491197258234 9.28252278596159 1.65
      vertex 16.371882398426532 9.27058848321434 1.65
      vertex 16.371882398426532 9.27058848321434 2
    endloop
  endfacet
  facet normal -0.5229168160536433 -0.8523837184556732 0
    outer loop
      vertex 16.371882398426532 9.27058848321434 1.65
      vertex 16.389834997057914 9.259574997723064 1.65
      vertex 16.389834997057914 9.259574997723064 2
    endloop
  endfacet
  facet normal -0.9278080728253895 -0.37305787754722014 0
    outer loop
      vertex 16.24637612402439 9.431368249952754 1.65
      vertex 16.254506950080394 9.411146599352321 1.65
      vertex 16.254506950080394 9.411146599352321 2
    endloop
  endfacet
  facet normal -0.42329579511554194 -0.9059915396059177 0
    outer loop
      vertex 16.408792813122272 9.249427813589534 1.65
      vertex 16.428773653507232 9.240092400014362 1.65
      vertex 16.428773653507232 9.240092400014362 2
    endloop
  endfacet
  facet normal -0.37602974708468123 -0.9266075918680089 0
    outer loop
      vertex 16.428773653507232 9.240092400014362 1.65
      vertex 16.449777503311633 9.231568756997547 1.65
      vertex 16.449777503311633 9.231568756997547 2
    endloop
  endfacet
  facet normal -0.33044439169440226 -0.9438254626771395 0
    outer loop
      vertex 16.449777503311633 9.231568756997547 1.65
      vertex 16.471804369986057 9.22385689198967 1.65
      vertex 16.471804369986057 9.22385689198967 2
    endloop
  endfacet
  facet normal -0.2867804471492772 -0.9579963335696335 0
    outer loop
      vertex 16.471804369986057 9.22385689198967 1.65
      vertex 16.494854260981082 9.21695680499073 1.65
      vertex 16.494854260981082 9.21695680499073 2
    endloop
  endfacet
  facet normal -0.24519135007143336 -0.9694747040795586 0
    outer loop
      vertex 16.494854260981082 9.21695680499073 1.65
      vertex 16.51892716884613 9.210868488550148 1.65
      vertex 16.51892716884613 9.210868488550148 2
    endloop
  endfacet
  facet normal -0.205756095361008 -0.9786033053397029 0
    outer loop
      vertex 16.51892716884613 9.210868488550148 1.65
      vertex 16.54402308613062 9.205591950118503 1.65
      vertex 16.54402308613062 9.205591950118503 2
    endloop
  endfacet
  facet normal -0.16849553872602643 -0.9857024162643745 0
    outer loop
      vertex 16.54402308613062 9.205591950118503 1.65
      vertex 16.57014202773571 9.201127189695796 1.65
      vertex 16.57014202773571 9.201127189695796 2
    endloop
  endfacet
  facet normal 0.5619632927927403 0.8271621712539451 0
    outer loop
      vertex 16.25407290160656 9.940647210478744 1.65
      vertex 16.25407290160656 9.940647210478744 2
      vertex 16.26518144160509 9.933100211918315 1.65
    endloop
  endfacet
  facet normal 0.5392130363521195 0.8421694018592267 0
    outer loop
      vertex 16.26518144160509 9.933100211918315 1.65
      vertex 16.26518144160509 9.933100211918315 2
      vertex 16.2767877176404 9.925669099688491 1.65
    endloop
  endfacet
  facet normal 0.5172400427141096 0.8558403695860031 0
    outer loop
      vertex 16.2767877176404 9.925669099688491 1.65
      vertex 16.2767877176404 9.925669099688491 2
      vertex 16.288891714811324 9.918353866338691 1.65
    endloop
  endfacet
  facet normal 0.47565619347358407 0.8796312782127635 0
    outer loop
      vertex 16.301493440568446 9.911154519319496 1.65
      vertex 16.301493440568446 9.911154519319496 2
      vertex 16.314592902362346 9.904071051180324 1.65
    endloop
  endfacet
  facet normal 0.49605379645266207 0.868291789103698 0
    outer loop
      vertex 16.288891714811324 9.918353866338691 1.65
      vertex 16.288891714811324 9.918353866338691 2
      vertex 16.301493440568446 9.911154519319496 1.65
    endloop
  endfacet
  facet normal 0.4560402784335128 0.8899591363912639 0
    outer loop
      vertex 16.314592902362346 9.904071051180324 1.65
      vertex 16.314592902362346 9.904071051180324 2
      vertex 16.328190085291862 9.897103469371757 1.65
    endloop
  endfacet
  facet normal 0.43719321424976554 0.899367607496489 0
    outer loop
      vertex 16.328190085291862 9.897103469371757 1.65
      vertex 16.328190085291862 9.897103469371757 2
      vertex 16.342284996807575 9.890251766443214 1.65
    endloop
  endfacet
  facet normal 0.4190973045453558 0.9079413248238111 0
    outer loop
      vertex 16.342284996807575 9.890251766443214 1.65
      vertex 16.342284996807575 9.890251766443214 2
      vertex 16.356877629458904 9.883515942394695 1.65
    endloop
  endfacet
  facet normal 0.401730833140221 0.9157577942362619 0
    outer loop
      vertex 16.356877629458904 9.883515942394695 1.65
      vertex 16.356877629458904 9.883515942394695 2
      vertex 16.37196799814701 9.8768959972262 1.65
    endloop
  endfacet
  facet normal 0.38167715495062243 0.9242957045171197 0
    outer loop
      vertex 16.37196799814701 9.8768959972262 1.65
      vertex 16.37196799814701 9.8768959972262 2
      vertex 16.38785897642374 9.870334002673587 1.65
    endloop
  endfacet
  facet normal 0.3603026756060272 0.9328354527734986 0
    outer loop
      vertex 16.38785897642374 9.870334002673587 1.65
      vertex 16.38785897642374 9.870334002673587 2
      vertex 16.40484821498394 9.863772000670394 1.65
    endloop
  endfacet
  facet normal 0.34104214706205915 0.9400480061822912 0
    outer loop
      vertex 16.40484821498394 9.863772000670394 1.65
      vertex 16.40484821498394 9.863772000670394 2
      vertex 16.42293570637703 9.857209998667201 1.65
    endloop
  endfacet
  facet normal -0.9124470747732099 -0.40919474060380134 0
    outer loop
      vertex 16.325350177288055 10.18530426502224 1.65
      vertex 16.329350006580352 10.176385204791984 1.65
      vertex 16.329350006580352 10.176385204791984 2
    endloop
  endfacet
  facet normal -0.9671077463702809 -0.2543670711994703 0
    outer loop
      vertex 16.318762224912643 10.20406341135498 1.65
      vertex 16.318762224912643 10.20406341135498 2
      vertex 16.316174101829528 10.213903497457466 1.65
    endloop
  endfacet
  facet normal -0.9521887406770113 -0.3055103961044981 0
    outer loop
      vertex 16.318762224912643 10.20406341135498 1.65
      vertex 16.32182091921568 10.194530333876571 1.65
      vertex 16.32182091921568 10.194530333876571 2
    endloop
  endfacet
  facet normal -0.9789113506679259 -0.20428550495200806 0
    outer loop
      vertex 16.316174101829528 10.213903497457466 1.65
      vertex 16.316174101829528 10.213903497457466 2
      vertex 16.314056542515754 10.224050584733448 1.65
    endloop
  endfacet
  facet normal -0.9339963217383812 -0.35728262059492116 0
    outer loop
      vertex 16.32182091921568 10.194530333876571 1.65
      vertex 16.325350177288055 10.18530426502224 1.65
      vertex 16.325350177288055 10.18530426502224 2
    endloop
  endfacet
  facet normal -0.7943221865181486 -0.6074967193368437 0
    outer loop
      vertex 16.34417289942503 10.151470038592777 1.65
      vertex 16.35005499869585 10.143778997957668 1.65
      vertex 16.35005499869585 10.143778997957668 2
    endloop
  endfacet
  facet normal -0.7621185692789406 -0.6474374767961928 0
    outer loop
      vertex 16.35005499869585 10.143778997957668 1.65
      vertex 16.356383022665977 10.136330086290798 1.65
      vertex 16.356383022665977 10.136330086290798 2
    endloop
  endfacet
  facet normal -0.7332056236485512 -0.6800069951479462 0
    outer loop
      vertex 16.356383022665977 10.136330086290798 1.65
      vertex 16.363127094507217 10.129058409035167 1.65
      vertex 16.363127094507217 10.129058409035167 2
    endloop
  endfacet
  facet normal -0.7038409940742636 -0.710357554377056 0
    outer loop
      vertex 16.363127094507217 10.129058409035167 1.65
      vertex 16.37028721421957 10.121963973641357 1.65
      vertex 16.37028721421957 10.121963973641357 2
    endloop
  endfacet
  facet normal -0.8282310053374126 -0.5603868322844309 0
    outer loop
      vertex 16.33876136392355 10.159468087851963 1.65
      vertex 16.34417289942503 10.151470038592777 1.65
      vertex 16.34417289942503 10.151470038592777 2
    endloop
  endfacet
  facet normal -0.8875488820687101 -0.4607135573635563 0
    outer loop
      vertex 16.329350006580352 10.176385204791984 1.65
      vertex 16.33382039964199 10.167773145735225 1.65
      vertex 16.33382039964199 10.167773145735225 2
    endloop
  endfacet
  facet normal -0.8594075909704413 -0.5112911035627187 0
    outer loop
      vertex 16.33876136392355 10.159468087851963 1.65
      vertex 16.33876136392355 10.159468087851963 2
      vertex 16.33382039964199 10.167773145735225 1.65
    endloop
  endfacet
  facet normal -0.6446764078740685 -0.7644555769504122 0
    outer loop
      vertex 16.377863381803035 10.115046787559947 1.65
      vertex 16.385855589807033 10.108306843340358 1.65
      vertex 16.385855589807033 10.108306843340358 2
    endloop
  endfacet
  facet normal -0.6152803418265775 -0.7883083793552939 0
    outer loop
      vertex 16.385855589807033 10.108306843340358 1.65
      vertex 16.394263853132724 10.101744133532009 1.65
      vertex 16.394263853132724 10.101744133532009 2
    endloop
  endfacet
  facet normal -0.6742595655399156 -0.7384944402484858 0
    outer loop
      vertex 16.37028721421957 10.121963973641357 1.65
      vertex 16.377863381803035 10.115046787559947 1.65
      vertex 16.377863381803035 10.115046787559947 2
    endloop
  endfacet
  facet normal -0.586235593497093 -0.8101406229273478 0
    outer loop
      vertex 16.394263853132724 10.101744133532009 1.65
      vertex 16.403088156878948 10.09535867303606 1.65
      vertex 16.403088156878948 10.09535867303606 2
    endloop
  endfacet
  facet normal -0.5576804388242894 -0.8300557379795336 0
    outer loop
      vertex 16.403088156878948 10.09535867303606 1.65
      vertex 16.412328515946864 10.089150454401931 1.65
      vertex 16.412328515946864 10.089150454401931 2
    endloop
  endfacet
  facet normal 0.3236193705387247 0.9461873509047347 0
    outer loop
      vertex 16.42293570637703 9.857209998667201 1.65
      vertex 16.42293570637703 9.857209998667201 2
      vertex 16.44212146550417 9.850647996664009 1.65
    endloop
  endfacet
  facet normal 0.30779980531022894 0.9514511442270618 0
    outer loop
      vertex 16.44212146550417 9.850647996664009 1.65
      vertex 16.44212146550417 9.850647996664009 2
      vertex 16.46240548491478 9.844086002111396 1.65
    endloop
  endfacet
  facet normal 0.29338486598472896 0.9559944144246465 0
    outer loop
      vertex 16.46240548491478 9.844086002111396 1.65
      vertex 16.46240548491478 9.844086002111396 2
      vertex 16.48378776460886 9.837524000108203 1.65
    endloop
  endfacet
  facet normal 0.2802037583918906 0.9599405470043751 0
    outer loop
      vertex 16.48378776460886 9.837524000108203 1.65
      vertex 16.48378776460886 9.837524000108203 2
      vertex 16.50626830458641 9.83096199810501 1.65
    endloop
  endfacet
  facet normal 0.268111522330803 0.9633878822122788 0
    outer loop
      vertex 16.50626830458641 9.83096199810501 1.65
      vertex 16.50626830458641 9.83096199810501 2
      vertex 16.52984709739685 9.824400003552398 1.65
    endloop
  endfacet
  facet normal 0.2569844449242093 0.9664155395413487 0
    outer loop
      vertex 16.52984709739685 9.824400003552398 1.65
      vertex 16.52984709739685 9.824400003552398 2
      vertex 16.55452415794134 9.817838001549205 1.65
    endloop
  endfacet
  facet normal 0.24671498727872668 0.969088084258628 0
    outer loop
      vertex 16.55452415794134 9.817838001549205 1.65
      vertex 16.55452415794134 9.817838001549205 2
      vertex 16.5802994787693 9.811275999546012 1.65
    endloop
  endfacet
  facet normal -0.5024701101945114 -0.8645945803445195 0
    outer loop
      vertex 16.421984915435313 10.083119477629623 1.65
      vertex 16.432057370245456 10.077265742719135 1.65
      vertex 16.432057370245456 10.077265742719135 2
    endloop
  endfacet
  facet normal -0.47597306458957855 -0.8794598579726107 0
    outer loop
      vertex 16.432057370245456 10.077265742719135 1.65
      vertex 16.44254586547613 10.071589257121047 1.65
      vertex 16.44254586547613 10.071589257121047 2
    endloop
  endfacet
  facet normal -0.4502883686424758 -0.892883186685301 0
    outer loop
      vertex 16.44254586547613 10.071589257121047 1.65
      vertex 16.45345040857792 10.0660900059342 1.65
      vertex 16.45345040857792 10.0660900059342 2
    endloop
  endfacet
  facet normal -0.4254483253769749 -0.904982719411773 0
    outer loop
      vertex 16.45345040857792 10.0660900059342 1.65
      vertex 16.46477099955082 10.060767996609172 1.65
      vertex 16.46477099955082 10.060767996609172 2
    endloop
  endfacet
  facet normal -0.3942285558692591 -0.9190124295879999 0
    outer loop
      vertex 16.477179591357707 10.055445085763893 1.65
      vertex 16.477179591357707 10.055445085763893 2
      vertex 16.46477099955082 10.060767996609172 1.65
    endloop
  endfacet
  facet normal -0.3622864600873739 -0.9320668006303837 0
    outer loop
      vertex 16.477179591357707 10.055445085763893 1.65
      vertex 16.49134813696146 10.049937892258129 1.65
      vertex 16.49134813696146 10.049937892258129 2
    endloop
  endfacet
  facet normal -0.5297290276174559 -0.8481669395227951 0
    outer loop
      vertex 16.412328515946864 10.089150454401931 1.65
      vertex 16.421984915435313 10.083119477629623 1.65
      vertex 16.421984915435313 10.083119477629623 2
    endloop
  endfacet
  facet normal -0.33647934297888776 -0.9416908472256148 0
    outer loop
      vertex 16.49134813696146 10.049937892258129 1.65
      vertex 16.507276636362075 10.04424641609188 1.65
      vertex 16.507276636362075 10.04424641609188 2
    endloop
  endfacet
  facet normal -0.3152434095616707 -0.9490108496365744 0
    outer loop
      vertex 16.507276636362075 10.04424641609188 1.65
      vertex 16.524965082108974 10.038370649814567 1.65
      vertex 16.524965082108974 10.038370649814567 2
    endloop
  endfacet
  facet normal -0.29748884906479317 -0.9547252927843196 0
    outer loop
      vertex 16.524965082108974 10.038370649814567 1.65
      vertex 16.544413481652736 10.03231060087677 1.65
      vertex 16.544413481652736 10.03231060087677 2
    endloop
  endfacet
  facet normal -0.28244017375052183 -0.9592849150548418 0
    outer loop
      vertex 16.544413481652736 10.03231060087677 1.65
      vertex 16.565621842443942 10.026066269278488 1.65
      vertex 16.565621842443942 10.026066269278488 2
    endloop
  endfacet
  facet normal -0.13338564061399732 -0.9910642112789633 0
    outer loop
      vertex 16.57014202773571 9.201127189695796 1.65
      vertex 16.597283986210822 9.197474199831447 1.65
      vertex 16.597283986210822 9.197474199831447 2
    endloop
  endfacet
  facet normal -0.06936252742431608 -0.9975915195055093 0
    outer loop
      vertex 16.625448961555957 9.194632987976036 1.65
      vertex 16.654636961221694 9.192603546678981 1.65
      vertex 16.654636961221694 9.192603546678981 2
    endloop
  endfacet
  facet normal -0.1003680906172788 -0.994950373830696 0
    outer loop
      vertex 16.597283986210822 9.197474199831447 1.65
      vertex 16.625448961555957 9.194632987976036 1.65
      vertex 16.625448961555957 9.194632987976036 2
    endloop
  endfacet
  facet normal -0.04027233909904882 -0.9991887402805796 0
    outer loop
      vertex 16.654636961221694 9.192603546678981 1.65
      vertex 16.684847970306873 9.191385890841445 1.65
      vertex 16.684847970306873 9.191385890841445 2
    endloop
  endfacet
  facet normal -0.01299410986013588 -0.9999155729905114 0
    outer loop
      vertex 16.684847970306873 9.191385890841445 1.65
      vertex 16.716082003712653 9.190979998111686 1.65
      vertex 16.716082003712653 9.190979998111686 2
    endloop
  endfacet
  facet normal 0.013435482813552418 -0.999909739827334 0
    outer loop
      vertex 16.716082003712653 9.190979998111686 1.65
      vertex 16.74831812530756 9.191413145065269 1.65
      vertex 16.74831812530756 9.191413145065269 2
    endloop
  endfacet
  facet normal 0.041769077834881 -0.9991272912581377 0
    outer loop
      vertex 16.74831812530756 9.191413145065269 1.65
      vertex 16.77940126955509 9.192712593376598 1.65
      vertex 16.77940126955509 9.192712593376598 2
    endloop
  endfacet
  facet normal 0.0721709197594402 -0.9973922790663041 0
    outer loop
      vertex 16.77940126955509 9.192712593376598 1.65
      vertex 16.80933142900467 9.194878328144512 1.65
      vertex 16.80933142900467 9.194878328144512 2
    endloop
  endfacet
  facet normal 0.10478253284688573 -0.9944951587665931 0
    outer loop
      vertex 16.80933142900467 9.194878328144512 1.65
      vertex 16.83810860365629 9.197910364270172 1.65
      vertex 16.83810860365629 9.197910364270172 2
    endloop
  endfacet
  facet normal 0.1397358318254359 -0.9901888190158751 0
    outer loop
      vertex 16.83810860365629 9.197910364270172 1.65
      vertex 16.86573280096054 9.201808701753578 1.65
      vertex 16.86573280096054 9.201808701753578 2
    endloop
  endfacet
  facet normal 0.1771460006573236 -0.9841845835264418 0
    outer loop
      vertex 16.86573280096054 9.201808701753578 1.65
      vertex 16.892204013466834 9.206573325693569 1.65
      vertex 16.892204013466834 9.206573325693569 2
    endloop
  endfacet
  facet normal 0.2283923845389795 0.973569164818093 0
    outer loop
      vertex 16.607173059880733 9.80471399754282 1.65
      vertex 16.607173059880733 9.80471399754282 2
      vertex 16.635144901275634 9.798152002990207 1.65
    endloop
  endfacet
  facet normal 0.2201901674707766 0.9754569647858338 0
    outer loop
      vertex 16.635144901275634 9.798152002990207 1.65
      vertex 16.635144901275634 9.798152002990207 2
      vertex 16.664215002954005 9.791590000987014 1.65
    endloop
  endfacet
  facet normal 0.2372110453626319 0.9714581411249624 0
    outer loop
      vertex 16.5802994787693 9.811275999546012 1.65
      vertex 16.5802994787693 9.811275999546012 2
      vertex 16.607173059880733 9.80471399754282 1.65
    endloop
  endfacet
  facet normal 0.2237316130028822 0.9746507914854061 0
    outer loop
      vertex 16.664215002954005 9.791590000987014 1.65
      vertex 16.664215002954005 9.791590000987014 2
      vertex 16.68112516850233 9.787708263397178 1.65
    endloop
  endfacet
  facet normal 0.22441993433874105 0.9744925310495689 0
    outer loop
      vertex 16.68112516850233 9.787708263397178 1.65
      vertex 16.68112516850233 9.787708263397178 2
      vertex 16.69780337512493 9.783867369890174 1.65
    endloop
  endfacet
  facet normal 0.22512732184873305 0.9743293534309725 0
    outer loop
      vertex 16.69780337512493 9.783867369890174 1.65
      vertex 16.69780337512493 9.783867369890174 2
      vertex 16.714249622821807 9.780067320466003 1.65
    endloop
  endfacet
  facet normal 0.22585519942308643 0.9741608845019173 0
    outer loop
      vertex 16.714249622821807 9.780067320466003 1.65
      vertex 16.714249622821807 9.780067320466003 2
      vertex 16.7304638966918 9.776308107674083 1.65
    endloop
  endfacet
  facet normal 0.22660361130487386 0.973987065285566 0
    outer loop
      vertex 16.7304638966918 9.776308107674083 1.65
      vertex 16.7304638966918 9.776308107674083 2
      vertex 16.746446211636066 9.772589731514415 1.65
    endloop
  endfacet
  facet normal -0.26953227055590945 -0.9629913577644277 0
    outer loop
      vertex 16.565621842443942 10.026066269278488 1.65
      vertex 16.58859014958143 10.019637655019721 1.65
      vertex 16.58859014958143 10.019637655019721 2
    endloop
  endfacet
  facet normal -0.25834441485684995 -0.9660528781139631 0
    outer loop
      vertex 16.58859014958143 10.019637655019721 1.65
      vertex 16.613318410515785 10.013024758100471 1.65
      vertex 16.613318410515785 10.013024758100471 2
    endloop
  endfacet
  facet normal -0.24855853776926584 -0.9686168764284486 0
    outer loop
      vertex 16.613318410515785 10.013024758100471 1.65
      vertex 16.63980661779642 10.006227571070156 1.65
      vertex 16.63980661779642 10.006227571070156 2
    endloop
  endfacet
  facet normal -0.23992839816733222 -0.9707905869717002 0
    outer loop
      vertex 16.63980661779642 10.006227571070156 1.65
      vertex 16.6680547863245 9.999246108829936 1.65
      vertex 16.6680547863245 9.999246108829936 2
    endloop
  endfacet
  facet normal -0.2322634462612041 -0.9726529142149674 0
    outer loop
      vertex 16.6680547863245 9.999246108829936 1.65
      vertex 16.698062908649444 9.992080356478652 1.65
      vertex 16.698062908649444 9.992080356478652 2
    endloop
  endfacet
  facet normal -0.22541101930058471 -0.9742637591421902 0
    outer loop
      vertex 16.698062908649444 9.992080356478652 1.65
      vertex 16.72983097732067 9.984730321466884 1.65
      vertex 16.72983097732067 9.984730321466884 2
    endloop
  endfacet
  facet normal 0.22737331331554034 0.9738076690968874 0
    outer loop
      vertex 16.746446211636066 9.772589731514415 1.65
      vertex 16.746446211636066 9.772589731514415 2
      vertex 16.76219656020403 9.76891219943758 1.65
    endloop
  endfacet
  facet normal 0.22816547704425982 0.973622367802407 0
    outer loop
      vertex 16.76219656020403 9.76891219943758 1.65
      vertex 16.76219656020403 9.76891219943758 2
      vertex 16.777714949846267 9.765275511443576 1.65
    endloop
  endfacet
  facet normal 0.22898186900406942 0.9734306876544438 0
    outer loop
      vertex 16.777714949846267 9.765275511443576 1.65
      vertex 16.777714949846267 9.765275511443576 2
      vertex 16.79300136566162 9.761679660081825 1.65
    endloop
  endfacet
  facet normal 0.22982269959487936 0.9732325142281889 0
    outer loop
      vertex 16.80805582255125 9.758124645352325 1.65
      vertex 16.79300136566162 9.761679660081825 1.65
      vertex 16.79300136566162 9.761679660081825 2
    endloop
  endfacet
  facet normal 0.23068895467548053 0.9730275464706712 0
    outer loop
      vertex 16.80805582255125 9.758124645352325 1.65
      vertex 16.80805582255125 9.758124645352325 2
      vertex 16.822878313064574 9.754610474705657 1.65
    endloop
  endfacet
  facet normal 0.23158264945465637 0.9728152324421948 0
    outer loop
      vertex 16.822878313064574 9.754610474705657 1.65
      vertex 16.822878313064574 9.754610474705657 2
      vertex 16.837468837201595 9.751137140691242 1.65
    endloop
  endfacet
  facet normal 0.23250401380511249 0.9725954367384786 0
    outer loop
      vertex 16.837468837201595 9.751137140691242 1.65
      vertex 16.837468837201595 9.751137140691242 2
      vertex 16.85182740241289 9.747704650759658 1.65
    endloop
  endfacet
  facet normal 0.23345558036191863 0.9723674675748257 0
    outer loop
      vertex 16.85182740241289 9.747704650759658 1.65
      vertex 16.85182740241289 9.747704650759658 2
      vertex 16.865954001247882 9.744312997460327 1.65
    endloop
  endfacet
  facet normal 0.2534575400894425 0.967346512565073 0
    outer loop
      vertex 16.879814532399177 9.740882921516857 1.65
      vertex 16.879814532399177 9.740882921516857 2
      vertex 16.893374902009963 9.737329925894699 1.65
    endloop
  endfacet
  facet normal 0.2671400966711881 0.9636577031033936 0
    outer loop
      vertex 16.893374902009963 9.737329925894699 1.65
      vertex 16.893374902009963 9.737329925894699 2
      vertex 16.90663510262966 9.733654003143272 1.65
    endloop
  endfacet
  facet normal 0.2402241663946379 0.9707174408034509 0
    outer loop
      vertex 16.865954001247882 9.744312997460327 1.65
      vertex 16.865954001247882 9.744312997460327 2
      vertex 16.879814532399177 9.740882921516857 1.65
    endloop
  endfacet
  facet normal -0.21924961300730333 -0.9756687999501408 0
    outer loop
      vertex 16.72983097732067 9.984730321466884 1.65
      vertex 16.76335899978876 9.97719599634405 1.65
      vertex 16.76335899978876 9.97719599634405 2
    endloop
  endfacet
  facet normal -0.22519523334880623 -0.974313659391562 0
    outer loop
      vertex 16.76335899978876 9.97719599634405 1.65
      vertex 16.774881680309772 9.974532734155616 1.65
      vertex 16.774881680309772 9.974532734155616 2
    endloop
  endfacet
  facet normal -0.22586822241726381 -0.9741578650824853 0
    outer loop
      vertex 16.774881680309772 9.974532734155616 1.65
      vertex 16.78639772236347 9.971862624883613 1.65
      vertex 16.78639772236347 9.971862624883613 2
    endloop
  endfacet
  facet normal -0.22654046771067454 -0.9740017538430971 0
    outer loop
      vertex 16.78639772236347 9.971862624883613 1.65
      vertex 16.79790712594986 9.969185683429203 1.65
      vertex 16.79790712594986 9.969185683429203 2
    endloop
  endfacet
  facet normal -0.22721436121548347 -0.9738447689737003 0
    outer loop
      vertex 16.79790712594986 9.969185683429203 1.65
      vertex 16.809409891068935 9.966501894891223 1.65
      vertex 16.809409891068935 9.966501894891223 2
    endloop
  endfacet
  facet normal -0.22788824794150317 -0.9736872939759212 0
    outer loop
      vertex 16.809409891068935 9.966501894891223 1.65
      vertex 16.820906010270118 9.963811266720256 1.65
      vertex 16.820906010270118 9.963811266720256 2
    endloop
  endfacet
  facet normal -0.22856230543726377 -0.9735292869416939 0
    outer loop
      vertex 16.820906010270118 9.963811266720256 1.65
      vertex 16.83239549845457 9.961113798916301 1.65
      vertex 16.83239549845457 9.961113798916301 2
    endloop
  endfacet
  facet normal -0.22923709415000212 -0.9733706152672079 0
    outer loop
      vertex 16.84387834072113 9.958409491479358 1.65
      vertex 16.84387834072113 9.958409491479358 2
      vertex 16.83239549845457 9.961113798916301 1.65
    endloop
  endfacet
  facet normal -0.22991205073895155 -0.9732114101905145 0
    outer loop
      vertex 16.84387834072113 9.958409491479358 1.65
      vertex 16.855354551970958 9.955698344409427 1.65
      vertex 16.855354551970958 9.955698344409427 2
    endloop
  endfacet
  facet normal -0.23058773924472367 -0.9730515374377697 0
    outer loop
      vertex 16.855354551970958 9.955698344409427 1.65
      vertex 16.866824117302894 9.952980357706508 1.65
      vertex 16.866824117302894 9.952980357706508 2
    endloop
  endfacet
  facet normal -0.2312643335220277 -0.9728909538281318 0
    outer loop
      vertex 16.866824117302894 9.952980357706508 1.65
      vertex 16.878287044167518 9.95025552392002 1.65
      vertex 16.878287044167518 9.95025552392002 2
    endloop
  endfacet
  facet normal -0.23194003606149177 -0.972730085723575 0
    outer loop
      vertex 16.878287044167518 9.95025552392002 1.65
      vertex 16.88974334001541 9.947523857951126 1.65
      vertex 16.88974334001541 9.947523857951126 2
    endloop
  endfacet
  facet normal -0.23261707007535803 -0.972568403100551 0
    outer loop
      vertex 16.88974334001541 9.947523857951126 1.65
      vertex 16.90119298994541 9.944785352349243 1.65
      vertex 16.90119298994541 9.944785352349243 2
    endloop
  endfacet
  facet normal -0.9997861561870186 -0.02067950426839252 0
    outer loop
      vertex 16.310527284443378 10.256333890855274 1.65
      vertex 16.310527284443378 10.256333890855274 2
      vertex 16.310292002558707 10.267708997726402 1.65
    endloop
  endfacet
  facet normal -0.9995062358312974 0.03142108423258061 0
    outer loop
      vertex 16.310292002558707 10.267708997726402 1.65
      vertex 16.310292002558707 10.267708997726402 2
      vertex 16.310899068415164 10.28701979249712 1.65
    endloop
  endfacet
  facet normal -0.9979726477363441 -0.06364427994809 0
    outer loop
      vertex 16.31123313754797 10.245265777707061 1.65
      vertex 16.31123313754797 10.245265777707061 2
      vertex 16.310527284443378 10.256333890855274 1.65
    endloop
  endfacet
  facet normal -0.9940774624558022 -0.10867381762611131 0
    outer loop
      vertex 16.3124095544219 10.234504680633506 1.65
      vertex 16.3124095544219 10.234504680633506 2
      vertex 16.31123313754797 10.245265777707061 1.65
    endloop
  endfacet
  facet normal -0.9878161652596859 -0.1556252667520569 0
    outer loop
      vertex 16.3124095544219 10.234504680633506 1.65
      vertex 16.314056542515754 10.224050584733448 1.65
      vertex 16.314056542515754 10.224050584733448 2
    endloop
  endfacet
  facet normal -0.99522036038179 0.09765466850867974 0
    outer loop
      vertex 16.310899068415164 10.28701979249712 1.65
      vertex 16.310899068415164 10.28701979249712 2
      vertex 16.312720280885696 10.305580172240695 1.65
    endloop
  endfacet
  facet normal -0.9857856613993412 0.16800782654228796 0
    outer loop
      vertex 16.312720280885696 10.305580172240695 1.65
      vertex 16.312720280885696 10.305580172240695 2
      vertex 16.315755639970302 10.32339013695713 1.65
    endloop
  endfacet
  facet normal -0.9703481120016011 0.24171169093556133 0
    outer loop
      vertex 16.315755639970302 10.32339013695713 1.65
      vertex 16.315755639970302 10.32339013695713 2
      vertex 16.320005138218402 10.340449686646423 1.65
    endloop
  endfacet
  facet normal -0.9482067741396474 0.31765376351569286 0
    outer loop
      vertex 16.320005138218402 10.340449686646423 1.65
      vertex 16.320005138218402 10.340449686646423 2
      vertex 16.325468775629997 10.356758821308574 1.65
    endloop
  endfacet
  facet normal -0.9189361581414507 0.394406309863611 0
    outer loop
      vertex 16.325468775629997 10.356758821308574 1.65
      vertex 16.325468775629997 10.356758821308574 2
      vertex 16.332146559655666 10.372317540943584 1.65
    endloop
  endfacet
  facet normal -0.88249749183694 0.47031710249735753 0
    outer loop
      vertex 16.332146559655666 10.372317540943584 1.65
      vertex 16.332146559655666 10.372317540943584 2
      vertex 16.34003848284483 10.387125853002033 1.65
    endloop
  endfacet
  facet normal -0.8393037178568431 0.5436628267517293 0
    outer loop
      vertex 16.34003848284483 10.387125853002033 1.65
      vertex 16.34003848284483 10.387125853002033 2
      vertex 16.349144545197486 10.40118374258276 1.65
    endloop
  endfacet
  facet normal -0.7902163250632495 0.6128280016477159 0
    outer loop
      vertex 16.349144545197486 10.40118374258276 1.65
      vertex 16.349144545197486 10.40118374258276 2
      vertex 16.359464754164218 10.414491224586925 1.65
    endloop
  endfacet
  facet normal -0.7364612839704778 0.6764796946047644 0
    outer loop
      vertex 16.359464754164218 10.414491224586925 1.65
      vertex 16.359464754164218 10.414491224586925 2
      vertex 16.370999102294444 10.427048291563949 1.65
    endloop
  endfacet
  facet normal -0.6794854006744445 0.7336890283153276 0
    outer loop
      vertex 16.370999102294444 10.427048291563949 1.65
      vertex 16.370999102294444 10.427048291563949 2
      vertex 16.383747589588165 10.438854943513832 1.65
    endloop
  endfacet
  facet normal -0.6207887154249384 0.7839779147406226 0
    outer loop
      vertex 16.383747589588165 10.438854943513832 1.65
      vertex 16.383747589588165 10.438854943513832 2
      vertex 16.39771022349596 10.449911180436573 1.65
    endloop
  endfacet
  facet normal -0.5617737535323352 0.8272909100444602 0
    outer loop
      vertex 16.39771022349596 10.449911180436573 1.65
      vertex 16.39771022349596 10.449911180436573 2
      vertex 16.41288699656725 10.460217002332172 1.65
    endloop
  endfacet
  facet normal 0.5499995416457177 -0.8351649562748072 0
    outer loop
      vertex 16.2555350035429 10.577805999219379 1.65
      vertex 16.28091388642788 10.594519312977752 1.65
      vertex 16.28091388642788 10.594519312977752 2
    endloop
  endfacet
  facet normal 0.494740549571313 -0.8690407289706709 0
    outer loop
      vertex 16.28091388642788 10.594519312977752 1.65
      vertex 16.30792316496372 10.609895560443363 1.65
      vertex 16.30792316496372 10.609895560443363 2
    endloop
  endfacet
  facet normal 0.4401606624764504 -0.8979190337710258 0
    outer loop
      vertex 16.30792316496372 10.609895560443363 1.65
      vertex 16.336562831699847 10.623934749066791 1.65
      vertex 16.336562831699847 10.623934749066791 2
    endloop
  endfacet
  facet normal 0.3869395607044375 -0.9221050788071049 0
    outer loop
      vertex 16.336562831699847 10.623934749066791 1.65
      vertex 16.366832894086837 10.636636863946876 1.65
      vertex 16.366832894086837 10.636636863946876 2
    endloop
  endfacet
  facet normal 0.3356039970194456 -0.9420031619822578 0
    outer loop
      vertex 16.366832894086837 10.636636863946876 1.65
      vertex 16.39873334467411 10.648001919984779 1.65
      vertex 16.39873334467411 10.648001919984779 2
    endloop
  endfacet
  facet normal -0.504822637800213 0.8632230907270929 0
    outer loop
      vertex 16.41288699656725 10.460217002332172 1.65
      vertex 16.41288699656725 10.460217002332172 2
      vertex 16.429219071567058 10.469768184721431 1.65
    endloop
  endfacet
  facet normal -0.45030391334064235 0.8928753471958465 0
    outer loop
      vertex 16.429219071567058 10.469768184721431 1.65
      vertex 16.429219071567058 10.469768184721431 2
      vertex 16.446642358601093 10.478555272817573 1.65
    endloop
  endfacet
  facet normal -0.3976090126934082 0.9175549427827051 0
    outer loop
      vertex 16.446642358601093 10.478555272817573 1.65
      vertex 16.446642358601093 10.478555272817573 2
      vertex 16.465156872570514 10.486578266620597 1.65
    endloop
  endfacet
  facet normal -0.3472100181515703 0.937787397705464 0
    outer loop
      vertex 16.465156872570514 10.486578266620597 1.65
      vertex 16.465156872570514 10.486578266620597 2
      vertex 16.48476259857416 10.493837166130504 1.65
    endloop
  endfacet
  facet normal -0.29940914840957017 0.9541248146069025 0
    outer loop
      vertex 16.48476259857416 10.493837166130504 1.65
      vertex 16.48476259857416 10.493837166130504 2
      vertex 16.505459544062614 10.500331971347293 1.65
    endloop
  endfacet
  facet normal 0.2865280974035057 -0.9580718393723547 0
    outer loop
      vertex 16.39873334467411 10.648001919984779 1.65
      vertex 16.432264183461665 10.658029902279338 1.65
      vertex 16.432264183461665 10.658029902279338 2
    endloop
  endfacet
  facet normal 0.23995219983543625 -0.9707847041410032 0
    outer loop
      vertex 16.432264183461665 10.658029902279338 1.65
      vertex 16.467425417900085 10.666720825731716 1.65
      vertex 16.467425417900085 10.666720825731716 2
    endloop
  endfacet
  facet normal 0.19600168318822325 -0.9806035591345686 0
    outer loop
      vertex 16.467425417900085 10.666720825731716 1.65
      vertex 16.504217033088207 10.67407468289133 1.65
      vertex 16.504217033088207 10.67407468289133 2
    endloop
  endfacet
  facet normal -0.25436806776458293 0.9671074842548332 0
    outer loop
      vertex 16.505459544062614 10.500331971347293 1.65
      vertex 16.505459544062614 10.500331971347293 2
      vertex 16.527247709035873 10.506062682270965 1.65
    endloop
  endfacet
  facet normal -0.2121375066976374 0.9772398263743193 0
    outer loop
      vertex 16.527247709035873 10.506062682270965 1.65
      vertex 16.527247709035873 10.506062682270965 2
      vertex 16.550127093493938 10.51102929890152 1.65
    endloop
  endfacet
  facet normal -0.17268569578475873 0.9849769796656843 0
    outer loop
      vertex 16.550127093493938 10.51102929890152 1.65
      vertex 16.550127093493938 10.51102929890152 2
      vertex 16.57409769743681 10.515231813788375 1.65
    endloop
  endfacet
  facet normal 0.15471219298449063 -0.9879595828483723 0
    outer loop
      vertex 16.504217033088207 10.67407468289133 1.65
      vertex 16.542639043927192 10.680091481208763 1.65
      vertex 16.542639043927192 10.680091481208763 2
    endloop
  endfacet
  facet normal 0.11605058243373383 -0.9932433046926574 0
    outer loop
      vertex 16.542639043927192 10.680091481208763 1.65
      vertex 16.58269145041704 10.684771205782852 1.65
      vertex 16.58269145041704 10.684771205782852 2
    endloop
  endfacet
  facet normal -0.13592453359157866 0.9907191939030514 0
    outer loop
      vertex 16.57409769743681 10.515231813788375 1.65
      vertex 16.57409769743681 10.515231813788375 2
      vertex 16.599159520864486 10.518670241832695 1.65
    endloop
  endfacet
  facet normal -0.10172660854083271 0.9948123929238015 0
    outer loop
      vertex 16.599159520864486 10.518670241832695 1.65
      vertex 16.599159520864486 10.518670241832695 2
      vertex 16.62531256377697 10.521344575583896 1.65
    endloop
  endfacet
  facet normal -0.0699433062473452 0.997550968076915 0
    outer loop
      vertex 16.62531256377697 10.521344575583896 1.65
      vertex 16.62531256377697 10.521344575583896 2
      vertex 16.65255682617426 10.5232548075914 1.65
    endloop
  endfacet
  facet normal 0.07993631747499484 -0.996799972486224 0
    outer loop
      vertex 16.58269145041704 10.684771205782852 1.65
      vertex 16.624374245107173 10.688113871514759 1.65
      vertex 16.624374245107173 10.688113871514759 2
    endloop
  endfacet
  facet normal 0.046255034571856646 -0.9989296630778146 0
    outer loop
      vertex 16.624374245107173 10.688113871514759 1.65
      vertex 16.66768742799759 10.690119470953903 1.65
      vertex 16.66768742799759 10.690119470953903 2
    endloop
  endfacet
  facet normal -0.0404160761263388 0.9991829365989744 0
    outer loop
      vertex 16.65255682617426 10.5232548075914 1.65
      vertex 16.65255682617426 10.5232548075914 2
      vertex 16.680892300605773 10.524400952756366 1.65
    endloop
  endfacet
  facet normal -0.012982042110661618 0.9999157297405803 0
    outer loop
      vertex 16.680892300605773 10.524400952756366 1.65
      vertex 16.680892300605773 10.524400952756366 2
      vertex 16.710319001972675 10.524783003628215 1.65
    endloop
  endfacet
  facet normal 0.012827979381157576 0.9999177180873418 0
    outer loop
      vertex 16.710319001972675 10.524783003628215 1.65
      vertex 16.710319001972675 10.524783003628215 2
      vertex 16.737174470722675 10.524438473880252 1.65
    endloop
  endfacet
  facet normal 0.01487313386914554 -0.9998893888270394 0
    outer loop
      vertex 16.66768742799759 10.690119470953903 1.65
      vertex 16.712630999088287 10.690787996649703 1.65
      vertex 16.712630999088287 10.690787996649703 2
    endloop
  endfacet
  facet normal 0.039811207777740235 0.9992072196172712 0
    outer loop
      vertex 16.737174470722675 10.524438473880252 1.65
      vertex 16.737174470722675 10.524438473880252 2
      vertex 16.76311596930027 10.523404892086944 1.65
    endloop
  endfacet
  facet normal 0.06866711986701367 0.9976396276457592 0
    outer loop
      vertex 16.76311596930027 10.523404892086944 1.65
      vertex 16.76311596930027 10.523404892086944 2
      vertex 16.78814349025488 10.52168225824829 1.65
    endloop
  endfacet
  facet normal 0.0995172648674586 0.9950358355322185 0
    outer loop
      vertex 16.78814349025488 10.52168225824829 1.65
      vertex 16.78814349025488 10.52168225824829 2
      vertex 16.8122570335865 10.519270572364292 1.65
    endloop
  endfacet
  facet normal -0.011997025870330077 -0.9999280330955156 0
    outer loop
      vertex 16.712630999088287 10.690787996649703 1.65
      vertex 16.754425552487373 10.690286550223789 1.65
      vertex 16.754425552487373 10.690286550223789 2
    endloop
  endfacet
  facet normal -0.03734632894136456 -0.999302382522229 0
    outer loop
      vertex 16.754425552487373 10.690286550223789 1.65
      vertex 16.794678431749343 10.688782203495464 1.65
      vertex 16.794678431749343 10.688782203495464 2
    endloop
  endfacet
  facet normal 0.13247693303813057 0.9911860885892267 0
    outer loop
      vertex 16.8122570335865 10.519270572364292 1.65
      vertex 16.8122570335865 10.519270572364292 2
      vertex 16.83545660674572 10.516169834434947 1.65
    endloop
  endfacet
  facet normal 0.16764880678279082 0.985846782002308 0
    outer loop
      vertex 16.83545660674572 10.516169834434947 1.65
      vertex 16.83545660674572 10.516169834434947 2
      vertex 16.85774219483137 10.512380044460258 1.65
    endloop
  endfacet
  facet normal 0.20511411364561632 0.9787380652571828 0
    outer loop
      vertex 16.85774219483137 10.512380044460258 1.65
      vertex 16.85774219483137 10.512380044460258 2
      vertex 16.879113812744617 10.507901194989643 1.65
    endloop
  endfacet
  facet normal 0.2449208723346498 0.9695430708817603 0
    outer loop
      vertex 16.879113812744617 10.507901194989643 1.65
      vertex 16.879113812744617 10.507901194989643 2
      vertex 16.899571453034877 10.502733293473682 1.65
    endloop
  endfacet
  facet normal -0.06463274956950468 -0.9979091179476645 0
    outer loop
      vertex 16.794678431749343 10.688782203495464 1.65
      vertex 16.83338964432478 10.686274949014148 1.65
      vertex 16.83338964432478 10.686274949014148 2
    endloop
  endfacet
  facet normal -0.09401780698393558 -0.9955705158199148 0
    outer loop
      vertex 16.83338964432478 10.686274949014148 1.65
      vertex 16.87055919021368 10.682764801681003 1.65
      vertex 16.87055919021368 10.682764801681003 2
    endloop
  endfacet
  facet normal -0.12566762430838274 -0.9920724006848931 0
    outer loop
      vertex 16.87055919021368 10.682764801681003 1.65
      vertex 16.906187061965465 10.678251754045448 1.65
      vertex 16.906187061965465 10.678251754045448 2
    endloop
  endfacet
  facet normal 0.9613074130940156 0.2754778712174386 0
    outer loop
      vertex 16.037291315197944 9.37086937159296 1.65
      vertex 16.01979600340128 9.43192100107666 2
      vertex 16.037291315197944 9.37086937159296 2
    endloop
  endfacet
  facet normal 0.8682020697080413 0.4962108081800248 0
    outer loop
      vertex 16.090004590153693 9.263418506383857 1.65
      vertex 16.06069417744875 9.314701873362026 2
      vertex 16.090004590153693 9.263418506383857 2
    endloop
  endfacet
  facet normal 0.9230784518299466 0.38461171558758966 0
    outer loop
      vertex 16.06069417744875 9.314701873362026 1.65
      vertex 16.037291315197944 9.37086937159296 2
      vertex 16.06069417744875 9.314701873362026 2
    endloop
  endfacet
  facet normal 0.7965379674435648 0.6045885099973988 0
    outer loop
      vertex 16.125222553312778 9.217019270658454 1.65
      vertex 16.090004590153693 9.263418506383857 2
      vertex 16.125222553312778 9.217019270658454 2
    endloop
  endfacet
  facet normal 0.7104323210524784 0.7037655271494818 0
    outer loop
      vertex 16.166348074376582 9.175504166185817 1.65
      vertex 16.125222553312778 9.217019270658454 2
      vertex 16.166348074376582 9.175504166185817 2
    endloop
  endfacet
  facet normal 0.614459942085168 0.7889480208307085 0
    outer loop
      vertex 16.213381138443946 9.138873192965946 1.65
      vertex 16.166348074376582 9.175504166185817 2
      vertex 16.213381138443946 9.138873192965946 2
    endloop
  endfacet
  facet normal 0.19611614831409108 -0.9805806730557387 0
    outer loop
      vertex 16.01979600340128 9.43192100107666 1.65
      vertex 16.233060997724532 9.474574002921543 2
      vertex 16.01979600340128 9.43192100107666 2
    endloop
  endfacet
  facet normal -0.9278080728253895 -0.37305787754722014 0
    outer loop
      vertex 16.24637612402439 9.431368249952754 1.65
      vertex 16.254506950080394 9.411146599352321 2
      vertex 16.24637612402439 9.431368249952754 2
    endloop
  endfacet
  facet normal -0.9473146931252996 -0.32030434306908706 0
    outer loop
      vertex 16.239227470755576 9.452510717809162 1.65
      vertex 16.24637612402439 9.431368249952754 2
      vertex 16.239227470755576 9.452510717809162 2
    endloop
  endfacet
  facet normal -0.963091381069212 -0.2691746490853067 0
    outer loop
      vertex 16.233060997724532 9.474574002921543 1.65
      vertex 16.239227470755576 9.452510717809162 2
      vertex 16.233060997724532 9.474574002921543 2
    endloop
  endfacet
  facet normal 0.8658846372968079 0.5002437354863882 0
    outer loop
      vertex 16.14778487831354 10.053189020156822 1.65
      vertex 16.141962629556655 10.063266898989639 2
      vertex 16.14778487831354 10.053189020156822 2
    endloop
  endfacet
  facet normal 0.8967821344557925 0.4424723757715423 0
    outer loop
      vertex 16.136461068689822 10.07355602413412 1.65
      vertex 16.131280188262462 10.084056388139686 2
      vertex 16.136461068689822 10.07355602413412 2
    endloop
  endfacet
  facet normal 0.8818532382491613 0.47152398262386175 0
    outer loop
      vertex 16.141962629556655 10.063266898989639 1.65
      vertex 16.136461068689822 10.07355602413412 2
      vertex 16.141962629556655 10.063266898989639 2
    endloop
  endfacet
  facet normal 0.8489142964813072 0.5285305262987627 0
    outer loop
      vertex 16.1539278075099 10.043322380185089 1.65
      vertex 16.14778487831354 10.053189020156822 2
      vertex 16.1539278075099 10.043322380185089 2
    endloop
  endfacet
  facet normal 0.8309885722612812 0.5562894864826743 0
    outer loop
      vertex 16.16039143204689 10.03366697907444 1.65
      vertex 16.1539278075099 10.043322380185089 2
      vertex 16.16039143204689 10.03366697907444 2
    endloop
  endfacet
  facet normal 0.8121651595618912 0.5834275907032574 0
    outer loop
      vertex 16.167175737023353 10.024222831726036 1.65
      vertex 16.16039143204689 10.03366697907444 2
      vertex 16.167175737023353 10.024222831726036 2
    endloop
  endfacet
  facet normal 0.9373733357462294 0.34832632606793734 0
    outer loop
      vertex 16.121900920569896 10.105710666179618 1.65
      vertex 16.11774336248636 10.116898979544601 2
      vertex 16.121900920569896 10.105710666179618 2
    endloop
  endfacet
  facet normal 0.924282732509726 0.38170856734471426 0
    outer loop
      vertex 16.126420003175735 10.094767998456916 1.65
      vertex 16.121900920569896 10.105710666179618 2
      vertex 16.126420003175735 10.094767998456916 2
    endloop
  endfacet
  facet normal 0.968365810307394 0.24953488218624753 0
    outer loop
      vertex 16.110512827336787 10.140012543201408 1.65
      vertex 16.107439850270747 10.151937793493232 2
      vertex 16.110512827336787 10.140012543201408 2
    endloop
  endfacet
  facet normal 0.9593805371384091 0.2821151980309066 0
    outer loop
      vertex 16.113947328925132 10.128332938551864 1.65
      vertex 16.110512827336787 10.140012543201408 2
      vertex 16.113947328925132 10.128332938551864 2
    endloop
  endfacet
  facet normal 0.9490632527801499 0.31508561094147325 0
    outer loop
      vertex 16.11774336248636 10.116898979544601 1.65
      vertex 16.113947328925132 10.128332938551864 2
      vertex 16.11774336248636 10.116898979544601 2
    endloop
  endfacet
  facet normal 0.9760714115078147 0.21745022335500597 0
    outer loop
      vertex 16.107439850270747 10.151937793493232 1.65
      vertex 16.104728405177593 10.164108689427337 2
      vertex 16.107439850270747 10.151937793493232 2
    endloop
  endfacet
  facet normal 0.9878935860151544 0.15513304841367256 0
    outer loop
      vertex 16.10237847715616 10.176525223553142 1.65
      vertex 16.100390081107616 10.189187410771808 2
      vertex 16.10237847715616 10.176525223553142 2
    endloop
  endfacet
  facet normal 0.9825579000410679 0.18595691185564214 0
    outer loop
      vertex 16.104728405177593 10.164108689427337 1.65
      vertex 16.10237847715616 10.176525223553142 2
      vertex 16.104728405177593 10.164108689427337 2
    endloop
  endfacet
  facet normal 0.9954048267790557 0.09575610071926643 0
    outer loop
      vertex 16.098763209581374 10.202095236182174 1.65
      vertex 16.09749787002802 10.21524870723482 2
      vertex 16.098763209581374 10.202095236182174 2
    endloop
  endfacet
  facet normal 0.9921506549724755 0.12504830201841133 0
    outer loop
      vertex 16.100390081107616 10.189187410771808 1.65
      vertex 16.098763209581374 10.202095236182174 2
      vertex 16.100390081107616 10.189187410771808 2
    endloop
  endfacet
  facet normal 0.9106458160788061 0.41318784790717805 0
    outer loop
      vertex 16.131280188262462 10.084056388139686 1.65
      vertex 16.126420003175735 10.094767998456916 2
      vertex 16.131280188262462 10.084056388139686 2
    endloop
  endfacet
  facet normal 0.7720955510347647 0.6355064595047977 0
    outer loop
      vertex 16.181706410646438 10.005968246161899 1.65
      vertex 16.17428073734045 10.014989915788135 2
      vertex 16.181706410646438 10.005968246161899 2
    endloop
  endfacet
  facet normal 0.7510010736269678 0.6603009824399338 0
    outer loop
      vertex 16.18945277929306 9.997157822847328 1.65
      vertex 16.181706410646438 10.005968246161899 2
      vertex 16.18945277929306 9.997157822847328 2
    endloop
  endfacet
  facet normal 0.7293119872971819 0.6841812809370299 0
    outer loop
      vertex 16.197519835829734 9.98855863839384 1.65
      vertex 16.18945277929306 9.997157822847328 2
      vertex 16.197519835829734 9.98855863839384 2
    endloop
  endfacet
  facet normal 0.7071152604137526 0.7070983018576631 0
    outer loop
      vertex 16.20590757280588 9.980170700252017 1.65
      vertex 16.197519835829734 9.98855863839384 2
      vertex 16.20590757280588 9.980170700252017 2
    endloop
  endfacet
  facet normal 0.7925095981206582 0.6098594402701598 0
    outer loop
      vertex 16.17428073734045 10.014989915788135 1.65
      vertex 16.167175737023353 10.024222831726036 2
      vertex 16.17428073734045 10.014989915788135 2
    endloop
  endfacet
  facet normal 0.6845001285768849 0.7290127392427569 0
    outer loop
      vertex 16.21461599767208 9.971994000971279 1.65
      vertex 16.20590757280588 9.980170700252017 2
      vertex 16.21461599767208 9.971994000971279 2
    endloop
  endfacet
  facet normal 0.6600242278106006 0.7512443135911384 0
    outer loop
      vertex 16.223733630776405 9.963983479440174 1.65
      vertex 16.21461599767208 9.971994000971279 2
      vertex 16.223733630776405 9.963983479440174 2
    endloop
  endfacet
  facet normal 0.6345622983348987 0.772871716090019 0
    outer loop
      vertex 16.233348992466926 9.956088836789093 1.65
      vertex 16.223733630776405 9.963983479440174 2
      vertex 16.233348992466926 9.956088836789093 2
    endloop
  endfacet
  facet normal 0.6096839785625752 0.7926445901437223 0
    outer loop
      vertex 16.243462082743644 9.948310080468616 1.65
      vertex 16.233348992466926 9.956088836789093 2
      vertex 16.243462082743644 9.948310080468616 2
    endloop
  endfacet
  facet normal 0.9977327606482376 0.06730035905733786 0
    outer loop
      vertex 16.09749787002802 10.21524870723482 1.65
      vertex 16.096594054996967 10.228647831380329 2
      vertex 16.09749787002802 10.21524870723482 2
    endloop
  endfacet
  facet normal 0.9992111617857689 0.03971214125093151 0
    outer loop
      vertex 16.096594054996967 10.228647831380329 1.65
      vertex 16.09605176448822 10.242292593717536 2
      vertex 16.096594054996967 10.228647831380329 2
    endloop
  endfacet
  facet normal 0.9999153322004473 0.013012625809923654 0
    outer loop
      vertex 16.09605176448822 10.242292593717536 1.65
      vertex 16.095870998501777 10.256183001697025 2
      vertex 16.09605176448822 10.242292593717536 2
    endloop
  endfacet
  facet normal 0.9995515320530318 -0.029945530057705224 0
    outer loop
      vertex 16.095870998501777 10.256183001697025 1.65
      vertex 16.09681575447321 10.287718001306018 2
      vertex 16.095870998501777 10.256183001697025 2
    endloop
  endfacet
  facet normal 0.9956826730490649 -0.09282248967717284 0
    outer loop
      vertex 16.09681575447321 10.287718001306018 1.65
      vertex 16.099650029838084 10.318120535016021 2
      vertex 16.09681575447321 10.287718001306018 2
    endloop
  endfacet
  facet normal 0.9872262375298756 -0.1593246871410881 0
    outer loop
      vertex 16.099650029838084 10.318120535016021 1.65
      vertex 16.104373817145824 10.347390617728195 2
      vertex 16.099650029838084 10.318120535016021 2
    endloop
  endfacet
  facet normal 0.973473560161222 -0.22879953598518446 0
    outer loop
      vertex 16.104373817145824 10.347390617728195 1.65
      vertex 16.110987116396426 10.375528227090797 2
      vertex 16.104373817145824 10.347390617728195 2
    endloop
  endfacet
  facet normal 0.9538371633079292 -0.30032426790501404 0
    outer loop
      vertex 16.110987116396426 10.375528227090797 1.65
      vertex 16.119489935040473 10.40253338545557 2
      vertex 16.110987116396426 10.375528227090797 2
    endloop
  endfacet
  facet normal 0.9279407904229767 -0.3727276344318746 0
    outer loop
      vertex 16.119489935040473 10.40253338545557 1.65
      vertex 16.129882265627383 10.428406077921352 2
      vertex 16.119489935040473 10.40253338545557 2
    endloop
  endfacet
  facet normal 0.8957017409335776 -0.4446553623746803 0
    outer loop
      vertex 16.129882265627383 10.428406077921352 1.65
      vertex 16.142164115607738 10.453146304488143 2
      vertex 16.129882265627383 10.428406077921352 2
    endloop
  endfacet
  facet normal 0.85738572970058 -0.5146743732747959 0
    outer loop
      vertex 16.142164115607738 10.453146304488143 1.65
      vertex 16.156335470080375 10.476754080057106 2
      vertex 16.142164115607738 10.453146304488143 2
    endloop
  endfacet
  facet normal 0.8136119914594389 -0.5814082277998877 0
    outer loop
      vertex 16.156335470080375 10.476754080057106 1.65
      vertex 16.172396351397037 10.499229382276496 2
      vertex 16.156335470080375 10.476754080057106 2
    endloop
  endfacet
  facet normal 0.7653093025500503 -0.6436627000458824 0
    outer loop
      vertex 16.172396351397037 10.499229382276496 1.65
      vertex 16.19034673720598 10.520572233498058 2
      vertex 16.172396351397037 10.499229382276496 2
    endloop
  endfacet
  facet normal 0.7136172513124751 -0.7005358082419681 0
    outer loop
      vertex 16.19034673720598 10.520572233498058 1.65
      vertex 16.21018664240837 10.540782618820629 2
      vertex 16.19034673720598 10.520572233498058 2
    endloop
  endfacet
  facet normal 0.6597704098548418 -0.7514672356663158 0
    outer loop
      vertex 16.21018664240837 10.540782618820629 1.65
      vertex 16.231916067004203 10.559860538244209 2
      vertex 16.21018664240837 10.540782618820629 2
    endloop
  endfacet
  facet normal 0.604977895172699 -0.7962422661178009 0
    outer loop
      vertex 16.231916067004203 10.559860538244209 1.65
      vertex 16.2555350035429 10.577805999219379 2
      vertex 16.231916067004203 10.559860538244209 2
    endloop
  endfacet
  facet normal -0.8764941805827425 -0.48141245455906795 0
    outer loop
      vertex 16.263619956374168 9.391845766007862 1.65
      vertex 16.27371514290571 9.373465742468795 2
      vertex 16.263619956374168 9.391845766007862 2
    endloop
  endfacet
  facet normal -0.8080004831479104 -0.5891818218790728 0
    outer loop
      vertex 16.284792502224445 9.356006543636283 1.65
      vertex 16.296852041780948 9.339468162059745 2
      vertex 16.284792502224445 9.356006543636283 2
    endloop
  endfacet
  facet normal -0.8443844850833976 -0.5357376609409173 0
    outer loop
      vertex 16.27371514290571 9.373465742468795 1.65
      vertex 16.284792502224445 9.356006543636283 2
      vertex 16.27371514290571 9.373465742468795 2
    endloop
  endfacet
  facet normal -0.7234738715972976 -0.6903517633178154 0
    outer loop
      vertex 16.30989375412464 9.3238505902886 1.65
      vertex 16.323917654156684 9.30915384322401 2
      vertex 16.30989375412464 9.3238505902886 2
    endloop
  endfacet
  facet normal -0.6762680226645547 -0.7366556600755697 0
    outer loop
      vertex 16.323917654156684 9.30915384322401 1.65
      vertex 16.338923719525337 9.295377905964813 2
      vertex 16.323917654156684 9.30915384322401 2
    endloop
  endfacet
  facet normal -0.7675665896897759 -0.6409692117348595 0
    outer loop
      vertex 16.296852041780948 9.339468162059745 1.65
      vertex 16.30989375412464 9.3238505902886 2
      vertex 16.296852041780948 9.339468162059745 2
    endloop
  endfacet
  facet normal -0.47190379660685466 -0.8816500477786163 0
    outer loop
      vertex 16.389834997057914 9.259574997723064 1.65
      vertex 16.408792813122272 9.249427813589534 2
      vertex 16.389834997057914 9.259574997723064 2
    endloop
  endfacet
  facet normal -0.6266107540322771 -0.7793323828323195 0
    outer loop
      vertex 16.338923719525337 9.295377905964813 1.65
      vertex 16.35491197258234 9.28252278596159 2
      vertex 16.338923719525337 9.295377905964813 2
    endloop
  endfacet
  facet normal -0.5752403584966818 -0.8179844313656641 0
    outer loop
      vertex 16.35491197258234 9.28252278596159 1.65
      vertex 16.371882398426532 9.27058848321434 2
      vertex 16.35491197258234 9.28252278596159 2
    endloop
  endfacet
  facet normal -0.5229168160536433 -0.8523837184556732 0
    outer loop
      vertex 16.371882398426532 9.27058848321434 1.65
      vertex 16.389834997057914 9.259574997723064 2
      vertex 16.371882398426532 9.27058848321434 2
    endloop
  endfacet
  facet normal -0.9042717307597499 -0.42695741819151745 0
    outer loop
      vertex 16.254506950080394 9.411146599352321 1.65
      vertex 16.263619956374168 9.391845766007862 2
      vertex 16.254506950080394 9.411146599352321 2
    endloop
  endfacet
  facet normal -0.42329579511554194 -0.9059915396059177 0
    outer loop
      vertex 16.408792813122272 9.249427813589534 1.65
      vertex 16.428773653507232 9.240092400014362 2
      vertex 16.408792813122272 9.249427813589534 2
    endloop
  endfacet
  facet normal -0.37602974708468123 -0.9266075918680089 0
    outer loop
      vertex 16.428773653507232 9.240092400014362 1.65
      vertex 16.449777503311633 9.231568756997547 2
      vertex 16.428773653507232 9.240092400014362 2
    endloop
  endfacet
  facet normal -0.33044439169440226 -0.9438254626771395 0
    outer loop
      vertex 16.449777503311633 9.231568756997547 1.65
      vertex 16.471804369986057 9.22385689198967 2
      vertex 16.449777503311633 9.231568756997547 2
    endloop
  endfacet
  facet normal -0.2867804471492772 -0.9579963335696335 0
    outer loop
      vertex 16.471804369986057 9.22385689198967 1.65
      vertex 16.494854260981082 9.21695680499073 2
      vertex 16.471804369986057 9.22385689198967 2
    endloop
  endfacet
  facet normal -0.24519135007143336 -0.9694747040795586 0
    outer loop
      vertex 16.494854260981082 9.21695680499073 1.65
      vertex 16.51892716884613 9.210868488550148 2
      vertex 16.494854260981082 9.21695680499073 2
    endloop
  endfacet
  facet normal -0.205756095361008 -0.9786033053397029 0
    outer loop
      vertex 16.51892716884613 9.210868488550148 1.65
      vertex 16.54402308613062 9.205591950118503 2
      vertex 16.51892716884613 9.210868488550148 2
    endloop
  endfacet
  facet normal -0.16849553872602643 -0.9857024162643745 0
    outer loop
      vertex 16.54402308613062 9.205591950118503 1.65
      vertex 16.57014202773571 9.201127189695796 2
      vertex 16.54402308613062 9.205591950118503 2
    endloop
  endfacet
  facet normal 0.5854654882676127 0.8106973307268045 0
    outer loop
      vertex 16.25407290160656 9.940647210478744 1.65
      vertex 16.243462082743644 9.948310080468616 2
      vertex 16.25407290160656 9.940647210478744 2
    endloop
  endfacet
  facet normal 0.5619632927927403 0.8271621712539451 0
    outer loop
      vertex 16.26518144160509 9.933100211918315 1.65
      vertex 16.25407290160656 9.940647210478744 2
      vertex 16.26518144160509 9.933100211918315 2
    endloop
  endfacet
  facet normal 0.5392130363521195 0.8421694018592267 0
    outer loop
      vertex 16.2767877176404 9.925669099688491 1.65
      vertex 16.26518144160509 9.933100211918315 2
      vertex 16.2767877176404 9.925669099688491 2
    endloop
  endfacet
  facet normal 0.5172400427141096 0.8558403695860031 0
    outer loop
      vertex 16.288891714811324 9.918353866338691 1.65
      vertex 16.2767877176404 9.925669099688491 2
      vertex 16.288891714811324 9.918353866338691 2
    endloop
  endfacet
  facet normal 0.47565619347358407 0.8796312782127635 0
    outer loop
      vertex 16.314592902362346 9.904071051180324 1.65
      vertex 16.301493440568446 9.911154519319496 2
      vertex 16.314592902362346 9.904071051180324 2
    endloop
  endfacet
  facet normal 0.49605379645266207 0.868291789103698 0
    outer loop
      vertex 16.301493440568446 9.911154519319496 1.65
      vertex 16.288891714811324 9.918353866338691 2
      vertex 16.301493440568446 9.911154519319496 2
    endloop
  endfacet
  facet normal 0.4560402784335128 0.8899591363912639 0
    outer loop
      vertex 16.328190085291862 9.897103469371757 1.65
      vertex 16.314592902362346 9.904071051180324 2
      vertex 16.328190085291862 9.897103469371757 2
    endloop
  endfacet
  facet normal 0.43719321424976554 0.899367607496489 0
    outer loop
      vertex 16.342284996807575 9.890251766443214 1.65
      vertex 16.328190085291862 9.897103469371757 2
      vertex 16.342284996807575 9.890251766443214 2
    endloop
  endfacet
  facet normal 0.4190973045453558 0.9079413248238111 0
    outer loop
      vertex 16.356877629458904 9.883515942394695 1.65
      vertex 16.342284996807575 9.890251766443214 2
      vertex 16.356877629458904 9.883515942394695 2
    endloop
  endfacet
  facet normal 0.401730833140221 0.9157577942362619 0
    outer loop
      vertex 16.37196799814701 9.8768959972262 1.65
      vertex 16.356877629458904 9.883515942394695 2
      vertex 16.37196799814701 9.8768959972262 2
    endloop
  endfacet
  facet normal 0.38167715495062243 0.9242957045171197 0
    outer loop
      vertex 16.38785897642374 9.870334002673587 1.65
      vertex 16.37196799814701 9.8768959972262 2
      vertex 16.38785897642374 9.870334002673587 2
    endloop
  endfacet
  facet normal 0.3603026756060272 0.9328354527734986 0
    outer loop
      vertex 16.40484821498394 9.863772000670394 1.65
      vertex 16.38785897642374 9.870334002673587 2
      vertex 16.40484821498394 9.863772000670394 2
    endloop
  endfacet
  facet normal -0.9124470747732099 -0.40919474060380134 0
    outer loop
      vertex 16.325350177288055 10.18530426502224 1.65
      vertex 16.329350006580352 10.176385204791984 2
      vertex 16.325350177288055 10.18530426502224 2
    endloop
  endfacet
  facet normal -0.8875488820687101 -0.4607135573635563 0
    outer loop
      vertex 16.329350006580352 10.176385204791984 1.65
      vertex 16.33382039964199 10.167773145735225 2
      vertex 16.329350006580352 10.176385204791984 2
    endloop
  endfacet
  facet normal -0.9521887406770113 -0.3055103961044981 0
    outer loop
      vertex 16.318762224912643 10.20406341135498 1.65
      vertex 16.32182091921568 10.194530333876571 2
      vertex 16.318762224912643 10.20406341135498 2
    endloop
  endfacet
  facet normal -0.9671077463702809 -0.2543670711994703 0
    outer loop
      vertex 16.316174101829528 10.213903497457466 1.65
      vertex 16.318762224912643 10.20406341135498 2
      vertex 16.316174101829528 10.213903497457466 2
    endloop
  endfacet
  facet normal -0.9339963217383812 -0.35728262059492116 0
    outer loop
      vertex 16.32182091921568 10.194530333876571 1.65
      vertex 16.325350177288055 10.18530426502224 2
      vertex 16.32182091921568 10.194530333876571 2
    endloop
  endfacet
  facet normal -0.7943221865181486 -0.6074967193368437 0
    outer loop
      vertex 16.34417289942503 10.151470038592777 1.65
      vertex 16.35005499869585 10.143778997957668 2
      vertex 16.34417289942503 10.151470038592777 2
    endloop
  endfacet
  facet normal -0.7621185692789406 -0.6474374767961928 0
    outer loop
      vertex 16.35005499869585 10.143778997957668 1.65
      vertex 16.356383022665977 10.136330086290798 2
      vertex 16.35005499869585 10.143778997957668 2
    endloop
  endfacet
  facet normal -0.7332056236485512 -0.6800069951479462 0
    outer loop
      vertex 16.356383022665977 10.136330086290798 1.65
      vertex 16.363127094507217 10.129058409035167 2
      vertex 16.356383022665977 10.136330086290798 2
    endloop
  endfacet
  facet normal -0.7038409940742636 -0.710357554377056 0
    outer loop
      vertex 16.363127094507217 10.129058409035167 1.65
      vertex 16.37028721421957 10.121963973641357 2
      vertex 16.363127094507217 10.129058409035167 2
    endloop
  endfacet
  facet normal -0.8282310053374126 -0.5603868322844309 0
    outer loop
      vertex 16.33876136392355 10.159468087851963 1.65
      vertex 16.34417289942503 10.151470038592777 2
      vertex 16.33876136392355 10.159468087851963 2
    endloop
  endfacet
  facet normal -0.8594075909704413 -0.5112911035627187 0
    outer loop
      vertex 16.33382039964199 10.167773145735225 1.65
      vertex 16.33876136392355 10.159468087851963 2
      vertex 16.33382039964199 10.167773145735225 2
    endloop
  endfacet
  facet normal -0.6446764078740685 -0.7644555769504122 0
    outer loop
      vertex 16.377863381803035 10.115046787559947 1.65
      vertex 16.385855589807033 10.108306843340358 2
      vertex 16.377863381803035 10.115046787559947 2
    endloop
  endfacet
  facet normal -0.6152803418265775 -0.7883083793552939 0
    outer loop
      vertex 16.385855589807033 10.108306843340358 1.65
      vertex 16.394263853132724 10.101744133532009 2
      vertex 16.385855589807033 10.108306843340358 2
    endloop
  endfacet
  facet normal -0.6742595655399156 -0.7384944402484858 0
    outer loop
      vertex 16.37028721421957 10.121963973641357 1.65
      vertex 16.377863381803035 10.115046787559947 2
      vertex 16.37028721421957 10.121963973641357 2
    endloop
  endfacet
  facet normal -0.586235593497093 -0.8101406229273478 0
    outer loop
      vertex 16.394263853132724 10.101744133532009 1.65
      vertex 16.403088156878948 10.09535867303606 2
      vertex 16.394263853132724 10.101744133532009 2
    endloop
  endfacet
  facet normal -0.5576804388242894 -0.8300557379795336 0
    outer loop
      vertex 16.403088156878948 10.09535867303606 1.65
      vertex 16.412328515946864 10.089150454401931 2
      vertex 16.403088156878948 10.09535867303606 2
    endloop
  endfacet
  facet normal 0.34104214706205915 0.9400480061822912 0
    outer loop
      vertex 16.42293570637703 9.857209998667201 1.65
      vertex 16.40484821498394 9.863772000670394 2
      vertex 16.42293570637703 9.857209998667201 2
    endloop
  endfacet
  facet normal 0.3236193705387247 0.9461873509047347 0
    outer loop
      vertex 16.44212146550417 9.850647996664009 1.65
      vertex 16.42293570637703 9.857209998667201 2
      vertex 16.44212146550417 9.850647996664009 2
    endloop
  endfacet
  facet normal 0.30779980531022894 0.9514511442270618 0
    outer loop
      vertex 16.46240548491478 9.844086002111396 1.65
      vertex 16.44212146550417 9.850647996664009 2
      vertex 16.46240548491478 9.844086002111396 2
    endloop
  endfacet
  facet normal 0.29338486598472896 0.9559944144246465 0
    outer loop
      vertex 16.48378776460886 9.837524000108203 1.65
      vertex 16.46240548491478 9.844086002111396 2
      vertex 16.48378776460886 9.837524000108203 2
    endloop
  endfacet
  facet normal 0.2802037583918906 0.9599405470043751 0
    outer loop
      vertex 16.50626830458641 9.83096199810501 1.65
      vertex 16.48378776460886 9.837524000108203 2
      vertex 16.50626830458641 9.83096199810501 2
    endloop
  endfacet
  facet normal 0.268111522330803 0.9633878822122788 0
    outer loop
      vertex 16.52984709739685 9.824400003552398 1.65
      vertex 16.50626830458641 9.83096199810501 2
      vertex 16.52984709739685 9.824400003552398 2
    endloop
  endfacet
  facet normal 0.2569844449242093 0.9664155395413487 0
    outer loop
      vertex 16.55452415794134 9.817838001549205 1.65
      vertex 16.52984709739685 9.824400003552398 2
      vertex 16.55452415794134 9.817838001549205 2
    endloop
  endfacet
  facet normal 0.24671498727872668 0.969088084258628 0
    outer loop
      vertex 16.5802994787693 9.811275999546012 1.65
      vertex 16.55452415794134 9.817838001549205 2
      vertex 16.5802994787693 9.811275999546012 2
    endloop
  endfacet
  facet normal -0.5024701101945114 -0.8645945803445195 0
    outer loop
      vertex 16.421984915435313 10.083119477629623 1.65
      vertex 16.432057370245456 10.077265742719135 2
      vertex 16.421984915435313 10.083119477629623 2
    endloop
  endfacet
  facet normal -0.47597306458957855 -0.8794598579726107 0
    outer loop
      vertex 16.432057370245456 10.077265742719135 1.65
      vertex 16.44254586547613 10.071589257121047 2
      vertex 16.432057370245456 10.077265742719135 2
    endloop
  endfacet
  facet normal -0.4502883686424758 -0.892883186685301 0
    outer loop
      vertex 16.44254586547613 10.071589257121047 1.65
      vertex 16.45345040857792 10.0660900059342 2
      vertex 16.44254586547613 10.071589257121047 2
    endloop
  endfacet
  facet normal -0.4254483253769749 -0.904982719411773 0
    outer loop
      vertex 16.45345040857792 10.0660900059342 1.65
      vertex 16.46477099955082 10.060767996609172 2
      vertex 16.45345040857792 10.0660900059342 2
    endloop
  endfacet
  facet normal -0.3942285558692591 -0.9190124295879999 0
    outer loop
      vertex 16.46477099955082 10.060767996609172 1.65
      vertex 16.477179591357707 10.055445085763893 2
      vertex 16.46477099955082 10.060767996609172 2
    endloop
  endfacet
  facet normal -0.3622864600873739 -0.9320668006303837 0
    outer loop
      vertex 16.477179591357707 10.055445085763893 1.65
      vertex 16.49134813696146 10.049937892258129 2
      vertex 16.477179591357707 10.055445085763893 2
    endloop
  endfacet
  facet normal -0.5297290276174559 -0.8481669395227951 0
    outer loop
      vertex 16.412328515946864 10.089150454401931 1.65
      vertex 16.421984915435313 10.083119477629623 2
      vertex 16.412328515946864 10.089150454401931 2
    endloop
  endfacet
  facet normal -0.3152434095616707 -0.9490108496365744 0
    outer loop
      vertex 16.507276636362075 10.04424641609188 1.65
      vertex 16.524965082108974 10.038370649814567 2
      vertex 16.507276636362075 10.04424641609188 2
    endloop
  endfacet
  facet normal -0.33647934297888776 -0.9416908472256148 0
    outer loop
      vertex 16.49134813696146 10.049937892258129 1.65
      vertex 16.507276636362075 10.04424641609188 2
      vertex 16.49134813696146 10.049937892258129 2
    endloop
  endfacet
  facet normal -0.29748884906479317 -0.9547252927843196 0
    outer loop
      vertex 16.524965082108974 10.038370649814567 1.65
      vertex 16.544413481652736 10.03231060087677 2
      vertex 16.524965082108974 10.038370649814567 2
    endloop
  endfacet
  facet normal -0.28244017375052183 -0.9592849150548418 0
    outer loop
      vertex 16.544413481652736 10.03231060087677 1.65
      vertex 16.565621842443942 10.026066269278488 2
      vertex 16.544413481652736 10.03231060087677 2
    endloop
  endfacet
  facet normal -0.26953227055590945 -0.9629913577644277 0
    outer loop
      vertex 16.565621842443942 10.026066269278488 1.65
      vertex 16.58859014958143 10.019637655019721 2
      vertex 16.565621842443942 10.026066269278488 2
    endloop
  endfacet
  facet normal -0.13338564061399732 -0.9910642112789633 0
    outer loop
      vertex 16.57014202773571 9.201127189695796 1.65
      vertex 16.597283986210822 9.197474199831447 2
      vertex 16.57014202773571 9.201127189695796 2
    endloop
  endfacet
  facet normal -0.1003680906172788 -0.994950373830696 0
    outer loop
      vertex 16.597283986210822 9.197474199831447 1.65
      vertex 16.625448961555957 9.194632987976036 2
      vertex 16.597283986210822 9.197474199831447 2
    endloop
  endfacet
  facet normal -0.06936252742431608 -0.9975915195055093 0
    outer loop
      vertex 16.625448961555957 9.194632987976036 1.65
      vertex 16.654636961221694 9.192603546678981 2
      vertex 16.625448961555957 9.194632987976036 2
    endloop
  endfacet
  facet normal -0.04027233909904882 -0.9991887402805796 0
    outer loop
      vertex 16.654636961221694 9.192603546678981 1.65
      vertex 16.684847970306873 9.191385890841445 2
      vertex 16.654636961221694 9.192603546678981 2
    endloop
  endfacet
  facet normal -0.01299410986013588 -0.9999155729905114 0
    outer loop
      vertex 16.684847970306873 9.191385890841445 1.65
      vertex 16.716082003712653 9.190979998111686 2
      vertex 16.684847970306873 9.191385890841445 2
    endloop
  endfacet
  facet normal 0.013435482813552418 -0.999909739827334 0
    outer loop
      vertex 16.716082003712653 9.190979998111686 1.65
      vertex 16.74831812530756 9.191413145065269 2
      vertex 16.716082003712653 9.190979998111686 2
    endloop
  endfacet
  facet normal 0.041769077834881 -0.9991272912581377 0
    outer loop
      vertex 16.74831812530756 9.191413145065269 1.65
      vertex 16.77940126955509 9.192712593376598 2
      vertex 16.74831812530756 9.191413145065269 2
    endloop
  endfacet
  facet normal 0.0721709197594402 -0.9973922790663041 0
    outer loop
      vertex 16.77940126955509 9.192712593376598 1.65
      vertex 16.80933142900467 9.194878328144512 2
      vertex 16.77940126955509 9.192712593376598 2
    endloop
  endfacet
  facet normal 0.10478253284688573 -0.9944951587665931 0
    outer loop
      vertex 16.80933142900467 9.194878328144512 1.65
      vertex 16.83810860365629 9.197910364270172 2
      vertex 16.80933142900467 9.194878328144512 2
    endloop
  endfacet
  facet normal 0.1397358318254359 -0.9901888190158751 0
    outer loop
      vertex 16.83810860365629 9.197910364270172 1.65
      vertex 16.86573280096054 9.201808701753578 2
      vertex 16.83810860365629 9.197910364270172 2
    endloop
  endfacet
  facet normal 0.1771460006573236 -0.9841845835264418 0
    outer loop
      vertex 16.86573280096054 9.201808701753578 1.65
      vertex 16.892204013466834 9.206573325693569 2
      vertex 16.86573280096054 9.201808701753578 2
    endloop
  endfacet
  facet normal 0.2372110453626319 0.9714581411249624 0
    outer loop
      vertex 16.607173059880733 9.80471399754282 1.65
      vertex 16.5802994787693 9.811275999546012 2
      vertex 16.607173059880733 9.80471399754282 2
    endloop
  endfacet
  facet normal 0.2283923845389795 0.973569164818093 0
    outer loop
      vertex 16.635144901275634 9.798152002990207 1.65
      vertex 16.607173059880733 9.80471399754282 2
      vertex 16.635144901275634 9.798152002990207 2
    endloop
  endfacet
  facet normal 0.2201901674707766 0.9754569647858338 0
    outer loop
      vertex 16.664215002954005 9.791590000987014 1.65
      vertex 16.635144901275634 9.798152002990207 2
      vertex 16.664215002954005 9.791590000987014 2
    endloop
  endfacet
  facet normal 0.2237316130028822 0.9746507914854061 0
    outer loop
      vertex 16.68112516850233 9.787708263397178 1.65
      vertex 16.664215002954005 9.791590000987014 2
      vertex 16.68112516850233 9.787708263397178 2
    endloop
  endfacet
  facet normal 0.22441993433874105 0.9744925310495689 0
    outer loop
      vertex 16.69780337512493 9.783867369890174 1.65
      vertex 16.68112516850233 9.787708263397178 2
      vertex 16.69780337512493 9.783867369890174 2
    endloop
  endfacet
  facet normal 0.22512732184873305 0.9743293534309725 0
    outer loop
      vertex 16.714249622821807 9.780067320466003 1.65
      vertex 16.69780337512493 9.783867369890174 2
      vertex 16.714249622821807 9.780067320466003 2
    endloop
  endfacet
  facet normal 0.22585519942308643 0.9741608845019173 0
    outer loop
      vertex 16.7304638966918 9.776308107674083 1.65
      vertex 16.714249622821807 9.780067320466003 2
      vertex 16.7304638966918 9.776308107674083 2
    endloop
  endfacet
  facet normal -0.25834441485684995 -0.9660528781139631 0
    outer loop
      vertex 16.58859014958143 10.019637655019721 1.65
      vertex 16.613318410515785 10.013024758100471 2
      vertex 16.58859014958143 10.019637655019721 2
    endloop
  endfacet
  facet normal -0.24855853776926584 -0.9686168764284486 0
    outer loop
      vertex 16.613318410515785 10.013024758100471 1.65
      vertex 16.63980661779642 10.006227571070156 2
      vertex 16.613318410515785 10.013024758100471 2
    endloop
  endfacet
  facet normal -0.23992839816733222 -0.9707905869717002 0
    outer loop
      vertex 16.63980661779642 10.006227571070156 1.65
      vertex 16.6680547863245 9.999246108829936 2
      vertex 16.63980661779642 10.006227571070156 2
    endloop
  endfacet
  facet normal -0.2322634462612041 -0.9726529142149674 0
    outer loop
      vertex 16.6680547863245 9.999246108829936 1.65
      vertex 16.698062908649444 9.992080356478652 2
      vertex 16.6680547863245 9.999246108829936 2
    endloop
  endfacet
  facet normal -0.22541101930058471 -0.9742637591421902 0
    outer loop
      vertex 16.698062908649444 9.992080356478652 1.65
      vertex 16.72983097732067 9.984730321466884 2
      vertex 16.698062908649444 9.992080356478652 2
    endloop
  endfacet
  facet normal 0.22660361130487386 0.973987065285566 0
    outer loop
      vertex 16.746446211636066 9.772589731514415 1.65
      vertex 16.7304638966918 9.776308107674083 2
      vertex 16.746446211636066 9.772589731514415 2
    endloop
  endfacet
  facet normal 0.22737331331554034 0.9738076690968874 0
    outer loop
      vertex 16.76219656020403 9.76891219943758 1.65
      vertex 16.746446211636066 9.772589731514415 2
      vertex 16.76219656020403 9.76891219943758 2
    endloop
  endfacet
  facet normal 0.22816547704425982 0.973622367802407 0
    outer loop
      vertex 16.777714949846267 9.765275511443576 1.65
      vertex 16.76219656020403 9.76891219943758 2
      vertex 16.777714949846267 9.765275511443576 2
    endloop
  endfacet
  facet normal 0.22898186900406942 0.9734306876544438 0
    outer loop
      vertex 16.79300136566162 9.761679660081825 1.65
      vertex 16.777714949846267 9.765275511443576 2
      vertex 16.79300136566162 9.761679660081825 2
    endloop
  endfacet
  facet normal 0.22982269959487936 0.9732325142281889 0
    outer loop
      vertex 16.80805582255125 9.758124645352325 1.65
      vertex 16.79300136566162 9.761679660081825 2
      vertex 16.80805582255125 9.758124645352325 2
    endloop
  endfacet
  facet normal 0.23068895467548053 0.9730275464706712 0
    outer loop
      vertex 16.822878313064574 9.754610474705657 1.65
      vertex 16.80805582255125 9.758124645352325 2
      vertex 16.822878313064574 9.754610474705657 2
    endloop
  endfacet
  facet normal 0.23158264945465637 0.9728152324421948 0
    outer loop
      vertex 16.837468837201595 9.751137140691242 1.65
      vertex 16.822878313064574 9.754610474705657 2
      vertex 16.837468837201595 9.751137140691242 2
    endloop
  endfacet
  facet normal 0.23250401380511249 0.9725954367384786 0
    outer loop
      vertex 16.85182740241289 9.747704650759658 1.65
      vertex 16.837468837201595 9.751137140691242 2
      vertex 16.85182740241289 9.747704650759658 2
    endloop
  endfacet
  facet normal 0.2534575400894425 0.967346512565073 0
    outer loop
      vertex 16.893374902009963 9.737329925894699 1.65
      vertex 16.879814532399177 9.740882921516857 2
      vertex 16.893374902009963 9.737329925894699 2
    endloop
  endfacet
  facet normal 0.23345558036191863 0.9723674675748257 0
    outer loop
      vertex 16.865954001247882 9.744312997460327 1.65
      vertex 16.85182740241289 9.747704650759658 2
      vertex 16.865954001247882 9.744312997460327 2
    endloop
  endfacet
  facet normal 0.2402241663946379 0.9707174408034509 0
    outer loop
      vertex 16.879814532399177 9.740882921516857 1.65
      vertex 16.865954001247882 9.744312997460327 2
      vertex 16.879814532399177 9.740882921516857 2
    endloop
  endfacet
  facet normal -0.21924961300730333 -0.9756687999501408 0
    outer loop
      vertex 16.72983097732067 9.984730321466884 1.65
      vertex 16.76335899978876 9.97719599634405 2
      vertex 16.72983097732067 9.984730321466884 2
    endloop
  endfacet
  facet normal -0.22519523334880623 -0.974313659391562 0
    outer loop
      vertex 16.76335899978876 9.97719599634405 1.65
      vertex 16.774881680309772 9.974532734155616 2
      vertex 16.76335899978876 9.97719599634405 2
    endloop
  endfacet
  facet normal -0.22586822241726381 -0.9741578650824853 0
    outer loop
      vertex 16.774881680309772 9.974532734155616 1.65
      vertex 16.78639772236347 9.971862624883613 2
      vertex 16.774881680309772 9.974532734155616 2
    endloop
  endfacet
  facet normal -0.22654046771067454 -0.9740017538430971 0
    outer loop
      vertex 16.78639772236347 9.971862624883613 1.65
      vertex 16.79790712594986 9.969185683429203 2
      vertex 16.78639772236347 9.971862624883613 2
    endloop
  endfacet
  facet normal -0.22721436121548347 -0.9738447689737003 0
    outer loop
      vertex 16.79790712594986 9.969185683429203 1.65
      vertex 16.809409891068935 9.966501894891223 2
      vertex 16.79790712594986 9.969185683429203 2
    endloop
  endfacet
  facet normal -0.22788824794150317 -0.9736872939759212 0
    outer loop
      vertex 16.809409891068935 9.966501894891223 1.65
      vertex 16.820906010270118 9.963811266720256 2
      vertex 16.809409891068935 9.966501894891223 2
    endloop
  endfacet
  facet normal -0.22856230543726377 -0.9735292869416939 0
    outer loop
      vertex 16.820906010270118 9.963811266720256 1.65
      vertex 16.83239549845457 9.961113798916301 2
      vertex 16.820906010270118 9.963811266720256 2
    endloop
  endfacet
  facet normal -0.22923709415000212 -0.9733706152672079 0
    outer loop
      vertex 16.83239549845457 9.961113798916301 1.65
      vertex 16.84387834072113 9.958409491479358 2
      vertex 16.83239549845457 9.961113798916301 2
    endloop
  endfacet
  facet normal -0.22991205073895155 -0.9732114101905145 0
    outer loop
      vertex 16.84387834072113 9.958409491479358 1.65
      vertex 16.855354551970958 9.955698344409427 2
      vertex 16.84387834072113 9.958409491479358 2
    endloop
  endfacet
  facet normal -0.23058773924472367 -0.9730515374377697 0
    outer loop
      vertex 16.855354551970958 9.955698344409427 1.65
      vertex 16.866824117302894 9.952980357706508 2
      vertex 16.855354551970958 9.955698344409427 2
    endloop
  endfacet
  facet normal -0.2312643335220277 -0.9728909538281318 0
    outer loop
      vertex 16.866824117302894 9.952980357706508 1.65
      vertex 16.878287044167518 9.95025552392002 2
      vertex 16.866824117302894 9.952980357706508 2
    endloop
  endfacet
  facet normal -0.23194003606149177 -0.972730085723575 0
    outer loop
      vertex 16.878287044167518 9.95025552392002 1.65
      vertex 16.88974334001541 9.947523857951126 2
      vertex 16.878287044167518 9.95025552392002 2
    endloop
  endfacet
  facet normal -0.23261707007535803 -0.972568403100551 0
    outer loop
      vertex 16.88974334001541 9.947523857951126 1.65
      vertex 16.90119298994541 9.944785352349243 2
      vertex 16.88974334001541 9.947523857951126 2
    endloop
  endfacet
  facet normal -0.9979726477363441 -0.06364427994809 0
    outer loop
      vertex 16.310527284443378 10.256333890855274 1.65
      vertex 16.31123313754797 10.245265777707061 2
      vertex 16.310527284443378 10.256333890855274 2
    endloop
  endfacet
  facet normal -0.9997861561870186 -0.02067950426839252 0
    outer loop
      vertex 16.310292002558707 10.267708997726402 1.65
      vertex 16.310527284443378 10.256333890855274 2
      vertex 16.310292002558707 10.267708997726402 2
    endloop
  endfacet
  facet normal -0.9995062358312974 0.03142108423258061 0
    outer loop
      vertex 16.310899068415164 10.28701979249712 1.65
      vertex 16.310292002558707 10.267708997726402 2
      vertex 16.310899068415164 10.28701979249712 2
    endloop
  endfacet
  facet normal -0.9878161652596859 -0.1556252667520569 0
    outer loop
      vertex 16.3124095544219 10.234504680633506 1.65
      vertex 16.314056542515754 10.224050584733448 2
      vertex 16.3124095544219 10.234504680633506 2
    endloop
  endfacet
  facet normal -0.9940774624558022 -0.10867381762611131 0
    outer loop
      vertex 16.31123313754797 10.245265777707061 1.65
      vertex 16.3124095544219 10.234504680633506 2
      vertex 16.31123313754797 10.245265777707061 2
    endloop
  endfacet
  facet normal -0.9789113506679259 -0.20428550495200806 0
    outer loop
      vertex 16.314056542515754 10.224050584733448 1.65
      vertex 16.316174101829528 10.213903497457466 2
      vertex 16.314056542515754 10.224050584733448 2
    endloop
  endfacet
  facet normal -0.99522036038179 0.09765466850867974 0
    outer loop
      vertex 16.312720280885696 10.305580172240695 1.65
      vertex 16.310899068415164 10.28701979249712 2
      vertex 16.312720280885696 10.305580172240695 2
    endloop
  endfacet
  facet normal -0.9857856613993412 0.16800782654228796 0
    outer loop
      vertex 16.315755639970302 10.32339013695713 1.65
      vertex 16.312720280885696 10.305580172240695 2
      vertex 16.315755639970302 10.32339013695713 2
    endloop
  endfacet
  facet normal -0.9703481120016011 0.24171169093556133 0
    outer loop
      vertex 16.320005138218402 10.340449686646423 1.65
      vertex 16.315755639970302 10.32339013695713 2
      vertex 16.320005138218402 10.340449686646423 2
    endloop
  endfacet
  facet normal -0.9482067741396474 0.31765376351569286 0
    outer loop
      vertex 16.325468775629997 10.356758821308574 1.65
      vertex 16.320005138218402 10.340449686646423 2
      vertex 16.325468775629997 10.356758821308574 2
    endloop
  endfacet
  facet normal -0.9189361581414507 0.394406309863611 0
    outer loop
      vertex 16.332146559655666 10.372317540943584 1.65
      vertex 16.325468775629997 10.356758821308574 2
      vertex 16.332146559655666 10.372317540943584 2
    endloop
  endfacet
  facet normal -0.88249749183694 0.47031710249735753 0
    outer loop
      vertex 16.34003848284483 10.387125853002033 1.65
      vertex 16.332146559655666 10.372317540943584 2
      vertex 16.34003848284483 10.387125853002033 2
    endloop
  endfacet
  facet normal -0.8393037178568431 0.5436628267517293 0
    outer loop
      vertex 16.349144545197486 10.40118374258276 1.65
      vertex 16.34003848284483 10.387125853002033 2
      vertex 16.349144545197486 10.40118374258276 2
    endloop
  endfacet
  facet normal -0.7902163250632495 0.6128280016477159 0
    outer loop
      vertex 16.359464754164218 10.414491224586925 1.65
      vertex 16.349144545197486 10.40118374258276 2
      vertex 16.359464754164218 10.414491224586925 2
    endloop
  endfacet
  facet normal -0.7364612839704778 0.6764796946047644 0
    outer loop
      vertex 16.370999102294444 10.427048291563949 1.65
      vertex 16.359464754164218 10.414491224586925 2
      vertex 16.370999102294444 10.427048291563949 2
    endloop
  endfacet
  facet normal -0.6794854006744445 0.7336890283153276 0
    outer loop
      vertex 16.383747589588165 10.438854943513832 1.65
      vertex 16.370999102294444 10.427048291563949 2
      vertex 16.383747589588165 10.438854943513832 2
    endloop
  endfacet
  facet normal -0.6207887154249384 0.7839779147406226 0
    outer loop
      vertex 16.39771022349596 10.449911180436573 1.65
      vertex 16.383747589588165 10.438854943513832 2
      vertex 16.39771022349596 10.449911180436573 2
    endloop
  endfacet
  facet normal -0.5617737535323352 0.8272909100444602 0
    outer loop
      vertex 16.41288699656725 10.460217002332172 1.65
      vertex 16.39771022349596 10.449911180436573 2
      vertex 16.41288699656725 10.460217002332172 2
    endloop
  endfacet
  facet normal 0.5499995416457177 -0.8351649562748072 0
    outer loop
      vertex 16.2555350035429 10.577805999219379 1.65
      vertex 16.28091388642788 10.594519312977752 2
      vertex 16.2555350035429 10.577805999219379 2
    endloop
  endfacet
  facet normal 0.494740549571313 -0.8690407289706709 0
    outer loop
      vertex 16.28091388642788 10.594519312977752 1.65
      vertex 16.30792316496372 10.609895560443363 2
      vertex 16.28091388642788 10.594519312977752 2
    endloop
  endfacet
  facet normal 0.4401606624764504 -0.8979190337710258 0
    outer loop
      vertex 16.30792316496372 10.609895560443363 1.65
      vertex 16.336562831699847 10.623934749066791 2
      vertex 16.30792316496372 10.609895560443363 2
    endloop
  endfacet
  facet normal 0.3869395607044375 -0.9221050788071049 0
    outer loop
      vertex 16.336562831699847 10.623934749066791 1.65
      vertex 16.366832894086837 10.636636863946876 2
      vertex 16.336562831699847 10.623934749066791 2
    endloop
  endfacet
  facet normal 0.3356039970194456 -0.9420031619822578 0
    outer loop
      vertex 16.366832894086837 10.636636863946876 1.65
      vertex 16.39873334467411 10.648001919984779 2
      vertex 16.366832894086837 10.636636863946876 2
    endloop
  endfacet
  facet normal 0.2865280974035057 -0.9580718393723547 0
    outer loop
      vertex 16.39873334467411 10.648001919984779 1.65
      vertex 16.432264183461665 10.658029902279338 2
      vertex 16.39873334467411 10.648001919984779 2
    endloop
  endfacet
  facet normal -0.504822637800213 0.8632230907270929 0
    outer loop
      vertex 16.429219071567058 10.469768184721431 1.65
      vertex 16.41288699656725 10.460217002332172 2
      vertex 16.429219071567058 10.469768184721431 2
    endloop
  endfacet
  facet normal -0.45030391334064235 0.8928753471958465 0
    outer loop
      vertex 16.446642358601093 10.478555272817573 1.65
      vertex 16.429219071567058 10.469768184721431 2
      vertex 16.446642358601093 10.478555272817573 2
    endloop
  endfacet
  facet normal -0.3976090126934082 0.9175549427827051 0
    outer loop
      vertex 16.465156872570514 10.486578266620597 1.65
      vertex 16.446642358601093 10.478555272817573 2
      vertex 16.465156872570514 10.486578266620597 2
    endloop
  endfacet
  facet normal -0.3472100181515703 0.937787397705464 0
    outer loop
      vertex 16.48476259857416 10.493837166130504 1.65
      vertex 16.465156872570514 10.486578266620597 2
      vertex 16.48476259857416 10.493837166130504 2
    endloop
  endfacet
  facet normal 0.23995219983543625 -0.9707847041410032 0
    outer loop
      vertex 16.432264183461665 10.658029902279338 1.65
      vertex 16.467425417900085 10.666720825731716 2
      vertex 16.432264183461665 10.658029902279338 2
    endloop
  endfacet
  facet normal 0.19600168318822325 -0.9806035591345686 0
    outer loop
      vertex 16.467425417900085 10.666720825731716 1.65
      vertex 16.504217033088207 10.67407468289133 2
      vertex 16.467425417900085 10.666720825731716 2
    endloop
  endfacet
  facet normal -0.29940914840957017 0.9541248146069025 0
    outer loop
      vertex 16.505459544062614 10.500331971347293 1.65
      vertex 16.48476259857416 10.493837166130504 2
      vertex 16.505459544062614 10.500331971347293 2
    endloop
  endfacet
  facet normal -0.25436806776458293 0.9671074842548332 0
    outer loop
      vertex 16.527247709035873 10.506062682270965 1.65
      vertex 16.505459544062614 10.500331971347293 2
      vertex 16.527247709035873 10.506062682270965 2
    endloop
  endfacet
  facet normal -0.2121375066976374 0.9772398263743193 0
    outer loop
      vertex 16.550127093493938 10.51102929890152 1.65
      vertex 16.527247709035873 10.506062682270965 2
      vertex 16.550127093493938 10.51102929890152 2
    endloop
  endfacet
  facet normal -0.17268569578475873 0.9849769796656843 0
    outer loop
      vertex 16.57409769743681 10.515231813788375 1.65
      vertex 16.550127093493938 10.51102929890152 2
      vertex 16.57409769743681 10.515231813788375 2
    endloop
  endfacet
  facet normal 0.15471219298449063 -0.9879595828483723 0
    outer loop
      vertex 16.504217033088207 10.67407468289133 1.65
      vertex 16.542639043927192 10.680091481208763 2
      vertex 16.504217033088207 10.67407468289133 2
    endloop
  endfacet
  facet normal 0.11605058243373383 -0.9932433046926574 0
    outer loop
      vertex 16.542639043927192 10.680091481208763 1.65
      vertex 16.58269145041704 10.684771205782852 2
      vertex 16.542639043927192 10.680091481208763 2
    endloop
  endfacet
  facet normal -0.13592453359157866 0.9907191939030514 0
    outer loop
      vertex 16.599159520864486 10.518670241832695 1.65
      vertex 16.57409769743681 10.515231813788375 2
      vertex 16.599159520864486 10.518670241832695 2
    endloop
  endfacet
  facet normal -0.10172660854083271 0.9948123929238015 0
    outer loop
      vertex 16.62531256377697 10.521344575583896 1.65
      vertex 16.599159520864486 10.518670241832695 2
      vertex 16.62531256377697 10.521344575583896 2
    endloop
  endfacet
  facet normal -0.0699433062473452 0.997550968076915 0
    outer loop
      vertex 16.65255682617426 10.5232548075914 1.65
      vertex 16.62531256377697 10.521344575583896 2
      vertex 16.65255682617426 10.5232548075914 2
    endloop
  endfacet
  facet normal 0.07993631747499484 -0.996799972486224 0
    outer loop
      vertex 16.58269145041704 10.684771205782852 1.65
      vertex 16.624374245107173 10.688113871514759 2
      vertex 16.58269145041704 10.684771205782852 2
    endloop
  endfacet
  facet normal 0.046255034571856646 -0.9989296630778146 0
    outer loop
      vertex 16.624374245107173 10.688113871514759 1.65
      vertex 16.66768742799759 10.690119470953903 2
      vertex 16.624374245107173 10.688113871514759 2
    endloop
  endfacet
  facet normal -0.0404160761263388 0.9991829365989744 0
    outer loop
      vertex 16.680892300605773 10.524400952756366 1.65
      vertex 16.65255682617426 10.5232548075914 2
      vertex 16.680892300605773 10.524400952756366 2
    endloop
  endfacet
  facet normal -0.012982042110661618 0.9999157297405803 0
    outer loop
      vertex 16.710319001972675 10.524783003628215 1.65
      vertex 16.680892300605773 10.524400952756366 2
      vertex 16.710319001972675 10.524783003628215 2
    endloop
  endfacet
  facet normal 0.012827979381157576 0.9999177180873418 0
    outer loop
      vertex 16.737174470722675 10.524438473880252 1.65
      vertex 16.710319001972675 10.524783003628215 2
      vertex 16.737174470722675 10.524438473880252 2
    endloop
  endfacet
  facet normal 0.01487313386914554 -0.9998893888270394 0
    outer loop
      vertex 16.66768742799759 10.690119470953903 1.65
      vertex 16.712630999088287 10.690787996649703 2
      vertex 16.66768742799759 10.690119470953903 2
    endloop
  endfacet
  facet normal -0.011997025870330077 -0.9999280330955156 0
    outer loop
      vertex 16.712630999088287 10.690787996649703 1.65
      vertex 16.754425552487373 10.690286550223789 2
      vertex 16.712630999088287 10.690787996649703 2
    endloop
  endfacet
  facet normal 0.039811207777740235 0.9992072196172712 0
    outer loop
      vertex 16.76311596930027 10.523404892086944 1.65
      vertex 16.737174470722675 10.524438473880252 2
      vertex 16.76311596930027 10.523404892086944 2
    endloop
  endfacet
  facet normal 0.06866711986701367 0.9976396276457592 0
    outer loop
      vertex 16.78814349025488 10.52168225824829 1.65
      vertex 16.76311596930027 10.523404892086944 2
      vertex 16.78814349025488 10.52168225824829 2
    endloop
  endfacet
  facet normal 0.0995172648674586 0.9950358355322185 0
    outer loop
      vertex 16.8122570335865 10.519270572364292 1.65
      vertex 16.78814349025488 10.52168225824829 2
      vertex 16.8122570335865 10.519270572364292 2
    endloop
  endfacet
  facet normal -0.03734632894136456 -0.999302382522229 0
    outer loop
      vertex 16.754425552487373 10.690286550223789 1.65
      vertex 16.794678431749343 10.688782203495464 2
      vertex 16.754425552487373 10.690286550223789 2
    endloop
  endfacet
  facet normal -0.06463274956950468 -0.9979091179476645 0
    outer loop
      vertex 16.794678431749343 10.688782203495464 1.65
      vertex 16.83338964432478 10.686274949014148 2
      vertex 16.794678431749343 10.688782203495464 2
    endloop
  endfacet
  facet normal 0.13247693303813057 0.9911860885892267 0
    outer loop
      vertex 16.83545660674572 10.516169834434947 1.65
      vertex 16.8122570335865 10.519270572364292 2
      vertex 16.83545660674572 10.516169834434947 2
    endloop
  endfacet
  facet normal 0.16764880678279082 0.985846782002308 0
    outer loop
      vertex 16.85774219483137 10.512380044460258 1.65
      vertex 16.83545660674572 10.516169834434947 2
      vertex 16.85774219483137 10.512380044460258 2
    endloop
  endfacet
  facet normal 0.20511411364561632 0.9787380652571828 0
    outer loop
      vertex 16.879113812744617 10.507901194989643 1.65
      vertex 16.85774219483137 10.512380044460258 2
      vertex 16.879113812744617 10.507901194989643 2
    endloop
  endfacet
  facet normal 0.2449208723346498 0.9695430708817603 0
    outer loop
      vertex 16.899571453034877 10.502733293473682 1.65
      vertex 16.879113812744617 10.507901194989643 2
      vertex 16.899571453034877 10.502733293473682 2
    endloop
  endfacet
  facet normal -0.09401780698393558 -0.9955705158199148 0
    outer loop
      vertex 16.83338964432478 10.686274949014148 1.65
      vertex 16.87055919021368 10.682764801681003 2
      vertex 16.83338964432478 10.686274949014148 2
    endloop
  endfacet
  facet normal -0.12566762430838274 -0.9920724006848931 0
    outer loop
      vertex 16.87055919021368 10.682764801681003 1.65
      vertex 16.906187061965465 10.678251754045448 2
      vertex 16.87055919021368 10.682764801681003 2
    endloop
  endfacet
  facet normal 0.2171013902244784 -0.9761490594999305 0
    outer loop
      vertex 16.892204013466834 9.206573325693569 1.65
      vertex 16.917522241175174 9.212204250991306 1.65
      vertex 16.917522241175174 9.212204250991306 2
    endloop
  endfacet
  facet normal 0.25964519350754 -0.9657040817395525 0
    outer loop
      vertex 16.917522241175174 9.212204250991306 1.65
      vertex 16.94168749153614 9.218701470196208 1.65
      vertex 16.94168749153614 9.218701470196208 2
    endloop
  endfacet
  facet normal 0.304760264118171 -0.9524290952163437 0
    outer loop
      vertex 16.94168749153614 9.218701470196208 1.65
      vertex 16.96469975709915 9.226064983308277 1.65
      vertex 16.96469975709915 9.226064983308277 2
    endloop
  endfacet
  facet normal 0.35234591061131626 -0.9358698409904459 0
    outer loop
      vertex 16.96469975709915 9.226064983308277 1.65
      vertex 16.986559037864208 9.23429479032751 1.65
      vertex 16.986559037864208 9.23429479032751 2
    endloop
  endfacet
  facet normal 0.4021952825426646 -0.915553905950068 0
    outer loop
      vertex 16.986559037864208 9.23429479032751 1.65
      vertex 17.00726534128189 9.24339089870449 1.65
      vertex 17.00726534128189 9.24339089870449 2
    endloop
  endfacet
  facet normal 0.4539720071216044 -0.8910159464061134 0
    outer loop
      vertex 17.00726534128189 9.24339089870449 1.65
      vertex 17.02681865990162 9.253353300988636 1.65
      vertex 17.02681865990162 9.253353300988636 2
    endloop
  endfacet
  facet normal 0.5071929207316448 -0.8618325482132265 0
    outer loop
      vertex 17.02681865990162 9.253353300988636 1.65
      vertex 17.045219001173972 9.264181997179946 1.65
      vertex 17.045219001173972 9.264181997179946 2
    endloop
  endfacet
  facet normal 0.5627612980316218 -0.8266194538224734 0
    outer loop
      vertex 17.045219001173972 9.264181997179946 1.65
      vertex 17.062357310950755 9.2758497330546 1.65
      vertex 17.062357310950755 9.2758497330546 2
    endloop
  endfacet
  facet normal 0.6206141953430783 -0.7841160759343374 0
    outer loop
      vertex 17.062357310950755 9.2758497330546 1.65
      vertex 17.078124564886092 9.28832923948761 1.65
      vertex 17.078124564886092 9.28832923948761 2
    endloop
  endfacet
  facet normal 0.6783489905196927 -0.734739849920306 0
    outer loop
      vertex 17.078124564886092 9.28832923948761 1.65
      vertex 17.092520748078822 9.301620523929557 1.65
      vertex 17.092520748078822 9.301620523929557 2
    endloop
  endfacet
  facet normal 0.7346242588436511 -0.6784741692344789 0
    outer loop
      vertex 17.092520748078822 9.301620523929557 1.65
      vertex 17.105545860528945 9.315723586380443 1.65
      vertex 17.105545860528945 9.315723586380443 2
    endloop
  endfacet
  facet normal 0.787977125373119 -0.6157045150790402 0
    outer loop
      vertex 17.105545860528945 9.315723586380443 1.65
      vertex 17.117199917137622 9.330638419389686 1.65
      vertex 17.117199917137622 9.330638419389686 2
    endloop
  endfacet
  facet normal 0.8369646963037608 -0.5472568840509487 0
    outer loop
      vertex 17.117199917137622 9.330638419389686 1.65
      vertex 17.127482903003692 9.346365030407867 1.65
      vertex 17.127482903003692 9.346365030407867 2
    endloop
  endfacet
  facet normal 0.8803235156883614 -0.47437380590214245 0
    outer loop
      vertex 17.127482903003692 9.346365030407867 1.65
      vertex 17.136394825577735 9.362903411984405 1.65
      vertex 17.136394825577735 9.362903411984405 2
    endloop
  endfacet
  facet normal 0.917122010827076 -0.39860659459735565 0
    outer loop
      vertex 17.136394825577735 9.362903411984405 1.65
      vertex 17.143935684859752 9.380253571569881 1.65
      vertex 17.143935684859752 9.380253571569881 2
    endloop
  endfacet
  facet normal -0.5474238885938627 0.8368554750951769 0
    outer loop
      vertex 17.175254014134406 9.12431666582819 1.65
      vertex 17.175254014134406 9.12431666582819 2
      vertex 17.20314900279045 9.142564001977405 1.65
    endloop
  endfacet
  facet normal -0.6014041534038508 0.7989449569705023 0
    outer loop
      vertex 17.20314900279045 9.142564001977405 1.65
      vertex 17.20314900279045 9.142564001977405 2
      vertex 17.229156990349292 9.162141460478267 1.65
    endloop
  endfacet
  facet normal 0.9468563325627175 -0.3216567821232448 0
    outer loop
      vertex 17.143935684859752 9.380253571569881 1.65
      vertex 17.150105480849742 9.398415509164295 1.65
      vertex 17.150105480849742 9.398415509164295 2
    endloop
  endfacet
  facet normal 0.5672500226707411 0.8235456343033115 0
    outer loop
      vertex 17.060387928783893 9.66863955885168 1.65
      vertex 17.060387928783893 9.66863955885168 2
      vertex 17.068932791054248 9.662753942906818 1.65
    endloop
  endfacet
  facet normal 0.5964099288810096 0.8026800089276853 0
    outer loop
      vertex 17.0771296069026 9.656663517951927 1.65
      vertex 17.068932791054248 9.662753942906818 1.65
      vertex 17.068932791054248 9.662753942906818 2
    endloop
  endfacet
  facet normal 0.6256774392949395 0.7800818815722664 0
    outer loop
      vertex 17.0771296069026 9.656663517951927 1.65
      vertex 17.0771296069026 9.656663517951927 2
      vertex 17.084978376328944 9.650368283987007 1.65
    endloop
  endfacet
  facet normal 0.7125005039482586 0.7016715983089793 0
    outer loop
      vertex 17.099631775915622 9.637163411378822 1.65
      vertex 17.099631775915622 9.637163411378822 2
      vertex 17.106436406075954 9.630253765284976 1.65
    endloop
  endfacet
  facet normal 0.6548965291295537 0.7557185561662911 0
    outer loop
      vertex 17.084978376328944 9.650368283987007 1.65
      vertex 17.084978376328944 9.650368283987007 2
      vertex 17.092479099333286 9.643868248462638 1.65
    endloop
  endfacet
  facet normal 0.6838978492185234 0.7295777764119997 0
    outer loop
      vertex 17.092479099333286 9.643868248462638 1.65
      vertex 17.092479099333286 9.643868248462638 2
      vertex 17.099631775915622 9.637163411378822 1.65
    endloop
  endfacet
  facet normal 0.8553217033930138 0.5180972724352766 0
    outer loop
      vertex 17.13013359606266 9.600492197573146 1.65
      vertex 17.13013359606266 9.600492197573146 2
      vertex 17.13507546931505 9.592333707511386 1.65
    endloop
  endfacet
  facet normal 0.8835663726648794 0.4683059524454367 0
    outer loop
      vertex 17.13507546931505 9.592333707511386 1.65
      vertex 17.13507546931505 9.592333707511386 2
      vertex 17.139587607979774 9.58382052510973 1.65
    endloop
  endfacet
  facet normal 0.9083658293316206 0.41817642222234036 0
    outer loop
      vertex 17.139587607979774 9.58382052510973 1.65
      vertex 17.139587607979774 9.58382052510973 2
      vertex 17.143670026957988 9.574952665269336 1.65
    endloop
  endfacet
  facet normal 0.7405153929550804 0.6720393982472925 0
    outer loop
      vertex 17.106436406075954 9.630253765284976 1.65
      vertex 17.106436406075954 9.630253765284976 2
      vertex 17.1128929823637 9.623139310181102 1.65
    endloop
  endfacet
  facet normal 0.7677487605570775 0.6407509973952996 0
    outer loop
      vertex 17.1128929823637 9.623139310181102 1.65
      vertex 17.1128929823637 9.623139310181102 2
      vertex 17.119001512229442 9.61582006096836 1.65
    endloop
  endfacet
  facet normal 0.7940114725796534 0.6079027729924334 0
    outer loop
      vertex 17.119001512229442 9.61582006096836 1.65
      vertex 17.119001512229442 9.61582006096836 2
      vertex 17.12476200312376 9.60829600274559 1.65
    endloop
  endfacet
  facet normal 0.8237226308729457 0.5669929694341481 0
    outer loop
      vertex 17.12476200312376 9.60829600274559 1.65
      vertex 17.12476200312376 9.60829600274559 2
      vertex 17.13013359606266 9.600492197573146 1.65
    endloop
  endfacet
  facet normal 0.9694740322965485 -0.24519400625356047 0
    outer loop
      vertex 17.150105480849742 9.398415509164295 1.65
      vertex 17.154904206097125 9.417389217317066 1.65
      vertex 17.154904206097125 9.417389217317066 2
    endloop
  endfacet
  facet normal 0.9853232879375206 -0.17069861817833737 0
    outer loop
      vertex 17.154904206097125 9.417389217317066 1.65
      vertex 17.158331868052482 9.437174703478775 1.65
      vertex 17.158331868052482 9.437174703478775 2
    endloop
  endfacet
  facet normal 0.9950521395103936 -0.09935411242514354 0
    outer loop
      vertex 17.158331868052482 9.437174703478775 1.65
      vertex 17.160388466715812 9.457771967649421 1.65
      vertex 17.160388466715812 9.457771967649421 2
    endloop
  endfacet
  facet normal 0.999487726664717 -0.03200444104489178 0
    outer loop
      vertex 17.160388466715812 9.457771967649421 1.65
      vertex 17.161074002087116 9.479181002378425 1.65
      vertex 17.161074002087116 9.479181002378425 2
    endloop
  endfacet
  facet normal 0.999841324509676 0.017813640917477704 0
    outer loop
      vertex 17.161074002087116 9.479181002378425 1.65
      vertex 17.16085913479328 9.491241041123828 1.65
      vertex 17.16085913479328 9.491241041123828 2
    endloop
  endfacet
  facet normal 0.9984872136199464 0.05498439994648835 0
    outer loop
      vertex 17.16085913479328 9.491241041123828 1.65
      vertex 17.160214547812938 9.502946394979915 1.65
      vertex 17.160214547812938 9.502946394979915 2
    endloop
  endfacet
  facet normal 0.9838862516274143 0.1787955364615022 0
    outer loop
      vertex 17.155702401697635 9.535934339761695 1.65
      vertex 17.155702401697635 9.535934339761695 2
      vertex 17.157636177539825 9.525293048024139 1.65
    endloop
  endfacet
  facet normal 0.9955507205394735 0.09422718733643218 0
    outer loop
      vertex 17.160214547812938 9.502946394979915 1.65
      vertex 17.159140226244926 9.514297063946685 1.65
      vertex 17.159140226244926 9.514297063946685 2
    endloop
  endfacet
  facet normal 0.9907746413224697 0.1355197775689274 0
    outer loop
      vertex 17.159140226244926 9.514297063946685 1.65
      vertex 17.157636177539825 9.525293048024139 1.65
      vertex 17.157636177539825 9.525293048024139 2
    endloop
  endfacet
  facet normal 0.9626540456597856 0.2707345348765973 0
    outer loop
      vertex 17.15054566860199 9.55615287601944 1.65
      vertex 17.15054566860199 9.55615287601944 2
      vertex 17.153338898718356 9.546220954060516 1.65
    endloop
  endfacet
  facet normal 0.9746052128697525 0.22393007624502903 0
    outer loop
      vertex 17.153338898718356 9.546220954060516 1.65
      vertex 17.153338898718356 9.546220954060516 2
      vertex 17.155702401697635 9.535934339761695 1.65
    endloop
  endfacet
  facet normal 0.9477725716813882 0.318946942873651 0
    outer loop
      vertex 17.15054566860199 9.55615287601944 1.65
      vertex 17.147322711348533 9.565730113089046 1.65
      vertex 17.147322711348533 9.565730113089046 2
    endloop
  endfacet
  facet normal 0.9297344642220393 0.3682306696050151 0
    outer loop
      vertex 17.143670026957988 9.574952665269336 1.65
      vertex 17.143670026957988 9.574952665269336 2
      vertex 17.147322711348533 9.565730113089046 1.65
    endloop
  endfacet
  facet normal 0.2812854309617685 0.9596241484709793 0
    outer loop
      vertex 16.90663510262966 9.733654003143272 1.65
      vertex 16.90663510262966 9.733654003143272 2
      vertex 16.91959513425827 9.729855153262577 1.65
    endloop
  endfacet
  facet normal 0.29590669806747316 0.9552168476523042 0
    outer loop
      vertex 16.91959513425827 9.729855153262577 1.65
      vertex 16.91959513425827 9.729855153262577 2
      vertex 16.93225500434637 9.725933383703193 1.65
    endloop
  endfacet
  facet normal 0.31101778686898635 0.9504040910323974 0
    outer loop
      vertex 16.93225500434637 9.725933383703193 1.65
      vertex 16.93225500434637 9.725933383703193 2
      vertex 16.944614712893962 9.721888694465122 1.65
    endloop
  endfacet
  facet normal 0.3266320121492288 0.9451515902961526 0
    outer loop
      vertex 16.944614712893962 9.721888694465122 1.65
      vertex 16.944614712893962 9.721888694465122 2
      vertex 16.956674244999885 9.717721078097782 1.65
    endloop
  endfacet
  facet normal 0.34275878848982616 0.9394234470743141 0
    outer loop
      vertex 16.956674244999885 9.717721078097782 1.65
      vertex 16.956674244999885 9.717721078097782 2
      vertex 16.96843362301588 9.713430542051753 1.65
    endloop
  endfacet
  facet normal 0.3594100122590514 0.9331797485414847 0
    outer loop
      vertex 16.96843362301588 9.713430542051753 1.65
      vertex 16.96843362301588 9.713430542051753 2
      vertex 16.979892832040786 9.709017078876457 1.65
    endloop
  endfacet
  facet normal -0.2332950069593968 -0.9724060056004462 0
    outer loop
      vertex 16.90119298994541 9.944785352349243 1.65
      vertex 16.9126360014081 9.942039999663791 1.65
      vertex 16.9126360014081 9.942039999663791 2
    endloop
  endfacet
  facet normal -0.23765541601606588 -0.9713495268121721 0
    outer loop
      vertex 16.9126360014081 9.942039999663791 1.65
      vertex 16.924038168787956 9.939250286221466 1.65
      vertex 16.924038168787956 9.939250286221466 2
    endloop
  endfacet
  facet normal -0.24574027427552558 -0.9693357094417752 0
    outer loop
      vertex 16.924038168787956 9.939250286221466 1.65
      vertex 16.93536530137062 9.93637869834896 1.65
      vertex 16.93536530137062 9.93637869834896 2
    endloop
  endfacet
  facet normal -0.25388232529550214 -0.9672351135595465 0
    outer loop
      vertex 16.93536530137062 9.93637869834896 1.65
      vertex 16.946617391705512 9.933425221145114 1.65
      vertex 16.946617391705512 9.933425221145114 2
    endloop
  endfacet
  facet normal -0.26207780431083466 -0.9650467473068919 0
    outer loop
      vertex 16.946617391705512 9.933425221145114 1.65
      vertex 16.957794439792632 9.930389869511089 1.65
      vertex 16.957794439792632 9.930389869511089 2
    endloop
  endfacet
  facet normal -0.2703272096170951 -0.9627685078670964 0
    outer loop
      vertex 16.957794439792632 9.930389869511089 1.65
      vertex 16.96889644563198 9.927272635996303 1.65
      vertex 16.96889644563198 9.927272635996303 2
    endloop
  endfacet
  facet normal -0.2786291627827756 -0.9603987659545223 0
    outer loop
      vertex 16.96889644563198 9.927272635996303 1.65
      vertex 16.979923409223556 9.924073513150176 1.65
      vertex 16.979923409223556 9.924073513150176 2
    endloop
  endfacet
  facet normal 0.39431307546131555 0.9189761686356392 0
    outer loop
      vertex 16.991051872074603 9.704480696022472 1.65
      vertex 16.991051872074603 9.704480696022472 2
      vertex 17.00191074311733 9.699821386039218 1.65
    endloop
  endfacet
  facet normal 0.3765924322696278 0.9263790476674468 0
    outer loop
      vertex 16.979892832040786 9.709017078876457 1.65
      vertex 16.979892832040786 9.709017078876457 2
      vertex 16.991051872074603 9.704480696022472 1.65
    endloop
  endfacet
  facet normal 0.41257393558638983 0.9109241174075683 0
    outer loop
      vertex 17.00191074311733 9.699821386039218 1.65
      vertex 17.00191074311733 9.699821386039218 2
      vertex 17.012469452619552 9.695039156377277 1.65
    endloop
  endfacet
  facet normal 0.43137638824810554 0.9021720521397343 0
    outer loop
      vertex 17.012469452619552 9.695039156377277 1.65
      vertex 17.012469452619552 9.695039156377277 2
      vertex 17.022728000581264 9.690133999586067 1.65
    endloop
  endfacet
  facet normal 0.4542196423564362 0.8908897330745209 0
    outer loop
      vertex 17.022728000581264 9.690133999586067 1.65
      vertex 17.022728000581264 9.690133999586067 2
      vertex 17.03266505599022 9.685067597329578 1.65
    endloop
  endfacet
  facet normal 0.481725996363018 0.8763218954402872 0
    outer loop
      vertex 17.03266505599022 9.685067597329578 1.65
      vertex 17.03266505599022 9.685067597329578 2
      vertex 17.042254057526588 9.67979639351364 1.65
    endloop
  endfacet
  facet normal 0.5097945949907865 0.8602961530299783 0
    outer loop
      vertex 17.042254057526588 9.67979639351364 1.65
      vertex 17.042254057526588 9.67979639351364 2
      vertex 17.051495020091533 9.674320380687675 1.65
    endloop
  endfacet
  facet normal 0.5383382178254517 0.8427288788385721 0
    outer loop
      vertex 17.051495020091533 9.674320380687675 1.65
      vertex 17.051495020091533 9.674320380687675 2
      vertex 17.060387928783893 9.66863955885168 1.65
    endloop
  endfacet
  facet normal -0.2869804107776757 -0.9579364508305739 0
    outer loop
      vertex 16.979923409223556 9.924073513150176 1.65
      vertex 16.99087533056736 9.92079251587387 1.65
      vertex 16.99087533056736 9.92079251587387 2
    endloop
  endfacet
  facet normal -0.29538121120217015 -0.9553794743811167 0
    outer loop
      vertex 16.99087533056736 9.92079251587387 1.65
      vertex 17.00175220966339 9.917429636716804 1.65
      vertex 17.00175220966339 9.917429636716804 2
    endloop
  endfacet
  facet normal -0.3038297524064254 -0.9527263413764995 0
    outer loop
      vertex 17.00175220966339 9.917429636716804 1.65
      vertex 17.01255405396223 9.913984868228397 1.65
      vertex 17.01255405396223 9.913984868228397 2
    endloop
  endfacet
  facet normal -0.3123231142155213 -0.9499759324986703 0
    outer loop
      vertex 17.01255405396223 9.913984868228397 1.65
      vertex 17.023280848562717 9.91045822530981 1.65
      vertex 17.023280848562717 9.91045822530981 2
    endloop
  endfacet
  facet normal -0.3208605301904546 -0.9471264541579969 0
    outer loop
      vertex 17.023280848562717 9.91045822530981 1.65
      vertex 17.033932608366012 9.906849700510463 1.65
      vertex 17.033932608366012 9.906849700510463 2
    endloop
  endfacet
  facet normal -0.3294407173920489 -0.9441762619999574 0
    outer loop
      vertex 17.033932608366012 9.906849700510463 1.65
      vertex 17.044509325921535 9.903159286379775 1.65
      vertex 17.044509325921535 9.903159286379775 2
    endloop
  endfacet
  facet normal -0.33805975165346663 -0.9411246486581872 0
    outer loop
      vertex 17.044509325921535 9.903159286379775 1.65
      vertex 17.055011001229285 9.899386997818908 1.65
      vertex 17.055011001229285 9.899386997818908 2
    endloop
  endfacet
  facet normal -0.3479302773838834 -0.9375204115535692 0
    outer loop
      vertex 17.055011001229285 9.899386997818908 1.65
      vertex 17.065423955023288 9.895522567927799 1.65
      vertex 17.065423955023288 9.895522567927799 2
    endloop
  endfacet
  facet normal -0.35907655954093665 -0.9333081079623408 0
    outer loop
      vertex 17.065423955023288 9.895522567927799 1.65
      vertex 17.075734500586986 9.891555737256965 1.65
      vertex 17.075734500586986 9.891555737256965 2
    endloop
  endfacet
  facet normal -0.3702904451572935 -0.9289160275424325 0
    outer loop
      vertex 17.075734500586986 9.891555737256965 1.65
      vertex 17.08594265282154 9.887486498355827 1.65
      vertex 17.08594265282154 9.887486498355827 2
    endloop
  endfacet
  facet normal -0.3815669948869419 -0.9243411861498699 0
    outer loop
      vertex 17.08594265282154 9.887486498355827 1.65
      vertex 17.09604839682579 9.883314858674964 1.65
      vertex 17.09604839682579 9.883314858674964 2
    endloop
  endfacet
  facet normal -0.39290115964871847 -0.919580708120115 0
    outer loop
      vertex 17.09604839682579 9.883314858674964 1.65
      vertex 17.106051740050315 9.879040818214378 1.65
      vertex 17.106051740050315 9.879040818214378 2
    endloop
  endfacet
  facet normal -0.4042885615235738 -0.9146314880984578 0
    outer loop
      vertex 17.106051740050315 9.879040818214378 1.65
      vertex 17.115952682495116 9.874664369523487 1.65
      vertex 17.115952682495116 9.874664369523487 2
    endloop
  endfacet
  facet normal -0.41572230099146107 -0.9094915988937804 0
    outer loop
      vertex 17.115952682495116 9.874664369523487 1.65
      vertex 17.125751216709613 9.870185527503452 1.65
      vertex 17.125751216709613 9.870185527503452 2
    endloop
  endfacet
  facet normal -0.42719821292996846 -0.9041579988417076 0
    outer loop
      vertex 17.125751216709613 9.870185527503452 1.65
      vertex 17.135447357594966 9.865604277253112 1.65
      vertex 17.135447357594966 9.865604277253112 2
    endloop
  endfacet
  facet normal -0.4387097282397823 -0.8986288301338747 0
    outer loop
      vertex 17.135447357594966 9.865604277253112 1.65
      vertex 17.145041090250015 9.860920626223049 1.65
      vertex 17.145041090250015 9.860920626223049 2
    endloop
  endfacet
  facet normal -0.45025047191789314 -0.8929022973078938 0
    outer loop
      vertex 17.145041090250015 9.860920626223049 1.65
      vertex 17.15453242212534 9.856134574413261 1.65
      vertex 17.15453242212534 9.856134574413261 2
    endloop
  endfacet
  facet normal -0.46181463775756865 -0.8869764598639841 0
    outer loop
      vertex 17.15453242212534 9.856134574413261 1.65
      vertex 17.16392134577036 9.851246121823749 1.65
      vertex 17.16392134577036 9.851246121823749 2
    endloop
  endfacet
  facet normal -0.4733953353119395 -0.8808500760656698 0
    outer loop
      vertex 17.16392134577036 9.851246121823749 1.65
      vertex 17.173207876086234 9.846255261003932 1.65
      vertex 17.173207876086234 9.846255261003932 2
    endloop
  endfacet
  facet normal -0.4849858545888744 -0.8745219956345862 0
    outer loop
      vertex 17.173207876086234 9.846255261003932 1.65
      vertex 17.182391998171806 9.841161999404392 1.65
      vertex 17.182391998171806 9.841161999404392 2
    endloop
  endfacet
  facet normal -0.5006788620992514 -0.8656331076426079 0
    outer loop
      vertex 17.182391998171806 9.841161999404392 1.65
      vertex 17.191435393691062 9.835931334197483 1.65
      vertex 17.191435393691062 9.835931334197483 2
    endloop
  endfacet
  facet normal -0.5210581518191553 -0.8535211786609669 0
    outer loop
      vertex 17.191435393691062 9.835931334197483 1.65
      vertex 17.200294506549834 9.83052301734682 1.65
      vertex 17.200294506549834 9.83052301734682 2
    endloop
  endfacet
  facet normal -0.5413941584838218 -0.8407689130549454 0
    outer loop
      vertex 17.200294506549834 9.83052301734682 1.65
      vertex 17.208969336748122 9.824937056302986 1.65
      vertex 17.208969336748122 9.824937056302986 2
    endloop
  endfacet
  facet normal -0.5616451866600555 -0.8273781990731878 0
    outer loop
      vertex 17.208969336748122 9.824937056302986 1.65
      vertex 17.217459884285926 9.819173458516559 1.65
      vertex 17.217459884285926 9.819173458516559 2
    endloop
  endfacet
  facet normal -0.581770296779907 -0.8133531347358408 0
    outer loop
      vertex 17.217459884285926 9.819173458516559 1.65
      vertex 17.225766141712665 9.81323220908638 1.65
      vertex 17.225766141712665 9.81323220908638 2
    endloop
  endfacet
  facet normal -0.6556671361669683 0.7550500689031201 0
    outer loop
      vertex 17.229156990349292 9.162141460478267 1.65
      vertex 17.229156990349292 9.162141460478267 2
      vertex 17.253084336221217 9.182919386327228 1.65
    endloop
  endfacet
  facet normal -0.7092281082407758 0.7049790709526137 0
    outer loop
      vertex 17.253084336221217 9.182919386327228 1.65
      vertex 17.253084336221217 9.182919386327228 2
      vertex 17.274931047856807 9.204897772073707 1.65
    endloop
  endfacet
  facet normal -0.7609007569405706 0.6488682748349365 0
    outer loop
      vertex 17.274931047856807 9.204897772073707 1.65
      vertex 17.274931047856807 9.204897772073707 2
      vertex 17.29469711780548 9.228076617717704 1.65
    endloop
  endfacet
  facet normal -0.8094457001408492 0.5871947364575831 0
    outer loop
      vertex 17.29469711780548 9.228076617717704 1.65
      vertex 17.29469711780548 9.228076617717704 2
      vertex 17.312382553517818 9.25245592325922 1.65
    endloop
  endfacet
  facet normal -0.8536868487086257 0.520786678345305 0
    outer loop
      vertex 17.312382553517818 9.25245592325922 1.65
      vertex 17.312382553517818 9.25245592325922 2
      vertex 17.32798734009266 9.278035688698253 1.65
    endloop
  endfacet
  facet normal -0.8926328869788467 0.4507843487564863 0
    outer loop
      vertex 17.32798734009266 9.278035688698253 1.65
      vertex 17.32798734009266 9.278035688698253 2
      vertex 17.341511499881744 9.304815921485385 1.65
    endloop
  endfacet
  facet normal -0.9255833098658358 0.37854396904164805 0
    outer loop
      vertex 17.341511499881744 9.304815921485385 1.65
      vertex 17.341511499881744 9.304815921485385 2
      vertex 17.352955010533332 9.332796614170036 1.65
    endloop
  endfacet
  facet normal -0.9521879429763063 0.30551288229884915 0
    outer loop
      vertex 17.352955010533332 9.332796614170036 1.65
      vertex 17.352955010533332 9.332796614170036 2
      vertex 17.362317886948585 9.361977766752204 1.65
    endloop
  endfacet
  facet normal -0.9724552043451788 0.23308984435615493 0
    outer loop
      vertex 17.362317886948585 9.361977766752204 1.65
      vertex 17.362317886948585 9.361977766752204 2
      vertex 17.36960012167692 9.392359386682472 1.65
    endloop
  endfacet
  facet normal -0.986706630110275 0.16251161834288969 0
    outer loop
      vertex 17.36960012167692 9.392359386682472 1.65
      vertex 17.36960012167692 9.392359386682472 2
      vertex 17.37480172216892 9.423941459059677 1.65
    endloop
  endfacet
  facet normal -0.9954988763768277 0.09477334610782474 0
    outer loop
      vertex 17.37480172216892 9.423941459059677 1.65
      vertex 17.37480172216892 9.423941459059677 2
      vertex 17.377922680974006 9.45672399878498 1.65
    endloop
  endfacet
  facet normal -0.999531755208779 0.030598534756707096 0
    outer loop
      vertex 17.377922680974006 9.45672399878498 1.65
      vertex 17.377922680974006 9.45672399878498 2
      vertex 17.378962998092174 9.490706998407802 1.65
    endloop
  endfacet
  facet normal -0.9999411808741029 -0.010845957408392082 0
    outer loop
      vertex 17.378962998092174 9.490706998407802 1.65
      vertex 17.378962998092174 9.490706998407802 2
      vertex 17.378816340863704 9.504228036403617 1.65
    endloop
  endfacet
  facet normal -0.9994489359030174 -0.03319374221635924 0
    outer loop
      vertex 17.378816340863704 9.504228036403617 1.65
      vertex 17.378816340863704 9.504228036403617 2
      vertex 17.378376346826553 9.51747606277462 1.65
    endloop
  endfacet
  facet normal -0.9984067356704938 -0.05642685679522808 0
    outer loop
      vertex 17.37764303833246 9.53045109242197 1.65
      vertex 17.378376346826553 9.51747606277462 1.65
      vertex 17.378376346826553 9.51747606277462 2
    endloop
  endfacet
  facet normal -0.9967495431435254 -0.08056269759121494 0
    outer loop
      vertex 17.37661639302969 9.543153102993926 1.65
      vertex 17.37764303833246 9.53045109242197 1.65
      vertex 17.37764303833246 9.53045109242197 2
    endloop
  endfacet
  facet normal -0.9098733753482835 -0.41488605764995484 0
    outer loop
      vertex 17.34172425121069 9.67459066539999 1.65
      vertex 17.346100290119647 9.664993714094123 1.65
      vertex 17.346100290119647 9.664993714094123 2
    endloop
  endfacet
  facet normal -0.9944080499491605 -0.10560601401581184 0
    outer loop
      vertex 17.375296433269977 9.555582116842231 1.65
      vertex 17.37661639302969 9.543153102993926 1.65
      vertex 17.37661639302969 9.543153102993926 2
    endloop
  endfacet
  facet normal -0.9913079723345064 -0.13156178771227356 0
    outer loop
      vertex 17.375296433269977 9.555582116842231 1.65
      vertex 17.375296433269977 9.555582116842231 2
      vertex 17.373683144152164 9.567738126516304 1.65
    endloop
  endfacet
  facet normal -0.9825167995738261 -0.18617394703665235 0
    outer loop
      vertex 17.37177652567625 9.579621124565563 1.65
      vertex 17.37177652567625 9.579621124565563 2
      vertex 17.369576585292815 9.59123111844059 1.65
    endloop
  endfacet
  facet normal -0.9766602899927308 -0.21478984601538975 0
    outer loop
      vertex 17.36708332300186 9.602568108141384 1.65
      vertex 17.369576585292815 9.59123111844059 1.65
      vertex 17.369576585292815 9.59123111844059 2
    endloop
  endfacet
  facet normal -0.9873713319195061 -0.15842301885616386 0
    outer loop
      vertex 17.37177652567625 9.579621124565563 1.65
      vertex 17.373683144152164 9.567738126516304 1.65
      vertex 17.373683144152164 9.567738126516304 2
    endloop
  endfacet
  facet normal -0.969716244934016 -0.24423432254921024 0
    outer loop
      vertex 17.36708332300186 9.602568108141384 1.65
      vertex 17.36708332300186 9.602568108141384 2
      vertex 17.364296731352805 9.613632086217365 1.65
    endloop
  endfacet
  facet normal -0.952227045571775 -0.3053909849384044 0
    outer loop
      vertex 17.357843567430972 9.63494103729721 1.65
      vertex 17.36121681034565 9.624423067569694 1.65
      vertex 17.36121681034565 9.624423067569694 2
    endloop
  endfacet
  facet normal -0.9615996244016833 -0.2744561209930312 0
    outer loop
      vertex 17.36121681034565 9.624423067569694 1.65
      vertex 17.364296731352805 9.613632086217365 1.65
      vertex 17.364296731352805 9.613632086217365 2
    endloop
  endfacet
  facet normal -0.9208286584591218 -0.3899674111517193 0
    outer loop
      vertex 17.35025120973587 9.655192162394485 1.65
      vertex 17.35025120973587 9.655192162394485 2
      vertex 17.346100290119647 9.664993714094123 1.65
    endloop
  endfacet
  facet normal -0.9309159927419723 -0.3652333698571749 0
    outer loop
      vertex 17.35025120973587 9.655192162394485 1.65
      vertex 17.354177002608775 9.645186002850494 1.65
      vertex 17.354177002608775 9.645186002850494 2
    endloop
  endfacet
  facet normal -0.9415190650196755 -0.3369597159965505 0
    outer loop
      vertex 17.354177002608775 9.645186002850494 1.65
      vertex 17.357843567430972 9.63494103729721 1.65
      vertex 17.357843567430972 9.63494103729721 2
    endloop
  endfacet
  facet normal -0.6214629817429758 -0.7834435284837893 0
    outer loop
      vertex 17.23388811647892 9.807113315463027 1.65
      vertex 17.24182580858469 9.800816777646503 1.65
      vertex 17.24182580858469 9.800816777646503 2
    endloop
  endfacet
  facet normal -0.6409444985916667 -0.7675872261346439 0
    outer loop
      vertex 17.24182580858469 9.800816777646503 1.65
      vertex 17.249579218029975 9.794342588186225 1.65
      vertex 17.249579218029975 9.794342588186225 2
    endloop
  endfacet
  facet normal -0.6601240895177624 -0.7511565658625006 0
    outer loop
      vertex 17.249579218029975 9.794342588186225 1.65
      vertex 17.257148344814777 9.787690761983356 1.65
      vertex 17.257148344814777 9.787690761983356 2
    endloop
  endfacet
  facet normal -0.6789614250081857 -0.7341739462490166 0
    outer loop
      vertex 17.257148344814777 9.787690761983356 1.65
      vertex 17.264533181488513 9.780861291587314 1.65
      vertex 17.264533181488513 9.780861291587314 2
    endloop
  endfacet
  facet normal -0.7900333210778161 -0.6130639049779039 0
    outer loop
      vertex 17.298611444234847 9.744000564813575 1.65
      vertex 17.304788482189178 9.736040439009628 1.65
      vertex 17.304788482189178 9.736040439009628 2
    endloop
  endfacet
  facet normal -0.7154458619453706 -0.6986681749051159 0
    outer loop
      vertex 17.271733742952346 9.77385416954752 1.65
      vertex 17.278750014305114 9.766669410765132 1.65
      vertex 17.278750014305114 9.766669410765132 2
    endloop
  endfacet
  facet normal -0.7330186041842223 -0.6802085900073702 0
    outer loop
      vertex 17.278750014305114 9.766669410765132 1.65
      vertex 17.285582002997398 9.759307000338993 1.65
      vertex 17.285582002997398 9.759307000338993 2
    endloop
  endfacet
  facet normal -0.697414794634443 -0.7166677083732723 0
    outer loop
      vertex 17.264533181488513 9.780861291587314 1.65
      vertex 17.271733742952346 9.77385416954752 1.65
      vertex 17.271733742952346 9.77385416954752 2
    endloop
  endfacet
  facet normal -0.7515778920006652 -0.6596443528567775 0
    outer loop
      vertex 17.29220928698778 9.75175608277317 1.65
      vertex 17.29220928698778 9.75175608277317 2
      vertex 17.285582002997398 9.759307000338993 1.65
    endloop
  endfacet
  facet normal -0.7711850760787177 -0.6366110102986459 0
    outer loop
      vertex 17.29220928698778 9.75175608277317 1.65
      vertex 17.298611444234847 9.744000564813575 1.65
      vertex 17.298611444234847 9.744000564813575 2
    endloop
  endfacet
  facet normal -0.6017238614499573 -0.7987041971604711 0
    outer loop
      vertex 17.225766141712665 9.81323220908638 1.65
      vertex 17.23388811647892 9.807113315463027 1.65
      vertex 17.23388811647892 9.807113315463027 2
    endloop
  endfacet
  facet normal -0.8570872013799897 -0.515171359093862 0
    outer loop
      vertex 17.32196884304285 9.710932444333991 1.65
      vertex 17.327245381474494 9.702153902053794 1.65
      vertex 17.327245381474494 9.702153902053794 2
    endloop
  endfacet
  facet normal -0.808079846312395 -0.5890729683016663 0
    outer loop
      vertex 17.304788482189178 9.736040439009628 1.65
      vertex 17.31074039340019 9.727875712811908 1.65
      vertex 17.31074039340019 9.727875712811908 2
    endloop
  endfacet
  facet normal -0.8252889697608132 -0.5647106483776761 0
    outer loop
      vertex 17.31074039340019 9.727875712811908 1.65
      vertex 17.31646717786789 9.719506378769836 1.65
      vertex 17.31646717786789 9.719506378769836 2
    endloop
  endfacet
  facet normal -0.8416313809580203 -0.5400524220727982 0
    outer loop
      vertex 17.31646717786789 9.719506378769836 1.65
      vertex 17.32196884304285 9.710932444333991 1.65
      vertex 17.32196884304285 9.710932444333991 2
    endloop
  endfacet
  facet normal -0.871641944918313 -0.49014316261580215 0
    outer loop
      vertex 17.327245381474494 9.702153902053794 1.65
      vertex 17.332296793162822 9.693170766830406 1.65
      vertex 17.332296793162822 9.693170766830406 2
    endloop
  endfacet
  facet normal -0.8852898799265965 -0.4650395988510574 0
    outer loop
      vertex 17.332296793162822 9.693170766830406 1.65
      vertex 17.337123085558414 9.683983016312084 1.65
      vertex 17.337123085558414 9.683983016312084 2
    endloop
  endfacet
  facet normal -0.8980313373733751 -0.43993149136585713 0
    outer loop
      vertex 17.337123085558414 9.683983016312084 1.65
      vertex 17.34172425121069 9.67459066539999 1.65
      vertex 17.34172425121069 9.67459066539999 2
    endloop
  endfacet
  facet normal 0.37808318533933755 0.9257716267868984 0
    outer loop
      vertex 16.93774480074644 10.490330334305725 1.65
      vertex 16.93774480074644 10.490330334305725 2
      vertex 16.955460508167743 10.483095276653728 1.65
    endloop
  endfacet
  facet normal 0.42656415848707385 0.9044573061754848 0
    outer loop
      vertex 16.955460508167743 10.483095276653728 1.65
      vertex 16.955460508167743 10.483095276653728 2
      vertex 16.97226224541664 10.475171166956386 1.65
    endloop
  endfacet
  facet normal 0.4765955682342911 0.8791226674016734 0
    outer loop
      vertex 16.97226224541664 10.475171166956386 1.65
      vertex 16.97226224541664 10.475171166956386 2
      vertex 16.98814999759197 10.466557997763118 1.65
    endloop
  endfacet
  facet normal 0.5287485977055874 0.8487784872535207 0
    outer loop
      vertex 16.98814999759197 10.466557997763118 1.65
      vertex 16.98814999759197 10.466557997763118 2
      vertex 17.003198724985122 10.457183356881103 1.65
    endloop
  endfacet
  facet normal 0.5816333306465287 0.8134510856105768 0
    outer loop
      vertex 17.003198724985122 10.457183356881103 1.65
      vertex 17.003198724985122 10.457183356881103 2
      vertex 17.017483350634574 10.446969572007617 1.65
    endloop
  endfacet
  facet normal 0.7279131750156979 0.6856693150772945 0
    outer loop
      vertex 17.043760319054126 10.424024600088558 1.65
      vertex 17.043760319054126 10.424024600088558 2
      vertex 17.055752661824226 10.411293413042984 1.65
    endloop
  endfacet
  facet normal 0.7704602455929321 0.6374880469160803 0
    outer loop
      vertex 17.055752661824226 10.411293413042984 1.65
      vertex 17.055752661824226 10.411293413042984 2
      vertex 17.066980910301208 10.39772308945652 1.65
    endloop
  endfacet
  facet normal 0.6329174020790845 0.7742193243167355 0
    outer loop
      vertex 17.017483350634574 10.446969572007617 1.65
      vertex 17.017483350634574 10.446969572007617 2
      vertex 17.03100388199091 10.435916658043823 1.65
    endloop
  endfacet
  facet normal 0.6818906383266891 0.7314541389331395 0
    outer loop
      vertex 17.03100388199091 10.435916658043823 1.65
      vertex 17.03100388199091 10.435916658043823 2
      vertex 17.043760319054126 10.424024600088558 1.65
    endloop
  endfacet
  facet normal 0.28707154195648393 0.9579091448559862 0
    outer loop
      vertex 16.899571453034877 10.502733293473682 1.65
      vertex 16.899571453034877 10.502733293473682 2
      vertex 16.91911511570215 10.496876339912376 1.65
    endloop
  endfacet
  facet normal 0.331505855781029 0.9434531613084391 0
    outer loop
      vertex 16.91911511570215 10.496876339912376 1.65
      vertex 16.91911511570215 10.496876339912376 2
      vertex 16.93774480074644 10.490330334305725 1.65
    endloop
  endfacet
  facet normal -0.1597451283043141 -0.9871582922627141 0
    outer loop
      vertex 16.906187061965465 10.678251754045448 1.65
      vertex 16.940273274481296 10.672735813558063 1.65
      vertex 16.940273274481296 10.672735813558063 2
    endloop
  endfacet
  facet normal -0.19640410341390438 -0.9805230380578421 0
    outer loop
      vertex 16.940273274481296 10.672735813558063 1.65
      vertex 16.97281781286001 10.666216965317687 1.65
      vertex 16.97281781286001 10.666216965317687 2
    endloop
  endfacet
  facet normal -0.2357747750834762 -0.9718077255477734 0
    outer loop
      vertex 16.97281781286001 10.666216965317687 1.65
      vertex 17.00382067710161 10.658695216774902 1.65
      vertex 17.00382067710161 10.658695216774902 2
    endloop
  endfacet
  facet normal -0.27794970556129306 -0.9605956283360811 0
    outer loop
      vertex 17.00382067710161 10.658695216774902 1.65
      vertex 17.033281882107257 10.650170575380287 1.65
      vertex 17.033281882107257 10.650170575380287 2
    endloop
  endfacet
  facet normal -0.3229632407546684 -0.9464115093981276 0
    outer loop
      vertex 17.033281882107257 10.650170575380287 1.65
      vertex 17.061201412975787 10.64064302623268 1.65
      vertex 17.061201412975787 10.64064302623268 2
    endloop
  endfacet
  facet normal 0.9005458246483709 0.4347611041806586 0
    outer loop
      vertex 17.09608108997345 10.35197729945179 1.65
      vertex 17.09608108997345 10.35197729945179 2
      vertex 17.10425296127796 10.335050429701766 1.65
    endloop
  endfacet
  facet normal 0.9571966256497992 0.28943845605696245 0
    outer loop
      vertex 17.118304413557052 10.298679280579051 1.65
      vertex 17.118304413557052 10.298679280579051 2
      vertex 17.12418400198221 10.27923500120636 1.65
    endloop
  endfacet
  facet normal 0.9417581221730921 0.33629100392518885 0
    outer loop
      vertex 17.111660730838775 10.317284423410854 1.65
      vertex 17.111660730838775 10.317284423410854 2
      vertex 17.118304413557052 10.298679280579051 1.65
    endloop
  endfacet
  facet normal 0.9229797475606216 0.3848485229189937 0
    outer loop
      vertex 17.10425296127796 10.335050429701766 1.65
      vertex 17.10425296127796 10.335050429701766 2
      vertex 17.111660730838775 10.317284423410854 1.65
    endloop
  endfacet
  facet normal 0.8437515141993135 0.5367339958362668 0
    outer loop
      vertex 17.077445064485072 10.383313629329166 1.65
      vertex 17.077445064485072 10.383313629329166 2
      vertex 17.08714512437582 10.368065032660922 1.65
    endloop
  endfacet
  facet normal 0.8091486564150134 0.5876039923466982 0
    outer loop
      vertex 17.066980910301208 10.39772308945652 1.65
      vertex 17.066980910301208 10.39772308945652 2
      vertex 17.077445064485072 10.383313629329166 1.65
    endloop
  endfacet
  facet normal 0.8741956586170972 0.4855738362546109 0
    outer loop
      vertex 17.09608108997345 10.35197729945179 1.65
      vertex 17.08714512437582 10.368065032660922 1.65
      vertex 17.08714512437582 10.368065032660922 2
    endloop
  endfacet
  facet normal -0.17289941923365718 0.9849394858714234 0
    outer loop
      vertex 17.12418400198221 10.27923500120636 1.65
      vertex 17.12418400198221 10.27923500120636 2
      vertex 17.340917003154754 10.31728100359436 1.65
    endloop
  endfacet
  facet normal -0.4211789189331804 -0.9069775731771307 0
    outer loop
      vertex 17.087579277157783 10.630112584233245 1.65
      vertex 17.112415474653243 10.6185792419314 1.65
      vertex 17.112415474653243 10.6185792419314 2
    endloop
  endfacet
  facet normal -0.47389577881101336 -0.8805809393946153 0
    outer loop
      vertex 17.112415474653243 10.6185792419314 1.65
      vertex 17.13570999801159 10.606042999327144 1.65
      vertex 17.13570999801159 10.606042999327144 2
    endloop
  endfacet
  facet normal -0.3707621882853386 -0.9287278394329888 0
    outer loop
      vertex 17.061201412975787 10.64064302623268 1.65
      vertex 17.087579277157783 10.630112584233245 1.65
      vertex 17.087579277157783 10.630112584233245 2
    endloop
  endfacet
  facet normal -0.5296577566233078 -0.8482114481948263 0
    outer loop
      vertex 17.13570999801159 10.606042999327144 1.65
      vertex 17.157715339958667 10.592301968038043 1.65
      vertex 17.157715339958667 10.592301968038043 2
    endloop
  endfacet
  facet normal -0.5857168545826063 -0.810515740906898 0
    outer loop
      vertex 17.157715339958667 10.592301968038043 1.65
      vertex 17.178683985769748 10.577149036824665 1.65
      vertex 17.178683985769748 10.577149036824665 2
    endloop
  endfacet
  facet normal -0.689278563612403 -0.7244964194144939 0
    outer loop
      vertex 17.19861593544483 10.560584198236427 1.65
      vertex 17.217511181533336 10.54260745227333 1.65
      vertex 17.217511181533336 10.54260745227333 2
    endloop
  endfacet
  facet normal -0.6391563867516316 -0.7690767928331986 0
    outer loop
      vertex 17.178683985769748 10.577149036824665 1.65
      vertex 17.19861593544483 10.560584198236427 1.65
      vertex 17.19861593544483 10.560584198236427 2
    endloop
  endfacet
  facet normal -0.8151351035038717 -0.5792708891664866 0
    outer loop
      vertex 17.252191585302352 10.502418245673141 1.65
      vertex 17.267976742982864 10.480205777585468 1.65
      vertex 17.267976742982864 10.480205777585468 2
    endloop
  endfacet
  facet normal -0.9017898464753052 -0.43217481739921565 0
    outer loop
      vertex 17.296436955034732 10.431545141637287 1.65
      vertex 17.30911200940609 10.405096966326198 1.65
      vertex 17.30911200940609 10.405096966326198 2
    endloop
  endfacet
  facet normal -0.8482688440712945 -0.5295658298813752 0
    outer loop
      vertex 17.267976742982864 10.480205777585468 1.65
      vertex 17.282725197076797 10.456581417024097 1.65
      vertex 17.282725197076797 10.456581417024097 2
    endloop
  endfacet
  facet normal -0.8770753591114937 -0.48035280205224634 0
    outer loop
      vertex 17.282725197076797 10.456581417024097 1.65
      vertex 17.296436955034732 10.431545141637287 1.65
      vertex 17.296436955034732 10.431545141637287 2
    endloop
  endfacet
  facet normal -0.9546901150919 -0.29760172067011764 0
    outer loop
      vertex 17.33135203719139 10.347964893579444 1.65
      vertex 17.340917003154754 10.31728100359436 1.65
      vertex 17.340917003154754 10.31728100359436 2
    endloop
  endfacet
  facet normal -0.922723802998536 -0.38546177940221116 0
    outer loop
      vertex 17.30911200940609 10.405096966326198 1.65
      vertex 17.32075037509203 10.37723688364025 1.65
      vertex 17.32075037509203 10.37723688364025 2
    endloop
  endfacet
  facet normal -0.9402331187549865 -0.34053147049321475 0
    outer loop
      vertex 17.33135203719139 10.347964893579444 1.65
      vertex 17.33135203719139 10.347964893579444 2
      vertex 17.32075037509203 10.37723688364025 1.65
    endloop
  endfacet
  facet normal -0.7355341449227525 -0.6774876542437915 0
    outer loop
      vertex 17.217511181533336 10.54260745227333 1.65
      vertex 17.235369731485843 10.523218798935375 1.65
      vertex 17.235369731485843 10.523218798935375 2
    endloop
  endfacet
  facet normal -0.7775498755765076 -0.628821271102495 0
    outer loop
      vertex 17.235369731485843 10.523218798935375 1.65
      vertex 17.252191585302352 10.502418245673141 1.65
      vertex 17.252191585302352 10.502418245673141 2
    endloop
  endfacet
  facet normal 0.2171013902244784 -0.9761490594999305 0
    outer loop
      vertex 16.892204013466834 9.206573325693569 1.65
      vertex 16.917522241175174 9.212204250991306 2
      vertex 16.892204013466834 9.206573325693569 2
    endloop
  endfacet
  facet normal 0.25964519350754 -0.9657040817395525 0
    outer loop
      vertex 16.917522241175174 9.212204250991306 1.65
      vertex 16.94168749153614 9.218701470196208 2
      vertex 16.917522241175174 9.212204250991306 2
    endloop
  endfacet
  facet normal 0.304760264118171 -0.9524290952163437 0
    outer loop
      vertex 16.94168749153614 9.218701470196208 1.65
      vertex 16.96469975709915 9.226064983308277 2
      vertex 16.94168749153614 9.218701470196208 2
    endloop
  endfacet
  facet normal 0.35234591061131626 -0.9358698409904459 0
    outer loop
      vertex 16.96469975709915 9.226064983308277 1.65
      vertex 16.986559037864208 9.23429479032751 2
      vertex 16.96469975709915 9.226064983308277 2
    endloop
  endfacet
  facet normal 0.4021952825426646 -0.915553905950068 0
    outer loop
      vertex 16.986559037864208 9.23429479032751 1.65
      vertex 17.00726534128189 9.24339089870449 2
      vertex 16.986559037864208 9.23429479032751 2
    endloop
  endfacet
  facet normal 0.4539720071216044 -0.8910159464061134 0
    outer loop
      vertex 17.00726534128189 9.24339089870449 1.65
      vertex 17.02681865990162 9.253353300988636 2
      vertex 17.00726534128189 9.24339089870449 2
    endloop
  endfacet
  facet normal 0.5071929207316448 -0.8618325482132265 0
    outer loop
      vertex 17.02681865990162 9.253353300988636 1.65
      vertex 17.045219001173972 9.264181997179946 2
      vertex 17.02681865990162 9.253353300988636 2
    endloop
  endfacet
  facet normal 0.5627612980316218 -0.8266194538224734 0
    outer loop
      vertex 17.045219001173972 9.264181997179946 1.65
      vertex 17.062357310950755 9.2758497330546 2
      vertex 17.045219001173972 9.264181997179946 2
    endloop
  endfacet
  facet normal 0.5383382178254517 0.8427288788385721 0
    outer loop
      vertex 17.060387928783893 9.66863955885168 1.65
      vertex 17.051495020091533 9.674320380687675 2
      vertex 17.060387928783893 9.66863955885168 2
    endloop
  endfacet
  facet normal 0.6206141953430783 -0.7841160759343374 0
    outer loop
      vertex 17.062357310950755 9.2758497330546 1.65
      vertex 17.078124564886092 9.28832923948761 2
      vertex 17.062357310950755 9.2758497330546 2
    endloop
  endfacet
  facet normal 0.6783489905196927 -0.734739849920306 0
    outer loop
      vertex 17.078124564886092 9.28832923948761 1.65
      vertex 17.092520748078822 9.301620523929557 2
      vertex 17.078124564886092 9.28832923948761 2
    endloop
  endfacet
  facet normal 0.7346242588436511 -0.6784741692344789 0
    outer loop
      vertex 17.092520748078822 9.301620523929557 1.65
      vertex 17.105545860528945 9.315723586380443 2
      vertex 17.092520748078822 9.301620523929557 2
    endloop
  endfacet
  facet normal 0.787977125373119 -0.6157045150790402 0
    outer loop
      vertex 17.105545860528945 9.315723586380443 1.65
      vertex 17.117199917137622 9.330638419389686 2
      vertex 17.105545860528945 9.315723586380443 2
    endloop
  endfacet
  facet normal 0.8369646963037608 -0.5472568840509487 0
    outer loop
      vertex 17.117199917137622 9.330638419389686 1.65
      vertex 17.127482903003692 9.346365030407867 2
      vertex 17.117199917137622 9.330638419389686 2
    endloop
  endfacet
  facet normal 0.8803235156883614 -0.47437380590214245 0
    outer loop
      vertex 17.127482903003692 9.346365030407867 1.65
      vertex 17.136394825577735 9.362903411984405 2
      vertex 17.127482903003692 9.346365030407867 2
    endloop
  endfacet
  facet normal 0.917122010827076 -0.39860659459735565 0
    outer loop
      vertex 17.136394825577735 9.362903411984405 1.65
      vertex 17.143935684859752 9.380253571569881 2
      vertex 17.136394825577735 9.362903411984405 2
    endloop
  endfacet
  facet normal -0.5474238885938627 0.8368554750951769 0
    outer loop
      vertex 17.20314900279045 9.142564001977405 1.65
      vertex 17.175254014134406 9.12431666582819 2
      vertex 17.20314900279045 9.142564001977405 2
    endloop
  endfacet
  facet normal -0.6014041534038508 0.7989449569705023 0
    outer loop
      vertex 17.229156990349292 9.162141460478267 1.65
      vertex 17.20314900279045 9.142564001977405 2
      vertex 17.229156990349292 9.162141460478267 2
    endloop
  endfacet
  facet normal 0.9468563325627175 -0.3216567821232448 0
    outer loop
      vertex 17.143935684859752 9.380253571569881 1.65
      vertex 17.150105480849742 9.398415509164295 2
      vertex 17.143935684859752 9.380253571569881 2
    endloop
  endfacet
  facet normal 0.5964099288810096 0.8026800089276853 0
    outer loop
      vertex 17.0771296069026 9.656663517951927 1.65
      vertex 17.068932791054248 9.662753942906818 2
      vertex 17.0771296069026 9.656663517951927 2
    endloop
  endfacet
  facet normal 0.5672500226707411 0.8235456343033115 0
    outer loop
      vertex 17.068932791054248 9.662753942906818 1.65
      vertex 17.060387928783893 9.66863955885168 2
      vertex 17.068932791054248 9.662753942906818 2
    endloop
  endfacet
  facet normal 0.6256774392949395 0.7800818815722664 0
    outer loop
      vertex 17.084978376328944 9.650368283987007 1.65
      vertex 17.0771296069026 9.656663517951927 2
      vertex 17.084978376328944 9.650368283987007 2
    endloop
  endfacet
  facet normal 0.6548965291295537 0.7557185561662911 0
    outer loop
      vertex 17.092479099333286 9.643868248462638 1.65
      vertex 17.084978376328944 9.650368283987007 2
      vertex 17.092479099333286 9.643868248462638 2
    endloop
  endfacet
  facet normal 0.6838978492185234 0.7295777764119997 0
    outer loop
      vertex 17.099631775915622 9.637163411378822 1.65
      vertex 17.092479099333286 9.643868248462638 2
      vertex 17.099631775915622 9.637163411378822 2
    endloop
  endfacet
  facet normal 0.8237226308729457 0.5669929694341481 0
    outer loop
      vertex 17.13013359606266 9.600492197573146 1.65
      vertex 17.12476200312376 9.60829600274559 2
      vertex 17.13013359606266 9.600492197573146 2
    endloop
  endfacet
  facet normal 0.8553217033930138 0.5180972724352766 0
    outer loop
      vertex 17.13507546931505 9.592333707511386 1.65
      vertex 17.13013359606266 9.600492197573146 2
      vertex 17.13507546931505 9.592333707511386 2
    endloop
  endfacet
  facet normal 0.8835663726648794 0.4683059524454367 0
    outer loop
      vertex 17.139587607979774 9.58382052510973 1.65
      vertex 17.13507546931505 9.592333707511386 2
      vertex 17.139587607979774 9.58382052510973 2
    endloop
  endfacet
  facet normal 0.9083658293316206 0.41817642222234036 0
    outer loop
      vertex 17.143670026957988 9.574952665269336 1.65
      vertex 17.139587607979774 9.58382052510973 2
      vertex 17.143670026957988 9.574952665269336 2
    endloop
  endfacet
  facet normal 0.7125005039482586 0.7016715983089793 0
    outer loop
      vertex 17.106436406075954 9.630253765284976 1.65
      vertex 17.099631775915622 9.637163411378822 2
      vertex 17.106436406075954 9.630253765284976 2
    endloop
  endfacet
  facet normal 0.7405153929550804 0.6720393982472925 0
    outer loop
      vertex 17.1128929823637 9.623139310181102 1.65
      vertex 17.106436406075954 9.630253765284976 2
      vertex 17.1128929823637 9.623139310181102 2
    endloop
  endfacet
  facet normal 0.7677487605570775 0.6407509973952996 0
    outer loop
      vertex 17.119001512229442 9.61582006096836 1.65
      vertex 17.1128929823637 9.623139310181102 2
      vertex 17.119001512229442 9.61582006096836 2
    endloop
  endfacet
  facet normal 0.7940114725796534 0.6079027729924334 0
    outer loop
      vertex 17.12476200312376 9.60829600274559 1.65
      vertex 17.119001512229442 9.61582006096836 2
      vertex 17.12476200312376 9.60829600274559 2
    endloop
  endfacet
  facet normal 0.9694740322965485 -0.24519400625356047 0
    outer loop
      vertex 17.150105480849742 9.398415509164295 1.65
      vertex 17.154904206097125 9.417389217317066 2
      vertex 17.150105480849742 9.398415509164295 2
    endloop
  endfacet
  facet normal 0.9853232879375206 -0.17069861817833737 0
    outer loop
      vertex 17.154904206097125 9.417389217317066 1.65
      vertex 17.158331868052482 9.437174703478775 2
      vertex 17.154904206097125 9.417389217317066 2
    endloop
  endfacet
  facet normal 0.9950521395103936 -0.09935411242514354 0
    outer loop
      vertex 17.158331868052482 9.437174703478775 1.65
      vertex 17.160388466715812 9.457771967649421 2
      vertex 17.158331868052482 9.437174703478775 2
    endloop
  endfacet
  facet normal 0.999487726664717 -0.03200444104489178 0
    outer loop
      vertex 17.160388466715812 9.457771967649421 1.65
      vertex 17.161074002087116 9.479181002378425 2
      vertex 17.160388466715812 9.457771967649421 2
    endloop
  endfacet
  facet normal 0.999841324509676 0.017813640917477704 0
    outer loop
      vertex 17.161074002087116 9.479181002378425 1.65
      vertex 17.16085913479328 9.491241041123828 2
      vertex 17.161074002087116 9.479181002378425 2
    endloop
  endfacet
  facet normal 0.9984872136199464 0.05498439994648835 0
    outer loop
      vertex 17.16085913479328 9.491241041123828 1.65
      vertex 17.160214547812938 9.502946394979915 2
      vertex 17.16085913479328 9.491241041123828 2
    endloop
  endfacet
  facet normal 0.9838862516274143 0.1787955364615022 0
    outer loop
      vertex 17.157636177539825 9.525293048024139 1.65
      vertex 17.155702401697635 9.535934339761695 2
      vertex 17.157636177539825 9.525293048024139 2
    endloop
  endfacet
  facet normal 0.9955507205394735 0.09422718733643218 0
    outer loop
      vertex 17.160214547812938 9.502946394979915 1.65
      vertex 17.159140226244926 9.514297063946685 2
      vertex 17.160214547812938 9.502946394979915 2
    endloop
  endfacet
  facet normal 0.9907746413224697 0.1355197775689274 0
    outer loop
      vertex 17.159140226244926 9.514297063946685 1.65
      vertex 17.157636177539825 9.525293048024139 2
      vertex 17.159140226244926 9.514297063946685 2
    endloop
  endfacet
  facet normal 0.9626540456597856 0.2707345348765973 0
    outer loop
      vertex 17.153338898718356 9.546220954060516 1.65
      vertex 17.15054566860199 9.55615287601944 2
      vertex 17.153338898718356 9.546220954060516 2
    endloop
  endfacet
  facet normal 0.9746052128697525 0.22393007624502903 0
    outer loop
      vertex 17.155702401697635 9.535934339761695 1.65
      vertex 17.153338898718356 9.546220954060516 2
      vertex 17.155702401697635 9.535934339761695 2
    endloop
  endfacet
  facet normal 0.9297344642220393 0.3682306696050151 0
    outer loop
      vertex 17.147322711348533 9.565730113089046 1.65
      vertex 17.143670026957988 9.574952665269336 2
      vertex 17.147322711348533 9.565730113089046 2
    endloop
  endfacet
  facet normal 0.9477725716813882 0.318946942873651 0
    outer loop
      vertex 17.15054566860199 9.55615287601944 1.65
      vertex 17.147322711348533 9.565730113089046 2
      vertex 17.15054566860199 9.55615287601944 2
    endloop
  endfacet
  facet normal 0.2671400966711881 0.9636577031033936 0
    outer loop
      vertex 16.90663510262966 9.733654003143272 1.65
      vertex 16.893374902009963 9.737329925894699 2
      vertex 16.90663510262966 9.733654003143272 2
    endloop
  endfacet
  facet normal 0.2812854309617685 0.9596241484709793 0
    outer loop
      vertex 16.91959513425827 9.729855153262577 1.65
      vertex 16.90663510262966 9.733654003143272 2
      vertex 16.91959513425827 9.729855153262577 2
    endloop
  endfacet
  facet normal 0.29590669806747316 0.9552168476523042 0
    outer loop
      vertex 16.93225500434637 9.725933383703193 1.65
      vertex 16.91959513425827 9.729855153262577 2
      vertex 16.93225500434637 9.725933383703193 2
    endloop
  endfacet
  facet normal 0.31101778686898635 0.9504040910323974 0
    outer loop
      vertex 16.944614712893962 9.721888694465122 1.65
      vertex 16.93225500434637 9.725933383703193 2
      vertex 16.944614712893962 9.721888694465122 2
    endloop
  endfacet
  facet normal 0.3266320121492288 0.9451515902961526 0
    outer loop
      vertex 16.956674244999885 9.717721078097782 1.65
      vertex 16.944614712893962 9.721888694465122 2
      vertex 16.956674244999885 9.717721078097782 2
    endloop
  endfacet
  facet normal 0.34275878848982616 0.9394234470743141 0
    outer loop
      vertex 16.96843362301588 9.713430542051753 1.65
      vertex 16.956674244999885 9.717721078097782 2
      vertex 16.96843362301588 9.713430542051753 2
    endloop
  endfacet
  facet normal 0.3594100122590514 0.9331797485414847 0
    outer loop
      vertex 16.979892832040786 9.709017078876457 1.65
      vertex 16.96843362301588 9.713430542051753 2
      vertex 16.979892832040786 9.709017078876457 2
    endloop
  endfacet
  facet normal -0.2332950069593968 -0.9724060056004462 0
    outer loop
      vertex 16.90119298994541 9.944785352349243 1.65
      vertex 16.9126360014081 9.942039999663791 2
      vertex 16.90119298994541 9.944785352349243 2
    endloop
  endfacet
  facet normal -0.23765541601606588 -0.9713495268121721 0
    outer loop
      vertex 16.9126360014081 9.942039999663791 1.65
      vertex 16.924038168787956 9.939250286221466 2
      vertex 16.9126360014081 9.942039999663791 2
    endloop
  endfacet
  facet normal -0.24574027427552558 -0.9693357094417752 0
    outer loop
      vertex 16.924038168787956 9.939250286221466 1.65
      vertex 16.93536530137062 9.93637869834896 2
      vertex 16.924038168787956 9.939250286221466 2
    endloop
  endfacet
  facet normal -0.25388232529550214 -0.9672351135595465 0
    outer loop
      vertex 16.93536530137062 9.93637869834896 1.65
      vertex 16.946617391705512 9.933425221145114 2
      vertex 16.93536530137062 9.93637869834896 2
    endloop
  endfacet
  facet normal -0.26207780431083466 -0.9650467473068919 0
    outer loop
      vertex 16.946617391705512 9.933425221145114 1.65
      vertex 16.957794439792632 9.930389869511089 2
      vertex 16.946617391705512 9.933425221145114 2
    endloop
  endfacet
  facet normal -0.2703272096170951 -0.9627685078670964 0
    outer loop
      vertex 16.957794439792632 9.930389869511089 1.65
      vertex 16.96889644563198 9.927272635996303 2
      vertex 16.957794439792632 9.930389869511089 2
    endloop
  endfacet
  facet normal -0.2786291627827756 -0.9603987659545223 0
    outer loop
      vertex 16.96889644563198 9.927272635996303 1.65
      vertex 16.979923409223556 9.924073513150176 2
      vertex 16.96889644563198 9.927272635996303 2
    endloop
  endfacet
  facet normal 0.3765924322696278 0.9263790476674468 0
    outer loop
      vertex 16.991051872074603 9.704480696022472 1.65
      vertex 16.979892832040786 9.709017078876457 2
      vertex 16.991051872074603 9.704480696022472 2
    endloop
  endfacet
  facet normal 0.39431307546131555 0.9189761686356392 0
    outer loop
      vertex 17.00191074311733 9.699821386039218 1.65
      vertex 16.991051872074603 9.704480696022472 2
      vertex 17.00191074311733 9.699821386039218 2
    endloop
  endfacet
  facet normal 0.41257393558638983 0.9109241174075683 0
    outer loop
      vertex 17.012469452619552 9.695039156377277 1.65
      vertex 17.00191074311733 9.699821386039218 2
      vertex 17.012469452619552 9.695039156377277 2
    endloop
  endfacet
  facet normal 0.43137638824810554 0.9021720521397343 0
    outer loop
      vertex 17.022728000581264 9.690133999586067 1.65
      vertex 17.012469452619552 9.695039156377277 2
      vertex 17.022728000581264 9.690133999586067 2
    endloop
  endfacet
  facet normal 0.4542196423564362 0.8908897330745209 0
    outer loop
      vertex 17.03266505599022 9.685067597329578 1.65
      vertex 17.022728000581264 9.690133999586067 2
      vertex 17.03266505599022 9.685067597329578 2
    endloop
  endfacet
  facet normal 0.481725996363018 0.8763218954402872 0
    outer loop
      vertex 17.042254057526588 9.67979639351364 1.65
      vertex 17.03266505599022 9.685067597329578 2
      vertex 17.042254057526588 9.67979639351364 2
    endloop
  endfacet
  facet normal 0.5097945949907865 0.8602961530299783 0
    outer loop
      vertex 17.051495020091533 9.674320380687675 1.65
      vertex 17.042254057526588 9.67979639351364 2
      vertex 17.051495020091533 9.674320380687675 2
    endloop
  endfacet
  facet normal -0.2869804107776757 -0.9579364508305739 0
    outer loop
      vertex 16.979923409223556 9.924073513150176 1.65
      vertex 16.99087533056736 9.92079251587387 2
      vertex 16.979923409223556 9.924073513150176 2
    endloop
  endfacet
  facet normal -0.29538121120217015 -0.9553794743811167 0
    outer loop
      vertex 16.99087533056736 9.92079251587387 1.65
      vertex 17.00175220966339 9.917429636716804 2
      vertex 16.99087533056736 9.92079251587387 2
    endloop
  endfacet
  facet normal -0.3038297524064254 -0.9527263413764995 0
    outer loop
      vertex 17.00175220966339 9.917429636716804 1.65
      vertex 17.01255405396223 9.913984868228397 2
      vertex 17.00175220966339 9.917429636716804 2
    endloop
  endfacet
  facet normal -0.3123231142155213 -0.9499759324986703 0
    outer loop
      vertex 17.01255405396223 9.913984868228397 1.65
      vertex 17.023280848562717 9.91045822530981 2
      vertex 17.01255405396223 9.913984868228397 2
    endloop
  endfacet
  facet normal -0.3208605301904546 -0.9471264541579969 0
    outer loop
      vertex 17.023280848562717 9.91045822530981 1.65
      vertex 17.033932608366012 9.906849700510463 2
      vertex 17.023280848562717 9.91045822530981 2
    endloop
  endfacet
  facet normal -0.3294407173920489 -0.9441762619999574 0
    outer loop
      vertex 17.033932608366012 9.906849700510463 1.65
      vertex 17.044509325921535 9.903159286379775 2
      vertex 17.033932608366012 9.906849700510463 2
    endloop
  endfacet
  facet normal -0.33805975165346663 -0.9411246486581872 0
    outer loop
      vertex 17.044509325921535 9.903159286379775 1.65
      vertex 17.055011001229285 9.899386997818908 2
      vertex 17.044509325921535 9.903159286379775 2
    endloop
  endfacet
  facet normal -0.3479302773838834 -0.9375204115535692 0
    outer loop
      vertex 17.055011001229285 9.899386997818908 1.65
      vertex 17.065423955023288 9.895522567927799 2
      vertex 17.055011001229285 9.899386997818908 2
    endloop
  endfacet
  facet normal -0.35907655954093665 -0.9333081079623408 0
    outer loop
      vertex 17.065423955023288 9.895522567927799 1.65
      vertex 17.075734500586986 9.891555737256965 2
      vertex 17.065423955023288 9.895522567927799 2
    endloop
  endfacet
  facet normal -0.3702904451572935 -0.9289160275424325 0
    outer loop
      vertex 17.075734500586986 9.891555737256965 1.65
      vertex 17.08594265282154 9.887486498355827 2
      vertex 17.075734500586986 9.891555737256965 2
    endloop
  endfacet
  facet normal -0.3815669948869419 -0.9243411861498699 0
    outer loop
      vertex 17.08594265282154 9.887486498355827 1.65
      vertex 17.09604839682579 9.883314858674964 2
      vertex 17.08594265282154 9.887486498355827 2
    endloop
  endfacet
  facet normal -0.39290115964871847 -0.919580708120115 0
    outer loop
      vertex 17.09604839682579 9.883314858674964 1.65
      vertex 17.106051740050315 9.879040818214378 2
      vertex 17.09604839682579 9.883314858674964 2
    endloop
  endfacet
  facet normal -0.41572230099146107 -0.9094915988937804 0
    outer loop
      vertex 17.115952682495116 9.874664369523487 1.65
      vertex 17.125751216709613 9.870185527503452 2
      vertex 17.115952682495116 9.874664369523487 2
    endloop
  endfacet
  facet normal -0.42719821292996846 -0.9041579988417076 0
    outer loop
      vertex 17.125751216709613 9.870185527503452 1.65
      vertex 17.135447357594966 9.865604277253112 2
      vertex 17.125751216709613 9.870185527503452 2
    endloop
  endfacet
  facet normal -0.4387097282397823 -0.8986288301338747 0
    outer loop
      vertex 17.135447357594966 9.865604277253112 1.65
      vertex 17.145041090250015 9.860920626223049 2
      vertex 17.135447357594966 9.865604277253112 2
    endloop
  endfacet
  facet normal -0.4042885615235738 -0.9146314880984578 0
    outer loop
      vertex 17.106051740050315 9.879040818214378 1.65
      vertex 17.115952682495116 9.874664369523487 2
      vertex 17.106051740050315 9.879040818214378 2
    endloop
  endfacet
  facet normal -0.45025047191789314 -0.8929022973078938 0
    outer loop
      vertex 17.145041090250015 9.860920626223049 1.65
      vertex 17.15453242212534 9.856134574413261 2
      vertex 17.145041090250015 9.860920626223049 2
    endloop
  endfacet
  facet normal -0.46181463775756865 -0.8869764598639841 0
    outer loop
      vertex 17.15453242212534 9.856134574413261 1.65
      vertex 17.16392134577036 9.851246121823749 2
      vertex 17.15453242212534 9.856134574413261 2
    endloop
  endfacet
  facet normal -0.4733953353119395 -0.8808500760656698 0
    outer loop
      vertex 17.16392134577036 9.851246121823749 1.65
      vertex 17.173207876086234 9.846255261003932 2
      vertex 17.16392134577036 9.851246121823749 2
    endloop
  endfacet
  facet normal -0.4849858545888744 -0.8745219956345862 0
    outer loop
      vertex 17.173207876086234 9.846255261003932 1.65
      vertex 17.182391998171806 9.841161999404392 2
      vertex 17.173207876086234 9.846255261003932 2
    endloop
  endfacet
  facet normal -0.5006788620992514 -0.8656331076426079 0
    outer loop
      vertex 17.182391998171806 9.841161999404392 1.65
      vertex 17.191435393691062 9.835931334197483 2
      vertex 17.182391998171806 9.841161999404392 2
    endloop
  endfacet
  facet normal -0.5210581518191553 -0.8535211786609669 0
    outer loop
      vertex 17.191435393691062 9.835931334197483 1.65
      vertex 17.200294506549834 9.83052301734682 2
      vertex 17.191435393691062 9.835931334197483 2
    endloop
  endfacet
  facet normal -0.5413941584838218 -0.8407689130549454 0
    outer loop
      vertex 17.200294506549834 9.83052301734682 1.65
      vertex 17.208969336748122 9.824937056302986 2
      vertex 17.200294506549834 9.83052301734682 2
    endloop
  endfacet
  facet normal -0.5616451866600555 -0.8273781990731878 0
    outer loop
      vertex 17.208969336748122 9.824937056302986 1.65
      vertex 17.217459884285926 9.819173458516559 2
      vertex 17.208969336748122 9.824937056302986 2
    endloop
  endfacet
  facet normal -0.581770296779907 -0.8133531347358408 0
    outer loop
      vertex 17.217459884285926 9.819173458516559 1.65
      vertex 17.225766141712665 9.81323220908638 2
      vertex 17.217459884285926 9.819173458516559 2
    endloop
  endfacet
  facet normal -0.6556671361669683 0.7550500689031201 0
    outer loop
      vertex 17.253084336221217 9.182919386327228 1.65
      vertex 17.229156990349292 9.162141460478267 2
      vertex 17.253084336221217 9.182919386327228 2
    endloop
  endfacet
  facet normal -0.7092281082407758 0.7049790709526137 0
    outer loop
      vertex 17.274931047856807 9.204897772073707 1.65
      vertex 17.253084336221217 9.182919386327228 2
      vertex 17.274931047856807 9.204897772073707 2
    endloop
  endfacet
  facet normal -0.7609007569405706 0.6488682748349365 0
    outer loop
      vertex 17.29469711780548 9.228076617717704 1.65
      vertex 17.274931047856807 9.204897772073707 2
      vertex 17.29469711780548 9.228076617717704 2
    endloop
  endfacet
  facet normal -0.8094457001408492 0.5871947364575831 0
    outer loop
      vertex 17.312382553517818 9.25245592325922 1.65
      vertex 17.29469711780548 9.228076617717704 2
      vertex 17.312382553517818 9.25245592325922 2
    endloop
  endfacet
  facet normal -0.8536868487086257 0.520786678345305 0
    outer loop
      vertex 17.32798734009266 9.278035688698253 1.65
      vertex 17.312382553517818 9.25245592325922 2
      vertex 17.32798734009266 9.278035688698253 2
    endloop
  endfacet
  facet normal -0.8926328869788467 0.4507843487564863 0
    outer loop
      vertex 17.341511499881744 9.304815921485385 1.65
      vertex 17.32798734009266 9.278035688698253 2
      vertex 17.341511499881744 9.304815921485385 2
    endloop
  endfacet
  facet normal -0.9255833098658358 0.37854396904164805 0
    outer loop
      vertex 17.352955010533332 9.332796614170036 1.65
      vertex 17.341511499881744 9.304815921485385 2
      vertex 17.352955010533332 9.332796614170036 2
    endloop
  endfacet
  facet normal -0.9521879429763063 0.30551288229884915 0
    outer loop
      vertex 17.362317886948585 9.361977766752204 1.65
      vertex 17.352955010533332 9.332796614170036 2
      vertex 17.362317886948585 9.361977766752204 2
    endloop
  endfacet
  facet normal -0.9724552043451788 0.23308984435615493 0
    outer loop
      vertex 17.36960012167692 9.392359386682472 1.65
      vertex 17.362317886948585 9.361977766752204 2
      vertex 17.36960012167692 9.392359386682472 2
    endloop
  endfacet
  facet normal -0.986706630110275 0.16251161834288969 0
    outer loop
      vertex 17.37480172216892 9.423941459059677 1.65
      vertex 17.36960012167692 9.392359386682472 2
      vertex 17.37480172216892 9.423941459059677 2
    endloop
  endfacet
  facet normal -0.9954988763768277 0.09477334610782474 0
    outer loop
      vertex 17.377922680974006 9.45672399878498 1.65
      vertex 17.37480172216892 9.423941459059677 2
      vertex 17.377922680974006 9.45672399878498 2
    endloop
  endfacet
  facet normal -0.999531755208779 0.030598534756707096 0
    outer loop
      vertex 17.378962998092174 9.490706998407802 1.65
      vertex 17.377922680974006 9.45672399878498 2
      vertex 17.378962998092174 9.490706998407802 2
    endloop
  endfacet
  facet normal -0.9999411808741029 -0.010845957408392082 0
    outer loop
      vertex 17.378816340863704 9.504228036403617 1.65
      vertex 17.378962998092174 9.490706998407802 2
      vertex 17.378816340863704 9.504228036403617 2
    endloop
  endfacet
  facet normal -0.9994489359030174 -0.03319374221635924 0
    outer loop
      vertex 17.378376346826553 9.51747606277462 1.65
      vertex 17.378816340863704 9.504228036403617 2
      vertex 17.378376346826553 9.51747606277462 2
    endloop
  endfacet
  facet normal -0.9984067356704938 -0.05642685679522808 0
    outer loop
      vertex 17.37764303833246 9.53045109242197 1.65
      vertex 17.378376346826553 9.51747606277462 2
      vertex 17.37764303833246 9.53045109242197 2
    endloop
  endfacet
  facet normal -0.9098733753482835 -0.41488605764995484 0
    outer loop
      vertex 17.34172425121069 9.67459066539999 1.65
      vertex 17.346100290119647 9.664993714094123 2
      vertex 17.34172425121069 9.67459066539999 2
    endloop
  endfacet
  facet normal -0.9967495431435254 -0.08056269759121494 0
    outer loop
      vertex 17.37661639302969 9.543153102993926 1.65
      vertex 17.37764303833246 9.53045109242197 2
      vertex 17.37661639302969 9.543153102993926 2
    endloop
  endfacet
  facet normal -0.9944080499491605 -0.10560601401581184 0
    outer loop
      vertex 17.375296433269977 9.555582116842231 1.65
      vertex 17.37661639302969 9.543153102993926 2
      vertex 17.375296433269977 9.555582116842231 2
    endloop
  endfacet
  facet normal -0.9913079723345064 -0.13156178771227356 0
    outer loop
      vertex 17.373683144152164 9.567738126516304 1.65
      vertex 17.375296433269977 9.555582116842231 2
      vertex 17.373683144152164 9.567738126516304 2
    endloop
  endfacet
  facet normal -0.9766602899927308 -0.21478984601538975 0
    outer loop
      vertex 17.36708332300186 9.602568108141384 1.65
      vertex 17.369576585292815 9.59123111844059 2
      vertex 17.36708332300186 9.602568108141384 2
    endloop
  endfacet
  facet normal -0.9873713319195061 -0.15842301885616386 0
    outer loop
      vertex 17.37177652567625 9.579621124565563 1.65
      vertex 17.373683144152164 9.567738126516304 2
      vertex 17.37177652567625 9.579621124565563 2
    endloop
  endfacet
  facet normal -0.9825167995738261 -0.18617394703665235 0
    outer loop
      vertex 17.369576585292815 9.59123111844059 1.65
      vertex 17.37177652567625 9.579621124565563 2
      vertex 17.369576585292815 9.59123111844059 2
    endloop
  endfacet
  facet normal -0.952227045571775 -0.3053909849384044 0
    outer loop
      vertex 17.357843567430972 9.63494103729721 1.65
      vertex 17.36121681034565 9.624423067569694 2
      vertex 17.357843567430972 9.63494103729721 2
    endloop
  endfacet
  facet normal -0.9615996244016833 -0.2744561209930312 0
    outer loop
      vertex 17.36121681034565 9.624423067569694 1.65
      vertex 17.364296731352805 9.613632086217365 2
      vertex 17.36121681034565 9.624423067569694 2
    endloop
  endfacet
  facet normal -0.969716244934016 -0.24423432254921024 0
    outer loop
      vertex 17.364296731352805 9.613632086217365 1.65
      vertex 17.36708332300186 9.602568108141384 2
      vertex 17.364296731352805 9.613632086217365 2
    endloop
  endfacet
  facet normal -0.9309159927419723 -0.3652333698571749 0
    outer loop
      vertex 17.35025120973587 9.655192162394485 1.65
      vertex 17.354177002608775 9.645186002850494 2
      vertex 17.35025120973587 9.655192162394485 2
    endloop
  endfacet
  facet normal -0.9415190650196755 -0.3369597159965505 0
    outer loop
      vertex 17.354177002608775 9.645186002850494 1.65
      vertex 17.357843567430972 9.63494103729721 2
      vertex 17.354177002608775 9.645186002850494 2
    endloop
  endfacet
  facet normal -0.9208286584591218 -0.3899674111517193 0
    outer loop
      vertex 17.346100290119647 9.664993714094123 1.65
      vertex 17.35025120973587 9.655192162394485 2
      vertex 17.346100290119647 9.664993714094123 2
    endloop
  endfacet
  facet normal -0.6214629817429758 -0.7834435284837893 0
    outer loop
      vertex 17.23388811647892 9.807113315463027 1.65
      vertex 17.24182580858469 9.800816777646503 2
      vertex 17.23388811647892 9.807113315463027 2
    endloop
  endfacet
  facet normal -0.6409444985916667 -0.7675872261346439 0
    outer loop
      vertex 17.24182580858469 9.800816777646503 1.65
      vertex 17.249579218029975 9.794342588186225 2
      vertex 17.24182580858469 9.800816777646503 2
    endloop
  endfacet
  facet normal -0.6601240895177624 -0.7511565658625006 0
    outer loop
      vertex 17.249579218029975 9.794342588186225 1.65
      vertex 17.257148344814777 9.787690761983356 2
      vertex 17.249579218029975 9.794342588186225 2
    endloop
  endfacet
  facet normal -0.6789614250081857 -0.7341739462490166 0
    outer loop
      vertex 17.257148344814777 9.787690761983356 1.65
      vertex 17.264533181488513 9.780861291587314 2
      vertex 17.257148344814777 9.787690761983356 2
    endloop
  endfacet
  facet normal -0.7154458619453706 -0.6986681749051159 0
    outer loop
      vertex 17.271733742952346 9.77385416954752 1.65
      vertex 17.278750014305114 9.766669410765132 2
      vertex 17.271733742952346 9.77385416954752 2
    endloop
  endfacet
  facet normal -0.7330186041842223 -0.6802085900073702 0
    outer loop
      vertex 17.278750014305114 9.766669410765132 1.65
      vertex 17.285582002997398 9.759307000338993 2
      vertex 17.278750014305114 9.766669410765132 2
    endloop
  endfacet
  facet normal -0.697414794634443 -0.7166677083732723 0
    outer loop
      vertex 17.264533181488513 9.780861291587314 1.65
      vertex 17.271733742952346 9.77385416954752 2
      vertex 17.264533181488513 9.780861291587314 2
    endloop
  endfacet
  facet normal -0.7515778920006652 -0.6596443528567775 0
    outer loop
      vertex 17.285582002997398 9.759307000338993 1.65
      vertex 17.29220928698778 9.75175608277317 2
      vertex 17.285582002997398 9.759307000338993 2
    endloop
  endfacet
  facet normal -0.7711850760787177 -0.6366110102986459 0
    outer loop
      vertex 17.29220928698778 9.75175608277317 1.65
      vertex 17.298611444234847 9.744000564813575 2
      vertex 17.29220928698778 9.75175608277317 2
    endloop
  endfacet
  facet normal -0.7900333210778161 -0.6130639049779039 0
    outer loop
      vertex 17.298611444234847 9.744000564813575 1.65
      vertex 17.304788482189178 9.736040439009628 2
      vertex 17.298611444234847 9.744000564813575 2
    endloop
  endfacet
  facet normal -0.6017238614499573 -0.7987041971604711 0
    outer loop
      vertex 17.225766141712665 9.81323220908638 1.65
      vertex 17.23388811647892 9.807113315463027 2
      vertex 17.225766141712665 9.81323220908638 2
    endloop
  endfacet
  facet normal -0.808079846312395 -0.5890729683016663 0
    outer loop
      vertex 17.304788482189178 9.736040439009628 1.65
      vertex 17.31074039340019 9.727875712811908 2
      vertex 17.304788482189178 9.736040439009628 2
    endloop
  endfacet
  facet normal -0.8252889697608132 -0.5647106483776761 0
    outer loop
      vertex 17.31074039340019 9.727875712811908 1.65
      vertex 17.31646717786789 9.719506378769836 2
      vertex 17.31074039340019 9.727875712811908 2
    endloop
  endfacet
  facet normal -0.8570872013799897 -0.515171359093862 0
    outer loop
      vertex 17.32196884304285 9.710932444333991 1.65
      vertex 17.327245381474494 9.702153902053794 2
      vertex 17.32196884304285 9.710932444333991 2
    endloop
  endfacet
  facet normal -0.8416313809580203 -0.5400524220727982 0
    outer loop
      vertex 17.31646717786789 9.719506378769836 1.65
      vertex 17.32196884304285 9.710932444333991 2
      vertex 17.31646717786789 9.719506378769836 2
    endloop
  endfacet
  facet normal -0.871641944918313 -0.49014316261580215 0
    outer loop
      vertex 17.327245381474494 9.702153902053794 1.65
      vertex 17.332296793162822 9.693170766830406 2
      vertex 17.327245381474494 9.702153902053794 2
    endloop
  endfacet
  facet normal -0.8852898799265965 -0.4650395988510574 0
    outer loop
      vertex 17.332296793162822 9.693170766830406 1.65
      vertex 17.337123085558414 9.683983016312084 2
      vertex 17.332296793162822 9.693170766830406 2
    endloop
  endfacet
  facet normal -0.8980313373733751 -0.43993149136585713 0
    outer loop
      vertex 17.337123085558414 9.683983016312084 1.65
      vertex 17.34172425121069 9.67459066539999 2
      vertex 17.337123085558414 9.683983016312084 2
    endloop
  endfacet
  facet normal 0.37808318533933755 0.9257716267868984 0
    outer loop
      vertex 16.955460508167743 10.483095276653728 1.65
      vertex 16.93774480074644 10.490330334305725 2
      vertex 16.955460508167743 10.483095276653728 2
    endloop
  endfacet
  facet normal 0.42656415848707385 0.9044573061754848 0
    outer loop
      vertex 16.97226224541664 10.475171166956386 1.65
      vertex 16.955460508167743 10.483095276653728 2
      vertex 16.97226224541664 10.475171166956386 2
    endloop
  endfacet
  facet normal 0.4765955682342911 0.8791226674016734 0
    outer loop
      vertex 16.98814999759197 10.466557997763118 1.65
      vertex 16.97226224541664 10.475171166956386 2
      vertex 16.98814999759197 10.466557997763118 2
    endloop
  endfacet
  facet normal 0.5287485977055874 0.8487784872535207 0
    outer loop
      vertex 17.003198724985122 10.457183356881103 1.65
      vertex 16.98814999759197 10.466557997763118 2
      vertex 17.003198724985122 10.457183356881103 2
    endloop
  endfacet
  facet normal 0.5816333306465287 0.8134510856105768 0
    outer loop
      vertex 17.017483350634574 10.446969572007617 1.65
      vertex 17.003198724985122 10.457183356881103 2
      vertex 17.017483350634574 10.446969572007617 2
    endloop
  endfacet
  facet normal 0.7279131750156979 0.6856693150772945 0
    outer loop
      vertex 17.055752661824226 10.411293413042984 1.65
      vertex 17.043760319054126 10.424024600088558 2
      vertex 17.055752661824226 10.411293413042984 2
    endloop
  endfacet
  facet normal 0.6329174020790845 0.7742193243167355 0
    outer loop
      vertex 17.03100388199091 10.435916658043823 1.65
      vertex 17.017483350634574 10.446969572007617 2
      vertex 17.03100388199091 10.435916658043823 2
    endloop
  endfacet
  facet normal 0.6818906383266891 0.7314541389331395 0
    outer loop
      vertex 17.043760319054126 10.424024600088558 1.65
      vertex 17.03100388199091 10.435916658043823 2
      vertex 17.043760319054126 10.424024600088558 2
    endloop
  endfacet
  facet normal 0.28707154195648393 0.9579091448559862 0
    outer loop
      vertex 16.91911511570215 10.496876339912376 1.65
      vertex 16.899571453034877 10.502733293473682 2
      vertex 16.91911511570215 10.496876339912376 2
    endloop
  endfacet
  facet normal 0.331505855781029 0.9434531613084391 0
    outer loop
      vertex 16.93774480074644 10.490330334305725 1.65
      vertex 16.91911511570215 10.496876339912376 2
      vertex 16.93774480074644 10.490330334305725 2
    endloop
  endfacet
  facet normal -0.1597451283043141 -0.9871582922627141 0
    outer loop
      vertex 16.906187061965465 10.678251754045448 1.65
      vertex 16.940273274481296 10.672735813558063 2
      vertex 16.906187061965465 10.678251754045448 2
    endloop
  endfacet
  facet normal -0.19640410341390438 -0.9805230380578421 0
    outer loop
      vertex 16.940273274481296 10.672735813558063 1.65
      vertex 16.97281781286001 10.666216965317687 2
      vertex 16.940273274481296 10.672735813558063 2
    endloop
  endfacet
  facet normal -0.2357747750834762 -0.9718077255477734 0
    outer loop
      vertex 16.97281781286001 10.666216965317687 1.65
      vertex 17.00382067710161 10.658695216774902 2
      vertex 16.97281781286001 10.666216965317687 2
    endloop
  endfacet
  facet normal -0.27794970556129306 -0.9605956283360811 0
    outer loop
      vertex 17.00382067710161 10.658695216774902 1.65
      vertex 17.033281882107257 10.650170575380287 2
      vertex 17.00382067710161 10.658695216774902 2
    endloop
  endfacet
  facet normal -0.3229632407546684 -0.9464115093981276 0
    outer loop
      vertex 17.033281882107257 10.650170575380287 1.65
      vertex 17.061201412975787 10.64064302623268 2
      vertex 17.033281882107257 10.650170575380287 2
    endloop
  endfacet
  facet normal 0.9005458246483709 0.4347611041806586 0
    outer loop
      vertex 17.10425296127796 10.335050429701766 1.65
      vertex 17.09608108997345 10.35197729945179 2
      vertex 17.10425296127796 10.335050429701766 2
    endloop
  endfacet
  facet normal 0.9571966256497992 0.28943845605696245 0
    outer loop
      vertex 17.12418400198221 10.27923500120636 1.65
      vertex 17.118304413557052 10.298679280579051 2
      vertex 17.12418400198221 10.27923500120636 2
    endloop
  endfacet
  facet normal 0.9417581221730921 0.33629100392518885 0
    outer loop
      vertex 17.118304413557052 10.298679280579051 1.65
      vertex 17.111660730838775 10.317284423410854 2
      vertex 17.118304413557052 10.298679280579051 2
    endloop
  endfacet
  facet normal 0.9229797475606216 0.3848485229189937 0
    outer loop
      vertex 17.111660730838775 10.317284423410854 1.65
      vertex 17.10425296127796 10.335050429701766 2
      vertex 17.111660730838775 10.317284423410854 2
    endloop
  endfacet
  facet normal 0.8091486564150134 0.5876039923466982 0
    outer loop
      vertex 17.077445064485072 10.383313629329166 1.65
      vertex 17.066980910301208 10.39772308945652 2
      vertex 17.077445064485072 10.383313629329166 2
    endloop
  endfacet
  facet normal 0.7704602455929321 0.6374880469160803 0
    outer loop
      vertex 17.066980910301208 10.39772308945652 1.65
      vertex 17.055752661824226 10.411293413042984 2
      vertex 17.066980910301208 10.39772308945652 2
    endloop
  endfacet
  facet normal 0.8741956586170972 0.4855738362546109 0
    outer loop
      vertex 17.09608108997345 10.35197729945179 1.65
      vertex 17.08714512437582 10.368065032660922 2
      vertex 17.09608108997345 10.35197729945179 2
    endloop
  endfacet
  facet normal 0.8437515141993135 0.5367339958362668 0
    outer loop
      vertex 17.08714512437582 10.368065032660922 1.65
      vertex 17.077445064485072 10.383313629329166 2
      vertex 17.08714512437582 10.368065032660922 2
    endloop
  endfacet
  facet normal -0.4211789189331804 -0.9069775731771307 0
    outer loop
      vertex 17.087579277157783 10.630112584233245 1.65
      vertex 17.112415474653243 10.6185792419314 2
      vertex 17.087579277157783 10.630112584233245 2
    endloop
  endfacet
  facet normal -0.47389577881101336 -0.8805809393946153 0
    outer loop
      vertex 17.112415474653243 10.6185792419314 1.65
      vertex 17.13570999801159 10.606042999327144 2
      vertex 17.112415474653243 10.6185792419314 2
    endloop
  endfacet
  facet normal -0.5296577566233078 -0.8482114481948263 0
    outer loop
      vertex 17.13570999801159 10.606042999327144 1.65
      vertex 17.157715339958667 10.592301968038043 2
      vertex 17.13570999801159 10.606042999327144 2
    endloop
  endfacet
  facet normal -0.3707621882853386 -0.9287278394329888 0
    outer loop
      vertex 17.061201412975787 10.64064302623268 1.65
      vertex 17.087579277157783 10.630112584233245 2
      vertex 17.061201412975787 10.64064302623268 2
    endloop
  endfacet
  facet normal -0.5857168545826063 -0.810515740906898 0
    outer loop
      vertex 17.157715339958667 10.592301968038043 1.65
      vertex 17.178683985769748 10.577149036824665 2
      vertex 17.157715339958667 10.592301968038043 2
    endloop
  endfacet
  facet normal -0.689278563612403 -0.7244964194144939 0
    outer loop
      vertex 17.19861593544483 10.560584198236427 1.65
      vertex 17.217511181533336 10.54260745227333 2
      vertex 17.19861593544483 10.560584198236427 2
    endloop
  endfacet
  facet normal -0.7355341449227525 -0.6774876542437915 0
    outer loop
      vertex 17.217511181533336 10.54260745227333 1.65
      vertex 17.235369731485843 10.523218798935375 2
      vertex 17.217511181533336 10.54260745227333 2
    endloop
  endfacet
  facet normal -0.6391563867516316 -0.7690767928331986 0
    outer loop
      vertex 17.178683985769748 10.577149036824665 1.65
      vertex 17.19861593544483 10.560584198236427 2
      vertex 17.178683985769748 10.577149036824665 2
    endloop
  endfacet
  facet normal -0.17289941923365718 0.9849394858714234 0
    outer loop
      vertex 17.340917003154754 10.31728100359436 1.65
      vertex 17.12418400198221 10.27923500120636 2
      vertex 17.340917003154754 10.31728100359436 2
    endloop
  endfacet
  facet normal -0.9017898464753052 -0.43217481739921565 0
    outer loop
      vertex 17.296436955034732 10.431545141637287 1.65
      vertex 17.30911200940609 10.405096966326198 2
      vertex 17.296436955034732 10.431545141637287 2
    endloop
  endfacet
  facet normal -0.8482688440712945 -0.5295658298813752 0
    outer loop
      vertex 17.267976742982864 10.480205777585468 1.65
      vertex 17.282725197076797 10.456581417024097 2
      vertex 17.267976742982864 10.480205777585468 2
    endloop
  endfacet
  facet normal -0.8770753591114937 -0.48035280205224634 0
    outer loop
      vertex 17.282725197076797 10.456581417024097 1.65
      vertex 17.296436955034732 10.431545141637287 2
      vertex 17.282725197076797 10.456581417024097 2
    endloop
  endfacet
  facet normal -0.9546901150919 -0.29760172067011764 0
    outer loop
      vertex 17.33135203719139 10.347964893579444 1.65
      vertex 17.340917003154754 10.31728100359436 2
      vertex 17.33135203719139 10.347964893579444 2
    endloop
  endfacet
  facet normal -0.9402331187549865 -0.34053147049321475 0
    outer loop
      vertex 17.32075037509203 10.37723688364025 1.65
      vertex 17.33135203719139 10.347964893579444 2
      vertex 17.32075037509203 10.37723688364025 2
    endloop
  endfacet
  facet normal -0.922723802998536 -0.38546177940221116 0
    outer loop
      vertex 17.30911200940609 10.405096966326198 1.65
      vertex 17.32075037509203 10.37723688364025 2
      vertex 17.30911200940609 10.405096966326198 2
    endloop
  endfacet
  facet normal -0.7775498755765076 -0.628821271102495 0
    outer loop
      vertex 17.235369731485843 10.523218798935375 1.65
      vertex 17.252191585302352 10.502418245673141 2
      vertex 17.235369731485843 10.523218798935375 2
    endloop
  endfacet
  facet normal -0.8151351035038717 -0.5792708891664866 0
    outer loop
      vertex 17.252191585302352 10.502418245673141 1.65
      vertex 17.267976742982864 10.480205777585468 2
      vertex 17.252191585302352 10.502418245673141 2
    endloop
  endfacet
  facet normal 0 0 1
    outer loop
      vertex 16.04112250059843 20.042807999551258 1.65
      vertex 16.26130649894476 20.042807999551258 1.65
      vertex 16.26130649894476 20.717198002636394 1.65
    endloop
  endfacet
  facet normal 0 0 1
    outer loop
      vertex 16.04112250059843 20.042807999551258 1.65
      vertex 16.26130649894476 20.717198002636394 1.65
      vertex 16.04112250059843 21.667123998999557 1.65
    endloop
  endfacet
  facet normal 0 0 1
    outer loop
      vertex 16.26130649894476 20.717198002636394 1.65
      vertex 16.26130649894476 20.891278001964054 1.65
      vertex 16.04112250059843 21.667123998999557 1.65
    endloop
  endfacet
  facet normal 0 0 1
    outer loop
      vertex 16.26130649894476 20.891278001964054 1.65
      vertex 16.26130649894476 21.490748997330627 1.65
      vertex 16.04112250059843 21.667123998999557 1.65
    endloop
  endfacet
  facet normal 0 0 1
    outer loop
      vertex 16.26130649894476 20.717198002636394 1.65
      vertex 16.767379496991634 20.717198002636394 1.65
      vertex 16.26130649894476 20.891278001964054 1.65
    endloop
  endfacet
  facet normal 0 0 1
    outer loop
      vertex 16.26130649894476 20.891278001964054 1.65
      vertex 16.767379496991634 20.717198002636394 1.65
      vertex 16.79274350106716 20.891278001964054 1.65
    endloop
  endfacet
  facet normal 0 0 1
    outer loop
      vertex 16.767379496991634 20.717198002636394 1.65
      vertex 16.819057692587375 20.891758929491004 1.65
      vertex 16.79274350106716 20.891278001964054 1.65
    endloop
  endfacet
  facet normal 0 0 1
    outer loop
      vertex 16.767379496991634 20.717198002636394 1.65
      vertex 16.844437178969383 20.893201719522438 1.65
      vertex 16.819057692587375 20.891758929491004 1.65
    endloop
  endfacet
  facet normal 0 0 1
    outer loop
      vertex 16.767379496991634 20.717198002636394 1.65
      vertex 16.868881975114345 20.895606364607772 1.65
      vertex 16.844437178969383 20.893201719522438 1.65
    endloop
  endfacet
  facet normal 0 0 1
    outer loop
      vertex 16.767379496991634 20.717198002636394 1.65
      vertex 16.981817503273486 20.74256199926134 1.65
      vertex 16.868881975114345 20.895606364607772 1.65
    endloop
  endfacet
  facet normal 0 0 1
    outer loop
      vertex 16.26130649894476 21.490748997330627 1.65
      vertex 16.805425499379634 21.667123998999557 1.65
      vertex 16.04112250059843 21.667123998999557 1.65
    endloop
  endfacet
  facet normal 0 0 1
    outer loop
      vertex 16.26130649894476 21.490748997330627 1.65
      vertex 16.783529502153396 21.490748997330627 1.65
      vertex 16.805425499379634 21.667123998999557 1.65
    endloop
  endfacet
  facet normal 0 0 1
    outer loop
      vertex 16.783529502153396 21.490748997330627 1.65
      vertex 16.81087153851986 21.490309010744056 1.65
      vertex 16.805425499379634 21.667123998999557 1.65
    endloop
  endfacet
  facet normal 0 0 1
    outer loop
      vertex 16.81087153851986 21.490309010744056 1.65
      vertex 16.837210875749587 21.488989050984344 1.65
      vertex 16.846897554397582 21.666397530138454 1.65
    endloop
  endfacet
  facet normal 0 0 1
    outer loop
      vertex 16.837210875749587 21.488989050984344 1.65
      vertex 16.862547513842582 21.48678910315033 1.65
      vertex 16.846897554397582 21.666397530138454 1.65
    endloop
  endfacet
  facet normal 0 0 1
    outer loop
      vertex 16.862547513842582 21.48678910315033 1.65
      vertex 16.886881452798843 21.483709189593753 1.65
      vertex 16.886889097094535 21.664218108653984 1.65
    endloop
  endfacet
  facet normal 0 0 1
    outer loop
      vertex 16.81087153851986 21.490309010744056 1.65
      vertex 16.846897554397582 21.666397530138454 1.65
      vertex 16.805425499379634 21.667123998999557 1.65
    endloop
  endfacet
  facet normal 0 0 1
    outer loop
      vertex 16.846897554397582 21.666397530138454 1.65
      vertex 16.862547513842582 21.48678910315033 1.65
      vertex 16.886889097094535 21.664218108653984 1.65
    endloop
  endfacet
  facet normal 0 0 1
    outer loop
      vertex 16.886881452798843 21.483709189593753 1.65
      vertex 16.925400134921073 21.660585741996726 1.65
      vertex 16.886889097094535 21.664218108653984 1.65
    endloop
  endfacet
  facet normal 0 0 1
    outer loop
      vertex 16.767379496991634 20.717198002636394 1.65
      vertex 17.189319503307342 20.042807999551258 1.65
      vertex 16.981817503273486 20.74256199926134 1.65
    endloop
  endfacet
  facet normal 0 0 1
    outer loop
      vertex 16.981817503273486 20.74256199926134 1.65
      vertex 17.189319503307342 20.042807999551258 1.65
      vertex 17.442942497134208 20.042807999551258 1.65
    endloop
  endfacet
  facet normal 0 0 1
    outer loop
      vertex 16.981817503273486 20.74256199926134 1.65
      vertex 16.8923920661211 20.89897286474701 1.65
      vertex 16.868881975114345 20.895606364607772 1.65
    endloop
  endfacet
  facet normal 0 0 1
    outer loop
      vertex 16.981817503273486 20.74256199926134 1.65
      vertex 16.91496746689081 20.903301227390727 1.65
      vertex 16.8923920661211 20.89897286474701 1.65
    endloop
  endfacet
  facet normal 0 0 1
    outer loop
      vertex 16.981817503273486 20.74256199926134 1.65
      vertex 16.936608162522315 20.908591445088348 1.65
      vertex 16.91496746689081 20.903301227390727 1.65
    endloop
  endfacet
  facet normal 0 0 1
    outer loop
      vertex 16.981817503273486 20.74256199926134 1.65
      vertex 16.957314160466193 20.91484351783987 1.65
      vertex 16.936608162522315 20.908591445088348 1.65
    endloop
  endfacet
  facet normal 0 0 1
    outer loop
      vertex 16.981817503273486 20.74256199926134 1.65
      vertex 17.009895664453506 20.748067486584148 1.65
      vertex 16.957314160466193 20.91484351783987 1.65
    endloop
  endfacet
  facet normal 0 0 1
    outer loop
      vertex 16.977085468173026 20.922057453095874 1.65
      vertex 17.009895664453506 20.748067486584148 1.65
      vertex 17.037025858461856 20.75465070784088 1.65
    endloop
  endfacet
  facet normal 0 0 1
    outer loop
      vertex 16.957314160466193 20.91484351783987 1.65
      vertex 17.009895664453506 20.748067486584148 1.65
      vertex 16.977085468173026 20.922057453095874 1.65
    endloop
  endfacet
  facet normal 0 0 1
    outer loop
      vertex 16.977085468173026 20.922057453095874 1.65
      vertex 17.037025858461856 20.75465070784088 1.65
      vertex 16.995922070741653 20.93023325085636 1.65
    endloop
  endfacet
  facet normal 0 0 1
    outer loop
      vertex 17.037025858461856 20.75465070784088 1.65
      vertex 17.063208070397376 20.7623116779327 1.65
      vertex 16.995922070741653 20.93023325085636 1.65
    endloop
  endfacet
  facet normal 0 0 1
    outer loop
      vertex 17.088442307710647 20.771050381958446 1.65
      vertex 17.013823975622653 20.93937089622017 1.65
      vertex 16.995922070741653 20.93023325085636 1.65
    endloop
  endfacet
  facet normal 0 0 1
    outer loop
      vertex 17.063208070397376 20.7623116779327 1.65
      vertex 17.088442307710647 20.771050381958446 1.65
      vertex 16.995922070741653 20.93023325085636 1.65
    endloop
  endfacet
  facet normal 0 0 1
    outer loop
      vertex 17.013823975622653 20.93937089622017 1.65
      vertex 17.112728562951087 20.780866819918117 1.65
      vertex 17.030791182816028 20.94947041153904 1.65
    endloop
  endfacet
  facet normal 0 0 1
    outer loop
      vertex 17.088442307710647 20.771050381958446 1.65
      vertex 17.112728562951087 20.780866819918117 1.65
      vertex 17.013823975622653 20.93937089622017 1.65
    endloop
  endfacet
  facet normal 0 0 1
    outer loop
      vertex 17.030791182816028 20.94947041153904 1.65
      vertex 17.112728562951087 20.780866819918117 1.65
      vertex 17.13606685101986 20.791761006712875 1.65
    endloop
  endfacet
  facet normal 0 0 1
    outer loop
      vertex 17.046823692321777 20.96053177446123 1.65
      vertex 17.13606685101986 20.791761006712875 1.65
      vertex 17.1584571570158 20.80373292744156 1.65
    endloop
  endfacet
  facet normal 0 0 1
    outer loop
      vertex 17.06192149668932 20.972554999887905 1.65
      vertex 17.1584571570158 20.80373292744156 1.65
      vertex 17.17989948838949 20.816782589554748 1.65
    endloop
  endfacet
  facet normal 0 0 1
    outer loop
      vertex 17.06192149668932 20.972554999887905 1.65
      vertex 17.17989948838949 20.816782589554748 1.65
      vertex 17.200393845140933 20.830909993052444 1.65
    endloop
  endfacet
  facet normal 0 0 1
    outer loop
      vertex 17.030791182816028 20.94947041153904 1.65
      vertex 17.13606685101986 20.791761006712875 1.65
      vertex 17.046823692321777 20.96053177446123 1.65
    endloop
  endfacet
  facet normal 0 0 1
    outer loop
      vertex 17.046823692321777 20.96053177446123 1.65
      vertex 17.1584571570158 20.80373292744156 1.65
      vertex 17.06192149668932 20.972554999887905 1.65
    endloop
  endfacet
  facet normal 0 0 1
    outer loop
      vertex 17.06192149668932 20.972554999887905 1.65
      vertex 17.200393845140933 20.830909993052444 1.65
      vertex 17.075991769134998 20.985444519221744 1.65
    endloop
  endfacet
  facet normal 0 0 1
    outer loop
      vertex 17.075991769134998 20.985444519221744 1.65
      vertex 17.219940219819545 20.846115137934646 1.65
      vertex 17.088936407864093 20.999104778766593 1.65
    endloop
  endfacet
  facet normal 0 0 1
    outer loop
      vertex 17.088936407864093 20.999104778766593 1.65
      vertex 17.238538627326488 20.862398016750774 1.65
      vertex 17.100755435228347 21.01353576362129 1.65
    endloop
  endfacet
  facet normal 0 0 1
    outer loop
      vertex 17.075991769134998 20.985444519221744 1.65
      vertex 17.200393845140933 20.830909993052444 1.65
      vertex 17.219940219819545 20.846115137934646 1.65
    endloop
  endfacet
  facet normal 0 0 1
    outer loop
      vertex 17.088936407864093 20.999104778766593 1.65
      vertex 17.219940219819545 20.846115137934646 1.65
      vertex 17.238538627326488 20.862398016750774 1.65
    endloop
  endfacet
  facet normal 0 0 1
    outer loop
      vertex 17.100755435228347 21.01353576362129 1.65
      vertex 17.272891503572463 20.898196998536548 1.65
      vertex 17.1114488363266 21.028737488687 1.65
    endloop
  endfacet
  facet normal 0 0 1
    outer loop
      vertex 17.1114488363266 21.028737488687 1.65
      vertex 17.288495790958404 20.917515236437282 1.65
      vertex 17.121016618609428 21.044709939062557 1.65
    endloop
  endfacet
  facet normal 0 0 1
    outer loop
      vertex 17.100755435228347 21.01353576362129 1.65
      vertex 17.238538627326488 20.862398016750774 1.65
      vertex 17.2561890527606 20.879758636951408 1.65
    endloop
  endfacet
  facet normal 0 0 1
    outer loop
      vertex 17.100755435228347 21.01353576362129 1.65
      vertex 17.2561890527606 20.879758636951408 1.65
      vertex 17.272891503572463 20.898196998536548 1.65
    endloop
  endfacet
  facet normal 0 0 1
    outer loop
      vertex 17.1114488363266 21.028737488687 1.65
      vertex 17.272891503572463 20.898196998536548 1.65
      vertex 17.288495790958404 20.917515236437282 1.65
    endloop
  endfacet
  facet normal 0 0 1
    outer loop
      vertex 17.121016618609428 21.044709939062557 1.65
      vertex 17.31595933884382 20.958197745978794 1.65
      vertex 17.129458774626254 21.061453129649124 1.65
    endloop
  endfacet
  facet normal 0 0 1
    outer loop
      vertex 17.129458774626254 21.061453129649124 1.65
      vertex 17.3278185993433 20.97956201761957 1.65
      vertex 17.13677531927824 21.07896705299612 1.65
    endloop
  endfacet
  facet normal 0 0 1
    outer loop
      vertex 17.13677531927824 21.07896705299612 1.65
      vertex 17.34779209345579 21.02433659464117 1.65
      vertex 17.14296623021364 21.097251709103546 1.65
    endloop
  endfacet
  facet normal 0 0 1
    outer loop
      vertex 17.14296623021364 21.097251709103546 1.65
      vertex 17.355906319618224 21.047746907472572 1.65
      vertex 17.148031529784202 21.1163070979714 1.65
    endloop
  endfacet
  facet normal 0 0 1
    outer loop
      vertex 17.15197120308876 21.136133227050266 1.65
      vertex 17.251097924703735 21.12981923720775 1.65
      vertex 17.154785257577895 21.15673008143898 1.65
    endloop
  endfacet
  facet normal 0 0 1
    outer loop
      vertex 17.154785257577895 21.15673008143898 1.65
      vertex 17.251097924703735 21.12981923720775 1.65
      vertex 17.15647368580103 21.178097676038703 1.65
    endloop
  endfacet
  facet normal 0 0 1
    outer loop
      vertex 17.148031529784202 21.1163070979714 1.65
      vertex 17.362772208452224 21.071839224100074 1.65
      vertex 17.15197120308876 21.136133227050266 1.65
    endloop
  endfacet
  facet normal 0 0 1
    outer loop
      vertex 17.121016618609428 21.044709939062557 1.65
      vertex 17.288495790958404 20.917515236437282 1.65
      vertex 17.30285173356533 20.937515485584697 1.65
    endloop
  endfacet
  facet normal 0 0 1
    outer loop
      vertex 17.121016618609428 21.044709939062557 1.65
      vertex 17.30285173356533 20.937515485584697 1.65
      vertex 17.31595933884382 20.958197745978794 1.65
    endloop
  endfacet
  facet normal 0 0 1
    outer loop
      vertex 17.129458774626254 21.061453129649124 1.65
      vertex 17.31595933884382 20.958197745978794 1.65
      vertex 17.3278185993433 20.97956201761957 1.65
    endloop
  endfacet
  facet normal 0 0 1
    outer loop
      vertex 17.15197120308876 21.136133227050266 1.65
      vertex 17.36838975250721 21.09661355942484 1.65
      vertex 17.251097924703735 21.12981923720775 1.65
    endloop
  endfacet
  facet normal 0 0 1
    outer loop
      vertex 17.13677531927824 21.07896705299612 1.65
      vertex 17.3278185993433 20.97956201761957 1.65
      vertex 17.338429515063762 21.00160830050703 1.65
    endloop
  endfacet
  facet normal 0 0 1
    outer loop
      vertex 17.13677531927824 21.07896705299612 1.65
      vertex 17.338429515063762 21.00160830050703 1.65
      vertex 17.34779209345579 21.02433659464117 1.65
    endloop
  endfacet
  facet normal 0 0 1
    outer loop
      vertex 17.14296623021364 21.097251709103546 1.65
      vertex 17.34779209345579 21.02433659464117 1.65
      vertex 17.355906319618224 21.047746907472572 1.65
    endloop
  endfacet
  facet normal 0 0 1
    outer loop
      vertex 17.148031529784202 21.1163070979714 1.65
      vertex 17.355906319618224 21.047746907472572 1.65
      vertex 17.362772208452224 21.071839224100074 1.65
    endloop
  endfacet
  facet normal 0 0 1
    outer loop
      vertex 17.251627935187276 21.12978547758416 1.65
      vertex 17.251097924703735 21.12981923720775 1.65
      vertex 17.36838975250721 21.09661355942484 1.65
    endloop
  endfacet
  facet normal 0 0 1
    outer loop
      vertex 17.15197120308876 21.136133227050266 1.65
      vertex 17.362772208452224 21.071839224100074 1.65
      vertex 17.36838975250721 21.09661355942484 1.65
    endloop
  endfacet
  facet normal 0 0 1
    outer loop
      vertex 17.251627935187276 21.12978547758416 1.65
      vertex 17.361463498759317 21.123865999281406 1.65
      vertex 17.255167812768057 21.14076816632833 1.65
    endloop
  endfacet
  facet normal 0 0 1
    outer loop
      vertex 17.251627935187276 21.12978547758416 1.65
      vertex 17.36838975250721 21.09661355942484 1.65
      vertex 17.37275895923376 21.122069898545703 1.65
    endloop
  endfacet
  facet normal 0 0 1
    outer loop
      vertex 17.251627935187276 21.12978547758416 1.65
      vertex 17.37275895923376 21.122069898545703 1.65
      vertex 17.361463498759317 21.123865999281406 1.65
    endloop
  endfacet
  facet normal 0 0 1
    outer loop
      vertex 17.361463498759317 21.123865999281406 1.65
      vertex 17.37275895923376 21.122069898545703 1.65
      vertex 17.37297340916581 21.123865999281406 1.65
    endloop
  endfacet
  facet normal 0 0 1
    outer loop
      vertex 16.886881452798843 21.483709189593753 1.65
      vertex 16.91021269261837 21.479749295413455 1.65
      vertex 16.925400134921073 21.660585741996726 1.65
    endloop
  endfacet
  facet normal 0 0 1
    outer loop
      vertex 16.91021269261837 21.479749295413455 1.65
      vertex 16.932541240751743 21.474909428060016 1.65
      vertex 16.962430660426616 21.655500422716102 1.65
    endloop
  endfacet
  facet normal 0 0 1
    outer loop
      vertex 16.932541240751743 21.474909428060016 1.65
      vertex 16.9538670822978 21.469189580082855 1.65
      vertex 16.997980681061744 21.64896216571327 1.65
    endloop
  endfacet
  facet normal 0 0 1
    outer loop
      vertex 16.91021269261837 21.479749295413455 1.65
      vertex 16.962430660426616 21.655500422716102 1.65
      vertex 16.925400134921073 21.660585741996726 1.65
    endloop
  endfacet
  facet normal 0 0 1
    outer loop
      vertex 16.932541240751743 21.474909428060016 1.65
      vertex 16.997980681061744 21.64896216571327 1.65
      vertex 16.962430660426616 21.655500422716102 1.65
    endloop
  endfacet
  facet normal 0 0 1
    outer loop
      vertex 16.9538670822978 21.469189580082855 1.65
      vertex 16.974190232157707 21.462589758932552 1.65
      vertex 17.032050189375877 21.640970956087074 1.65
    endloop
  endfacet
  facet normal 0 0 1
    outer loop
      vertex 16.974190232157707 21.462589758932552 1.65
      vertex 16.993510682880878 21.455109957158527 1.65
      vertex 17.064639185369014 21.63152680128809 1.65
    endloop
  endfacet
  facet normal 0 0 1
    outer loop
      vertex 16.993510682880878 21.455109957158527 1.65
      vertex 17.011828434467315 21.44675018221136 1.65
      vertex 17.064639185369014 21.63152680128809 1.65
    endloop
  endfacet
  facet normal 0 0 1
    outer loop
      vertex 17.011828434467315 21.44675018221136 1.65
      vertex 17.029143486917018 21.437510434091053 1.65
      vertex 17.095747676491737 21.620629701316318 1.65
    endloop
  endfacet
  facet normal 0 0 1
    outer loop
      vertex 17.011828434467315 21.44675018221136 1.65
      vertex 17.095747676491737 21.620629701316318 1.65
      vertex 17.064639185369014 21.63152680128809 1.65
    endloop
  endfacet
  facet normal 0 0 1
    outer loop
      vertex 16.9538670822978 21.469189580082855 1.65
      vertex 17.032050189375877 21.640970956087074 1.65
      vertex 16.997980681061744 21.64896216571327 1.65
    endloop
  endfacet
  facet normal 0 0 1
    outer loop
      vertex 16.974190232157707 21.462589758932552 1.65
      vertex 17.064639185369014 21.63152680128809 1.65
      vertex 17.032050189375877 21.640970956087074 1.65
    endloop
  endfacet
  facet normal 0 0 1
    outer loop
      vertex 17.147922088205814 21.281110938191375 1.65
      vertex 17.151909638941287 21.262089345157108 1.65
      vertex 17.251097924703735 21.12981923720775 1.65
    endloop
  endfacet
  facet normal 0 0 1
    outer loop
      vertex 17.13652907013893 21.316759835481605 1.65
      vertex 17.14279522448778 21.29933443248268 1.65
      vertex 17.251097924703735 21.12981923720775 1.65
    endloop
  endfacet
  facet normal 0 0 1
    outer loop
      vertex 17.14279522448778 21.29933443248268 1.65
      vertex 17.147922088205814 21.281110938191375 1.65
      vertex 17.251097924703735 21.12981923720775 1.65
    endloop
  endfacet
  facet normal 0 0 1
    outer loop
      vertex 17.12912360280752 21.333387139737567 1.65
      vertex 17.13652907013893 21.316759835481605 1.65
      vertex 17.251097924703735 21.12981923720775 1.65
    endloop
  endfacet
  facet normal 0 0 1
    outer loop
      vertex 17.15647368580103 21.178097676038703 1.65
      vertex 17.251097924703735 21.12981923720775 1.65
      vertex 17.15703650265932 21.200236003398857 1.65
    endloop
  endfacet
  facet normal 0 0 1
    outer loop
      vertex 17.15703650265932 21.200236003398857 1.65
      vertex 17.251097924703735 21.12981923720775 1.65
      vertex 17.15646684616804 21.22165187776085 1.65
    endloop
  endfacet
  facet normal 0 0 1
    outer loop
      vertex 17.15646684616804 21.22165187776085 1.65
      vertex 17.251097924703735 21.12981923720775 1.65
      vertex 17.154757899045944 21.24226965337988 1.65
    endloop
  endfacet
  facet normal 0 0 1
    outer loop
      vertex 17.151909638941287 21.262089345157108 1.65
      vertex 17.154757899045944 21.24226965337988 1.65
      vertex 17.251097924703735 21.12981923720775 1.65
    endloop
  endfacet
  facet normal 0 0 1
    outer loop
      vertex 17.120578844845294 21.34921635270115 1.65
      vertex 17.12912360280752 21.333387139737567 1.65
      vertex 17.24972000271082 21.397391354416346 1.65
    endloop
  endfacet
  facet normal 0 0 1
    outer loop
      vertex 17.11089478135109 21.36424747437235 1.65
      vertex 17.120578844845294 21.34921635270115 1.65
      vertex 17.24972000271082 21.397391354416346 1.65
    endloop
  endfacet
  facet normal 0 0 1
    outer loop
      vertex 17.088108745217323 21.391915428936443 1.65
      vertex 17.100071412324905 21.378480497300586 1.65
      vertex 17.24972000271082 21.397391354416346 1.65
    endloop
  endfacet
  facet normal 0 0 1
    outer loop
      vertex 17.11089478135109 21.36424747437235 1.65
      vertex 17.24972000271082 21.397391354416346 1.65
      vertex 17.100071412324905 21.378480497300586 1.65
    endloop
  endfacet
  facet normal 0 0 1
    outer loop
      vertex 17.029143486917018 21.437510434091053 1.65
      vertex 17.045455840229987 21.427390705347023 1.65
      vertex 17.125375662744045 21.60827965617176 1.65
    endloop
  endfacet
  facet normal 0 0 1
    outer loop
      vertex 17.045455840229987 21.427390705347023 1.65
      vertex 17.060765501856803 21.41639100342985 1.65
      vertex 17.153523136675357 21.594476665854415 1.65
    endloop
  endfacet
  facet normal 0 0 1
    outer loop
      vertex 17.029143486917018 21.437510434091053 1.65
      vertex 17.125375662744045 21.60827965617176 1.65
      vertex 17.095747676491737 21.620629701316318 1.65
    endloop
  endfacet
  facet normal 0 0 1
    outer loop
      vertex 17.060765501856803 21.41639100342985 1.65
      vertex 17.075006772577762 21.404552261829338 1.65
      vertex 17.180190098285674 21.579220722913703 1.65
    endloop
  endfacet
  facet normal 0 0 1
    outer loop
      vertex 17.075006772577762 21.404552261829338 1.65
      vertex 17.088108745217323 21.391915428936443 1.65
      vertex 17.229082499444484 21.54435000151392 1.65
    endloop
  endfacet
  facet normal 0 0 1
    outer loop
      vertex 17.045455840229987 21.427390705347023 1.65
      vertex 17.153523136675357 21.594476665854415 1.65
      vertex 17.125375662744045 21.60827965617176 1.65
    endloop
  endfacet
  facet normal 0 0 1
    outer loop
      vertex 17.060765501856803 21.41639100342985 1.65
      vertex 17.180190098285674 21.579220722913703 1.65
      vertex 17.153523136675357 21.594476665854415 1.65
    endloop
  endfacet
  facet normal 0 0 1
    outer loop
      vertex 17.075006772577762 21.404552261829338 1.65
      vertex 17.205376555025577 21.562511834800205 1.65
      vertex 17.180190098285674 21.579220722913703 1.65
    endloop
  endfacet
  facet normal 0 0 1
    outer loop
      vertex 17.075006772577762 21.404552261829338 1.65
      vertex 17.229082499444484 21.54435000151392 1.65
      vertex 17.205376555025577 21.562511834800205 1.65
    endloop
  endfacet
  facet normal 0 0 1
    outer loop
      vertex 17.088108745217323 21.391915428936443 1.65
      vertex 17.24972000271082 21.397391354416346 1.65
      vertex 17.24972000271082 21.523711659152507 1.65
    endloop
  endfacet
  facet normal 0 0 1
    outer loop
      vertex 17.088108745217323 21.391915428936443 1.65
      vertex 17.24972000271082 21.526167287183522 1.65
      vertex 17.229082499444484 21.54435000151392 1.65
    endloop
  endfacet
  facet normal 0 0 1
    outer loop
      vertex 17.088108745217323 21.391915428936443 1.65
      vertex 17.24972000271082 21.523711659152507 1.65
      vertex 17.24972000271082 21.526167287183522 1.65
    endloop
  endfacet
  facet normal 0 0 1
    outer loop
      vertex 17.12912360280752 21.333387139737567 1.65
      vertex 17.251097924703735 21.12981923720775 1.65
      vertex 17.314261308339784 21.402713242058283 1.65
    endloop
  endfacet
  facet normal 0 0 1
    outer loop
      vertex 17.12912360280752 21.333387139737567 1.65
      vertex 17.314261308339784 21.402713242058283 1.65
      vertex 17.24972000271082 21.397391354416346 1.65
    endloop
  endfacet
  facet normal 0 1 0
    outer loop
      vertex 16.04112250059843 20.042807999551258 1.65
      vertex 16.04112250059843 20.042807999551258 2
      vertex 16.26130649894476 20.042807999551258 1.65
    endloop
  endfacet
  facet normal 0 1 0
    outer loop
      vertex 16.26130649894476 20.042807999551258 1.65
      vertex 16.04112250059843 20.042807999551258 2
      vertex 16.26130649894476 20.042807999551258 2
    endloop
  endfacet
  facet normal 1 0 0
    outer loop
      vertex 16.04112250059843 20.042807999551258 1.65
      vertex 16.04112250059843 21.667123998999557 1.65
      vertex 16.04112250059843 21.667123998999557 2
    endloop
  endfacet
  facet normal -1 0 0
    outer loop
      vertex 16.26130649894476 20.042807999551258 1.65
      vertex 16.26130649894476 20.042807999551258 2
      vertex 16.26130649894476 20.717198002636394 1.65
    endloop
  endfacet
  facet normal -1 0 0
    outer loop
      vertex 16.26130649894476 20.891278001964054 1.65
      vertex 16.26130649894476 20.891278001964054 2
      vertex 16.26130649894476 21.490748997330627 1.65
    endloop
  endfacet
  facet normal 0 1 0
    outer loop
      vertex 16.26130649894476 20.717198002636394 1.65
      vertex 16.26130649894476 20.717198002636394 2
      vertex 16.767379496991634 20.717198002636394 1.65
    endloop
  endfacet
  facet normal 0 -1 0
    outer loop
      vertex 16.26130649894476 20.891278001964054 1.65
      vertex 16.79274350106716 20.891278001964054 1.65
      vertex 16.79274350106716 20.891278001964054 2
    endloop
  endfacet
  facet normal 0.01827330418818037 -0.9998330292374052 0
    outer loop
      vertex 16.79274350106716 20.891278001964054 1.65
      vertex 16.819057692587375 20.891758929491004 1.65
      vertex 16.819057692587375 20.891758929491004 2
    endloop
  endfacet
  facet normal 0.05675703053258161 -0.9983880205036134 0
    outer loop
      vertex 16.819057692587375 20.891758929491004 1.65
      vertex 16.844437178969383 20.893201719522438 1.65
      vertex 16.844437178969383 20.893201719522438 2
    endloop
  endfacet
  facet normal 0.09789790310497172 -0.9951964633014175 0
    outer loop
      vertex 16.844437178969383 20.893201719522438 1.65
      vertex 16.868881975114345 20.895606364607772 1.65
      vertex 16.868881975114345 20.895606364607772 2
    endloop
  endfacet
  facet normal 0.14174797710777617 -0.9899027785524463 0
    outer loop
      vertex 16.868881975114345 20.895606364607772 1.65
      vertex 16.8923920661211 20.89897286474701 1.65
      vertex 16.8923920661211 20.89897286474701 2
    endloop
  endfacet
  facet normal 0 1 0
    outer loop
      vertex 16.26130649894476 21.490748997330627 1.65
      vertex 16.26130649894476 21.490748997330627 2
      vertex 16.783529502153396 21.490748997330627 1.65
    endloop
  endfacet
  facet normal 0 -1 0
    outer loop
      vertex 16.04112250059843 21.667123998999557 1.65
      vertex 16.805425499379634 21.667123998999557 1.65
      vertex 16.805425499379634 21.667123998999557 2
    endloop
  endfacet
  facet normal 0.016089863399683484 0.9998705497692086 0
    outer loop
      vertex 16.783529502153396 21.490748997330627 1.65
      vertex 16.783529502153396 21.490748997330627 2
      vertex 16.81087153851986 21.490309010744056 1.65
    endloop
  endfacet
  facet normal 0.05005081965800473 0.9987466723106324 0
    outer loop
      vertex 16.81087153851986 21.490309010744056 1.65
      vertex 16.81087153851986 21.490309010744056 2
      vertex 16.837210875749587 21.488989050984344 1.65
    endloop
  endfacet
  facet normal 0.08650324769420568 0.9962515687005741 0
    outer loop
      vertex 16.837210875749587 21.488989050984344 1.65
      vertex 16.837210875749587 21.488989050984344 2
      vertex 16.862547513842582 21.48678910315033 1.65
    endloop
  endfacet
  facet normal 0.1255668691331244 0.9920851583287116 0
    outer loop
      vertex 16.862547513842582 21.48678910315033 1.65
      vertex 16.862547513842582 21.48678910315033 2
      vertex 16.886881452798843 21.483709189593753 1.65
    endloop
  endfacet
  facet normal 0.167331960183623 0.985900611167833 0
    outer loop
      vertex 16.886881452798843 21.483709189593753 1.65
      vertex 16.886881452798843 21.483709189593753 2
      vertex 16.91021269261837 21.479749295413455 1.65
    endloop
  endfacet
  facet normal -0.01751438236607874 -0.9998466114411424 0
    outer loop
      vertex 16.805425499379634 21.667123998999557 1.65
      vertex 16.846897554397582 21.666397530138454 1.65
      vertex 16.846897554397582 21.666397530138454 2
    endloop
  endfacet
  facet normal -0.05441631316687461 -0.9985183347647276 0
    outer loop
      vertex 16.846897554397582 21.666397530138454 1.65
      vertex 16.886889097094535 21.664218108653984 1.65
      vertex 16.886889097094535 21.664218108653984 2
    endloop
  endfacet
  facet normal 1 0 0
    outer loop
      vertex 16.04112250059843 20.042807999551258 1.65
      vertex 16.04112250059843 21.667123998999557 2
      vertex 16.04112250059843 20.042807999551258 2
    endloop
  endfacet
  facet normal -1 0 0
    outer loop
      vertex 16.26130649894476 20.717198002636394 1.65
      vertex 16.26130649894476 20.042807999551258 2
      vertex 16.26130649894476 20.717198002636394 2
    endloop
  endfacet
  facet normal 0 -1 0
    outer loop
      vertex 16.26130649894476 20.891278001964054 1.65
      vertex 16.79274350106716 20.891278001964054 2
      vertex 16.26130649894476 20.891278001964054 2
    endloop
  endfacet
  facet normal 0 1 0
    outer loop
      vertex 16.767379496991634 20.717198002636394 1.65
      vertex 16.26130649894476 20.717198002636394 2
      vertex 16.767379496991634 20.717198002636394 2
    endloop
  endfacet
  facet normal 0.01827330418818037 -0.9998330292374052 0
    outer loop
      vertex 16.79274350106716 20.891278001964054 1.65
      vertex 16.819057692587375 20.891758929491004 2
      vertex 16.79274350106716 20.891278001964054 2
    endloop
  endfacet
  facet normal 0.05675703053258161 -0.9983880205036134 0
    outer loop
      vertex 16.819057692587375 20.891758929491004 1.65
      vertex 16.844437178969383 20.893201719522438 2
      vertex 16.819057692587375 20.891758929491004 2
    endloop
  endfacet
  facet normal 0.09789790310497172 -0.9951964633014175 0
    outer loop
      vertex 16.844437178969383 20.893201719522438 1.65
      vertex 16.868881975114345 20.895606364607772 2
      vertex 16.844437178969383 20.893201719522438 2
    endloop
  endfacet
  facet normal 0.14174797710777617 -0.9899027785524463 0
    outer loop
      vertex 16.868881975114345 20.895606364607772 1.65
      vertex 16.8923920661211 20.89897286474701 2
      vertex 16.868881975114345 20.895606364607772 2
    endloop
  endfacet
  facet normal 0.18829944497473344 -0.9821116632146302 0
    outer loop
      vertex 16.8923920661211 20.89897286474701 1.65
      vertex 16.91496746689081 20.903301227390727 2
      vertex 16.8923920661211 20.89897286474701 2
    endloop
  endfacet
  facet normal -1 0 0
    outer loop
      vertex 16.26130649894476 21.490748997330627 1.65
      vertex 16.26130649894476 20.891278001964054 2
      vertex 16.26130649894476 21.490748997330627 2
    endloop
  endfacet
  facet normal 0 -1 0
    outer loop
      vertex 16.04112250059843 21.667123998999557 1.65
      vertex 16.805425499379634 21.667123998999557 2
      vertex 16.04112250059843 21.667123998999557 2
    endloop
  endfacet
  facet normal 0 1 0
    outer loop
      vertex 16.783529502153396 21.490748997330627 1.65
      vertex 16.26130649894476 21.490748997330627 2
      vertex 16.783529502153396 21.490748997330627 2
    endloop
  endfacet
  facet normal 0.016089863399683484 0.9998705497692086 0
    outer loop
      vertex 16.81087153851986 21.490309010744056 1.65
      vertex 16.783529502153396 21.490748997330627 2
      vertex 16.81087153851986 21.490309010744056 2
    endloop
  endfacet
  facet normal 0.05005081965800473 0.9987466723106324 0
    outer loop
      vertex 16.837210875749587 21.488989050984344 1.65
      vertex 16.81087153851986 21.490309010744056 2
      vertex 16.837210875749587 21.488989050984344 2
    endloop
  endfacet
  facet normal 0.08650324769420568 0.9962515687005741 0
    outer loop
      vertex 16.862547513842582 21.48678910315033 1.65
      vertex 16.837210875749587 21.488989050984344 2
      vertex 16.862547513842582 21.48678910315033 2
    endloop
  endfacet
  facet normal 0.1255668691331244 0.9920851583287116 0
    outer loop
      vertex 16.886881452798843 21.483709189593753 1.65
      vertex 16.862547513842582 21.48678910315033 2
      vertex 16.886881452798843 21.483709189593753 2
    endloop
  endfacet
  facet normal -0.01751438236607874 -0.9998466114411424 0
    outer loop
      vertex 16.805425499379634 21.667123998999557 1.65
      vertex 16.846897554397582 21.666397530138454 2
      vertex 16.805425499379634 21.667123998999557 2
    endloop
  endfacet
  facet normal -0.05441631316687461 -0.9985183347647276 0
    outer loop
      vertex 16.846897554397582 21.666397530138454 1.65
      vertex 16.886889097094535 21.664218108653984 2
      vertex 16.846897554397582 21.666397530138454 2
    endloop
  endfacet
  facet normal -0.09390337368889633 -0.9955813158199803 0
    outer loop
      vertex 16.886889097094535 21.664218108653984 1.65
      vertex 16.925400134921073 21.660585741996726 2
      vertex 16.886889097094535 21.664218108653984 2
    endloop
  endfacet
  facet normal 0 1 0
    outer loop
      vertex 17.189319503307342 20.042807999551258 1.65
      vertex 17.189319503307342 20.042807999551258 2
      vertex 17.442942497134208 20.042807999551258 1.65
    endloop
  endfacet
  facet normal 0 1 0
    outer loop
      vertex 17.442942497134208 20.042807999551258 1.65
      vertex 17.189319503307342 20.042807999551258 2
      vertex 17.442942497134208 20.042807999551258 2
    endloop
  endfacet
  facet normal 0.8477460881422142 0.530402271902726 0
    outer loop
      vertex 16.767379496991634 20.717198002636394 1.65
      vertex 16.767379496991634 20.717198002636394 2
      vertex 17.189319503307342 20.042807999551258 1.65
    endloop
  endfacet
  facet normal -0.1924133003761473 0.9813139771950457 0
    outer loop
      vertex 16.981817503273486 20.74256199926134 1.65
      vertex 16.981817503273486 20.74256199926134 2
      vertex 17.009895664453506 20.748067486584148 1.65
    endloop
  endfacet
  facet normal -0.23580992905740705 0.9717991960060168 0
    outer loop
      vertex 17.009895664453506 20.748067486584148 1.65
      vertex 17.009895664453506 20.748067486584148 2
      vertex 17.037025858461856 20.75465070784088 1.65
    endloop
  endfacet
  facet normal -0.28082729571218373 0.9597583185276288 0
    outer loop
      vertex 17.037025858461856 20.75465070784088 1.65
      vertex 17.037025858461856 20.75465070784088 2
      vertex 17.063208070397376 20.7623116779327 1.65
    endloop
  endfacet
  facet normal 0.18829944497473344 -0.9821116632146302 0
    outer loop
      vertex 16.8923920661211 20.89897286474701 1.65
      vertex 16.91496746689081 20.903301227390727 1.65
      vertex 16.91496746689081 20.903301227390727 2
    endloop
  endfacet
  facet normal 0.23746452149954783 -0.9713962121755422 0
    outer loop
      vertex 16.91496746689081 20.903301227390727 1.65
      vertex 16.936608162522315 20.908591445088348 1.65
      vertex 16.936608162522315 20.908591445088348 2
    endloop
  endfacet
  facet normal 0.2890556687269356 -0.9573122898912475 0
    outer loop
      vertex 16.936608162522315 20.908591445088348 1.65
      vertex 16.957314160466193 20.91484351783987 1.65
      vertex 16.957314160466193 20.91484351783987 2
    endloop
  endfacet
  facet normal 0.34276550392519156 -0.9394209968480103 0
    outer loop
      vertex 16.957314160466193 20.91484351783987 1.65
      vertex 16.977085468173026 20.922057453095874 1.65
      vertex 16.977085468173026 20.922057453095874 2
    endloop
  endfacet
  facet normal 0.39815143581133233 -0.9173197011736827 0
    outer loop
      vertex 16.977085468173026 20.922057453095874 1.65
      vertex 16.995922070741653 20.93023325085636 1.65
      vertex 16.995922070741653 20.93023325085636 2
    endloop
  endfacet
  facet normal 0.45462904949549043 -0.8906808785164453 0
    outer loop
      vertex 16.995922070741653 20.93023325085636 1.65
      vertex 17.013823975622653 20.93937089622017 1.65
      vertex 17.013823975622653 20.93937089622017 2
    endloop
  endfacet
  facet normal 0.5114833821429341 -0.8592931687099725 0
    outer loop
      vertex 17.013823975622653 20.93937089622017 1.65
      vertex 17.030791182816028 20.94947041153904 1.65
      vertex 17.030791182816028 20.94947041153904 2
    endloop
  endfacet
  facet normal 0.5678881112208778 -0.8231057606006558 0
    outer loop
      vertex 17.030791182816028 20.94947041153904 1.65
      vertex 17.046823692321777 20.96053177446123 1.65
      vertex 17.046823692321777 20.96053177446123 2
    endloop
  endfacet
  facet normal 0.622955309338937 -0.7822574273002649 0
    outer loop
      vertex 17.046823692321777 20.96053177446123 1.65
      vertex 17.06192149668932 20.972554999887905 1.65
      vertex 17.06192149668932 20.972554999887905 2
    endloop
  endfacet
  facet normal -0.3272368211150309 0.9449423595683122 0
    outer loop
      vertex 17.063208070397376 20.7623116779327 1.65
      vertex 17.063208070397376 20.7623116779327 2
      vertex 17.088442307710647 20.771050381958446 1.65
    endloop
  endfacet
  facet normal -0.3747429122772776 0.9271287665140935 0
    outer loop
      vertex 17.088442307710647 20.771050381958446 1.65
      vertex 17.088442307710647 20.771050381958446 2
      vertex 17.112728562951087 20.780866819918117 1.65
    endloop
  endfacet
  facet normal -0.4229806556067996 0.9061387117778612 0
    outer loop
      vertex 17.112728562951087 20.780866819918117 1.65
      vertex 17.112728562951087 20.780866819918117 2
      vertex 17.13606685101986 20.791761006712875 1.65
    endloop
  endfacet
  facet normal -0.4715208847535151 0.8818548946630972 0
    outer loop
      vertex 17.13606685101986 20.791761006712875 1.65
      vertex 17.13606685101986 20.791761006712875 2
      vertex 17.1584571570158 20.80373292744156 1.65
    endloop
  endfacet
  facet normal -0.5198832338534285 0.8542373342099381 0
    outer loop
      vertex 17.1584571570158 20.80373292744156 1.65
      vertex 17.1584571570158 20.80373292744156 2
      vertex 17.17989948838949 20.816782589554748 1.65
    endloop
  endfacet
  facet normal -0.5675522868610247 0.8233373559354764 0
    outer loop
      vertex 17.17989948838949 20.816782589554748 1.65
      vertex 17.17989948838949 20.816782589554748 2
      vertex 17.200393845140933 20.830909993052444 1.65
    endloop
  endfacet
  facet normal -0.6140012240291204 0.7893050721303784 0
    outer loop
      vertex 17.200393845140933 20.830909993052444 1.65
      vertex 17.200393845140933 20.830909993052444 2
      vertex 17.219940219819545 20.846115137934646 1.65
    endloop
  endfacet
  facet normal 0.6754902144833635 -0.7373689511616416 0
    outer loop
      vertex 17.06192149668932 20.972554999887905 1.65
      vertex 17.075991769134998 20.985444519221744 1.65
      vertex 17.075991769134998 20.985444519221744 2
    endloop
  endfacet
  facet normal 0.7258640631268293 -0.687838179996582 0
    outer loop
      vertex 17.075991769134998 20.985444519221744 1.65
      vertex 17.088936407864093 20.999104778766593 1.65
      vertex 17.088936407864093 20.999104778766593 2
    endloop
  endfacet
  facet normal 0.7736456473852099 -0.6336185068966337 0
    outer loop
      vertex 17.088936407864093 20.999104778766593 1.65
      vertex 17.100755435228347 21.01353576362129 1.65
      vertex 17.100755435228347 21.01353576362129 2
    endloop
  endfacet
  facet normal 0.817910458781331 -0.5753455321944482 0
    outer loop
      vertex 17.100755435228347 21.01353576362129 1.65
      vertex 17.1114488363266 21.028737488687 1.65
      vertex 17.1114488363266 21.028737488687 2
    endloop
  endfacet
  facet normal 0.8578644300431323 -0.5138760742307156 0
    outer loop
      vertex 17.1114488363266 21.028737488687 1.65
      vertex 17.121016618609428 21.044709939062557 1.65
      vertex 17.121016618609428 21.044709939062557 2
    endloop
  endfacet
  facet normal 0.8929169191724584 -0.4502214737832541 0
    outer loop
      vertex 17.121016618609428 21.044709939062557 1.65
      vertex 17.129458774626254 21.061453129649124 1.65
      vertex 17.129458774626254 21.061453129649124 2
    endloop
  endfacet
  facet normal 0.9227197038033343 -0.385471591966369 0
    outer loop
      vertex 17.129458774626254 21.061453129649124 1.65
      vertex 17.13677531927824 21.07896705299612 1.65
      vertex 17.13677531927824 21.07896705299612 2
    endloop
  endfacet
  facet normal 0.9471804418525016 -0.32070112343442125 0
    outer loop
      vertex 17.13677531927824 21.07896705299612 1.65
      vertex 17.14296623021364 21.097251709103546 1.65
      vertex 17.14296623021364 21.097251709103546 2
    endloop
  endfacet
  facet normal 0.9664384006751707 -0.2568984579564817 0
    outer loop
      vertex 17.14296623021364 21.097251709103546 1.65
      vertex 17.148031529784202 21.1163070979714 1.65
      vertex 17.148031529784202 21.1163070979714 2
    endloop
  endfacet
  facet normal 0.9808230212320159 -0.1949004900488978 0
    outer loop
      vertex 17.148031529784202 21.1163070979714 1.65
      vertex 17.15197120308876 21.136133227050266 1.65
      vertex 17.15197120308876 21.136133227050266 2
    endloop
  endfacet
  facet normal 0.9907954079032123 -0.13536786796691136 0
    outer loop
      vertex 17.15197120308876 21.136133227050266 1.65
      vertex 17.154785257577895 21.15673008143898 1.65
      vertex 17.154785257577895 21.15673008143898 2
    endloop
  endfacet
  facet normal -0.8350001501816158 -0.550249715308131 0
    outer loop
      vertex 16.981817503273486 20.74256199926134 1.65
      vertex 17.442942497134208 20.042807999551258 1.65
      vertex 17.442942497134208 20.042807999551258 2
    endloop
  endfacet
  facet normal -0.6587170304142017 0.7523907720342506 0
    outer loop
      vertex 17.219940219819545 20.846115137934646 1.65
      vertex 17.219940219819545 20.846115137934646 2
      vertex 17.238538627326488 20.862398016750774 1.65
    endloop
  endfacet
  facet normal -0.7012296556013011 0.7129354599858816 0
    outer loop
      vertex 17.238538627326488 20.862398016750774 1.65
      vertex 17.238538627326488 20.862398016750774 2
      vertex 17.2561890527606 20.879758636951408 1.65
    endloop
  endfacet
  facet normal -0.7411332257587854 0.6713579832521376 0
    outer loop
      vertex 17.2561890527606 20.879758636951408 1.65
      vertex 17.2561890527606 20.879758636951408 2
      vertex 17.272891503572463 20.898196998536548 1.65
    endloop
  endfacet
  facet normal -0.7779196214643959 0.6283637979233776 0
    outer loop
      vertex 17.272891503572463 20.898196998536548 1.65
      vertex 17.272891503572463 20.898196998536548 2
      vertex 17.288495790958404 20.917515236437282 1.65
    endloop
  endfacet
  facet normal -0.812385511940832 0.5831207250549688 0
    outer loop
      vertex 17.288495790958404 20.917515236437282 1.65
      vertex 17.288495790958404 20.917515236437282 2
      vertex 17.30285173356533 20.937515485584697 1.65
    endloop
  endfacet
  facet normal -0.8446558394650113 0.5353097354407607 0
    outer loop
      vertex 17.30285173356533 20.937515485584697 1.65
      vertex 17.30285173356533 20.937515485584697 2
      vertex 17.31595933884382 20.958197745978794 1.65
    endloop
  endfacet
  facet normal -0.8743271253408342 0.48533707656971065 0
    outer loop
      vertex 17.31595933884382 20.958197745978794 1.65
      vertex 17.31595933884382 20.958197745978794 2
      vertex 17.3278185993433 20.97956201761957 1.65
    endloop
  endfacet
  facet normal -0.9010649422967825 0.4336841820538261 0
    outer loop
      vertex 17.3278185993433 20.97956201761957 1.65
      vertex 17.3278185993433 20.97956201761957 2
      vertex 17.338429515063762 21.00160830050703 1.65
    endloop
  endfacet
  facet normal -0.9246226731526364 0.3808843817906858 0
    outer loop
      vertex 17.338429515063762 21.00160830050703 1.65
      vertex 17.338429515063762 21.00160830050703 2
      vertex 17.34779209345579 21.02433659464117 1.65
    endloop
  endfacet
  facet normal -0.9448530464306273 0.32749461163622634 0
    outer loop
      vertex 17.34779209345579 21.02433659464117 1.65
      vertex 17.34779209345579 21.02433659464117 2
      vertex 17.355906319618224 21.047746907472572 1.65
    endloop
  endfacet
  facet normal -0.9617096255659017 0.2740704217785884 0
    outer loop
      vertex 17.355906319618224 21.047746907472572 1.65
      vertex 17.355906319618224 21.047746907472572 2
      vertex 17.362772208452224 21.071839224100074 1.65
    endloop
  endfacet
  facet normal -0.975243214877996 0.2211349629398997 0
    outer loop
      vertex 17.362772208452224 21.071839224100074 1.65
      vertex 17.362772208452224 21.071839224100074 2
      vertex 17.36838975250721 21.09661355942484 1.65
    endloop
  endfacet
  facet normal -0.9855883015625811 0.16916175638419753 0
    outer loop
      vertex 17.36838975250721 21.09661355942484 1.65
      vertex 17.36838975250721 21.09661355942484 2
      vertex 17.37275895923376 21.122069898545703 1.65
    endloop
  endfacet
  facet normal -0.9929474346896581 0.11855543826930584 0
    outer loop
      vertex 17.37275895923376 21.122069898545703 1.65
      vertex 17.37275895923376 21.122069898545703 2
      vertex 17.37297340916581 21.123865999281406 1.65
    endloop
  endfacet
  facet normal 0.5834920254905084 0.8121188682631281 0
    outer loop
      vertex 17.045455840229987 21.427390705347023 1.65
      vertex 17.045455840229987 21.427390705347023 2
      vertex 17.060765501856803 21.41639100342985 1.65
    endloop
  endfacet
  facet normal 0.2118375975117653 0.9773048819485368 0
    outer loop
      vertex 16.91021269261837 21.479749295413455 1.65
      vertex 16.91021269261837 21.479749295413455 2
      vertex 16.932541240751743 21.474909428060016 1.65
    endloop
  endfacet
  facet normal 0.259055927120567 0.9658623228098835 0
    outer loop
      vertex 16.932541240751743 21.474909428060016 1.65
      vertex 16.932541240751743 21.474909428060016 2
      vertex 16.9538670822978 21.469189580082855 1.65
    endloop
  endfacet
  facet normal 0.3088658492605175 0.9511056130423052 0
    outer loop
      vertex 16.9538670822978 21.469189580082855 1.65
      vertex 16.9538670822978 21.469189580082855 2
      vertex 16.974190232157707 21.462589758932552 1.65
    endloop
  endfacet
  facet normal 0.3610326218537606 0.9325531866641171 0
    outer loop
      vertex 16.974190232157707 21.462589758932552 1.65
      vertex 16.974190232157707 21.462589758932552 2
      vertex 16.993510682880878 21.455109957158527 1.65
    endloop
  endfacet
  facet normal -0.09390337368889633 -0.9955813158199803 0
    outer loop
      vertex 16.886889097094535 21.664218108653984 1.65
      vertex 16.925400134921073 21.660585741996726 1.65
      vertex 16.925400134921073 21.660585741996726 2
    endloop
  endfacet
  facet normal -0.13605087055290627 -0.9907018525377836 0
    outer loop
      vertex 16.925400134921073 21.660585741996726 1.65
      vertex 16.962430660426616 21.655500422716102 1.65
      vertex 16.962430660426616 21.655500422716102 2
    endloop
  endfacet
  facet normal 0.41518233063527976 0.9097382218683884 0
    outer loop
      vertex 16.993510682880878 21.455109957158527 1.65
      vertex 16.993510682880878 21.455109957158527 2
      vertex 17.011828434467315 21.44675018221136 1.65
    endloop
  endfacet
  facet normal 0.4707886893472877 0.8822460030981512 0
    outer loop
      vertex 17.011828434467315 21.44675018221136 1.65
      vertex 17.011828434467315 21.44675018221136 2
      vertex 17.029143486917018 21.437510434091053 1.65
    endloop
  endfacet
  facet normal 0.5271680440629373 0.8497610566028883 0
    outer loop
      vertex 17.029143486917018 21.437510434091053 1.65
      vertex 17.029143486917018 21.437510434091053 2
      vertex 17.045455840229987 21.427390705347023 1.65
    endloop
  endfacet
  facet normal -0.1808833155056584 -0.9835045633710504 0
    outer loop
      vertex 16.962430660426616 21.655500422716102 1.65
      vertex 16.997980681061744 21.64896216571327 1.65
      vertex 16.997980681061744 21.64896216571327 2
    endloop
  endfacet
  facet normal -0.22835841612022328 -0.9735771329417422 0
    outer loop
      vertex 16.997980681061744 21.64896216571327 1.65
      vertex 17.032050189375877 21.640970956087074 1.65
      vertex 17.032050189375877 21.640970956087074 2
    endloop
  endfacet
  facet normal -0.2783435471826921 -0.9604815821980952 0
    outer loop
      vertex 17.032050189375877 21.640970956087074 1.65
      vertex 17.064639185369014 21.63152680128809 1.65
      vertex 17.064639185369014 21.63152680128809 2
    endloop
  endfacet
  facet normal 0.6392602960005358 0.7689904251402012 0
    outer loop
      vertex 17.060765501856803 21.41639100342985 1.65
      vertex 17.060765501856803 21.41639100342985 2
      vertex 17.075006772577762 21.404552261829338 1.65
    endloop
  endfacet
  facet normal 0.6942149264042567 0.719767765294843 0
    outer loop
      vertex 17.075006772577762 21.404552261829338 1.65
      vertex 17.075006772577762 21.404552261829338 2
      vertex 17.088108745217323 21.391915428936443 1.65
    endloop
  endfacet
  facet normal 0.7468430271647363 0.6650003705077261 0
    outer loop
      vertex 17.088108745217323 21.391915428936443 1.65
      vertex 17.088108745217323 21.391915428936443 2
      vertex 17.100071412324905 21.378480497300586 1.65
    endloop
  endfacet
  facet normal 0.8406387504921784 0.5415962436824585 0
    outer loop
      vertex 17.11089478135109 21.36424747437235 1.65
      vertex 17.11089478135109 21.36424747437235 2
      vertex 17.120578844845294 21.34921635270115 1.65
    endloop
  endfacet
  facet normal 0.8799755106383519 0.475019052961849 0
    outer loop
      vertex 17.120578844845294 21.34921635270115 1.65
      vertex 17.120578844845294 21.34921635270115 2
      vertex 17.12912360280752 21.333387139737567 1.65
    endloop
  endfacet
  facet normal 0.941007665007206 0.3383852455378128 0
    outer loop
      vertex 17.13652907013893 21.316759835481605 1.65
      vertex 17.13652907013893 21.316759835481605 2
      vertex 17.14279522448778 21.29933443248268 1.65
    endloop
  endfacet
  facet normal 0.9134941190983054 0.40685193175504414 0
    outer loop
      vertex 17.12912360280752 21.333387139737567 1.65
      vertex 17.12912360280752 21.333387139737567 2
      vertex 17.13652907013893 21.316759835481605 1.65
    endloop
  endfacet
  facet normal 0.7959931939764683 0.6053055717099758 0
    outer loop
      vertex 17.11089478135109 21.36424747437235 1.65
      vertex 17.100071412324905 21.378480497300586 1.65
      vertex 17.100071412324905 21.378480497300586 2
    endloop
  endfacet
  facet normal 0.9968926084692143 -0.07877262963393829 0
    outer loop
      vertex 17.154785257577895 21.15673008143898 1.65
      vertex 17.15647368580103 21.178097676038703 1.65
      vertex 17.15647368580103 21.178097676038703 2
    endloop
  endfacet
  facet normal 0.9996769988019503 -0.025414524711781194 0
    outer loop
      vertex 17.15647368580103 21.178097676038703 1.65
      vertex 17.15703650265932 21.200236003398857 1.65
      vertex 17.15703650265932 21.200236003398857 2
    endloop
  endfacet
  facet normal 0.999646414784874 0.026590325453964805 0
    outer loop
      vertex 17.15703650265932 21.200236003398857 1.65
      vertex 17.15646684616804 21.22165187776085 1.65
      vertex 17.15646684616804 21.22165187776085 2
    endloop
  endfacet
  facet normal 0.9965824658490866 0.0826038059786233 0
    outer loop
      vertex 17.15646684616804 21.22165187776085 1.65
      vertex 17.154757899045944 21.24226965337988 1.65
      vertex 17.154757899045944 21.24226965337988 2
    endloop
  endfacet
  facet normal 0.9898311576473706 0.14224724725092622 0
    outer loop
      vertex 17.151909638941287 21.262089345157108 1.65
      vertex 17.151909638941287 21.262089345157108 2
      vertex 17.154757899045944 21.24226965337988 1.65
    endloop
  endfacet
  facet normal 0.9787257102724837 0.20517305878604614 0
    outer loop
      vertex 17.147922088205814 21.281110938191375 1.65
      vertex 17.147922088205814 21.281110938191375 2
      vertex 17.151909638941287 21.262089345157108 1.65
    endloop
  endfacet
  facet normal 0.9626302040428729 0.2708192944831979 0
    outer loop
      vertex 17.14279522448778 21.29933443248268 1.65
      vertex 17.14279522448778 21.29933443248268 2
      vertex 17.147922088205814 21.281110938191375 1.65
    endloop
  endfacet
  facet normal -0.3305971202675408 -0.9437719767352754 0
    outer loop
      vertex 17.064639185369014 21.63152680128809 1.65
      vertex 17.095747676491737 21.620629701316318 1.65
      vertex 17.095747676491737 21.620629701316318 2
    endloop
  endfacet
  facet normal -0.3847494567561403 -0.9230210482572186 0
    outer loop
      vertex 17.095747676491737 21.620629701316318 1.65
      vertex 17.125375662744045 21.60827965617176 1.65
      vertex 17.125375662744045 21.60827965617176 2
    endloop
  endfacet
  facet normal -0.6081631612022348 -0.7938120491378956 0
    outer loop
      vertex 17.205376555025577 21.562511834800205 1.65
      vertex 17.229082499444484 21.54435000151392 1.65
      vertex 17.229082499444484 21.54435000151392 2
    endloop
  endfacet
  facet normal -0.4402911783591451 -0.8978550430103489 0
    outer loop
      vertex 17.125375662744045 21.60827965617176 1.65
      vertex 17.153523136675357 21.594476665854415 1.65
      vertex 17.153523136675357 21.594476665854415 2
    endloop
  endfacet
  facet normal -0.49657267508067077 -0.867995148813187 0
    outer loop
      vertex 17.153523136675357 21.594476665854415 1.65
      vertex 17.180190098285674 21.579220722913703 1.65
      vertex 17.180190098285674 21.579220722913703 2
    endloop
  endfacet
  facet normal -0.5528186506076125 -0.8333015897863022 0
    outer loop
      vertex 17.205376555025577 21.562511834800205 1.65
      vertex 17.205376555025577 21.562511834800205 2
      vertex 17.180190098285674 21.579220722913703 1.65
    endloop
  endfacet
  facet normal -0.6610726435416207 -0.7503219042257087 0
    outer loop
      vertex 17.229082499444484 21.54435000151392 1.65
      vertex 17.24972000271082 21.526167287183522 1.65
      vertex 17.24972000271082 21.526167287183522 2
    endloop
  endfacet
  facet normal 0.8477460881422142 0.530402271902726 0
    outer loop
      vertex 17.189319503307342 20.042807999551258 1.65
      vertex 16.767379496991634 20.717198002636394 2
      vertex 17.189319503307342 20.042807999551258 2
    endloop
  endfacet
  facet normal -0.8350001501816158 -0.550249715308131 0
    outer loop
      vertex 16.981817503273486 20.74256199926134 1.65
      vertex 17.442942497134208 20.042807999551258 2
      vertex 16.981817503273486 20.74256199926134 2
    endloop
  endfacet
  facet normal -0.1924133003761473 0.9813139771950457 0
    outer loop
      vertex 17.009895664453506 20.748067486584148 1.65
      vertex 16.981817503273486 20.74256199926134 2
      vertex 17.009895664453506 20.748067486584148 2
    endloop
  endfacet
  facet normal -0.23580992905740705 0.9717991960060168 0
    outer loop
      vertex 17.037025858461856 20.75465070784088 1.65
      vertex 17.009895664453506 20.748067486584148 2
      vertex 17.037025858461856 20.75465070784088 2
    endloop
  endfacet
  facet normal -0.28082729571218373 0.9597583185276288 0
    outer loop
      vertex 17.063208070397376 20.7623116779327 1.65
      vertex 17.037025858461856 20.75465070784088 2
      vertex 17.063208070397376 20.7623116779327 2
    endloop
  endfacet
  facet normal 0.23746452149954783 -0.9713962121755422 0
    outer loop
      vertex 16.91496746689081 20.903301227390727 1.65
      vertex 16.936608162522315 20.908591445088348 2
      vertex 16.91496746689081 20.903301227390727 2
    endloop
  endfacet
  facet normal 0.2890556687269356 -0.9573122898912475 0
    outer loop
      vertex 16.936608162522315 20.908591445088348 1.65
      vertex 16.957314160466193 20.91484351783987 2
      vertex 16.936608162522315 20.908591445088348 2
    endloop
  endfacet
  facet normal 0.34276550392519156 -0.9394209968480103 0
    outer loop
      vertex 16.957314160466193 20.91484351783987 1.65
      vertex 16.977085468173026 20.922057453095874 2
      vertex 16.957314160466193 20.91484351783987 2
    endloop
  endfacet
  facet normal 0.39815143581133233 -0.9173197011736827 0
    outer loop
      vertex 16.977085468173026 20.922057453095874 1.65
      vertex 16.995922070741653 20.93023325085636 2
      vertex 16.977085468173026 20.922057453095874 2
    endloop
  endfacet
  facet normal 0.45462904949549043 -0.8906808785164453 0
    outer loop
      vertex 16.995922070741653 20.93023325085636 1.65
      vertex 17.013823975622653 20.93937089622017 2
      vertex 16.995922070741653 20.93023325085636 2
    endloop
  endfacet
  facet normal 0.5114833821429341 -0.8592931687099725 0
    outer loop
      vertex 17.013823975622653 20.93937089622017 1.65
      vertex 17.030791182816028 20.94947041153904 2
      vertex 17.013823975622653 20.93937089622017 2
    endloop
  endfacet
  facet normal 0.5678881112208778 -0.8231057606006558 0
    outer loop
      vertex 17.030791182816028 20.94947041153904 1.65
      vertex 17.046823692321777 20.96053177446123 2
      vertex 17.030791182816028 20.94947041153904 2
    endloop
  endfacet
  facet normal 0.622955309338937 -0.7822574273002649 0
    outer loop
      vertex 17.046823692321777 20.96053177446123 1.65
      vertex 17.06192149668932 20.972554999887905 2
      vertex 17.046823692321777 20.96053177446123 2
    endloop
  endfacet
  facet normal -0.3272368211150309 0.9449423595683122 0
    outer loop
      vertex 17.088442307710647 20.771050381958446 1.65
      vertex 17.063208070397376 20.7623116779327 2
      vertex 17.088442307710647 20.771050381958446 2
    endloop
  endfacet
  facet normal -0.3747429122772776 0.9271287665140935 0
    outer loop
      vertex 17.112728562951087 20.780866819918117 1.65
      vertex 17.088442307710647 20.771050381958446 2
      vertex 17.112728562951087 20.780866819918117 2
    endloop
  endfacet
  facet normal -0.4229806556067996 0.9061387117778612 0
    outer loop
      vertex 17.13606685101986 20.791761006712875 1.65
      vertex 17.112728562951087 20.780866819918117 2
      vertex 17.13606685101986 20.791761006712875 2
    endloop
  endfacet
  facet normal -0.4715208847535151 0.8818548946630972 0
    outer loop
      vertex 17.1584571570158 20.80373292744156 1.65
      vertex 17.13606685101986 20.791761006712875 2
      vertex 17.1584571570158 20.80373292744156 2
    endloop
  endfacet
  facet normal -0.5198832338534285 0.8542373342099381 0
    outer loop
      vertex 17.17989948838949 20.816782589554748 1.65
      vertex 17.1584571570158 20.80373292744156 2
      vertex 17.17989948838949 20.816782589554748 2
    endloop
  endfacet
  facet normal -0.5675522868610247 0.8233373559354764 0
    outer loop
      vertex 17.200393845140933 20.830909993052444 1.65
      vertex 17.17989948838949 20.816782589554748 2
      vertex 17.200393845140933 20.830909993052444 2
    endloop
  endfacet
  facet normal -0.6140012240291204 0.7893050721303784 0
    outer loop
      vertex 17.219940219819545 20.846115137934646 1.65
      vertex 17.200393845140933 20.830909993052444 2
      vertex 17.219940219819545 20.846115137934646 2
    endloop
  endfacet
  facet normal 0.6754902144833635 -0.7373689511616416 0
    outer loop
      vertex 17.06192149668932 20.972554999887905 1.65
      vertex 17.075991769134998 20.985444519221744 2
      vertex 17.06192149668932 20.972554999887905 2
    endloop
  endfacet
  facet normal 0.7258640631268293 -0.687838179996582 0
    outer loop
      vertex 17.075991769134998 20.985444519221744 1.65
      vertex 17.088936407864093 20.999104778766593 2
      vertex 17.075991769134998 20.985444519221744 2
    endloop
  endfacet
  facet normal 0.7736456473852099 -0.6336185068966337 0
    outer loop
      vertex 17.088936407864093 20.999104778766593 1.65
      vertex 17.100755435228347 21.01353576362129 2
      vertex 17.088936407864093 20.999104778766593 2
    endloop
  endfacet
  facet normal 0.817910458781331 -0.5753455321944482 0
    outer loop
      vertex 17.100755435228347 21.01353576362129 1.65
      vertex 17.1114488363266 21.028737488687 2
      vertex 17.100755435228347 21.01353576362129 2
    endloop
  endfacet
  facet normal 0.8578644300431323 -0.5138760742307156 0
    outer loop
      vertex 17.1114488363266 21.028737488687 1.65
      vertex 17.121016618609428 21.044709939062557 2
      vertex 17.1114488363266 21.028737488687 2
    endloop
  endfacet
  facet normal 0.8929169191724584 -0.4502214737832541 0
    outer loop
      vertex 17.121016618609428 21.044709939062557 1.65
      vertex 17.129458774626254 21.061453129649124 2
      vertex 17.121016618609428 21.044709939062557 2
    endloop
  endfacet
  facet normal 0.9227197038033343 -0.385471591966369 0
    outer loop
      vertex 17.129458774626254 21.061453129649124 1.65
      vertex 17.13677531927824 21.07896705299612 2
      vertex 17.129458774626254 21.061453129649124 2
    endloop
  endfacet
  facet normal 0.9471804418525016 -0.32070112343442125 0
    outer loop
      vertex 17.13677531927824 21.07896705299612 1.65
      vertex 17.14296623021364 21.097251709103546 2
      vertex 17.13677531927824 21.07896705299612 2
    endloop
  endfacet
  facet normal 0.9664384006751707 -0.2568984579564817 0
    outer loop
      vertex 17.14296623021364 21.097251709103546 1.65
      vertex 17.148031529784202 21.1163070979714 2
      vertex 17.14296623021364 21.097251709103546 2
    endloop
  endfacet
  facet normal 0.9808230212320159 -0.1949004900488978 0
    outer loop
      vertex 17.148031529784202 21.1163070979714 1.65
      vertex 17.15197120308876 21.136133227050266 2
      vertex 17.148031529784202 21.1163070979714 2
    endloop
  endfacet
  facet normal 0.9907954079032123 -0.13536786796691136 0
    outer loop
      vertex 17.15197120308876 21.136133227050266 1.65
      vertex 17.154785257577895 21.15673008143898 2
      vertex 17.15197120308876 21.136133227050266 2
    endloop
  endfacet
  facet normal -0.6587170304142017 0.7523907720342506 0
    outer loop
      vertex 17.238538627326488 20.862398016750774 1.65
      vertex 17.219940219819545 20.846115137934646 2
      vertex 17.238538627326488 20.862398016750774 2
    endloop
  endfacet
  facet normal -0.7012296556013011 0.7129354599858816 0
    outer loop
      vertex 17.2561890527606 20.879758636951408 1.65
      vertex 17.238538627326488 20.862398016750774 2
      vertex 17.2561890527606 20.879758636951408 2
    endloop
  endfacet
  facet normal -0.7411332257587854 0.6713579832521376 0
    outer loop
      vertex 17.272891503572463 20.898196998536548 1.65
      vertex 17.2561890527606 20.879758636951408 2
      vertex 17.272891503572463 20.898196998536548 2
    endloop
  endfacet
  facet normal -0.7779196214643959 0.6283637979233776 0
    outer loop
      vertex 17.288495790958404 20.917515236437282 1.65
      vertex 17.272891503572463 20.898196998536548 2
      vertex 17.288495790958404 20.917515236437282 2
    endloop
  endfacet
  facet normal -0.812385511940832 0.5831207250549688 0
    outer loop
      vertex 17.30285173356533 20.937515485584697 1.65
      vertex 17.288495790958404 20.917515236437282 2
      vertex 17.30285173356533 20.937515485584697 2
    endloop
  endfacet
  facet normal -0.8446558394650113 0.5353097354407607 0
    outer loop
      vertex 17.31595933884382 20.958197745978794 1.65
      vertex 17.30285173356533 20.937515485584697 2
      vertex 17.31595933884382 20.958197745978794 2
    endloop
  endfacet
  facet normal -0.8743271253408342 0.48533707656971065 0
    outer loop
      vertex 17.3278185993433 20.97956201761957 1.65
      vertex 17.31595933884382 20.958197745978794 2
      vertex 17.3278185993433 20.97956201761957 2
    endloop
  endfacet
  facet normal -0.9010649422967825 0.4336841820538261 0
    outer loop
      vertex 17.338429515063762 21.00160830050703 1.65
      vertex 17.3278185993433 20.97956201761957 2
      vertex 17.338429515063762 21.00160830050703 2
    endloop
  endfacet
  facet normal -0.9246226731526364 0.3808843817906858 0
    outer loop
      vertex 17.34779209345579 21.02433659464117 1.65
      vertex 17.338429515063762 21.00160830050703 2
      vertex 17.34779209345579 21.02433659464117 2
    endloop
  endfacet
  facet normal -0.9448530464306273 0.32749461163622634 0
    outer loop
      vertex 17.355906319618224 21.047746907472572 1.65
      vertex 17.34779209345579 21.02433659464117 2
      vertex 17.355906319618224 21.047746907472572 2
    endloop
  endfacet
  facet normal -0.9617096255659017 0.2740704217785884 0
    outer loop
      vertex 17.362772208452224 21.071839224100074 1.65
      vertex 17.355906319618224 21.047746907472572 2
      vertex 17.362772208452224 21.071839224100074 2
    endloop
  endfacet
  facet normal -0.975243214877996 0.2211349629398997 0
    outer loop
      vertex 17.36838975250721 21.09661355942484 1.65
      vertex 17.362772208452224 21.071839224100074 2
      vertex 17.36838975250721 21.09661355942484 2
    endloop
  endfacet
  facet normal -0.9855883015625811 0.16916175638419753 0
    outer loop
      vertex 17.37275895923376 21.122069898545703 1.65
      vertex 17.36838975250721 21.09661355942484 2
      vertex 17.37275895923376 21.122069898545703 2
    endloop
  endfacet
  facet normal -0.9929474346896581 0.11855543826930584 0
    outer loop
      vertex 17.37297340916581 21.123865999281406 1.65
      vertex 17.37275895923376 21.122069898545703 2
      vertex 17.37297340916581 21.123865999281406 2
    endloop
  endfacet
  facet normal 0.5834920254905084 0.8121188682631281 0
    outer loop
      vertex 17.060765501856803 21.41639100342985 1.65
      vertex 17.045455840229987 21.427390705347023 2
      vertex 17.060765501856803 21.41639100342985 2
    endloop
  endfacet
  facet normal 0.167331960183623 0.985900611167833 0
    outer loop
      vertex 16.91021269261837 21.479749295413455 1.65
      vertex 16.886881452798843 21.483709189593753 2
      vertex 16.91021269261837 21.479749295413455 2
    endloop
  endfacet
  facet normal 0.2118375975117653 0.9773048819485368 0
    outer loop
      vertex 16.932541240751743 21.474909428060016 1.65
      vertex 16.91021269261837 21.479749295413455 2
      vertex 16.932541240751743 21.474909428060016 2
    endloop
  endfacet
  facet normal 0.259055927120567 0.9658623228098835 0
    outer loop
      vertex 16.9538670822978 21.469189580082855 1.65
      vertex 16.932541240751743 21.474909428060016 2
      vertex 16.9538670822978 21.469189580082855 2
    endloop
  endfacet
  facet normal 0.3088658492605175 0.9511056130423052 0
    outer loop
      vertex 16.974190232157707 21.462589758932552 1.65
      vertex 16.9538670822978 21.469189580082855 2
      vertex 16.974190232157707 21.462589758932552 2
    endloop
  endfacet
  facet normal -0.13605087055290627 -0.9907018525377836 0
    outer loop
      vertex 16.925400134921073 21.660585741996726 1.65
      vertex 16.962430660426616 21.655500422716102 2
      vertex 16.925400134921073 21.660585741996726 2
    endloop
  endfacet
  facet normal -0.1808833155056584 -0.9835045633710504 0
    outer loop
      vertex 16.962430660426616 21.655500422716102 1.65
      vertex 16.997980681061744 21.64896216571327 2
      vertex 16.962430660426616 21.655500422716102 2
    endloop
  endfacet
  facet normal 0.3610326218537606 0.9325531866641171 0
    outer loop
      vertex 16.993510682880878 21.455109957158527 1.65
      vertex 16.974190232157707 21.462589758932552 2
      vertex 16.993510682880878 21.455109957158527 2
    endloop
  endfacet
  facet normal 0.41518233063527976 0.9097382218683884 0
    outer loop
      vertex 17.011828434467315 21.44675018221136 1.65
      vertex 16.993510682880878 21.455109957158527 2
      vertex 17.011828434467315 21.44675018221136 2
    endloop
  endfacet
  facet normal 0.4707886893472877 0.8822460030981512 0
    outer loop
      vertex 17.029143486917018 21.437510434091053 1.65
      vertex 17.011828434467315 21.44675018221136 2
      vertex 17.029143486917018 21.437510434091053 2
    endloop
  endfacet
  facet normal 0.5271680440629373 0.8497610566028883 0
    outer loop
      vertex 17.045455840229987 21.427390705347023 1.65
      vertex 17.029143486917018 21.437510434091053 2
      vertex 17.045455840229987 21.427390705347023 2
    endloop
  endfacet
  facet normal -0.22835841612022328 -0.9735771329417422 0
    outer loop
      vertex 16.997980681061744 21.64896216571327 1.65
      vertex 17.032050189375877 21.640970956087074 2
      vertex 16.997980681061744 21.64896216571327 2
    endloop
  endfacet
  facet normal -0.2783435471826921 -0.9604815821980952 0
    outer loop
      vertex 17.032050189375877 21.640970956087074 1.65
      vertex 17.064639185369014 21.63152680128809 2
      vertex 17.032050189375877 21.640970956087074 2
    endloop
  endfacet
  facet normal 0.6392602960005358 0.7689904251402012 0
    outer loop
      vertex 17.075006772577762 21.404552261829338 1.65
      vertex 17.060765501856803 21.41639100342985 2
      vertex 17.075006772577762 21.404552261829338 2
    endloop
  endfacet
  facet normal 0.7468430271647363 0.6650003705077261 0
    outer loop
      vertex 17.100071412324905 21.378480497300586 1.65
      vertex 17.088108745217323 21.391915428936443 2
      vertex 17.100071412324905 21.378480497300586 2
    endloop
  endfacet
  facet normal 0.6942149264042567 0.719767765294843 0
    outer loop
      vertex 17.088108745217323 21.391915428936443 1.65
      vertex 17.075006772577762 21.404552261829338 2
      vertex 17.088108745217323 21.391915428936443 2
    endloop
  endfacet
  facet normal 0.8406387504921784 0.5415962436824585 0
    outer loop
      vertex 17.120578844845294 21.34921635270115 1.65
      vertex 17.11089478135109 21.36424747437235 2
      vertex 17.120578844845294 21.34921635270115 2
    endloop
  endfacet
  facet normal 0.9134941190983054 0.40685193175504414 0
    outer loop
      vertex 17.13652907013893 21.316759835481605 1.65
      vertex 17.12912360280752 21.333387139737567 2
      vertex 17.13652907013893 21.316759835481605 2
    endloop
  endfacet
  facet normal 0.941007665007206 0.3383852455378128 0
    outer loop
      vertex 17.14279522448778 21.29933443248268 1.65
      vertex 17.13652907013893 21.316759835481605 2
      vertex 17.14279522448778 21.29933443248268 2
    endloop
  endfacet
  facet normal 0.8799755106383519 0.475019052961849 0
    outer loop
      vertex 17.12912360280752 21.333387139737567 1.65
      vertex 17.120578844845294 21.34921635270115 2
      vertex 17.12912360280752 21.333387139737567 2
    endloop
  endfacet
  facet normal 0.7959931939764683 0.6053055717099758 0
    outer loop
      vertex 17.11089478135109 21.36424747437235 1.65
      vertex 17.100071412324905 21.378480497300586 2
      vertex 17.11089478135109 21.36424747437235 2
    endloop
  endfacet
  facet normal 0.9968926084692143 -0.07877262963393829 0
    outer loop
      vertex 17.154785257577895 21.15673008143898 1.65
      vertex 17.15647368580103 21.178097676038703 2
      vertex 17.154785257577895 21.15673008143898 2
    endloop
  endfacet
  facet normal 0.9996769988019503 -0.025414524711781194 0
    outer loop
      vertex 17.15647368580103 21.178097676038703 1.65
      vertex 17.15703650265932 21.200236003398857 2
      vertex 17.15647368580103 21.178097676038703 2
    endloop
  endfacet
  facet normal 0.999646414784874 0.026590325453964805 0
    outer loop
      vertex 17.15703650265932 21.200236003398857 1.65
      vertex 17.15646684616804 21.22165187776085 2
      vertex 17.15703650265932 21.200236003398857 2
    endloop
  endfacet
  facet normal 0.9965824658490866 0.0826038059786233 0
    outer loop
      vertex 17.15646684616804 21.22165187776085 1.65
      vertex 17.154757899045944 21.24226965337988 2
      vertex 17.15646684616804 21.22165187776085 2
    endloop
  endfacet
  facet normal 0.9898311576473706 0.14224724725092622 0
    outer loop
      vertex 17.154757899045944 21.24226965337988 1.65
      vertex 17.151909638941287 21.262089345157108 2
      vertex 17.154757899045944 21.24226965337988 2
    endloop
  endfacet
  facet normal 0.9626302040428729 0.2708192944831979 0
    outer loop
      vertex 17.147922088205814 21.281110938191375 1.65
      vertex 17.14279522448778 21.29933443248268 2
      vertex 17.147922088205814 21.281110938191375 2
    endloop
  endfacet
  facet normal 0.9787257102724837 0.20517305878604614 0
    outer loop
      vertex 17.151909638941287 21.262089345157108 1.65
      vertex 17.147922088205814 21.281110938191375 2
      vertex 17.151909638941287 21.262089345157108 2
    endloop
  endfacet
  facet normal -0.3305971202675408 -0.9437719767352754 0
    outer loop
      vertex 17.064639185369014 21.63152680128809 1.65
      vertex 17.095747676491737 21.620629701316318 2
      vertex 17.064639185369014 21.63152680128809 2
    endloop
  endfacet
  facet normal -0.3847494567561403 -0.9230210482572186 0
    outer loop
      vertex 17.095747676491737 21.620629701316318 1.65
      vertex 17.125375662744045 21.60827965617176 2
      vertex 17.095747676491737 21.620629701316318 2
    endloop
  endfacet
  facet normal -0.4402911783591451 -0.8978550430103489 0
    outer loop
      vertex 17.125375662744045 21.60827965617176 1.65
      vertex 17.153523136675357 21.594476665854415 2
      vertex 17.125375662744045 21.60827965617176 2
    endloop
  endfacet
  facet normal -0.6081631612022348 -0.7938120491378956 0
    outer loop
      vertex 17.205376555025577 21.562511834800205 1.65
      vertex 17.229082499444484 21.54435000151392 2
      vertex 17.205376555025577 21.562511834800205 2
    endloop
  endfacet
  facet normal -0.49657267508067077 -0.867995148813187 0
    outer loop
      vertex 17.153523136675357 21.594476665854415 1.65
      vertex 17.180190098285674 21.579220722913703 2
      vertex 17.153523136675357 21.594476665854415 2
    endloop
  endfacet
  facet normal -0.5528186506076125 -0.8333015897863022 0
    outer loop
      vertex 17.180190098285674 21.579220722913703 1.65
      vertex 17.205376555025577 21.562511834800205 2
      vertex 17.180190098285674 21.579220722913703 2
    endloop
  endfacet
  facet normal -0.6610726435416207 -0.7503219042257087 0
    outer loop
      vertex 17.229082499444484 21.54435000151392 1.65
      vertex 17.24972000271082 21.526167287183522 2
      vertex 17.229082499444484 21.54435000151392 2
    endloop
  endfacet
  facet normal 0 0 -1
    outer loop
      vertex 0 -4 0
      vertex 0 0 0
      vertex 2 0 0
    endloop
  endfacet
  facet normal 0 0 -1
    outer loop
      vertex 0 -4 0
      vertex 2 0 0
      vertex 2 -4 0
    endloop
  endfacet
  facet normal 0 -1 0
    outer loop
      vertex 0 -4 0
      vertex 2 -4 0
      vertex 0 -4 2
    endloop
  endfacet
  facet normal -1 0 0
    outer loop
      vertex 0 -4 0
      vertex 0 0 2
      vertex 0 0 0
    endloop
  endfacet
  facet normal 0 1 0
    outer loop
      vertex 0 0 0
      vertex 2 0 2
      vertex 2 0 0
    endloop
  endfacet
  facet normal 0 0 -1
    outer loop
      vertex 2 -4 0
      vertex 2 0 0
      vertex 14.5 -2.7511328160762787 0
    endloop
  endfacet
  facet normal 0 0 -1
    outer loop
      vertex 2 0 0
      vertex 14.5 1.2488671839237213 0
      vertex 14.5 -2.7511328160762787 0
    endloop
  endfacet
  facet normal 0.09941443511665507 -0.9950461145547156 0
    outer loop
      vertex 2 -4 0
      vertex 14.5 -2.7511328160762787 0
      vertex 2 -4 2
    endloop
  endfacet
  facet normal -0.09941443511665507 0.9950461145547156 0
    outer loop
      vertex 2 0 0
      vertex 14.5 1.2488671839237213 2
      vertex 14.5 1.2488671839237213 0
    endloop
  endfacet
  facet normal -1 0 0
    outer loop
      vertex 0 -4 0
      vertex 0 -4 2
      vertex 0 0 2
    endloop
  endfacet
  facet normal 0 1 0
    outer loop
      vertex 0 0 0
      vertex 0 0 2
      vertex 2 0 2
    endloop
  endfacet
  facet normal 0 -1 0
    outer loop
      vertex 2 -4 0
      vertex 2 -4 2
      vertex 0 -4 2
    endloop
  endfacet
  facet normal 0 0 1
    outer loop
      vertex 0 -4 2
      vertex 2 0 2
      vertex 0 0 2
    endloop
  endfacet
  facet normal 0 0 1
    outer loop
      vertex 0 -4 2
      vertex 2 -4 2
      vertex 2 0 2
    endloop
  endfacet
  facet normal -0.09941443511665507 0.9950461145547156 0
    outer loop
      vertex 2 0 0
      vertex 2 0 2
      vertex 14.5 1.2488671839237213 2
    endloop
  endfacet
  facet normal 0.09941443511665507 -0.9950461145547156 0
    outer loop
      vertex 2 -4 2
      vertex 14.5 -2.7511328160762787 0
      vertex 14.5 -2.7511328160762787 2
    endloop
  endfacet
  facet normal 0 0 1
    outer loop
      vertex 2 -4 2
      vertex 14.5 -2.7511328160762787 2
      vertex 2 0 2
    endloop
  endfacet
  facet normal 0 0 1
    outer loop
      vertex 2 0 2
      vertex 14.5 -2.7511328160762787 2
      vertex 14.5 1.2488671839237213 2
    endloop
  endfacet
  facet normal 0 0 -1
    outer loop
      vertex 14.5 -2.7511328160762787 0
      vertex 14.5 1.2488671839237213 0
      vertex 15.799999997019768 1.2488671839237213 0
    endloop
  endfacet
  facet normal 0 1 0
    outer loop
      vertex 14.5 1.2488671839237213 0
      vertex 15.799999997019768 1.2488671839237213 2
      vertex 15.799999997019768 1.2488671839237213 0
    endloop
  endfacet
  facet normal 0 0 -1
    outer loop
      vertex 14.549999997019768 6.954999998211861 0
      vertex 15.799999997019768 8.755000002682209 0
      vertex 15.799999997019768 6.954999998211861 0
    endloop
  endfacet
  facet normal 0 0 -1
    outer loop
      vertex 14.549999997019768 6.954999998211861 0
      vertex 14.549999997019768 8.755000002682209 0
      vertex 15.799999997019768 8.755000002682209 0
    endloop
  endfacet
  facet normal -1 0 0
    outer loop
      vertex 14.549999997019768 6.954999998211861 0
      vertex 14.549999997019768 8.755000002682209 2
      vertex 14.549999997019768 8.755000002682209 0
    endloop
  endfacet
  facet normal 0 -1 0
    outer loop
      vertex 14.549999997019768 6.954999998211861 0
      vertex 15.799999997019768 6.954999998211861 0
      vertex 14.549999997019768 6.954999998211861 2
    endloop
  endfacet
  facet normal 0 1 0
    outer loop
      vertex 14.549999997019768 8.755000002682209 0
      vertex 15.799999997019768 8.755000002682209 2
      vertex 15.799999997019768 8.755000002682209 0
    endloop
  endfacet
  facet normal 0 0 -1
    outer loop
      vertex 14.5 -2.7511328160762787 0
      vertex 15.799999997019768 1.2488671839237213 0
      vertex 20.799999997019768 -2.7511328160762787 0
    endloop
  endfacet
  facet normal 0 0 -1
    outer loop
      vertex 15.799999997019768 1.2488671839237213 0
      vertex 18.92360220849514 7.438322328031063 0
      vertex 20.799999997019768 -2.7511328160762787 0
    endloop
  endfacet
  facet normal 0 0 -1
    outer loop
      vertex 20.799999997019768 -2.7511328160762787 0
      vertex 18.92360220849514 7.438322328031063 0
      vertex 18.992909647524357 7.56798742711544 0
    endloop
  endfacet
  facet normal 0 0 -1
    outer loop
      vertex 20.799999997019768 -2.7511328160762787 0
      vertex 18.992909647524357 7.56798742711544 0
      vertex 19.035588957369328 7.708682261407375 0
    endloop
  endfacet
  facet normal 0 0 -1
    outer loop
      vertex 20.799999997019768 -2.7511328160762787 0
      vertex 19.035588957369328 7.708682261407375 0
      vertex 19.049999997019768 7.8549999967217445 0
    endloop
  endfacet
  facet normal 0 -1 0
    outer loop
      vertex 14.5 -2.7511328160762787 0
      vertex 20.799999997019768 -2.7511328160762787 0
      vertex 14.5 -2.7511328160762787 2
    endloop
  endfacet
  facet normal 0 0 -1
    outer loop
      vertex 15.799999997019768 1.2488671839237213 0
      vertex 15.799999997019768 6.954999998211861 0
      vertex 17.883322328329086 7.231397792696953 0
    endloop
  endfacet
  facet normal 0 0 -1
    outer loop
      vertex 15.799999997019768 6.954999998211861 0
      vertex 15.799999997019768 8.755000002682209 0
      vertex 17.564411036670208 7.708682261407375 0
    endloop
  endfacet
  facet normal 0 0 -1
    outer loop
      vertex 15.799999997019768 1.2488671839237213 0
      vertex 17.883322328329086 7.231397792696953 0
      vertex 18.012987427413464 7.162090353667736 0
    endloop
  endfacet
  facet normal 0 0 -1
    outer loop
      vertex 15.799999997019768 1.2488671839237213 0
      vertex 18.012987427413464 7.162090353667736 0
      vertex 18.1536822617054 7.119411036372185 0
    endloop
  endfacet
  facet normal 0 0 -1
    outer loop
      vertex 15.799999997019768 1.2488671839237213 0
      vertex 18.1536822617054 7.119411036372185 0
      vertex 18.299999997019768 7.1049999967217445 0
    endloop
  endfacet
  facet normal 0 0 -1
    outer loop
      vertex 15.799999997019768 1.2488671839237213 0
      vertex 18.299999997019768 7.1049999967217445 0
      vertex 18.446317739784718 7.119411036372185 0
    endloop
  endfacet
  facet normal 0 0 -1
    outer loop
      vertex 15.799999997019768 1.2488671839237213 0
      vertex 18.446317739784718 7.119411036372185 0
      vertex 18.587012574076653 7.162090353667736 0
    endloop
  endfacet
  facet normal 0 0 -1
    outer loop
      vertex 15.799999997019768 1.2488671839237213 0
      vertex 18.587012574076653 7.162090353667736 0
      vertex 18.71667767316103 7.231397792696953 0
    endloop
  endfacet
  facet normal 0 0 -1
    outer loop
      vertex 15.799999997019768 1.2488671839237213 0
      vertex 18.71667767316103 7.231397792696953 0
      vertex 18.830330088734627 7.324669912457466 0
    endloop
  endfacet
  facet normal 0 0 -1
    outer loop
      vertex 15.799999997019768 1.2488671839237213 0
      vertex 18.830330088734627 7.324669912457466 0
      vertex 18.92360220849514 7.438322328031063 0
    endloop
  endfacet
  facet normal 0 0 -1
    outer loop
      vertex 15.799999997019768 6.954999998211861 0
      vertex 17.60709035396576 7.56798742711544 0
      vertex 17.676397792994976 7.438322328031063 0
    endloop
  endfacet
  facet normal 0 0 -1
    outer loop
      vertex 15.799999997019768 6.954999998211861 0
      vertex 17.564411036670208 7.708682261407375 0
      vertex 17.60709035396576 7.56798742711544 0
    endloop
  endfacet
  facet normal 0 0 -1
    outer loop
      vertex 15.799999997019768 6.954999998211861 0
      vertex 17.76966991275549 7.324669912457466 0
      vertex 17.883322328329086 7.231397792696953 0
    endloop
  endfacet
  facet normal 0 0 -1
    outer loop
      vertex 15.799999997019768 6.954999998211861 0
      vertex 17.676397792994976 7.438322328031063 0
      vertex 17.76966991275549 7.324669912457466 0
    endloop
  endfacet
  facet normal 0 0 -1
    outer loop
      vertex 15.799999997019768 8.755000002682209 0
      vertex 17.549999997019768 7.8549999967217445 0
      vertex 17.564411036670208 7.708682261407375 0
    endloop
  endfacet
  facet normal 0 0 -1
    outer loop
      vertex 15.799999997019768 8.755000002682209 0
      vertex 17.564411036670208 8.001317739486694 0
      vertex 17.549999997019768 7.8549999967217445 0
    endloop
  endfacet
  facet normal 0 0 -1
    outer loop
      vertex 15.799999997019768 8.755000002682209 0
      vertex 17.60709035396576 8.14201257377863 0
      vertex 17.564411036670208 8.001317739486694 0
    endloop
  endfacet
  facet normal 0 0 -1
    outer loop
      vertex 15.799999997019768 8.755000002682209 0
      vertex 17.676397792994976 8.271677672863007 0
      vertex 17.60709035396576 8.14201257377863 0
    endloop
  endfacet
  facet normal 0 0 -1
    outer loop
      vertex 15.799999997019768 8.755000002682209 0
      vertex 15.799999997019768 17.95499999821186 0
      vertex 17.676397792994976 8.271677672863007 0
    endloop
  endfacet
  facet normal 0 0 -1
    outer loop
      vertex 17.676397792994976 8.271677672863007 0
      vertex 15.799999997019768 17.95499999821186 0
      vertex 17.76966991275549 8.385330088436604 0
    endloop
  endfacet
  facet normal 0 0 -1
    outer loop
      vertex 17.76966991275549 8.385330088436604 0
      vertex 15.799999997019768 17.95499999821186 0
      vertex 17.883322328329086 8.478602208197117 0
    endloop
  endfacet
  facet normal 0 0 -1
    outer loop
      vertex 17.883322328329086 8.478602208197117 0
      vertex 15.799999997019768 17.95499999821186 0
      vertex 18.012987427413464 8.547909647226334 0
    endloop
  endfacet
  facet normal 0 0 -1
    outer loop
      vertex 18.012987427413464 8.547909647226334 0
      vertex 15.799999997019768 17.95499999821186 0
      vertex 18.1536822617054 8.590588957071304 0
    endloop
  endfacet
  facet normal 0 0 -1
    outer loop
      vertex 18.1536822617054 8.590588957071304 0
      vertex 15.799999997019768 17.95499999821186 0
      vertex 18.299999997019768 8.604999996721745 0
    endloop
  endfacet
  facet normal 0 0 -1
    outer loop
      vertex 18.299999997019768 8.604999996721745 0
      vertex 15.799999997019768 17.95499999821186 0
      vertex 18.446317739784718 8.590588957071304 0
    endloop
  endfacet
  facet normal 0 0 -1
    outer loop
      vertex 18.446317739784718 8.590588957071304 0
      vertex 18.446317739784718 18.119411036372185 0
      vertex 18.587012574076653 8.547909647226334 0
    endloop
  endfacet
  facet normal 0 0 -1
    outer loop
      vertex 18.587012574076653 8.547909647226334 0
      vertex 18.71667767316103 18.231397792696953 0
      vertex 18.71667767316103 8.478602208197117 0
    endloop
  endfacet
  facet normal 0 0 -1
    outer loop
      vertex 18.71667767316103 8.478602208197117 0
      vertex 18.830330088734627 18.324669912457466 0
      vertex 18.830330088734627 8.385330088436604 0
    endloop
  endfacet
  facet normal 0 0 -1
    outer loop
      vertex 18.830330088734627 8.385330088436604 0
      vertex 18.92360220849514 18.438322328031063 0
      vertex 18.92360220849514 8.271677672863007 0
    endloop
  endfacet
  facet normal 0 0 -1
    outer loop
      vertex 18.92360220849514 8.271677672863007 0
      vertex 18.992909647524357 18.56798742711544 0
      vertex 18.992909647524357 8.14201257377863 0
    endloop
  endfacet
  facet normal 0 0 -1
    outer loop
      vertex 19.049999997019768 7.8549999967217445 0
      vertex 19.035588957369328 8.001317739486694 0
      vertex 19.049999997019768 18.854999996721745 0
    endloop
  endfacet
  facet normal 0 0 -1
    outer loop
      vertex 19.035588957369328 8.001317739486694 0
      vertex 18.992909647524357 8.14201257377863 0
      vertex 19.035588957369328 18.708682261407375 0
    endloop
  endfacet
  facet normal 0 0 -1
    outer loop
      vertex 20.799999997019768 -2.7511328160762787 0
      vertex 19.049999997019768 7.8549999967217445 0
      vertex 20.799999997019768 31 0
    endloop
  endfacet
  facet normal -1 0 0
    outer loop
      vertex 15.799999997019768 1.2488671839237213 0
      vertex 15.799999997019768 6.954999998211861 2
      vertex 15.799999997019768 6.954999998211861 0
    endloop
  endfacet
  facet normal 0.7730104774684329 0.6343932547907689 0
    outer loop
      vertex 17.676397792994976 7.438322328031063 0
      vertex 17.676397792994976 7.438322328031063 2
      vertex 17.76966991275549 7.324669912457466 0
    endloop
  endfacet
  facet normal 0.6343932547907689 0.7730104774684329 0
    outer loop
      vertex 17.76966991275549 7.324669912457466 0
      vertex 17.76966991275549 7.324669912457466 2
      vertex 17.883322328329086 7.231397792696953 0
    endloop
  endfacet
  facet normal 0.8819212654102606 0.4713967348393121 0
    outer loop
      vertex 17.676397792994976 7.438322328031063 0
      vertex 17.60709035396576 7.56798742711544 0
      vertex 17.60709035396576 7.56798742711544 2
    endloop
  endfacet
  facet normal 0.9569403245615158 0.29028471407929957 0
    outer loop
      vertex 17.60709035396576 7.56798742711544 0
      vertex 17.564411036670208 7.708682261407375 0
      vertex 17.564411036670208 7.708682261407375 2
    endloop
  endfacet
  facet normal 0.9951847262984812 0.09801714412395965 0
    outer loop
      vertex 17.549999997019768 7.8549999967217445 0
      vertex 17.549999997019768 7.8549999967217445 2
      vertex 17.564411036670208 7.708682261407375 0
    endloop
  endfacet
  facet normal 0.9951847267853376 -0.09801713918082348 0
    outer loop
      vertex 17.549999997019768 7.8549999967217445 0
      vertex 17.564411036670208 8.001317739486694 0
      vertex 17.564411036670208 8.001317739486694 2
    endloop
  endfacet
  facet normal 0.4713967348393121 0.8819212654102606 0
    outer loop
      vertex 18.012987427413464 7.162090353667736 0
      vertex 17.883322328329086 7.231397792696953 0
      vertex 17.883322328329086 7.231397792696953 2
    endloop
  endfacet
  facet normal 0.29028471407929957 0.9569403245615158 0
    outer loop
      vertex 18.012987427413464 7.162090353667736 0
      vertex 18.012987427413464 7.162090353667736 2
      vertex 18.1536822617054 7.119411036372185 0
    endloop
  endfacet
  facet normal 0.9569403245615158 -0.29028471407929957 0
    outer loop
      vertex 17.564411036670208 8.001317739486694 0
      vertex 17.60709035396576 8.14201257377863 0
      vertex 17.60709035396576 8.14201257377863 2
    endloop
  endfacet
  facet normal 0.8819212654102606 -0.4713967348393121 0
    outer loop
      vertex 17.60709035396576 8.14201257377863 0
      vertex 17.676397792994976 8.271677672863007 0
      vertex 17.676397792994976 8.271677672863007 2
    endloop
  endfacet
  facet normal 0.7730104774684329 -0.6343932547907689 0
    outer loop
      vertex 17.676397792994976 8.271677672863007 0
      vertex 17.76966991275549 8.385330088436604 0
      vertex 17.76966991275549 8.385330088436604 2
    endloop
  endfacet
  facet normal 0.6343932547907689 -0.7730104774684329 0
    outer loop
      vertex 17.76966991275549 8.385330088436604 0
      vertex 17.883322328329086 8.478602208197117 0
      vertex 17.883322328329086 8.478602208197117 2
    endloop
  endfacet
  facet normal 0.4713967348393121 -0.8819212654102606 0
    outer loop
      vertex 17.883322328329086 8.478602208197117 0
      vertex 18.012987427413464 8.547909647226334 0
      vertex 18.012987427413464 8.547909647226334 2
    endloop
  endfacet
  facet normal 0.2902846676741111 -0.9569403386383767 0
    outer loop
      vertex 18.012987427413464 8.547909647226334 0
      vertex 18.1536822617054 8.590588957071304 0
      vertex 18.1536822617054 8.590588957071304 2
    endloop
  endfacet
  facet normal 0.09801714412395965 0.9951847262984812 0
    outer loop
      vertex 18.1536822617054 7.119411036372185 0
      vertex 18.1536822617054 7.119411036372185 2
      vertex 18.299999997019768 7.1049999967217445 0
    endloop
  endfacet
  facet normal -0.09801713918082348 0.9951847267853376 0
    outer loop
      vertex 18.299999997019768 7.1049999967217445 0
      vertex 18.299999997019768 7.1049999967217445 2
      vertex 18.446317739784718 7.119411036372185 0
    endloop
  endfacet
  facet normal -0.29028471407929957 0.9569403245615158 0
    outer loop
      vertex 18.446317739784718 7.119411036372185 0
      vertex 18.446317739784718 7.119411036372185 2
      vertex 18.587012574076653 7.162090353667736 0
    endloop
  endfacet
  facet normal -0.4713967348393121 0.8819212654102606 0
    outer loop
      vertex 18.587012574076653 7.162090353667736 0
      vertex 18.587012574076653 7.162090353667736 2
      vertex 18.71667767316103 7.231397792696953 0
    endloop
  endfacet
  facet normal -0.6343932547907689 0.7730104774684329 0
    outer loop
      vertex 18.71667767316103 7.231397792696953 0
      vertex 18.71667767316103 7.231397792696953 2
      vertex 18.830330088734627 7.324669912457466 0
    endloop
  endfacet
  facet normal 0.09801714412395965 -0.9951847262984812 0
    outer loop
      vertex 18.1536822617054 8.590588957071304 0
      vertex 18.299999997019768 8.604999996721745 0
      vertex 18.299999997019768 8.604999996721745 2
    endloop
  endfacet
  facet normal -0.09801713918082348 -0.9951847267853376 0
    outer loop
      vertex 18.299999997019768 8.604999996721745 0
      vertex 18.446317739784718 8.590588957071304 0
      vertex 18.446317739784718 8.590588957071304 2
    endloop
  endfacet
  facet normal -0.2902846676741111 -0.9569403386383767 0
    outer loop
      vertex 18.446317739784718 8.590588957071304 0
      vertex 18.587012574076653 8.547909647226334 0
      vertex 18.587012574076653 8.547909647226334 2
    endloop
  endfacet
  facet normal -0.4713967348393121 -0.8819212654102606 0
    outer loop
      vertex 18.587012574076653 8.547909647226334 0
      vertex 18.71667767316103 8.478602208197117 0
      vertex 18.71667767316103 8.478602208197117 2
    endloop
  endfacet
  facet normal -0.6343932547907689 -0.7730104774684329 0
    outer loop
      vertex 18.71667767316103 8.478602208197117 0
      vertex 18.830330088734627 8.385330088436604 0
      vertex 18.830330088734627 8.385330088436604 2
    endloop
  endfacet
  facet normal -0.7730104774684329 0.6343932547907689 0
    outer loop
      vertex 18.830330088734627 7.324669912457466 0
      vertex 18.830330088734627 7.324669912457466 2
      vertex 18.92360220849514 7.438322328031063 0
    endloop
  endfacet
  facet normal -0.8819212654102606 0.4713967348393121 0
    outer loop
      vertex 18.92360220849514 7.438322328031063 0
      vertex 18.92360220849514 7.438322328031063 2
      vertex 18.992909647524357 7.56798742711544 0
    endloop
  endfacet
  facet normal -0.9569403386383767 0.2902846676741111 0
    outer loop
      vertex 18.992909647524357 7.56798742711544 0
      vertex 18.992909647524357 7.56798742711544 2
      vertex 19.035588957369328 7.708682261407375 0
    endloop
  endfacet
  facet normal -0.9951847262984812 0.09801714412395965 0
    outer loop
      vertex 19.035588957369328 7.708682261407375 0
      vertex 19.035588957369328 7.708682261407375 2
      vertex 19.049999997019768 7.8549999967217445 0
    endloop
  endfacet
  facet normal -0.9951847267853376 -0.09801713918082348 0
    outer loop
      vertex 19.049999997019768 7.8549999967217445 0
      vertex 19.049999997019768 7.8549999967217445 2
      vertex 19.035588957369328 8.001317739486694 0
    endloop
  endfacet
  facet normal -0.8819212654102606 -0.4713967348393121 0
    outer loop
      vertex 18.92360220849514 8.271677672863007 0
      vertex 18.992909647524357 8.14201257377863 0
      vertex 18.992909647524357 8.14201257377863 2
    endloop
  endfacet
  facet normal -0.7730104774684329 -0.6343932547907689 0
    outer loop
      vertex 18.830330088734627 8.385330088436604 0
      vertex 18.92360220849514 8.271677672863007 0
      vertex 18.92360220849514 8.271677672863007 2
    endloop
  endfacet
  facet normal -0.9569403386383767 -0.2902846676741111 0
    outer loop
      vertex 19.035588957369328 8.001317739486694 0
      vertex 19.035588957369328 8.001317739486694 2
      vertex 18.992909647524357 8.14201257377863 0
    endloop
  endfacet
  facet normal 1 0 0
    outer loop
      vertex 20.799999997019768 -2.7511328160762787 0
      vertex 20.799999997019768 31 0
      vertex 20.799999997019768 -2.7511328160762787 2
    endloop
  endfacet
  facet normal 0 1 0
    outer loop
      vertex 14.5 1.2488671839237213 0
      vertex 14.5 1.2488671839237213 2
      vertex 15.799999997019768 1.2488671839237213 2
    endloop
  endfacet
  facet normal 0 0 1
    outer loop
      vertex 14.5 -2.7511328160762787 2
      vertex 15.799999997019768 1.2488671839237213 2
      vertex 14.5 1.2488671839237213 2
    endloop
  endfacet
  facet normal -1 0 0
    outer loop
      vertex 14.549999997019768 6.954999998211861 0
      vertex 14.549999997019768 6.954999998211861 2
      vertex 14.549999997019768 8.755000002682209 2
    endloop
  endfacet
  facet normal 0 -1 0
    outer loop
      vertex 15.799999997019768 6.954999998211861 0
      vertex 15.799999997019768 6.954999998211861 2
      vertex 14.549999997019768 6.954999998211861 2
    endloop
  endfacet
  facet normal 0 1 0
    outer loop
      vertex 14.549999997019768 8.755000002682209 0
      vertex 14.549999997019768 8.755000002682209 2
      vertex 15.799999997019768 8.755000002682209 2
    endloop
  endfacet
  facet normal 0 0 1
    outer loop
      vertex 14.549999997019768 6.954999998211861 2
      vertex 14.88 7.154999999999961 2
      vertex 14.88 8.55499999999996 2
    endloop
  endfacet
  facet normal 0 0 1
    outer loop
      vertex 14.549999997019768 6.954999998211861 2
      vertex 14.88 8.55499999999996 2
      vertex 14.549999997019768 8.755000002682209 2
    endloop
  endfacet
  facet normal 0 0 1
    outer loop
      vertex 14.549999997019768 6.954999998211861 2
      vertex 15.799999997019768 6.954999998211861 2
      vertex 14.88 7.154999999999961 2
    endloop
  endfacet
  facet normal 0 0 1
    outer loop
      vertex 15.799999997019768 6.954999998211861 2
      vertex 15.120000000000001 7.154999999999961 2
      vertex 14.88 7.154999999999961 2
    endloop
  endfacet
  facet normal 0 0 1
    outer loop
      vertex 15.799999997019768 6.954999998211861 2
      vertex 15.799999997019768 8.755000002682209 2
      vertex 15.120000000000001 7.154999999999961 2
    endloop
  endfacet
  facet normal 0 0 1
    outer loop
      vertex 14.549999997019768 8.755000002682209 2
      vertex 14.88 8.55499999999996 2
      vertex 15.799999997019768 8.755000002682209 2
    endloop
  endfacet
  facet normal 0 0 1
    outer loop
      vertex 15.799999997019768 8.755000002682209 2
      vertex 14.88 8.55499999999996 2
      vertex 15.120000000000001 8.55499999999996 2
    endloop
  endfacet
  facet normal 0 0 1
    outer loop
      vertex 15.799999997019768 8.755000002682209 2
      vertex 15.120000000000001 8.55499999999996 2
      vertex 15.120000000000001 7.154999999999961 2
    endloop
  endfacet
  facet normal -1 0 0
    outer loop
      vertex 15.799999997019768 1.2488671839237213 0
      vertex 15.799999997019768 1.2488671839237213 2
      vertex 15.799999997019768 6.954999998211861 2
    endloop
  endfacet
  facet normal 0 -1 0
    outer loop
      vertex 20.799999997019768 -2.7511328160762787 0
      vertex 20.799999997019768 -2.7511328160762787 2
      vertex 14.5 -2.7511328160762787 2
    endloop
  endfacet
  facet normal 0 0 1
    outer loop
      vertex 14.5 -2.7511328160762787 2
      vertex 20.799999997019768 -2.7511328160762787 2
      vertex 15.799999997019768 1.2488671839237213 2
    endloop
  endfacet
  facet normal 0 0 1
    outer loop
      vertex 15.799999997019768 1.2488671839237213 2
      vertex 20.799999997019768 -2.7511328160762787 2
      vertex 18.92360220849514 7.438322328031063 2
    endloop
  endfacet
  facet normal 0 0 1
    outer loop
      vertex 20.799999997019768 -2.7511328160762787 2
      vertex 18.992909647524357 7.56798742711544 2
      vertex 18.92360220849514 7.438322328031063 2
    endloop
  endfacet
  facet normal 0 0 1
    outer loop
      vertex 20.799999997019768 -2.7511328160762787 2
      vertex 19.035588957369328 7.708682261407375 2
      vertex 18.992909647524357 7.56798742711544 2
    endloop
  endfacet
  facet normal 0 0 1
    outer loop
      vertex 20.799999997019768 -2.7511328160762787 2
      vertex 19.049999997019768 7.8549999967217445 2
      vertex 19.035588957369328 7.708682261407375 2
    endloop
  endfacet
  facet normal 0.8819212654102606 0.4713967348393121 0
    outer loop
      vertex 17.676397792994976 7.438322328031063 0
      vertex 17.60709035396576 7.56798742711544 2
      vertex 17.676397792994976 7.438322328031063 2
    endloop
  endfacet
  facet normal 0.7730104774684329 0.6343932547907689 0
    outer loop
      vertex 17.76966991275549 7.324669912457466 0
      vertex 17.676397792994976 7.438322328031063 2
      vertex 17.76966991275549 7.324669912457466 2
    endloop
  endfacet
  facet normal 0.6343932547907689 0.7730104774684329 0
    outer loop
      vertex 17.883322328329086 7.231397792696953 0
      vertex 17.76966991275549 7.324669912457466 2
      vertex 17.883322328329086 7.231397792696953 2
    endloop
  endfacet
  facet normal 0.9569403245615158 0.29028471407929957 0
    outer loop
      vertex 17.60709035396576 7.56798742711544 0
      vertex 17.564411036670208 7.708682261407375 2
      vertex 17.60709035396576 7.56798742711544 2
    endloop
  endfacet
  facet normal 0.9951847262984812 0.09801714412395965 0
    outer loop
      vertex 17.564411036670208 7.708682261407375 0
      vertex 17.549999997019768 7.8549999967217445 2
      vertex 17.564411036670208 7.708682261407375 2
    endloop
  endfacet
  facet normal 0.9951847267853376 -0.09801713918082348 0
    outer loop
      vertex 17.549999997019768 7.8549999967217445 0
      vertex 17.564411036670208 8.001317739486694 2
      vertex 17.549999997019768 7.8549999967217445 2
    endloop
  endfacet
  facet normal 0.4713967348393121 0.8819212654102606 0
    outer loop
      vertex 18.012987427413464 7.162090353667736 0
      vertex 17.883322328329086 7.231397792696953 2
      vertex 18.012987427413464 7.162090353667736 2
    endloop
  endfacet
  facet normal 0.29028471407929957 0.9569403245615158 0
    outer loop
      vertex 18.1536822617054 7.119411036372185 0
      vertex 18.012987427413464 7.162090353667736 2
      vertex 18.1536822617054 7.119411036372185 2
    endloop
  endfacet
  facet normal 0.9569403245615158 -0.29028471407929957 0
    outer loop
      vertex 17.564411036670208 8.001317739486694 0
      vertex 17.60709035396576 8.14201257377863 2
      vertex 17.564411036670208 8.001317739486694 2
    endloop
  endfacet
  facet normal 0.8819212654102606 -0.4713967348393121 0
    outer loop
      vertex 17.60709035396576 8.14201257377863 0
      vertex 17.676397792994976 8.271677672863007 2
      vertex 17.60709035396576 8.14201257377863 2
    endloop
  endfacet
  facet normal 0.7730104774684329 -0.6343932547907689 0
    outer loop
      vertex 17.676397792994976 8.271677672863007 0
      vertex 17.76966991275549 8.385330088436604 2
      vertex 17.676397792994976 8.271677672863007 2
    endloop
  endfacet
  facet normal 0.6343932547907689 -0.7730104774684329 0
    outer loop
      vertex 17.76966991275549 8.385330088436604 0
      vertex 17.883322328329086 8.478602208197117 2
      vertex 17.76966991275549 8.385330088436604 2
    endloop
  endfacet
  facet normal 0.4713967348393121 -0.8819212654102606 0
    outer loop
      vertex 17.883322328329086 8.478602208197117 0
      vertex 18.012987427413464 8.547909647226334 2
      vertex 17.883322328329086 8.478602208197117 2
    endloop
  endfacet
  facet normal 0.2902846676741111 -0.9569403386383767 0
    outer loop
      vertex 18.012987427413464 8.547909647226334 0
      vertex 18.1536822617054 8.590588957071304 2
      vertex 18.012987427413464 8.547909647226334 2
    endloop
  endfacet
  facet normal -1 0 0
    outer loop
      vertex 15.799999997019768 8.755000002682209 0
      vertex 15.799999997019768 8.755000002682209 2
      vertex 15.799999997019768 17.95499999821186 2
    endloop
  endfacet
  facet normal 0.09801714412395965 0.9951847262984812 0
    outer loop
      vertex 18.299999997019768 7.1049999967217445 0
      vertex 18.1536822617054 7.119411036372185 2
      vertex 18.299999997019768 7.1049999967217445 2
    endloop
  endfacet
  facet normal -0.09801713918082348 0.9951847267853376 0
    outer loop
      vertex 18.446317739784718 7.119411036372185 0
      vertex 18.299999997019768 7.1049999967217445 2
      vertex 18.446317739784718 7.119411036372185 2
    endloop
  endfacet
  facet normal -0.29028471407929957 0.9569403245615158 0
    outer loop
      vertex 18.587012574076653 7.162090353667736 0
      vertex 18.446317739784718 7.119411036372185 2
      vertex 18.587012574076653 7.162090353667736 2
    endloop
  endfacet
  facet normal -0.4713967348393121 0.8819212654102606 0
    outer loop
      vertex 18.71667767316103 7.231397792696953 0
      vertex 18.587012574076653 7.162090353667736 2
      vertex 18.71667767316103 7.231397792696953 2
    endloop
  endfacet
  facet normal -0.6343932547907689 0.7730104774684329 0
    outer loop
      vertex 18.830330088734627 7.324669912457466 0
      vertex 18.71667767316103 7.231397792696953 2
      vertex 18.830330088734627 7.324669912457466 2
    endloop
  endfacet
  facet normal -0.2902846676741111 -0.9569403386383767 0
    outer loop
      vertex 18.446317739784718 8.590588957071304 0
      vertex 18.587012574076653 8.547909647226334 2
      vertex 18.446317739784718 8.590588957071304 2
    endloop
  endfacet
  facet normal 0.09801714412395965 -0.9951847262984812 0
    outer loop
      vertex 18.1536822617054 8.590588957071304 0
      vertex 18.299999997019768 8.604999996721745 2
      vertex 18.1536822617054 8.590588957071304 2
    endloop
  endfacet
  facet normal -0.09801713918082348 -0.9951847267853376 0
    outer loop
      vertex 18.299999997019768 8.604999996721745 0
      vertex 18.446317739784718 8.590588957071304 2
      vertex 18.299999997019768 8.604999996721745 2
    endloop
  endfacet
  facet normal -0.4713967348393121 -0.8819212654102606 0
    outer loop
      vertex 18.587012574076653 8.547909647226334 0
      vertex 18.71667767316103 8.478602208197117 2
      vertex 18.587012574076653 8.547909647226334 2
    endloop
  endfacet
  facet normal -0.6343932547907689 -0.7730104774684329 0
    outer loop
      vertex 18.71667767316103 8.478602208197117 0
      vertex 18.830330088734627 8.385330088436604 2
      vertex 18.71667767316103 8.478602208197117 2
    endloop
  endfacet
  facet normal -0.7730104774684329 0.6343932547907689 0
    outer loop
      vertex 18.92360220849514 7.438322328031063 0
      vertex 18.830330088734627 7.324669912457466 2
      vertex 18.92360220849514 7.438322328031063 2
    endloop
  endfacet
  facet normal -0.8819212654102606 0.4713967348393121 0
    outer loop
      vertex 18.992909647524357 7.56798742711544 0
      vertex 18.92360220849514 7.438322328031063 2
      vertex 18.992909647524357 7.56798742711544 2
    endloop
  endfacet
  facet normal -0.9569403386383767 0.2902846676741111 0
    outer loop
      vertex 19.035588957369328 7.708682261407375 0
      vertex 18.992909647524357 7.56798742711544 2
      vertex 19.035588957369328 7.708682261407375 2
    endloop
  endfacet
  facet normal -0.9951847262984812 0.09801714412395965 0
    outer loop
      vertex 19.049999997019768 7.8549999967217445 0
      vertex 19.035588957369328 7.708682261407375 2
      vertex 19.049999997019768 7.8549999967217445 2
    endloop
  endfacet
  facet normal -0.9951847267853376 -0.09801713918082348 0
    outer loop
      vertex 19.035588957369328 8.001317739486694 0
      vertex 19.049999997019768 7.8549999967217445 2
      vertex 19.035588957369328 8.001317739486694 2
    endloop
  endfacet
  facet normal -0.9569403386383767 -0.2902846676741111 0
    outer loop
      vertex 18.992909647524357 8.14201257377863 0
      vertex 19.035588957369328 8.001317739486694 2
      vertex 18.992909647524357 8.14201257377863 2
    endloop
  endfacet
  facet normal -0.8819212654102606 -0.4713967348393121 0
    outer loop
      vertex 18.92360220849514 8.271677672863007 0
      vertex 18.992909647524357 8.14201257377863 2
      vertex 18.92360220849514 8.271677672863007 2
    endloop
  endfacet
  facet normal -0.7730104774684329 -0.6343932547907689 0
    outer loop
      vertex 18.830330088734627 8.385330088436604 0
      vertex 18.92360220849514 8.271677672863007 2
      vertex 18.830330088734627 8.385330088436604 2
    endloop
  endfacet
  facet normal 0 0 1
    outer loop
      vertex 15.799999997019768 1.2488671839237213 2
      vertex 17.883322328329086 7.231397792696953 2
      vertex 15.799999997019768 6.954999998211861 2
    endloop
  endfacet
  facet normal 0 0 1
    outer loop
      vertex 15.799999997019768 8.755000002682209 2
      vertex 16.090004590153693 9.263418506383857 2
      vertex 16.06069417744875 9.314701873362026 2
    endloop
  endfacet
  facet normal 0 0 1
    outer loop
      vertex 15.799999997019768 8.755000002682209 2
      vertex 16.125222553312778 9.217019270658454 2
      vertex 16.090004590153693 9.263418506383857 2
    endloop
  endfacet
  facet normal 0 0 1
    outer loop
      vertex 15.799999997019768 8.755000002682209 2
      vertex 16.166348074376582 9.175504166185817 2
      vertex 16.125222553312778 9.217019270658454 2
    endloop
  endfacet
  facet normal 0 0 1
    outer loop
      vertex 15.799999997019768 8.755000002682209 2
      vertex 16.213381138443946 9.138873192965946 2
      vertex 16.166348074376582 9.175504166185817 2
    endloop
  endfacet
  facet normal 0 0 1
    outer loop
      vertex 15.799999997019768 8.755000002682209 2
      vertex 16.325169917941093 9.080263625383338 2
      vertex 16.26632175296545 9.10712634354826 2
    endloop
  endfacet
  facet normal 0 0 1
    outer loop
      vertex 15.799999997019768 8.755000002682209 2
      vertex 16.26632175296545 9.10712634354826 2
      vertex 16.213381138443946 9.138873192965946 2
    endloop
  endfacet
  facet normal 0 0 1
    outer loop
      vertex 15.799999997019768 8.755000002682209 2
      vertex 16.389925633370876 9.058285038471183 2
      vertex 16.325169917941093 9.080263625383338 2
    endloop
  endfacet
  facet normal 0 0 1
    outer loop
      vertex 15.799999997019768 8.755000002682209 2
      vertex 16.460588899254798 9.041190582811794 2
      vertex 16.389925633370876 9.058285038471183 2
    endloop
  endfacet
  facet normal 0 0 1
    outer loop
      vertex 15.799999997019768 6.954999998211861 2
      vertex 17.564411036670208 7.708682261407375 2
      vertex 15.799999997019768 8.755000002682209 2
    endloop
  endfacet
  facet normal 0 0 1
    outer loop
      vertex 15.799999997019768 8.755000002682209 2
      vertex 16.53715971559286 9.02898025840517 2
      vertex 16.460588899254798 9.041190582811794 2
    endloop
  endfacet
  facet normal 0 0 1
    outer loop
      vertex 15.799999997019768 8.755000002682209 2
      vertex 16.619638082385062 9.021654065251312 2
      vertex 16.53715971559286 9.02898025840517 2
    endloop
  endfacet
  facet normal 0 0 1
    outer loop
      vertex 15.799999997019768 8.755000002682209 2
      vertex 17.676397792994976 8.271677672863007 2
      vertex 16.619638082385062 9.021654065251312 2
    endloop
  endfacet
  facet normal 0 0 1
    outer loop
      vertex 15.799999997019768 1.2488671839237213 2
      vertex 18.012987427413464 7.162090353667736 2
      vertex 17.883322328329086 7.231397792696953 2
    endloop
  endfacet
  facet normal 0 0 1
    outer loop
      vertex 15.799999997019768 1.2488671839237213 2
      vertex 18.1536822617054 7.119411036372185 2
      vertex 18.012987427413464 7.162090353667736 2
    endloop
  endfacet
  facet normal 0 0 1
    outer loop
      vertex 15.799999997019768 1.2488671839237213 2
      vertex 18.299999997019768 7.1049999967217445 2
      vertex 18.1536822617054 7.119411036372185 2
    endloop
  endfacet
  facet normal 0 0 1
    outer loop
      vertex 15.799999997019768 1.2488671839237213 2
      vertex 18.446317739784718 7.119411036372185 2
      vertex 18.299999997019768 7.1049999967217445 2
    endloop
  endfacet
  facet normal 0 0 1
    outer loop
      vertex 15.799999997019768 1.2488671839237213 2
      vertex 18.587012574076653 7.162090353667736 2
      vertex 18.446317739784718 7.119411036372185 2
    endloop
  endfacet
  facet normal 0 0 1
    outer loop
      vertex 15.799999997019768 1.2488671839237213 2
      vertex 18.71667767316103 7.231397792696953 2
      vertex 18.587012574076653 7.162090353667736 2
    endloop
  endfacet
  facet normal 0 0 1
    outer loop
      vertex 15.799999997019768 1.2488671839237213 2
      vertex 18.830330088734627 7.324669912457466 2
      vertex 18.71667767316103 7.231397792696953 2
    endloop
  endfacet
  facet normal 0 0 1
    outer loop
      vertex 15.799999997019768 1.2488671839237213 2
      vertex 18.92360220849514 7.438322328031063 2
      vertex 18.830330088734627 7.324669912457466 2
    endloop
  endfacet
  facet normal 0 0 1
    outer loop
      vertex 15.799999997019768 6.954999998211861 2
      vertex 17.676397792994976 7.438322328031063 2
      vertex 17.60709035396576 7.56798742711544 2
    endloop
  endfacet
  facet normal 0 0 1
    outer loop
      vertex 15.799999997019768 6.954999998211861 2
      vertex 17.60709035396576 7.56798742711544 2
      vertex 17.564411036670208 7.708682261407375 2
    endloop
  endfacet
  facet normal 0 0 1
    outer loop
      vertex 15.799999997019768 6.954999998211861 2
      vertex 17.883322328329086 7.231397792696953 2
      vertex 17.76966991275549 7.324669912457466 2
    endloop
  endfacet
  facet normal 0 0 1
    outer loop
      vertex 15.799999997019768 6.954999998211861 2
      vertex 17.76966991275549 7.324669912457466 2
      vertex 17.676397792994976 7.438322328031063 2
    endloop
  endfacet
  facet normal 0 0 1
    outer loop
      vertex 15.799999997019768 8.755000002682209 2
      vertex 17.564411036670208 7.708682261407375 2
      vertex 17.549999997019768 7.8549999967217445 2
    endloop
  endfacet
  facet normal 0 0 1
    outer loop
      vertex 15.799999997019768 8.755000002682209 2
      vertex 17.549999997019768 7.8549999967217445 2
      vertex 17.564411036670208 8.001317739486694 2
    endloop
  endfacet
  facet normal 0 0 1
    outer loop
      vertex 15.799999997019768 8.755000002682209 2
      vertex 17.564411036670208 8.001317739486694 2
      vertex 17.60709035396576 8.14201257377863 2
    endloop
  endfacet
  facet normal 0 0 1
    outer loop
      vertex 15.799999997019768 8.755000002682209 2
      vertex 17.60709035396576 8.14201257377863 2
      vertex 17.676397792994976 8.271677672863007 2
    endloop
  endfacet
  facet normal 0 0 1
    outer loop
      vertex 17.676397792994976 8.271677672863007 2
      vertex 16.708023999631404 9.01921200335022 2
      vertex 16.619638082385062 9.021654065251312 2
    endloop
  endfacet
  facet normal 0 0 1
    outer loop
      vertex 17.676397792994976 8.271677672863007 2
      vertex 16.756302085518836 9.019941892027816 2
      vertex 16.708023999631404 9.01921200335022 2
    endloop
  endfacet
  facet normal 0 0 1
    outer loop
      vertex 17.676397792994976 8.271677672863007 2
      vertex 16.80288158804178 9.022131572961769 2
      vertex 16.756302085518836 9.019941892027816 2
    endloop
  endfacet
  facet normal 0 0 1
    outer loop
      vertex 17.676397792994976 8.271677672863007 2
      vertex 16.84776249229908 9.025781038701496 2
      vertex 16.80288158804178 9.022131572961769 2
    endloop
  endfacet
  facet normal 0 0 1
    outer loop
      vertex 17.676397792994976 8.271677672863007 2
      vertex 16.89094480574131 9.030890296697578 2
      vertex 16.84776249229908 9.025781038701496 2
    endloop
  endfacet
  facet normal 0 0 1
    outer loop
      vertex 17.676397792994976 8.271677672863007 2
      vertex 16.932428528368472 9.037459339499435 2
      vertex 16.89094480574131 9.030890296697578 2
    endloop
  endfacet
  facet normal 0 0 1
    outer loop
      vertex 17.676397792994976 8.271677672863007 2
      vertex 16.972213660180568 9.045488167107067 2
      vertex 16.932428528368472 9.037459339499435 2
    endloop
  endfacet
  facet normal 0 0 1
    outer loop
      vertex 17.676397792994976 8.271677672863007 2
      vertex 17.010300193727016 9.054976779520473 2
      vertex 16.972213660180568 9.045488167107067 2
    endloop
  endfacet
  facet normal 0 0 1
    outer loop
      vertex 17.676397792994976 8.271677672863007 2
      vertex 17.046688143908977 9.065925184190235 2
      vertex 17.010300193727016 9.054976779520473 2
    endloop
  endfacet
  facet normal 0 0 1
    outer loop
      vertex 17.676397792994976 8.271677672863007 2
      vertex 17.08137749582529 9.078333373665771 2
      vertex 17.046688143908977 9.065925184190235 2
    endloop
  endfacet
  facet normal 0 0 1
    outer loop
      vertex 17.676397792994976 8.271677672863007 2
      vertex 17.114368256926536 9.092201347947082 2
      vertex 17.08137749582529 9.078333373665771 2
    endloop
  endfacet
  facet normal 0 0 1
    outer loop
      vertex 17.676397792994976 8.271677672863007 2
      vertex 17.145660434663295 9.107529114484748 2
      vertex 17.114368256926536 9.092201347947082 2
    endloop
  endfacet
  facet normal 0 0 1
    outer loop
      vertex 17.676397792994976 8.271677672863007 2
      vertex 17.175254014134406 9.12431666582819 2
      vertex 17.145660434663295 9.107529114484748 2
    endloop
  endfacet
  facet normal 0 0 1
    outer loop
      vertex 17.676397792994976 8.271677672863007 2
      vertex 17.20314900279045 9.142564001977405 2
      vertex 17.175254014134406 9.12431666582819 2
    endloop
  endfacet
  facet normal 0 0 1
    outer loop
      vertex 17.676397792994976 8.271677672863007 2
      vertex 17.253084336221217 9.182919386327228 2
      vertex 17.229156990349292 9.162141460478267 2
    endloop
  endfacet
  facet normal 0 0 1
    outer loop
      vertex 17.676397792994976 8.271677672863007 2
      vertex 17.229156990349292 9.162141460478267 2
      vertex 17.20314900279045 9.142564001977405 2
    endloop
  endfacet
  facet normal 0 0 1
    outer loop
      vertex 17.676397792994976 8.271677672863007 2
      vertex 17.274931047856807 9.204897772073707 2
      vertex 17.253084336221217 9.182919386327228 2
    endloop
  endfacet
  facet normal 0 0 1
    outer loop
      vertex 17.676397792994976 8.271677672863007 2
      vertex 17.312382553517818 9.25245592325922 2
      vertex 17.29469711780548 9.228076617717704 2
    endloop
  endfacet
  facet normal 0 0 1
    outer loop
      vertex 17.676397792994976 8.271677672863007 2
      vertex 17.29469711780548 9.228076617717704 2
      vertex 17.274931047856807 9.204897772073707 2
    endloop
  endfacet
  facet normal 0 0 1
    outer loop
      vertex 17.676397792994976 8.271677672863007 2
      vertex 17.32798734009266 9.278035688698253 2
      vertex 17.312382553517818 9.25245592325922 2
    endloop
  endfacet
  facet normal 0 0 1
    outer loop
      vertex 17.676397792994976 8.271677672863007 2
      vertex 17.341511499881744 9.304815921485385 2
      vertex 17.32798734009266 9.278035688698253 2
    endloop
  endfacet
  facet normal 0 0 1
    outer loop
      vertex 17.676397792994976 8.271677672863007 2
      vertex 17.352955010533332 9.332796614170036 2
      vertex 17.341511499881744 9.304815921485385 2
    endloop
  endfacet
  facet normal 0 0 1
    outer loop
      vertex 17.676397792994976 8.271677672863007 2
      vertex 17.362317886948585 9.361977766752204 2
      vertex 17.352955010533332 9.332796614170036 2
    endloop
  endfacet
  facet normal 0 0 1
    outer loop
      vertex 17.676397792994976 8.271677672863007 2
      vertex 17.36960012167692 9.392359386682472 2
      vertex 17.362317886948585 9.361977766752204 2
    endloop
  endfacet
  facet normal 0 0 1
    outer loop
      vertex 17.676397792994976 8.271677672863007 2
      vertex 17.377922680974006 9.45672399878498 2
      vertex 17.37480172216892 9.423941459059677 2
    endloop
  endfacet
  facet normal 0 0 1
    outer loop
      vertex 17.676397792994976 8.271677672863007 2
      vertex 17.37480172216892 9.423941459059677 2
      vertex 17.36960012167692 9.392359386682472 2
    endloop
  endfacet
  facet normal 0 0 1
    outer loop
      vertex 17.676397792994976 8.271677672863007 2
      vertex 17.378816340863704 9.504228036403617 2
      vertex 17.378962998092174 9.490706998407802 2
    endloop
  endfacet
  facet normal 0 0 1
    outer loop
      vertex 17.676397792994976 8.271677672863007 2
      vertex 17.378962998092174 9.490706998407802 2
      vertex 17.377922680974006 9.45672399878498 2
    endloop
  endfacet
  facet normal 0 0 1
    outer loop
      vertex 17.676397792994976 8.271677672863007 2
      vertex 17.375296433269977 9.555582116842231 2
      vertex 17.37661639302969 9.543153102993926 2
    endloop
  endfacet
  facet normal 0 0 1
    outer loop
      vertex 17.676397792994976 8.271677672863007 2
      vertex 17.37661639302969 9.543153102993926 2
      vertex 17.37764303833246 9.53045109242197 2
    endloop
  endfacet
  facet normal 0 0 1
    outer loop
      vertex 17.676397792994976 8.271677672863007 2
      vertex 17.37764303833246 9.53045109242197 2
      vertex 17.378376346826553 9.51747606277462 2
    endloop
  endfacet
  facet normal 0 0 1
    outer loop
      vertex 17.676397792994976 8.271677672863007 2
      vertex 17.378376346826553 9.51747606277462 2
      vertex 17.378816340863704 9.504228036403617 2
    endloop
  endfacet
  facet normal 0 0 1
    outer loop
      vertex 17.676397792994976 8.271677672863007 2
      vertex 17.76966991275549 8.385330088436604 2
      vertex 17.340917003154754 10.31728100359436 2
    endloop
  endfacet
  facet normal 0 0 1
    outer loop
      vertex 15.799999997019768 8.755000002682209 2
      vertex 16.037291315197944 9.37086937159296 2
      vertex 16.01979600340128 9.43192100107666 2
    endloop
  endfacet
  facet normal 0 0 1
    outer loop
      vertex 15.799999997019768 8.755000002682209 2
      vertex 16.06069417744875 9.314701873362026 2
      vertex 16.037291315197944 9.37086937159296 2
    endloop
  endfacet
  facet normal 0 0 1
    outer loop
      vertex 15.799999997019768 8.755000002682209 2
      vertex 16.01979600340128 9.43192100107666 2
      vertex 16.18945277929306 9.997157822847328 2
    endloop
  endfacet
  facet normal 0 0 1
    outer loop
      vertex 15.799999997019768 8.755000002682209 2
      vertex 16.136461068689822 10.07355602413412 2
      vertex 16.131280188262462 10.084056388139686 2
    endloop
  endfacet
  facet normal 0 0 1
    outer loop
      vertex 15.799999997019768 8.755000002682209 2
      vertex 16.141962629556655 10.063266898989639 2
      vertex 16.136461068689822 10.07355602413412 2
    endloop
  endfacet
  facet normal 0 0 1
    outer loop
      vertex 15.799999997019768 8.755000002682209 2
      vertex 16.11774336248636 10.116898979544601 2
      vertex 16.113947328925132 10.128332938551864 2
    endloop
  endfacet
  facet normal 0 0 1
    outer loop
      vertex 15.799999997019768 8.755000002682209 2
      vertex 16.121900920569896 10.105710666179618 2
      vertex 16.11774336248636 10.116898979544601 2
    endloop
  endfacet
  facet normal 0 0 1
    outer loop
      vertex 15.799999997019768 8.755000002682209 2
      vertex 16.126420003175735 10.094767998456916 2
      vertex 16.121900920569896 10.105710666179618 2
    endloop
  endfacet
  facet normal 0 0 1
    outer loop
      vertex 15.799999997019768 8.755000002682209 2
      vertex 16.131280188262462 10.084056388139686 2
      vertex 16.126420003175735 10.094767998456916 2
    endloop
  endfacet
  facet normal 0 0 1
    outer loop
      vertex 15.799999997019768 8.755000002682209 2
      vertex 16.14778487831354 10.053189020156822 2
      vertex 16.141962629556655 10.063266898989639 2
    endloop
  endfacet
  facet normal 0 0 1
    outer loop
      vertex 15.799999997019768 8.755000002682209 2
      vertex 16.1539278075099 10.043322380185089 2
      vertex 16.14778487831354 10.053189020156822 2
    endloop
  endfacet
  facet normal 0 0 1
    outer loop
      vertex 15.799999997019768 8.755000002682209 2
      vertex 16.16039143204689 10.03366697907444 2
      vertex 16.1539278075099 10.043322380185089 2
    endloop
  endfacet
  facet normal 0 0 1
    outer loop
      vertex 15.799999997019768 8.755000002682209 2
      vertex 16.167175737023353 10.024222831726036 2
      vertex 16.16039143204689 10.03366697907444 2
    endloop
  endfacet
  facet normal 0 0 1
    outer loop
      vertex 15.799999997019768 8.755000002682209 2
      vertex 16.17428073734045 10.014989915788135 2
      vertex 16.167175737023353 10.024222831726036 2
    endloop
  endfacet
  facet normal 0 0 1
    outer loop
      vertex 15.799999997019768 8.755000002682209 2
      vertex 16.181706410646438 10.005968246161899 2
      vertex 16.17428073734045 10.014989915788135 2
    endloop
  endfacet
  facet normal 0 0 1
    outer loop
      vertex 15.799999997019768 8.755000002682209 2
      vertex 16.18945277929306 9.997157822847328 2
      vertex 16.181706410646438 10.005968246161899 2
    endloop
  endfacet
  facet normal 0 0 1
    outer loop
      vertex 16.233060997724532 9.474574002921543 2
      vertex 16.223733630776405 9.963983479440174 2
      vertex 16.01979600340128 9.43192100107666 2
    endloop
  endfacet
  facet normal 0 0 1
    outer loop
      vertex 15.799999997019768 8.755000002682209 2
      vertex 16.104728405177593 10.164108689427337 2
      vertex 16.10237847715616 10.176525223553142 2
    endloop
  endfacet
  facet normal 0 0 1
    outer loop
      vertex 15.799999997019768 8.755000002682209 2
      vertex 16.107439850270747 10.151937793493232 2
      vertex 16.104728405177593 10.164108689427337 2
    endloop
  endfacet
  facet normal 0 0 1
    outer loop
      vertex 15.799999997019768 8.755000002682209 2
      vertex 16.110512827336787 10.140012543201408 2
      vertex 16.107439850270747 10.151937793493232 2
    endloop
  endfacet
  facet normal 0 0 1
    outer loop
      vertex 15.799999997019768 8.755000002682209 2
      vertex 16.09749787002802 10.21524870723482 2
      vertex 16.096594054996967 10.228647831380329 2
    endloop
  endfacet
  facet normal 0 0 1
    outer loop
      vertex 15.799999997019768 8.755000002682209 2
      vertex 16.098763209581374 10.202095236182174 2
      vertex 16.09749787002802 10.21524870723482 2
    endloop
  endfacet
  facet normal 0 0 1
    outer loop
      vertex 15.799999997019768 8.755000002682209 2
      vertex 16.100390081107616 10.189187410771808 2
      vertex 16.098763209581374 10.202095236182174 2
    endloop
  endfacet
  facet normal 0 0 1
    outer loop
      vertex 15.799999997019768 8.755000002682209 2
      vertex 16.10237847715616 10.176525223553142 2
      vertex 16.100390081107616 10.189187410771808 2
    endloop
  endfacet
  facet normal 0 0 1
    outer loop
      vertex 15.799999997019768 8.755000002682209 2
      vertex 16.095870998501777 10.256183001697025 2
      vertex 16.09681575447321 10.287718001306018 2
    endloop
  endfacet
  facet normal 0 0 1
    outer loop
      vertex 15.799999997019768 8.755000002682209 2
      vertex 16.09605176448822 10.242292593717536 2
      vertex 16.095870998501777 10.256183001697025 2
    endloop
  endfacet
  facet normal 0 0 1
    outer loop
      vertex 15.799999997019768 8.755000002682209 2
      vertex 16.096594054996967 10.228647831380329 2
      vertex 16.09605176448822 10.242292593717536 2
    endloop
  endfacet
  facet normal 0 0 1
    outer loop
      vertex 15.799999997019768 8.755000002682209 2
      vertex 16.099650029838084 10.318120535016021 2
      vertex 16.104373817145824 10.347390617728195 2
    endloop
  endfacet
  facet normal 0 0 1
    outer loop
      vertex 15.799999997019768 8.755000002682209 2
      vertex 16.09681575447321 10.287718001306018 2
      vertex 16.099650029838084 10.318120535016021 2
    endloop
  endfacet
  facet normal 0 0 1
    outer loop
      vertex 15.799999997019768 8.755000002682209 2
      vertex 16.113947328925132 10.128332938551864 2
      vertex 16.110512827336787 10.140012543201408 2
    endloop
  endfacet
  facet normal 0 0 1
    outer loop
      vertex 16.18945277929306 9.997157822847328 2
      vertex 16.01979600340128 9.43192100107666 2
      vertex 16.197519835829734 9.98855863839384 2
    endloop
  endfacet
  facet normal 0 0 1
    outer loop
      vertex 16.197519835829734 9.98855863839384 2
      vertex 16.01979600340128 9.43192100107666 2
      vertex 16.20590757280588 9.980170700252017 2
    endloop
  endfacet
  facet normal 0 0 1
    outer loop
      vertex 16.20590757280588 9.980170700252017 2
      vertex 16.01979600340128 9.43192100107666 2
      vertex 16.21461599767208 9.971994000971279 2
    endloop
  endfacet
  facet normal 0 0 1
    outer loop
      vertex 16.21461599767208 9.971994000971279 2
      vertex 16.01979600340128 9.43192100107666 2
      vertex 16.223733630776405 9.963983479440174 2
    endloop
  endfacet
  facet normal 0 0 1
    outer loop
      vertex 16.233060997724532 9.474574002921543 2
      vertex 16.233348992466926 9.956088836789093 2
      vertex 16.223733630776405 9.963983479440174 2
    endloop
  endfacet
  facet normal 0 0 1
    outer loop
      vertex 16.233060997724532 9.474574002921543 2
      vertex 16.243462082743644 9.948310080468616 2
      vertex 16.233348992466926 9.956088836789093 2
    endloop
  endfacet
  facet normal 0 0 1
    outer loop
      vertex 16.233060997724532 9.474574002921543 2
      vertex 16.25407290160656 9.940647210478744 2
      vertex 16.243462082743644 9.948310080468616 2
    endloop
  endfacet
  facet normal 0 0 1
    outer loop
      vertex 16.27371514290571 9.373465742468795 2
      vertex 16.607173059880733 9.80471399754282 2
      vertex 16.263619956374168 9.391845766007862 2
    endloop
  endfacet
  facet normal 0 0 1
    outer loop
      vertex 16.284792502224445 9.356006543636283 2
      vertex 16.607173059880733 9.80471399754282 2
      vertex 16.27371514290571 9.373465742468795 2
    endloop
  endfacet
  facet normal 0 0 1
    outer loop
      vertex 16.296852041780948 9.339468162059745 2
      vertex 16.607173059880733 9.80471399754282 2
      vertex 16.284792502224445 9.356006543636283 2
    endloop
  endfacet
  facet normal 0 0 1
    outer loop
      vertex 16.30989375412464 9.3238505902886 2
      vertex 16.607173059880733 9.80471399754282 2
      vertex 16.296852041780948 9.339468162059745 2
    endloop
  endfacet
  facet normal 0 0 1
    outer loop
      vertex 16.239227470755576 9.452510717809162 2
      vertex 16.5802994787693 9.811275999546012 2
      vertex 16.233060997724532 9.474574002921543 2
    endloop
  endfacet
  facet normal 0 0 1
    outer loop
      vertex 16.24637612402439 9.431368249952754 2
      vertex 16.5802994787693 9.811275999546012 2
      vertex 16.239227470755576 9.452510717809162 2
    endloop
  endfacet
  facet normal 0 0 1
    outer loop
      vertex 16.254506950080394 9.411146599352321 2
      vertex 16.607173059880733 9.80471399754282 2
      vertex 16.24637612402439 9.431368249952754 2
    endloop
  endfacet
  facet normal 0 0 1
    outer loop
      vertex 16.263619956374168 9.391845766007862 2
      vertex 16.607173059880733 9.80471399754282 2
      vertex 16.254506950080394 9.411146599352321 2
    endloop
  endfacet
  facet normal 0 0 1
    outer loop
      vertex 16.35491197258234 9.28252278596159 2
      vertex 16.607173059880733 9.80471399754282 2
      vertex 16.338923719525337 9.295377905964813 2
    endloop
  endfacet
  facet normal 0 0 1
    outer loop
      vertex 16.371882398426532 9.27058848321434 2
      vertex 16.607173059880733 9.80471399754282 2
      vertex 16.35491197258234 9.28252278596159 2
    endloop
  endfacet
  facet normal 0 0 1
    outer loop
      vertex 16.323917654156684 9.30915384322401 2
      vertex 16.607173059880733 9.80471399754282 2
      vertex 16.30989375412464 9.3238505902886 2
    endloop
  endfacet
  facet normal 0 0 1
    outer loop
      vertex 16.338923719525337 9.295377905964813 2
      vertex 16.607173059880733 9.80471399754282 2
      vertex 16.323917654156684 9.30915384322401 2
    endloop
  endfacet
  facet normal 0 0 1
    outer loop
      vertex 16.389834997057914 9.259574997723064 2
      vertex 16.607173059880733 9.80471399754282 2
      vertex 16.371882398426532 9.27058848321434 2
    endloop
  endfacet
  facet normal 0 0 1
    outer loop
      vertex 16.428773653507232 9.240092400014362 2
      vertex 16.635144901275634 9.798152002990207 2
      vertex 16.408792813122272 9.249427813589534 2
    endloop
  endfacet
  facet normal 0 0 1
    outer loop
      vertex 16.408792813122272 9.249427813589534 2
      vertex 16.635144901275634 9.798152002990207 2
      vertex 16.389834997057914 9.259574997723064 2
    endloop
  endfacet
  facet normal 0 0 1
    outer loop
      vertex 16.449777503311633 9.231568756997547 2
      vertex 16.635144901275634 9.798152002990207 2
      vertex 16.428773653507232 9.240092400014362 2
    endloop
  endfacet
  facet normal 0 0 1
    outer loop
      vertex 16.471804369986057 9.22385689198967 2
      vertex 16.635144901275634 9.798152002990207 2
      vertex 16.449777503311633 9.231568756997547 2
    endloop
  endfacet
  facet normal 0 0 1
    outer loop
      vertex 16.494854260981082 9.21695680499073 2
      vertex 16.635144901275634 9.798152002990207 2
      vertex 16.471804369986057 9.22385689198967 2
    endloop
  endfacet
  facet normal 0 0 1
    outer loop
      vertex 16.51892716884613 9.210868488550148 2
      vertex 16.664215002954005 9.791590000987014 2
      vertex 16.494854260981082 9.21695680499073 2
    endloop
  endfacet
  facet normal 0 0 1
    outer loop
      vertex 16.389834997057914 9.259574997723064 2
      vertex 16.635144901275634 9.798152002990207 2
      vertex 16.607173059880733 9.80471399754282 2
    endloop
  endfacet
  facet normal 0 0 1
    outer loop
      vertex 16.233060997724532 9.474574002921543 2
      vertex 16.288891714811324 9.918353866338691 2
      vertex 16.2767877176404 9.925669099688491 2
    endloop
  endfacet
  facet normal 0 0 1
    outer loop
      vertex 16.233060997724532 9.474574002921543 2
      vertex 16.26518144160509 9.933100211918315 2
      vertex 16.25407290160656 9.940647210478744 2
    endloop
  endfacet
  facet normal 0 0 1
    outer loop
      vertex 16.233060997724532 9.474574002921543 2
      vertex 16.2767877176404 9.925669099688491 2
      vertex 16.26518144160509 9.933100211918315 2
    endloop
  endfacet
  facet normal 0 0 1
    outer loop
      vertex 16.233060997724532 9.474574002921543 2
      vertex 16.301493440568446 9.911154519319496 2
      vertex 16.288891714811324 9.918353866338691 2
    endloop
  endfacet
  facet normal 0 0 1
    outer loop
      vertex 16.301493440568446 9.911154519319496 2
      vertex 16.233060997724532 9.474574002921543 2
      vertex 16.314592902362346 9.904071051180324 2
    endloop
  endfacet
  facet normal 0 0 1
    outer loop
      vertex 16.314592902362346 9.904071051180324 2
      vertex 16.233060997724532 9.474574002921543 2
      vertex 16.328190085291862 9.897103469371757 2
    endloop
  endfacet
  facet normal 0 0 1
    outer loop
      vertex 16.328190085291862 9.897103469371757 2
      vertex 16.233060997724532 9.474574002921543 2
      vertex 16.342284996807575 9.890251766443214 2
    endloop
  endfacet
  facet normal 0 0 1
    outer loop
      vertex 16.342284996807575 9.890251766443214 2
      vertex 16.233060997724532 9.474574002921543 2
      vertex 16.356877629458904 9.883515942394695 2
    endloop
  endfacet
  facet normal 0 0 1
    outer loop
      vertex 16.356877629458904 9.883515942394695 2
      vertex 16.233060997724532 9.474574002921543 2
      vertex 16.37196799814701 9.8768959972262 2
    endloop
  endfacet
  facet normal 0 0 1
    outer loop
      vertex 16.37196799814701 9.8768959972262 2
      vertex 16.233060997724532 9.474574002921543 2
      vertex 16.38785897642374 9.870334002673587 2
    endloop
  endfacet
  facet normal 0 0 1
    outer loop
      vertex 16.38785897642374 9.870334002673587 2
      vertex 16.233060997724532 9.474574002921543 2
      vertex 16.40484821498394 9.863772000670394 2
    endloop
  endfacet
  facet normal 0 0 1
    outer loop
      vertex 16.40484821498394 9.863772000670394 2
      vertex 16.233060997724532 9.474574002921543 2
      vertex 16.42293570637703 9.857209998667201 2
    endloop
  endfacet
  facet normal 0 0 1
    outer loop
      vertex 16.42293570637703 9.857209998667201 2
      vertex 16.233060997724532 9.474574002921543 2
      vertex 16.44212146550417 9.850647996664009 2
    endloop
  endfacet
  facet normal 0 0 1
    outer loop
      vertex 16.44212146550417 9.850647996664009 2
      vertex 16.233060997724532 9.474574002921543 2
      vertex 16.46240548491478 9.844086002111396 2
    endloop
  endfacet
  facet normal 0 0 1
    outer loop
      vertex 16.46240548491478 9.844086002111396 2
      vertex 16.233060997724532 9.474574002921543 2
      vertex 16.48378776460886 9.837524000108203 2
    endloop
  endfacet
  facet normal 0 0 1
    outer loop
      vertex 16.48378776460886 9.837524000108203 2
      vertex 16.233060997724532 9.474574002921543 2
      vertex 16.50626830458641 9.83096199810501 2
    endloop
  endfacet
  facet normal 0 0 1
    outer loop
      vertex 16.50626830458641 9.83096199810501 2
      vertex 16.233060997724532 9.474574002921543 2
      vertex 16.52984709739685 9.824400003552398 2
    endloop
  endfacet
  facet normal 0 0 1
    outer loop
      vertex 16.52984709739685 9.824400003552398 2
      vertex 16.233060997724532 9.474574002921543 2
      vertex 16.55452415794134 9.817838001549205 2
    endloop
  endfacet
  facet normal 0 0 1
    outer loop
      vertex 16.55452415794134 9.817838001549205 2
      vertex 16.233060997724532 9.474574002921543 2
      vertex 16.5802994787693 9.811275999546012 2
    endloop
  endfacet
  facet normal 0 0 1
    outer loop
      vertex 16.24637612402439 9.431368249952754 2
      vertex 16.607173059880733 9.80471399754282 2
      vertex 16.5802994787693 9.811275999546012 2
    endloop
  endfacet
  facet normal 0 0 1
    outer loop
      vertex 16.432057370245456 10.077265742719135 2
      vertex 16.48476259857416 10.493837166130504 2
      vertex 16.421984915435313 10.083119477629623 2
    endloop
  endfacet
  facet normal 0 0 1
    outer loop
      vertex 16.44254586547613 10.071589257121047 2
      vertex 16.48476259857416 10.493837166130504 2
      vertex 16.432057370245456 10.077265742719135 2
    endloop
  endfacet
  facet normal 0 0 1
    outer loop
      vertex 16.45345040857792 10.0660900059342 2
      vertex 16.48476259857416 10.493837166130504 2
      vertex 16.44254586547613 10.071589257121047 2
    endloop
  endfacet
  facet normal 0 0 1
    outer loop
      vertex 16.46477099955082 10.060767996609172 2
      vertex 16.48476259857416 10.493837166130504 2
      vertex 16.45345040857792 10.0660900059342 2
    endloop
  endfacet
  facet normal 0 0 1
    outer loop
      vertex 16.477179591357707 10.055445085763893 2
      vertex 16.505459544062614 10.500331971347293 2
      vertex 16.46477099955082 10.060767996609172 2
    endloop
  endfacet
  facet normal 0 0 1
    outer loop
      vertex 16.49134813696146 10.049937892258129 2
      vertex 16.527247709035873 10.506062682270965 2
      vertex 16.477179591357707 10.055445085763893 2
    endloop
  endfacet
  facet normal 0 0 1
    outer loop
      vertex 16.507276636362075 10.04424641609188 2
      vertex 16.527247709035873 10.506062682270965 2
      vertex 16.49134813696146 10.049937892258129 2
    endloop
  endfacet
  facet normal 0 0 1
    outer loop
      vertex 16.524965082108974 10.038370649814567 2
      vertex 16.550127093493938 10.51102929890152 2
      vertex 16.507276636362075 10.04424641609188 2
    endloop
  endfacet
  facet normal 0 0 1
    outer loop
      vertex 16.544413481652736 10.03231060087677 2
      vertex 16.57409769743681 10.515231813788375 2
      vertex 16.524965082108974 10.038370649814567 2
    endloop
  endfacet
  facet normal 0 0 1
    outer loop
      vertex 16.565621842443942 10.026066269278488 2
      vertex 16.599159520864486 10.518670241832695 2
      vertex 16.544413481652736 10.03231060087677 2
    endloop
  endfacet
  facet normal 0 0 1
    outer loop
      vertex 16.597283986210822 9.197474199831447 2
      vertex 16.68112516850233 9.787708263397178 2
      vertex 16.57014202773571 9.201127189695796 2
    endloop
  endfacet
  facet normal 0 0 1
    outer loop
      vertex 16.625448961555957 9.194632987976036 2
      vertex 16.69780337512493 9.783867369890174 2
      vertex 16.597283986210822 9.197474199831447 2
    endloop
  endfacet
  facet normal 0 0 1
    outer loop
      vertex 16.654636961221694 9.192603546678981 2
      vertex 16.7304638966918 9.776308107674083 2
      vertex 16.625448961555957 9.194632987976036 2
    endloop
  endfacet
  facet normal 0 0 1
    outer loop
      vertex 16.684847970306873 9.191385890841445 2
      vertex 16.746446211636066 9.772589731514415 2
      vertex 16.654636961221694 9.192603546678981 2
    endloop
  endfacet
  facet normal 0 0 1
    outer loop
      vertex 16.716082003712653 9.190979998111686 2
      vertex 16.76219656020403 9.76891219943758 2
      vertex 16.684847970306873 9.191385890841445 2
    endloop
  endfacet
  facet normal 0 0 1
    outer loop
      vertex 16.54402308613062 9.205591950118503 2
      vertex 16.664215002954005 9.791590000987014 2
      vertex 16.51892716884613 9.210868488550148 2
    endloop
  endfacet
  facet normal 0 0 1
    outer loop
      vertex 16.57014202773571 9.201127189695796 2
      vertex 16.664215002954005 9.791590000987014 2
      vertex 16.54402308613062 9.205591950118503 2
    endloop
  endfacet
  facet normal 0 0 1
    outer loop
      vertex 16.494854260981082 9.21695680499073 2
      vertex 16.664215002954005 9.791590000987014 2
      vertex 16.635144901275634 9.798152002990207 2
    endloop
  endfacet
  facet normal 0 0 1
    outer loop
      vertex 16.57014202773571 9.201127189695796 2
      vertex 16.68112516850233 9.787708263397178 2
      vertex 16.664215002954005 9.791590000987014 2
    endloop
  endfacet
  facet normal 0 0 1
    outer loop
      vertex 16.597283986210822 9.197474199831447 2
      vertex 16.69780337512493 9.783867369890174 2
      vertex 16.68112516850233 9.787708263397178 2
    endloop
  endfacet
  facet normal 0 0 1
    outer loop
      vertex 16.625448961555957 9.194632987976036 2
      vertex 16.714249622821807 9.780067320466003 2
      vertex 16.69780337512493 9.783867369890174 2
    endloop
  endfacet
  facet normal 0 0 1
    outer loop
      vertex 16.714249622821807 9.780067320466003 2
      vertex 16.625448961555957 9.194632987976036 2
      vertex 16.7304638966918 9.776308107674083 2
    endloop
  endfacet
  facet normal 0 0 1
    outer loop
      vertex 16.7304638966918 9.776308107674083 2
      vertex 16.654636961221694 9.192603546678981 2
      vertex 16.746446211636066 9.772589731514415 2
    endloop
  endfacet
  facet normal 0 0 1
    outer loop
      vertex 16.746446211636066 9.772589731514415 2
      vertex 16.684847970306873 9.191385890841445 2
      vertex 16.76219656020403 9.76891219943758 2
    endloop
  endfacet
  facet normal 0 0 1
    outer loop
      vertex 16.74831812530756 9.191413145065269 2
      vertex 16.79300136566162 9.761679660081825 2
      vertex 16.716082003712653 9.190979998111686 2
    endloop
  endfacet
  facet normal 0 0 1
    outer loop
      vertex 16.77940126955509 9.192712593376598 2
      vertex 16.80805582255125 9.758124645352325 2
      vertex 16.74831812530756 9.191413145065269 2
    endloop
  endfacet
  facet normal 0 0 1
    outer loop
      vertex 16.80933142900467 9.194878328144512 2
      vertex 16.837468837201595 9.751137140691242 2
      vertex 16.77940126955509 9.192712593376598 2
    endloop
  endfacet
  facet normal 0 0 1
    outer loop
      vertex 16.83810860365629 9.197910364270172 2
      vertex 16.85182740241289 9.747704650759658 2
      vertex 16.80933142900467 9.194878328144512 2
    endloop
  endfacet
  facet normal 0 0 1
    outer loop
      vertex 16.86573280096054 9.201808701753578 2
      vertex 16.879814532399177 9.740882921516857 2
      vertex 16.83810860365629 9.197910364270172 2
    endloop
  endfacet
  facet normal 0 0 1
    outer loop
      vertex 16.892204013466834 9.206573325693569 2
      vertex 16.893374902009963 9.737329925894699 2
      vertex 16.86573280096054 9.201808701753578 2
    endloop
  endfacet
  facet normal 0 0 1
    outer loop
      vertex 16.716082003712653 9.190979998111686 2
      vertex 16.777714949846267 9.765275511443576 2
      vertex 16.76219656020403 9.76891219943758 2
    endloop
  endfacet
  facet normal 0 0 1
    outer loop
      vertex 16.777714949846267 9.765275511443576 2
      vertex 16.716082003712653 9.190979998111686 2
      vertex 16.79300136566162 9.761679660081825 2
    endloop
  endfacet
  facet normal 0 0 1
    outer loop
      vertex 16.79300136566162 9.761679660081825 2
      vertex 16.74831812530756 9.191413145065269 2
      vertex 16.80805582255125 9.758124645352325 2
    endloop
  endfacet
  facet normal 0 0 1
    outer loop
      vertex 16.77940126955509 9.192712593376598 2
      vertex 16.822878313064574 9.754610474705657 2
      vertex 16.80805582255125 9.758124645352325 2
    endloop
  endfacet
  facet normal 0 0 1
    outer loop
      vertex 16.822878313064574 9.754610474705657 2
      vertex 16.77940126955509 9.192712593376598 2
      vertex 16.837468837201595 9.751137140691242 2
    endloop
  endfacet
  facet normal 0 0 1
    outer loop
      vertex 16.837468837201595 9.751137140691242 2
      vertex 16.80933142900467 9.194878328144512 2
      vertex 16.85182740241289 9.747704650759658 2
    endloop
  endfacet
  facet normal 0 0 1
    outer loop
      vertex 16.83810860365629 9.197910364270172 2
      vertex 16.865954001247882 9.744312997460327 2
      vertex 16.85182740241289 9.747704650759658 2
    endloop
  endfacet
  facet normal 0 0 1
    outer loop
      vertex 16.865954001247882 9.744312997460327 2
      vertex 16.83810860365629 9.197910364270172 2
      vertex 16.879814532399177 9.740882921516857 2
    endloop
  endfacet
  facet normal 0 0 1
    outer loop
      vertex 16.879814532399177 9.740882921516857 2
      vertex 16.86573280096054 9.201808701753578 2
      vertex 16.893374902009963 9.737329925894699 2
    endloop
  endfacet
  facet normal 0 0 1
    outer loop
      vertex 16.892204013466834 9.206573325693569 2
      vertex 16.90663510262966 9.733654003143272 2
      vertex 16.893374902009963 9.737329925894699 2
    endloop
  endfacet
  facet normal 0 0 1
    outer loop
      vertex 16.58859014958143 10.019637655019721 2
      vertex 16.62531256377697 10.521344575583896 2
      vertex 16.565621842443942 10.026066269278488 2
    endloop
  endfacet
  facet normal 0 0 1
    outer loop
      vertex 16.613318410515785 10.013024758100471 2
      vertex 16.65255682617426 10.5232548075914 2
      vertex 16.58859014958143 10.019637655019721 2
    endloop
  endfacet
  facet normal 0 0 1
    outer loop
      vertex 16.63980661779642 10.006227571070156 2
      vertex 16.680892300605773 10.524400952756366 2
      vertex 16.613318410515785 10.013024758100471 2
    endloop
  endfacet
  facet normal 0 0 1
    outer loop
      vertex 16.6680547863245 9.999246108829936 2
      vertex 16.710319001972675 10.524783003628215 2
      vertex 16.63980661779642 10.006227571070156 2
    endloop
  endfacet
  facet normal 0 0 1
    outer loop
      vertex 16.698062908649444 9.992080356478652 2
      vertex 16.76311596930027 10.523404892086944 2
      vertex 16.6680547863245 9.999246108829936 2
    endloop
  endfacet
  facet normal 0 0 1
    outer loop
      vertex 16.72983097732067 9.984730321466884 2
      vertex 16.78814349025488 10.52168225824829 2
      vertex 16.698062908649444 9.992080356478652 2
    endloop
  endfacet
  facet normal 0 0 1
    outer loop
      vertex 16.76335899978876 9.97719599634405 2
      vertex 16.83545660674572 10.516169834434947 2
      vertex 16.72983097732067 9.984730321466884 2
    endloop
  endfacet
  facet normal 0 0 1
    outer loop
      vertex 16.774881680309772 9.974532734155616 2
      vertex 16.899571453034877 10.502733293473682 2
      vertex 16.76335899978876 9.97719599634405 2
    endloop
  endfacet
  facet normal 0 0 1
    outer loop
      vertex 16.78639772236347 9.971862624883613 2
      vertex 16.91911511570215 10.496876339912376 2
      vertex 16.774881680309772 9.974532734155616 2
    endloop
  endfacet
  facet normal 0 0 1
    outer loop
      vertex 16.79790712594986 9.969185683429203 2
      vertex 16.91911511570215 10.496876339912376 2
      vertex 16.78639772236347 9.971862624883613 2
    endloop
  endfacet
  facet normal 0 0 1
    outer loop
      vertex 16.809409891068935 9.966501894891223 2
      vertex 16.91911511570215 10.496876339912376 2
      vertex 16.79790712594986 9.969185683429203 2
    endloop
  endfacet
  facet normal 0 0 1
    outer loop
      vertex 16.820906010270118 9.963811266720256 2
      vertex 16.91911511570215 10.496876339912376 2
      vertex 16.809409891068935 9.966501894891223 2
    endloop
  endfacet
  facet normal 0 0 1
    outer loop
      vertex 16.83239549845457 9.961113798916301 2
      vertex 16.91911511570215 10.496876339912376 2
      vertex 16.820906010270118 9.963811266720256 2
    endloop
  endfacet
  facet normal 0 0 1
    outer loop
      vertex 16.84387834072113 9.958409491479358 2
      vertex 16.91911511570215 10.496876339912376 2
      vertex 16.83239549845457 9.961113798916301 2
    endloop
  endfacet
  facet normal 0 0 1
    outer loop
      vertex 16.855354551970958 9.955698344409427 2
      vertex 16.91911511570215 10.496876339912376 2
      vertex 16.84387834072113 9.958409491479358 2
    endloop
  endfacet
  facet normal 0 0 1
    outer loop
      vertex 16.866824117302894 9.952980357706508 2
      vertex 16.91911511570215 10.496876339912376 2
      vertex 16.855354551970958 9.955698344409427 2
    endloop
  endfacet
  facet normal 0 0 1
    outer loop
      vertex 16.878287044167518 9.95025552392002 2
      vertex 16.91911511570215 10.496876339912376 2
      vertex 16.866824117302894 9.952980357706508 2
    endloop
  endfacet
  facet normal 0 0 1
    outer loop
      vertex 16.88974334001541 9.947523857951126 2
      vertex 16.91911511570215 10.496876339912376 2
      vertex 16.878287044167518 9.95025552392002 2
    endloop
  endfacet
  facet normal 0 0 1
    outer loop
      vertex 16.314056542515754 10.224050584733448 2
      vertex 16.48476259857416 10.493837166130504 2
      vertex 16.3124095544219 10.234504680633506 2
    endloop
  endfacet
  facet normal 0 0 1
    outer loop
      vertex 16.316174101829528 10.213903497457466 2
      vertex 16.48476259857416 10.493837166130504 2
      vertex 16.314056542515754 10.224050584733448 2
    endloop
  endfacet
  facet normal 0 0 1
    outer loop
      vertex 16.310292002558707 10.267708997726402 2
      vertex 16.465156872570514 10.486578266620597 2
      vertex 16.310899068415164 10.28701979249712 2
    endloop
  endfacet
  facet normal 0 0 1
    outer loop
      vertex 16.310527284443378 10.256333890855274 2
      vertex 16.465156872570514 10.486578266620597 2
      vertex 16.310292002558707 10.267708997726402 2
    endloop
  endfacet
  facet normal 0 0 1
    outer loop
      vertex 16.31123313754797 10.245265777707061 2
      vertex 16.465156872570514 10.486578266620597 2
      vertex 16.310527284443378 10.256333890855274 2
    endloop
  endfacet
  facet normal 0 0 1
    outer loop
      vertex 16.3124095544219 10.234504680633506 2
      vertex 16.48476259857416 10.493837166130504 2
      vertex 16.31123313754797 10.245265777707061 2
    endloop
  endfacet
  facet normal 0 0 1
    outer loop
      vertex 16.329350006580352 10.176385204791984 2
      vertex 16.48476259857416 10.493837166130504 2
      vertex 16.325350177288055 10.18530426502224 2
    endloop
  endfacet
  facet normal 0 0 1
    outer loop
      vertex 16.33382039964199 10.167773145735225 2
      vertex 16.48476259857416 10.493837166130504 2
      vertex 16.329350006580352 10.176385204791984 2
    endloop
  endfacet
  facet normal 0 0 1
    outer loop
      vertex 16.33876136392355 10.159468087851963 2
      vertex 16.48476259857416 10.493837166130504 2
      vertex 16.33382039964199 10.167773145735225 2
    endloop
  endfacet
  facet normal 0 0 1
    outer loop
      vertex 16.34417289942503 10.151470038592777 2
      vertex 16.48476259857416 10.493837166130504 2
      vertex 16.33876136392355 10.159468087851963 2
    endloop
  endfacet
  facet normal 0 0 1
    outer loop
      vertex 16.37028721421957 10.121963973641357 2
      vertex 16.48476259857416 10.493837166130504 2
      vertex 16.363127094507217 10.129058409035167 2
    endloop
  endfacet
  facet normal 0 0 1
    outer loop
      vertex 16.377863381803035 10.115046787559947 2
      vertex 16.48476259857416 10.493837166130504 2
      vertex 16.37028721421957 10.121963973641357 2
    endloop
  endfacet
  facet normal 0 0 1
    outer loop
      vertex 16.35005499869585 10.143778997957668 2
      vertex 16.48476259857416 10.493837166130504 2
      vertex 16.34417289942503 10.151470038592777 2
    endloop
  endfacet
  facet normal 0 0 1
    outer loop
      vertex 16.356383022665977 10.136330086290798 2
      vertex 16.48476259857416 10.493837166130504 2
      vertex 16.35005499869585 10.143778997957668 2
    endloop
  endfacet
  facet normal 0 0 1
    outer loop
      vertex 16.363127094507217 10.129058409035167 2
      vertex 16.48476259857416 10.493837166130504 2
      vertex 16.356383022665977 10.136330086290798 2
    endloop
  endfacet
  facet normal 0 0 1
    outer loop
      vertex 16.318762224912643 10.20406341135498 2
      vertex 16.48476259857416 10.493837166130504 2
      vertex 16.316174101829528 10.213903497457466 2
    endloop
  endfacet
  facet normal 0 0 1
    outer loop
      vertex 16.32182091921568 10.194530333876571 2
      vertex 16.48476259857416 10.493837166130504 2
      vertex 16.318762224912643 10.20406341135498 2
    endloop
  endfacet
  facet normal 0 0 1
    outer loop
      vertex 16.325350177288055 10.18530426502224 2
      vertex 16.48476259857416 10.493837166130504 2
      vertex 16.32182091921568 10.194530333876571 2
    endloop
  endfacet
  facet normal 0 0 1
    outer loop
      vertex 16.332146559655666 10.372317540943584 2
      vertex 16.349144545197486 10.40118374258276 2
      vertex 16.34003848284483 10.387125853002033 2
    endloop
  endfacet
  facet normal 0 0 1
    outer loop
      vertex 16.332146559655666 10.372317540943584 2
      vertex 16.359464754164218 10.414491224586925 2
      vertex 16.349144545197486 10.40118374258276 2
    endloop
  endfacet
  facet normal 0 0 1
    outer loop
      vertex 16.315755639970302 10.32339013695713 2
      vertex 16.446642358601093 10.478555272817573 2
      vertex 16.320005138218402 10.340449686646423 2
    endloop
  endfacet
  facet normal 0 0 1
    outer loop
      vertex 16.312720280885696 10.305580172240695 2
      vertex 16.446642358601093 10.478555272817573 2
      vertex 16.315755639970302 10.32339013695713 2
    endloop
  endfacet
  facet normal 0 0 1
    outer loop
      vertex 16.310899068415164 10.28701979249712 2
      vertex 16.446642358601093 10.478555272817573 2
      vertex 16.312720280885696 10.305580172240695 2
    endloop
  endfacet
  facet normal 0 0 1
    outer loop
      vertex 16.332146559655666 10.372317540943584 2
      vertex 16.370999102294444 10.427048291563949 2
      vertex 16.359464754164218 10.414491224586925 2
    endloop
  endfacet
  facet normal 0 0 1
    outer loop
      vertex 16.332146559655666 10.372317540943584 2
      vertex 16.383747589588165 10.438854943513832 2
      vertex 16.370999102294444 10.427048291563949 2
    endloop
  endfacet
  facet normal 0 0 1
    outer loop
      vertex 16.332146559655666 10.372317540943584 2
      vertex 16.39771022349596 10.449911180436573 2
      vertex 16.383747589588165 10.438854943513832 2
    endloop
  endfacet
  facet normal 0 0 1
    outer loop
      vertex 16.325468775629997 10.356758821308574 2
      vertex 16.446642358601093 10.478555272817573 2
      vertex 16.332146559655666 10.372317540943584 2
    endloop
  endfacet
  facet normal 0 0 1
    outer loop
      vertex 16.320005138218402 10.340449686646423 2
      vertex 16.446642358601093 10.478555272817573 2
      vertex 16.325468775629997 10.356758821308574 2
    endloop
  endfacet
  facet normal 0 0 1
    outer loop
      vertex 16.310899068415164 10.28701979249712 2
      vertex 16.465156872570514 10.486578266620597 2
      vertex 16.446642358601093 10.478555272817573 2
    endloop
  endfacet
  facet normal 0 0 1
    outer loop
      vertex 16.332146559655666 10.372317540943584 2
      vertex 16.41288699656725 10.460217002332172 2
      vertex 16.39771022349596 10.449911180436573 2
    endloop
  endfacet
  facet normal 0 0 1
    outer loop
      vertex 16.332146559655666 10.372317540943584 2
      vertex 16.429219071567058 10.469768184721431 2
      vertex 16.41288699656725 10.460217002332172 2
    endloop
  endfacet
  facet normal 0 0 1
    outer loop
      vertex 16.332146559655666 10.372317540943584 2
      vertex 16.446642358601093 10.478555272817573 2
      vertex 16.429219071567058 10.469768184721431 2
    endloop
  endfacet
  facet normal 0 0 1
    outer loop
      vertex 16.385855589807033 10.108306843340358 2
      vertex 16.48476259857416 10.493837166130504 2
      vertex 16.377863381803035 10.115046787559947 2
    endloop
  endfacet
  facet normal 0 0 1
    outer loop
      vertex 16.394263853132724 10.101744133532009 2
      vertex 16.48476259857416 10.493837166130504 2
      vertex 16.385855589807033 10.108306843340358 2
    endloop
  endfacet
  facet normal 0 0 1
    outer loop
      vertex 16.403088156878948 10.09535867303606 2
      vertex 16.48476259857416 10.493837166130504 2
      vertex 16.394263853132724 10.101744133532009 2
    endloop
  endfacet
  facet normal 0 0 1
    outer loop
      vertex 16.412328515946864 10.089150454401931 2
      vertex 16.48476259857416 10.493837166130504 2
      vertex 16.403088156878948 10.09535867303606 2
    endloop
  endfacet
  facet normal 0 0 1
    outer loop
      vertex 16.421984915435313 10.083119477629623 2
      vertex 16.48476259857416 10.493837166130504 2
      vertex 16.412328515946864 10.089150454401931 2
    endloop
  endfacet
  facet normal 0 0 1
    outer loop
      vertex 16.46477099955082 10.060767996609172 2
      vertex 16.505459544062614 10.500331971347293 2
      vertex 16.48476259857416 10.493837166130504 2
    endloop
  endfacet
  facet normal 0 0 1
    outer loop
      vertex 16.31123313754797 10.245265777707061 2
      vertex 16.48476259857416 10.493837166130504 2
      vertex 16.465156872570514 10.486578266620597 2
    endloop
  endfacet
  facet normal 0 0 1
    outer loop
      vertex 16.477179591357707 10.055445085763893 2
      vertex 16.527247709035873 10.506062682270965 2
      vertex 16.505459544062614 10.500331971347293 2
    endloop
  endfacet
  facet normal 0 0 1
    outer loop
      vertex 16.507276636362075 10.04424641609188 2
      vertex 16.550127093493938 10.51102929890152 2
      vertex 16.527247709035873 10.506062682270965 2
    endloop
  endfacet
  facet normal 0 0 1
    outer loop
      vertex 16.524965082108974 10.038370649814567 2
      vertex 16.57409769743681 10.515231813788375 2
      vertex 16.550127093493938 10.51102929890152 2
    endloop
  endfacet
  facet normal 0 0 1
    outer loop
      vertex 16.544413481652736 10.03231060087677 2
      vertex 16.599159520864486 10.518670241832695 2
      vertex 16.57409769743681 10.515231813788375 2
    endloop
  endfacet
  facet normal 0 0 1
    outer loop
      vertex 16.565621842443942 10.026066269278488 2
      vertex 16.62531256377697 10.521344575583896 2
      vertex 16.599159520864486 10.518670241832695 2
    endloop
  endfacet
  facet normal 0 0 1
    outer loop
      vertex 16.58859014958143 10.019637655019721 2
      vertex 16.65255682617426 10.5232548075914 2
      vertex 16.62531256377697 10.521344575583896 2
    endloop
  endfacet
  facet normal 0 0 1
    outer loop
      vertex 16.613318410515785 10.013024758100471 2
      vertex 16.680892300605773 10.524400952756366 2
      vertex 16.65255682617426 10.5232548075914 2
    endloop
  endfacet
  facet normal 0 0 1
    outer loop
      vertex 16.63980661779642 10.006227571070156 2
      vertex 16.710319001972675 10.524783003628215 2
      vertex 16.680892300605773 10.524400952756366 2
    endloop
  endfacet
  facet normal 0 0 1
    outer loop
      vertex 16.6680547863245 9.999246108829936 2
      vertex 16.737174470722675 10.524438473880252 2
      vertex 16.710319001972675 10.524783003628215 2
    endloop
  endfacet
  facet normal 0 0 1
    outer loop
      vertex 16.737174470722675 10.524438473880252 2
      vertex 16.6680547863245 9.999246108829936 2
      vertex 16.76311596930027 10.523404892086944 2
    endloop
  endfacet
  facet normal 0 0 1
    outer loop
      vertex 16.698062908649444 9.992080356478652 2
      vertex 16.78814349025488 10.52168225824829 2
      vertex 16.76311596930027 10.523404892086944 2
    endloop
  endfacet
  facet normal 0 0 1
    outer loop
      vertex 16.72983097732067 9.984730321466884 2
      vertex 16.8122570335865 10.519270572364292 2
      vertex 16.78814349025488 10.52168225824829 2
    endloop
  endfacet
  facet normal 0 0 1
    outer loop
      vertex 16.72983097732067 9.984730321466884 2
      vertex 16.83545660674572 10.516169834434947 2
      vertex 16.8122570335865 10.519270572364292 2
    endloop
  endfacet
  facet normal 0 0 1
    outer loop
      vertex 16.76335899978876 9.97719599634405 2
      vertex 16.85774219483137 10.512380044460258 2
      vertex 16.83545660674572 10.516169834434947 2
    endloop
  endfacet
  facet normal 0 0 1
    outer loop
      vertex 16.76335899978876 9.97719599634405 2
      vertex 16.879113812744617 10.507901194989643 2
      vertex 16.85774219483137 10.512380044460258 2
    endloop
  endfacet
  facet normal 0 0 1
    outer loop
      vertex 16.879113812744617 10.507901194989643 2
      vertex 16.76335899978876 9.97719599634405 2
      vertex 16.899571453034877 10.502733293473682 2
    endloop
  endfacet
  facet normal 0 0 1
    outer loop
      vertex 16.899571453034877 10.502733293473682 2
      vertex 16.774881680309772 9.974532734155616 2
      vertex 16.91911511570215 10.496876339912376 2
    endloop
  endfacet
  facet normal 0 0 1
    outer loop
      vertex 15.799999997019768 8.755000002682209 2
      vertex 16.104373817145824 10.347390617728195 2
      vertex 15.799999997019768 17.95499999821186 2
    endloop
  endfacet
  facet normal 0 0 1
    outer loop
      vertex 15.799999997019768 17.95499999821186 2
      vertex 16.104373817145824 10.347390617728195 2
      vertex 16.110987116396426 10.375528227090797 2
    endloop
  endfacet
  facet normal 0 0 1
    outer loop
      vertex 15.799999997019768 17.95499999821186 2
      vertex 16.110987116396426 10.375528227090797 2
      vertex 16.119489935040473 10.40253338545557 2
    endloop
  endfacet
  facet normal 0 0 1
    outer loop
      vertex 15.799999997019768 17.95499999821186 2
      vertex 16.129882265627383 10.428406077921352 2
      vertex 16.142164115607738 10.453146304488143 2
    endloop
  endfacet
  facet normal 0 0 1
    outer loop
      vertex 15.799999997019768 17.95499999821186 2
      vertex 16.119489935040473 10.40253338545557 2
      vertex 16.129882265627383 10.428406077921352 2
    endloop
  endfacet
  facet normal 0 0 1
    outer loop
      vertex 15.799999997019768 17.95499999821186 2
      vertex 16.156335470080375 10.476754080057106 2
      vertex 16.172396351397037 10.499229382276496 2
    endloop
  endfacet
  facet normal 0 0 1
    outer loop
      vertex 15.799999997019768 17.95499999821186 2
      vertex 16.142164115607738 10.453146304488143 2
      vertex 16.156335470080375 10.476754080057106 2
    endloop
  endfacet
  facet normal 0 0 1
    outer loop
      vertex 15.799999997019768 17.95499999821186 2
      vertex 16.19034673720598 10.520572233498058 2
      vertex 16.21018664240837 10.540782618820629 2
    endloop
  endfacet
  facet normal 0 0 1
    outer loop
      vertex 15.799999997019768 17.95499999821186 2
      vertex 16.172396351397037 10.499229382276496 2
      vertex 16.19034673720598 10.520572233498058 2
    endloop
  endfacet
  facet normal 0 0 1
    outer loop
      vertex 15.799999997019768 17.95499999821186 2
      vertex 16.21018664240837 10.540782618820629 2
      vertex 16.231916067004203 10.559860538244209 2
    endloop
  endfacet
  facet normal 0 0 1
    outer loop
      vertex 15.799999997019768 17.95499999821186 2
      vertex 16.231916067004203 10.559860538244209 2
      vertex 16.2555350035429 10.577805999219379 2
    endloop
  endfacet
  facet normal 0 0 1
    outer loop
      vertex 15.799999997019768 17.95499999821186 2
      vertex 16.2555350035429 10.577805999219379 2
      vertex 16.28091388642788 10.594519312977752 2
    endloop
  endfacet
  facet normal 0 0 1
    outer loop
      vertex 15.799999997019768 17.95499999821186 2
      vertex 16.28091388642788 10.594519312977752 2
      vertex 16.30792316496372 10.609895560443363 2
    endloop
  endfacet
  facet normal 0 0 1
    outer loop
      vertex 15.799999997019768 17.95499999821186 2
      vertex 16.30792316496372 10.609895560443363 2
      vertex 16.336562831699847 10.623934749066791 2
    endloop
  endfacet
  facet normal 0 0 1
    outer loop
      vertex 15.799999997019768 17.95499999821186 2
      vertex 16.336562831699847 10.623934749066791 2
      vertex 16.366832894086837 10.636636863946876 2
    endloop
  endfacet
  facet normal 0 0 1
    outer loop
      vertex 15.799999997019768 17.95499999821186 2
      vertex 16.366832894086837 10.636636863946876 2
      vertex 16.39873334467411 10.648001919984779 2
    endloop
  endfacet
  facet normal 0 0 1
    outer loop
      vertex 15.799999997019768 17.95499999821186 2
      vertex 16.39873334467411 10.648001919984779 2
      vertex 16.432264183461665 10.658029902279338 2
    endloop
  endfacet
  facet normal 0 0 1
    outer loop
      vertex 15.799999997019768 17.95499999821186 2
      vertex 16.432264183461665 10.658029902279338 2
      vertex 16.467425417900085 10.666720825731716 2
    endloop
  endfacet
  facet normal 0 0 1
    outer loop
      vertex 15.799999997019768 17.95499999821186 2
      vertex 16.467425417900085 10.666720825731716 2
      vertex 16.504217033088207 10.67407468289133 2
    endloop
  endfacet
  facet normal 0 0 1
    outer loop
      vertex 15.799999997019768 17.95499999821186 2
      vertex 16.504217033088207 10.67407468289133 2
      vertex 16.542639043927192 10.680091481208763 2
    endloop
  endfacet
  facet normal 0 0 1
    outer loop
      vertex 15.799999997019768 17.95499999821186 2
      vertex 16.542639043927192 10.680091481208763 2
      vertex 16.58269145041704 10.684771205782852 2
    endloop
  endfacet
  facet normal 0 0 1
    outer loop
      vertex 15.799999997019768 17.95499999821186 2
      vertex 16.58269145041704 10.684771205782852 2
      vertex 16.624374245107173 10.688113871514759 2
    endloop
  endfacet
  facet normal 0 0 1
    outer loop
      vertex 15.799999997019768 17.95499999821186 2
      vertex 16.624374245107173 10.688113871514759 2
      vertex 16.66768742799759 10.690119470953903 2
    endloop
  endfacet
  facet normal 0 0 1
    outer loop
      vertex 15.799999997019768 17.95499999821186 2
      vertex 16.66768742799759 10.690119470953903 2
      vertex 16.712630999088287 10.690787996649703 2
    endloop
  endfacet
  facet normal 0 0 1
    outer loop
      vertex 15.799999997019768 17.95499999821186 2
      vertex 16.712630999088287 10.690787996649703 2
      vertex 16.754425552487373 10.690286550223789 2
    endloop
  endfacet
  facet normal 0 0 1
    outer loop
      vertex 15.799999997019768 17.95499999821186 2
      vertex 16.754425552487373 10.690286550223789 2
      vertex 16.794678431749343 10.688782203495464 2
    endloop
  endfacet
  facet normal 0 0 1
    outer loop
      vertex 15.799999997019768 17.95499999821186 2
      vertex 16.794678431749343 10.688782203495464 2
      vertex 16.83338964432478 10.686274949014148 2
    endloop
  endfacet
  facet normal 0 0 1
    outer loop
      vertex 15.799999997019768 17.95499999821186 2
      vertex 16.83338964432478 10.686274949014148 2
      vertex 16.87055919021368 10.682764801681003 2
    endloop
  endfacet
  facet normal 0 0 1
    outer loop
      vertex 15.799999997019768 17.95499999821186 2
      vertex 16.87055919021368 10.682764801681003 2
      vertex 16.906187061965465 10.678251754045448 2
    endloop
  endfacet
  facet normal 0 0 1
    outer loop
      vertex 15.799999997019768 17.95499999821186 2
      vertex 16.906187061965465 10.678251754045448 2
      vertex 16.940273274481296 10.672735813558063 2
    endloop
  endfacet
  facet normal 0 0 1
    outer loop
      vertex 15.799999997019768 17.95499999821186 2
      vertex 16.940273274481296 10.672735813558063 2
      vertex 16.97281781286001 10.666216965317687 2
    endloop
  endfacet
  facet normal 0 0 1
    outer loop
      vertex 15.799999997019768 17.95499999821186 2
      vertex 17.282725197076797 10.456581417024097 2
      vertex 17.296436955034732 10.431545141637287 2
    endloop
  endfacet
  facet normal 0 0 1
    outer loop
      vertex 15.799999997019768 17.95499999821186 2
      vertex 17.32075037509203 10.37723688364025 2
      vertex 17.33135203719139 10.347964893579444 2
    endloop
  endfacet
  facet normal 0 0 1
    outer loop
      vertex 15.799999997019768 17.95499999821186 2
      vertex 17.30911200940609 10.405096966326198 2
      vertex 17.32075037509203 10.37723688364025 2
    endloop
  endfacet
  facet normal 0 0 1
    outer loop
      vertex 15.799999997019768 17.95499999821186 2
      vertex 17.296436955034732 10.431545141637287 2
      vertex 17.30911200940609 10.405096966326198 2
    endloop
  endfacet
  facet normal 0 0 1
    outer loop
      vertex 15.799999997019768 17.95499999821186 2
      vertex 17.33135203719139 10.347964893579444 2
      vertex 17.340917003154754 10.31728100359436 2
    endloop
  endfacet
  facet normal 0 0 1
    outer loop
      vertex 15.799999997019768 17.95499999821186 2
      vertex 17.00382067710161 10.658695216774902 2
      vertex 17.033281882107257 10.650170575380287 2
    endloop
  endfacet
  facet normal 0 0 1
    outer loop
      vertex 15.799999997019768 17.95499999821186 2
      vertex 17.033281882107257 10.650170575380287 2
      vertex 17.061201412975787 10.64064302623268 2
    endloop
  endfacet
  facet normal 0 0 1
    outer loop
      vertex 15.799999997019768 17.95499999821186 2
      vertex 17.061201412975787 10.64064302623268 2
      vertex 17.087579277157783 10.630112584233245 2
    endloop
  endfacet
  facet normal 0 0 1
    outer loop
      vertex 15.799999997019768 17.95499999821186 2
      vertex 16.97281781286001 10.666216965317687 2
      vertex 17.00382067710161 10.658695216774902 2
    endloop
  endfacet
  facet normal 0 0 1
    outer loop
      vertex 15.799999997019768 17.95499999821186 2
      vertex 17.087579277157783 10.630112584233245 2
      vertex 17.112415474653243 10.6185792419314 2
    endloop
  endfacet
  facet normal 0 0 1
    outer loop
      vertex 15.799999997019768 17.95499999821186 2
      vertex 17.112415474653243 10.6185792419314 2
      vertex 17.13570999801159 10.606042999327144 2
    endloop
  endfacet
  facet normal 0 0 1
    outer loop
      vertex 15.799999997019768 17.95499999821186 2
      vertex 17.157715339958667 10.592301968038043 2
      vertex 17.178683985769748 10.577149036824665 2
    endloop
  endfacet
  facet normal 0 0 1
    outer loop
      vertex 15.799999997019768 17.95499999821186 2
      vertex 17.13570999801159 10.606042999327144 2
      vertex 17.157715339958667 10.592301968038043 2
    endloop
  endfacet
  facet normal 0 0 1
    outer loop
      vertex 15.799999997019768 17.95499999821186 2
      vertex 17.178683985769748 10.577149036824665 2
      vertex 17.19861593544483 10.560584198236427 2
    endloop
  endfacet
  facet normal 0 0 1
    outer loop
      vertex 15.799999997019768 17.95499999821186 2
      vertex 17.217511181533336 10.54260745227333 2
      vertex 17.235369731485843 10.523218798935375 2
    endloop
  endfacet
  facet normal 0 0 1
    outer loop
      vertex 15.799999997019768 17.95499999821186 2
      vertex 17.19861593544483 10.560584198236427 2
      vertex 17.217511181533336 10.54260745227333 2
    endloop
  endfacet
  facet normal 0 0 1
    outer loop
      vertex 15.799999997019768 17.95499999821186 2
      vertex 17.252191585302352 10.502418245673141 2
      vertex 17.267976742982864 10.480205777585468 2
    endloop
  endfacet
  facet normal 0 0 1
    outer loop
      vertex 15.799999997019768 17.95499999821186 2
      vertex 17.235369731485843 10.523218798935375 2
      vertex 17.252191585302352 10.502418245673141 2
    endloop
  endfacet
  facet normal 0 0 1
    outer loop
      vertex 15.799999997019768 17.95499999821186 2
      vertex 17.267976742982864 10.480205777585468 2
      vertex 17.282725197076797 10.456581417024097 2
    endloop
  endfacet
  facet normal 0 0 1
    outer loop
      vertex 16.917522241175174 9.212204250991306 2
      vertex 16.91959513425827 9.729855153262577 2
      vertex 16.892204013466834 9.206573325693569 2
    endloop
  endfacet
  facet normal 0 0 1
    outer loop
      vertex 16.94168749153614 9.218701470196208 2
      vertex 17.160214547812938 9.502946394979915 2
      vertex 16.917522241175174 9.212204250991306 2
    endloop
  endfacet
  facet normal 0 0 1
    outer loop
      vertex 16.96469975709915 9.226064983308277 2
      vertex 17.161074002087116 9.479181002378425 2
      vertex 16.94168749153614 9.218701470196208 2
    endloop
  endfacet
  facet normal 0 0 1
    outer loop
      vertex 16.986559037864208 9.23429479032751 2
      vertex 17.161074002087116 9.479181002378425 2
      vertex 16.96469975709915 9.226064983308277 2
    endloop
  endfacet
  facet normal 0 0 1
    outer loop
      vertex 17.00726534128189 9.24339089870449 2
      vertex 17.161074002087116 9.479181002378425 2
      vertex 16.986559037864208 9.23429479032751 2
    endloop
  endfacet
  facet normal 0 0 1
    outer loop
      vertex 16.90663510262966 9.733654003143272 2
      vertex 16.892204013466834 9.206573325693569 2
      vertex 16.91959513425827 9.729855153262577 2
    endloop
  endfacet
  facet normal 0 0 1
    outer loop
      vertex 16.91959513425827 9.729855153262577 2
      vertex 16.917522241175174 9.212204250991306 2
      vertex 16.93225500434637 9.725933383703193 2
    endloop
  endfacet
  facet normal 0 0 1
    outer loop
      vertex 16.93225500434637 9.725933383703193 2
      vertex 16.917522241175174 9.212204250991306 2
      vertex 16.944614712893962 9.721888694465122 2
    endloop
  endfacet
  facet normal 0 0 1
    outer loop
      vertex 16.944614712893962 9.721888694465122 2
      vertex 16.917522241175174 9.212204250991306 2
      vertex 16.956674244999885 9.717721078097782 2
    endloop
  endfacet
  facet normal 0 0 1
    outer loop
      vertex 16.956674244999885 9.717721078097782 2
      vertex 16.917522241175174 9.212204250991306 2
      vertex 16.96843362301588 9.713430542051753 2
    endloop
  endfacet
  facet normal 0 0 1
    outer loop
      vertex 16.96843362301588 9.713430542051753 2
      vertex 16.917522241175174 9.212204250991306 2
      vertex 16.979892832040786 9.709017078876457 2
    endloop
  endfacet
  facet normal 0 0 1
    outer loop
      vertex 16.979892832040786 9.709017078876457 2
      vertex 16.917522241175174 9.212204250991306 2
      vertex 16.991051872074603 9.704480696022472 2
    endloop
  endfacet
  facet normal 0 0 1
    outer loop
      vertex 16.991051872074603 9.704480696022472 2
      vertex 16.917522241175174 9.212204250991306 2
      vertex 17.00191074311733 9.699821386039218 2
    endloop
  endfacet
  facet normal 0 0 1
    outer loop
      vertex 17.00191074311733 9.699821386039218 2
      vertex 16.917522241175174 9.212204250991306 2
      vertex 17.012469452619552 9.695039156377277 2
    endloop
  endfacet
  facet normal 0 0 1
    outer loop
      vertex 17.012469452619552 9.695039156377277 2
      vertex 16.917522241175174 9.212204250991306 2
      vertex 17.022728000581264 9.690133999586067 2
    endloop
  endfacet
  facet normal 0 0 1
    outer loop
      vertex 17.022728000581264 9.690133999586067 2
      vertex 16.917522241175174 9.212204250991306 2
      vertex 17.03266505599022 9.685067597329578 2
    endloop
  endfacet
  facet normal 0 0 1
    outer loop
      vertex 17.03266505599022 9.685067597329578 2
      vertex 16.917522241175174 9.212204250991306 2
      vertex 17.042254057526588 9.67979639351364 2
    endloop
  endfacet
  facet normal 0 0 1
    outer loop
      vertex 17.042254057526588 9.67979639351364 2
      vertex 16.917522241175174 9.212204250991306 2
      vertex 17.051495020091533 9.674320380687675 2
    endloop
  endfacet
  facet normal 0 0 1
    outer loop
      vertex 17.051495020091533 9.674320380687675 2
      vertex 16.917522241175174 9.212204250991306 2
      vertex 17.060387928783893 9.66863955885168 2
    endloop
  endfacet
  facet normal 0 0 1
    outer loop
      vertex 17.060387928783893 9.66863955885168 2
      vertex 16.917522241175174 9.212204250991306 2
      vertex 17.068932791054248 9.662753942906818 2
    endloop
  endfacet
  facet normal 0 0 1
    outer loop
      vertex 17.068932791054248 9.662753942906818 2
      vertex 16.917522241175174 9.212204250991306 2
      vertex 17.0771296069026 9.656663517951927 2
    endloop
  endfacet
  facet normal 0 0 1
    outer loop
      vertex 17.092479099333286 9.643868248462638 2
      vertex 16.917522241175174 9.212204250991306 2
      vertex 17.099631775915622 9.637163411378822 2
    endloop
  endfacet
  facet normal 0 0 1
    outer loop
      vertex 17.099631775915622 9.637163411378822 2
      vertex 16.917522241175174 9.212204250991306 2
      vertex 17.106436406075954 9.630253765284976 2
    endloop
  endfacet
  facet normal 0 0 1
    outer loop
      vertex 17.0771296069026 9.656663517951927 2
      vertex 16.917522241175174 9.212204250991306 2
      vertex 17.084978376328944 9.650368283987007 2
    endloop
  endfacet
  facet normal 0 0 1
    outer loop
      vertex 17.084978376328944 9.650368283987007 2
      vertex 16.917522241175174 9.212204250991306 2
      vertex 17.092479099333286 9.643868248462638 2
    endloop
  endfacet
  facet normal 0 0 1
    outer loop
      vertex 17.106436406075954 9.630253765284976 2
      vertex 16.917522241175174 9.212204250991306 2
      vertex 17.1128929823637 9.623139310181102 2
    endloop
  endfacet
  facet normal 0 0 1
    outer loop
      vertex 17.1128929823637 9.623139310181102 2
      vertex 16.917522241175174 9.212204250991306 2
      vertex 17.119001512229442 9.61582006096836 2
    endloop
  endfacet
  facet normal 0 0 1
    outer loop
      vertex 17.119001512229442 9.61582006096836 2
      vertex 16.917522241175174 9.212204250991306 2
      vertex 17.12476200312376 9.60829600274559 2
    endloop
  endfacet
  facet normal 0 0 1
    outer loop
      vertex 17.12476200312376 9.60829600274559 2
      vertex 16.917522241175174 9.212204250991306 2
      vertex 17.13013359606266 9.600492197573146 2
    endloop
  endfacet
  facet normal 0 0 1
    outer loop
      vertex 16.917522241175174 9.212204250991306 2
      vertex 17.13507546931505 9.592333707511386 2
      vertex 17.13013359606266 9.600492197573146 2
    endloop
  endfacet
  facet normal 0 0 1
    outer loop
      vertex 17.02681865990162 9.253353300988636 2
      vertex 17.161074002087116 9.479181002378425 2
      vertex 17.00726534128189 9.24339089870449 2
    endloop
  endfacet
  facet normal 0 0 1
    outer loop
      vertex 17.045219001173972 9.264181997179946 2
      vertex 17.161074002087116 9.479181002378425 2
      vertex 17.02681865990162 9.253353300988636 2
    endloop
  endfacet
  facet normal 0 0 1
    outer loop
      vertex 17.062357310950755 9.2758497330546 2
      vertex 17.160388466715812 9.457771967649421 2
      vertex 17.045219001173972 9.264181997179946 2
    endloop
  endfacet
  facet normal 0 0 1
    outer loop
      vertex 17.078124564886092 9.28832923948761 2
      vertex 17.158331868052482 9.437174703478775 2
      vertex 17.062357310950755 9.2758497330546 2
    endloop
  endfacet
  facet normal 0 0 1
    outer loop
      vertex 16.94168749153614 9.218701470196208 2
      vertex 17.161074002087116 9.479181002378425 2
      vertex 17.16085913479328 9.491241041123828 2
    endloop
  endfacet
  facet normal 0 0 1
    outer loop
      vertex 17.092520748078822 9.301620523929557 2
      vertex 17.154904206097125 9.417389217317066 2
      vertex 17.078124564886092 9.28832923948761 2
    endloop
  endfacet
  facet normal 0 0 1
    outer loop
      vertex 17.105545860528945 9.315723586380443 2
      vertex 17.150105480849742 9.398415509164295 2
      vertex 17.092520748078822 9.301620523929557 2
    endloop
  endfacet
  facet normal 0 0 1
    outer loop
      vertex 17.117199917137622 9.330638419389686 2
      vertex 17.143935684859752 9.380253571569881 2
      vertex 17.105545860528945 9.315723586380443 2
    endloop
  endfacet
  facet normal 0 0 1
    outer loop
      vertex 17.117199917137622 9.330638419389686 2
      vertex 17.136394825577735 9.362903411984405 2
      vertex 17.143935684859752 9.380253571569881 2
    endloop
  endfacet
  facet normal 0 0 1
    outer loop
      vertex 17.127482903003692 9.346365030407867 2
      vertex 17.136394825577735 9.362903411984405 2
      vertex 17.117199917137622 9.330638419389686 2
    endloop
  endfacet
  facet normal 0 0 1
    outer loop
      vertex 17.062357310950755 9.2758497330546 2
      vertex 17.158331868052482 9.437174703478775 2
      vertex 17.160388466715812 9.457771967649421 2
    endloop
  endfacet
  facet normal 0 0 1
    outer loop
      vertex 17.078124564886092 9.28832923948761 2
      vertex 17.154904206097125 9.417389217317066 2
      vertex 17.158331868052482 9.437174703478775 2
    endloop
  endfacet
  facet normal 0 0 1
    outer loop
      vertex 17.092520748078822 9.301620523929557 2
      vertex 17.150105480849742 9.398415509164295 2
      vertex 17.154904206097125 9.417389217317066 2
    endloop
  endfacet
  facet normal 0 0 1
    outer loop
      vertex 17.105545860528945 9.315723586380443 2
      vertex 17.143935684859752 9.380253571569881 2
      vertex 17.150105480849742 9.398415509164295 2
    endloop
  endfacet
  facet normal 0 0 1
    outer loop
      vertex 16.917522241175174 9.212204250991306 2
      vertex 17.155702401697635 9.535934339761695 2
      vertex 17.153338898718356 9.546220954060516 2
    endloop
  endfacet
  facet normal 0 0 1
    outer loop
      vertex 16.917522241175174 9.212204250991306 2
      vertex 17.157636177539825 9.525293048024139 2
      vertex 17.155702401697635 9.535934339761695 2
    endloop
  endfacet
  facet normal 0 0 1
    outer loop
      vertex 16.917522241175174 9.212204250991306 2
      vertex 17.159140226244926 9.514297063946685 2
      vertex 17.157636177539825 9.525293048024139 2
    endloop
  endfacet
  facet normal 0 0 1
    outer loop
      vertex 16.917522241175174 9.212204250991306 2
      vertex 17.160214547812938 9.502946394979915 2
      vertex 17.159140226244926 9.514297063946685 2
    endloop
  endfacet
  facet normal 0 0 1
    outer loop
      vertex 16.917522241175174 9.212204250991306 2
      vertex 17.139587607979774 9.58382052510973 2
      vertex 17.13507546931505 9.592333707511386 2
    endloop
  endfacet
  facet normal 0 0 1
    outer loop
      vertex 16.917522241175174 9.212204250991306 2
      vertex 17.143670026957988 9.574952665269336 2
      vertex 17.139587607979774 9.58382052510973 2
    endloop
  endfacet
  facet normal 0 0 1
    outer loop
      vertex 16.917522241175174 9.212204250991306 2
      vertex 17.147322711348533 9.565730113089046 2
      vertex 17.143670026957988 9.574952665269336 2
    endloop
  endfacet
  facet normal 0 0 1
    outer loop
      vertex 16.917522241175174 9.212204250991306 2
      vertex 17.15054566860199 9.55615287601944 2
      vertex 17.147322711348533 9.565730113089046 2
    endloop
  endfacet
  facet normal 0 0 1
    outer loop
      vertex 16.917522241175174 9.212204250991306 2
      vertex 17.153338898718356 9.546220954060516 2
      vertex 17.15054566860199 9.55615287601944 2
    endloop
  endfacet
  facet normal 0 0 1
    outer loop
      vertex 16.94168749153614 9.218701470196208 2
      vertex 17.16085913479328 9.491241041123828 2
      vertex 17.160214547812938 9.502946394979915 2
    endloop
  endfacet
  facet normal 0 0 1
    outer loop
      vertex 17.045219001173972 9.264181997179946 2
      vertex 17.160388466715812 9.457771967649421 2
      vertex 17.161074002087116 9.479181002378425 2
    endloop
  endfacet
  facet normal 0 0 1
    outer loop
      vertex 16.90119298994541 9.944785352349243 2
      vertex 17.118304413557052 10.298679280579051 2
      vertex 16.88974334001541 9.947523857951126 2
    endloop
  endfacet
  facet normal 0 0 1
    outer loop
      vertex 16.9126360014081 9.942039999663791 2
      vertex 17.12418400198221 10.27923500120636 2
      vertex 16.90119298994541 9.944785352349243 2
    endloop
  endfacet
  facet normal 0 0 1
    outer loop
      vertex 16.924038168787956 9.939250286221466 2
      vertex 17.12418400198221 10.27923500120636 2
      vertex 16.9126360014081 9.942039999663791 2
    endloop
  endfacet
  facet normal 0 0 1
    outer loop
      vertex 16.93536530137062 9.93637869834896 2
      vertex 17.12418400198221 10.27923500120636 2
      vertex 16.924038168787956 9.939250286221466 2
    endloop
  endfacet
  facet normal 0 0 1
    outer loop
      vertex 16.957794439792632 9.930389869511089 2
      vertex 17.12418400198221 10.27923500120636 2
      vertex 16.946617391705512 9.933425221145114 2
    endloop
  endfacet
  facet normal 0 0 1
    outer loop
      vertex 16.96889644563198 9.927272635996303 2
      vertex 17.12418400198221 10.27923500120636 2
      vertex 16.957794439792632 9.930389869511089 2
    endloop
  endfacet
  facet normal 0 0 1
    outer loop
      vertex 16.946617391705512 9.933425221145114 2
      vertex 17.12418400198221 10.27923500120636 2
      vertex 16.93536530137062 9.93637869834896 2
    endloop
  endfacet
  facet normal 0 0 1
    outer loop
      vertex 16.979923409223556 9.924073513150176 2
      vertex 17.12418400198221 10.27923500120636 2
      vertex 16.96889644563198 9.927272635996303 2
    endloop
  endfacet
  facet normal 0 0 1
    outer loop
      vertex 16.99087533056736 9.92079251587387 2
      vertex 17.12418400198221 10.27923500120636 2
      vertex 16.979923409223556 9.924073513150176 2
    endloop
  endfacet
  facet normal 0 0 1
    outer loop
      vertex 17.00175220966339 9.917429636716804 2
      vertex 17.12418400198221 10.27923500120636 2
      vertex 16.99087533056736 9.92079251587387 2
    endloop
  endfacet
  facet normal 0 0 1
    outer loop
      vertex 17.01255405396223 9.913984868228397 2
      vertex 17.12418400198221 10.27923500120636 2
      vertex 17.00175220966339 9.917429636716804 2
    endloop
  endfacet
  facet normal 0 0 1
    outer loop
      vertex 17.023280848562717 9.91045822530981 2
      vertex 17.12418400198221 10.27923500120636 2
      vertex 17.01255405396223 9.913984868228397 2
    endloop
  endfacet
  facet normal 0 0 1
    outer loop
      vertex 17.033932608366012 9.906849700510463 2
      vertex 17.12418400198221 10.27923500120636 2
      vertex 17.023280848562717 9.91045822530981 2
    endloop
  endfacet
  facet normal 0 0 1
    outer loop
      vertex 17.09608108997345 10.35197729945179 2
      vertex 16.88974334001541 9.947523857951126 2
      vertex 17.10425296127796 10.335050429701766 2
    endloop
  endfacet
  facet normal 0 0 1
    outer loop
      vertex 17.10425296127796 10.335050429701766 2
      vertex 16.88974334001541 9.947523857951126 2
      vertex 17.111660730838775 10.317284423410854 2
    endloop
  endfacet
  facet normal 0 0 1
    outer loop
      vertex 17.111660730838775 10.317284423410854 2
      vertex 16.88974334001541 9.947523857951126 2
      vertex 17.118304413557052 10.298679280579051 2
    endloop
  endfacet
  facet normal 0 0 1
    outer loop
      vertex 17.118304413557052 10.298679280579051 2
      vertex 16.90119298994541 9.944785352349243 2
      vertex 17.12418400198221 10.27923500120636 2
    endloop
  endfacet
  facet normal 0 0 1
    outer loop
      vertex 17.044509325921535 9.903159286379775 2
      vertex 17.12418400198221 10.27923500120636 2
      vertex 17.033932608366012 9.906849700510463 2
    endloop
  endfacet
  facet normal 0 0 1
    outer loop
      vertex 17.055011001229285 9.899386997818908 2
      vertex 17.12418400198221 10.27923500120636 2
      vertex 17.044509325921535 9.903159286379775 2
    endloop
  endfacet
  facet normal 0 0 1
    outer loop
      vertex 17.065423955023288 9.895522567927799 2
      vertex 17.12418400198221 10.27923500120636 2
      vertex 17.055011001229285 9.899386997818908 2
    endloop
  endfacet
  facet normal 0 0 1
    outer loop
      vertex 17.075734500586986 9.891555737256965 2
      vertex 17.12418400198221 10.27923500120636 2
      vertex 17.065423955023288 9.895522567927799 2
    endloop
  endfacet
  facet normal 0 0 1
    outer loop
      vertex 17.08594265282154 9.887486498355827 2
      vertex 17.12418400198221 10.27923500120636 2
      vertex 17.075734500586986 9.891555737256965 2
    endloop
  endfacet
  facet normal 0 0 1
    outer loop
      vertex 17.09604839682579 9.883314858674964 2
      vertex 17.12418400198221 10.27923500120636 2
      vertex 17.08594265282154 9.887486498355827 2
    endloop
  endfacet
  facet normal 0 0 1
    outer loop
      vertex 17.106051740050315 9.879040818214378 2
      vertex 17.12418400198221 10.27923500120636 2
      vertex 17.09604839682579 9.883314858674964 2
    endloop
  endfacet
  facet normal 0 0 1
    outer loop
      vertex 17.340917003154754 10.31728100359436 2
      vertex 17.145041090250015 9.860920626223049 2
      vertex 17.15453242212534 9.856134574413261 2
    endloop
  endfacet
  facet normal 0 0 1
    outer loop
      vertex 17.340917003154754 10.31728100359436 2
      vertex 17.15453242212534 9.856134574413261 2
      vertex 17.16392134577036 9.851246121823749 2
    endloop
  endfacet
  facet normal 0 0 1
    outer loop
      vertex 17.340917003154754 10.31728100359436 2
      vertex 17.106051740050315 9.879040818214378 2
      vertex 17.115952682495116 9.874664369523487 2
    endloop
  endfacet
  facet normal 0 0 1
    outer loop
      vertex 17.340917003154754 10.31728100359436 2
      vertex 17.115952682495116 9.874664369523487 2
      vertex 17.125751216709613 9.870185527503452 2
    endloop
  endfacet
  facet normal 0 0 1
    outer loop
      vertex 17.340917003154754 10.31728100359436 2
      vertex 17.125751216709613 9.870185527503452 2
      vertex 17.135447357594966 9.865604277253112 2
    endloop
  endfacet
  facet normal 0 0 1
    outer loop
      vertex 17.340917003154754 10.31728100359436 2
      vertex 17.135447357594966 9.865604277253112 2
      vertex 17.145041090250015 9.860920626223049 2
    endloop
  endfacet
  facet normal 0 0 1
    outer loop
      vertex 17.340917003154754 10.31728100359436 2
      vertex 17.12418400198221 10.27923500120636 2
      vertex 17.106051740050315 9.879040818214378 2
    endloop
  endfacet
  facet normal 0 0 1
    outer loop
      vertex 17.676397792994976 8.271677672863007 2
      vertex 17.340917003154754 10.31728100359436 2
      vertex 17.36708332300186 9.602568108141384 2
    endloop
  endfacet
  facet normal 0 0 1
    outer loop
      vertex 17.676397792994976 8.271677672863007 2
      vertex 17.36708332300186 9.602568108141384 2
      vertex 17.369576585292815 9.59123111844059 2
    endloop
  endfacet
  facet normal 0 0 1
    outer loop
      vertex 17.676397792994976 8.271677672863007 2
      vertex 17.369576585292815 9.59123111844059 2
      vertex 17.37177652567625 9.579621124565563 2
    endloop
  endfacet
  facet normal 0 0 1
    outer loop
      vertex 17.676397792994976 8.271677672863007 2
      vertex 17.37177652567625 9.579621124565563 2
      vertex 17.373683144152164 9.567738126516304 2
    endloop
  endfacet
  facet normal 0 0 1
    outer loop
      vertex 17.676397792994976 8.271677672863007 2
      vertex 17.373683144152164 9.567738126516304 2
      vertex 17.375296433269977 9.555582116842231 2
    endloop
  endfacet
  facet normal 0 0 1
    outer loop
      vertex 17.340917003154754 10.31728100359436 2
      vertex 17.285582002997398 9.759307000338993 2
      vertex 17.29220928698778 9.75175608277317 2
    endloop
  endfacet
  facet normal 0 0 1
    outer loop
      vertex 17.340917003154754 10.31728100359436 2
      vertex 17.29220928698778 9.75175608277317 2
      vertex 17.298611444234847 9.744000564813575 2
    endloop
  endfacet
  facet normal 0 0 1
    outer loop
      vertex 17.340917003154754 10.31728100359436 2
      vertex 17.298611444234847 9.744000564813575 2
      vertex 17.304788482189178 9.736040439009628 2
    endloop
  endfacet
  facet normal 0 0 1
    outer loop
      vertex 17.340917003154754 10.31728100359436 2
      vertex 17.304788482189178 9.736040439009628 2
      vertex 17.31074039340019 9.727875712811908 2
    endloop
  endfacet
  facet normal 0 0 1
    outer loop
      vertex 17.340917003154754 10.31728100359436 2
      vertex 17.31074039340019 9.727875712811908 2
      vertex 17.31646717786789 9.719506378769836 2
    endloop
  endfacet
  facet normal 0 0 1
    outer loop
      vertex 17.340917003154754 10.31728100359436 2
      vertex 17.31646717786789 9.719506378769836 2
      vertex 17.32196884304285 9.710932444333991 2
    endloop
  endfacet
  facet normal 0 0 1
    outer loop
      vertex 17.340917003154754 10.31728100359436 2
      vertex 17.32196884304285 9.710932444333991 2
      vertex 17.327245381474494 9.702153902053794 2
    endloop
  endfacet
  facet normal 0 0 1
    outer loop
      vertex 17.340917003154754 10.31728100359436 2
      vertex 17.327245381474494 9.702153902053794 2
      vertex 17.332296793162822 9.693170766830406 2
    endloop
  endfacet
  facet normal 0 0 1
    outer loop
      vertex 17.340917003154754 10.31728100359436 2
      vertex 17.332296793162822 9.693170766830406 2
      vertex 17.337123085558414 9.683983016312084 2
    endloop
  endfacet
  facet normal 0 0 1
    outer loop
      vertex 17.340917003154754 10.31728100359436 2
      vertex 17.337123085558414 9.683983016312084 2
      vertex 17.34172425121069 9.67459066539999 2
    endloop
  endfacet
  facet normal 0 0 1
    outer loop
      vertex 17.340917003154754 10.31728100359436 2
      vertex 17.34172425121069 9.67459066539999 2
      vertex 17.346100290119647 9.664993714094123 2
    endloop
  endfacet
  facet normal 0 0 1
    outer loop
      vertex 17.340917003154754 10.31728100359436 2
      vertex 17.346100290119647 9.664993714094123 2
      vertex 17.35025120973587 9.655192162394485 2
    endloop
  endfacet
  facet normal 0 0 1
    outer loop
      vertex 17.340917003154754 10.31728100359436 2
      vertex 17.35025120973587 9.655192162394485 2
      vertex 17.354177002608775 9.645186002850494 2
    endloop
  endfacet
  facet normal 0 0 1
    outer loop
      vertex 17.340917003154754 10.31728100359436 2
      vertex 17.354177002608775 9.645186002850494 2
      vertex 17.357843567430972 9.63494103729721 2
    endloop
  endfacet
  facet normal 0 0 1
    outer loop
      vertex 17.340917003154754 10.31728100359436 2
      vertex 17.357843567430972 9.63494103729721 2
      vertex 17.36121681034565 9.624423067569694 2
    endloop
  endfacet
  facet normal 0 0 1
    outer loop
      vertex 17.340917003154754 10.31728100359436 2
      vertex 17.36121681034565 9.624423067569694 2
      vertex 17.364296731352805 9.613632086217365 2
    endloop
  endfacet
  facet normal 0 0 1
    outer loop
      vertex 17.340917003154754 10.31728100359436 2
      vertex 17.364296731352805 9.613632086217365 2
      vertex 17.36708332300186 9.602568108141384 2
    endloop
  endfacet
  facet normal 0 0 1
    outer loop
      vertex 17.340917003154754 10.31728100359436 2
      vertex 17.16392134577036 9.851246121823749 2
      vertex 17.173207876086234 9.846255261003932 2
    endloop
  endfacet
  facet normal 0 0 1
    outer loop
      vertex 17.340917003154754 10.31728100359436 2
      vertex 17.173207876086234 9.846255261003932 2
      vertex 17.182391998171806 9.841161999404392 2
    endloop
  endfacet
  facet normal 0 0 1
    outer loop
      vertex 17.340917003154754 10.31728100359436 2
      vertex 17.182391998171806 9.841161999404392 2
      vertex 17.191435393691062 9.835931334197483 2
    endloop
  endfacet
  facet normal 0 0 1
    outer loop
      vertex 17.340917003154754 10.31728100359436 2
      vertex 17.191435393691062 9.835931334197483 2
      vertex 17.200294506549834 9.83052301734682 2
    endloop
  endfacet
  facet normal 0 0 1
    outer loop
      vertex 17.340917003154754 10.31728100359436 2
      vertex 17.200294506549834 9.83052301734682 2
      vertex 17.208969336748122 9.824937056302986 2
    endloop
  endfacet
  facet normal 0 0 1
    outer loop
      vertex 17.340917003154754 10.31728100359436 2
      vertex 17.208969336748122 9.824937056302986 2
      vertex 17.217459884285926 9.819173458516559 2
    endloop
  endfacet
  facet normal 0 0 1
    outer loop
      vertex 17.340917003154754 10.31728100359436 2
      vertex 17.217459884285926 9.819173458516559 2
      vertex 17.225766141712665 9.81323220908638 2
    endloop
  endfacet
  facet normal 0 0 1
    outer loop
      vertex 17.340917003154754 10.31728100359436 2
      vertex 17.225766141712665 9.81323220908638 2
      vertex 17.23388811647892 9.807113315463027 2
    endloop
  endfacet
  facet normal 0 0 1
    outer loop
      vertex 17.340917003154754 10.31728100359436 2
      vertex 17.23388811647892 9.807113315463027 2
      vertex 17.24182580858469 9.800816777646503 2
    endloop
  endfacet
  facet normal 0 0 1
    outer loop
      vertex 17.340917003154754 10.31728100359436 2
      vertex 17.24182580858469 9.800816777646503 2
      vertex 17.249579218029975 9.794342588186225 2
    endloop
  endfacet
  facet normal 0 0 1
    outer loop
      vertex 17.340917003154754 10.31728100359436 2
      vertex 17.249579218029975 9.794342588186225 2
      vertex 17.257148344814777 9.787690761983356 2
    endloop
  endfacet
  facet normal 0 0 1
    outer loop
      vertex 17.340917003154754 10.31728100359436 2
      vertex 17.257148344814777 9.787690761983356 2
      vertex 17.264533181488513 9.780861291587314 2
    endloop
  endfacet
  facet normal 0 0 1
    outer loop
      vertex 17.340917003154754 10.31728100359436 2
      vertex 17.264533181488513 9.780861291587314 2
      vertex 17.271733742952346 9.77385416954752 2
    endloop
  endfacet
  facet normal 0 0 1
    outer loop
      vertex 17.340917003154754 10.31728100359436 2
      vertex 17.271733742952346 9.77385416954752 2
      vertex 17.278750014305114 9.766669410765132 2
    endloop
  endfacet
  facet normal 0 0 1
    outer loop
      vertex 17.340917003154754 10.31728100359436 2
      vertex 17.278750014305114 9.766669410765132 2
      vertex 17.285582002997398 9.759307000338993 2
    endloop
  endfacet
  facet normal 0 0 1
    outer loop
      vertex 16.91911511570215 10.496876339912376 2
      vertex 16.88974334001541 9.947523857951126 2
      vertex 16.93774480074644 10.490330334305725 2
    endloop
  endfacet
  facet normal 0 0 1
    outer loop
      vertex 16.93774480074644 10.490330334305725 2
      vertex 16.88974334001541 9.947523857951126 2
      vertex 16.955460508167743 10.483095276653728 2
    endloop
  endfacet
  facet normal 0 0 1
    outer loop
      vertex 16.955460508167743 10.483095276653728 2
      vertex 16.88974334001541 9.947523857951126 2
      vertex 16.97226224541664 10.475171166956386 2
    endloop
  endfacet
  facet normal 0 0 1
    outer loop
      vertex 17.003198724985122 10.457183356881103 2
      vertex 16.88974334001541 9.947523857951126 2
      vertex 17.017483350634574 10.446969572007617 2
    endloop
  endfacet
  facet normal 0 0 1
    outer loop
      vertex 17.017483350634574 10.446969572007617 2
      vertex 16.88974334001541 9.947523857951126 2
      vertex 17.03100388199091 10.435916658043823 2
    endloop
  endfacet
  facet normal 0 0 1
    outer loop
      vertex 16.97226224541664 10.475171166956386 2
      vertex 16.88974334001541 9.947523857951126 2
      vertex 16.98814999759197 10.466557997763118 2
    endloop
  endfacet
  facet normal 0 0 1
    outer loop
      vertex 16.98814999759197 10.466557997763118 2
      vertex 16.88974334001541 9.947523857951126 2
      vertex 17.003198724985122 10.457183356881103 2
    endloop
  endfacet
  facet normal 0 0 1
    outer loop
      vertex 17.03100388199091 10.435916658043823 2
      vertex 16.88974334001541 9.947523857951126 2
      vertex 17.043760319054126 10.424024600088558 2
    endloop
  endfacet
  facet normal 0 0 1
    outer loop
      vertex 17.043760319054126 10.424024600088558 2
      vertex 16.88974334001541 9.947523857951126 2
      vertex 17.055752661824226 10.411293413042984 2
    endloop
  endfacet
  facet normal 0 0 1
    outer loop
      vertex 17.055752661824226 10.411293413042984 2
      vertex 16.88974334001541 9.947523857951126 2
      vertex 17.066980910301208 10.39772308945652 2
    endloop
  endfacet
  facet normal 0 0 1
    outer loop
      vertex 17.066980910301208 10.39772308945652 2
      vertex 16.88974334001541 9.947523857951126 2
      vertex 17.077445064485072 10.383313629329166 2
    endloop
  endfacet
  facet normal 0 0 1
    outer loop
      vertex 17.077445064485072 10.383313629329166 2
      vertex 16.88974334001541 9.947523857951126 2
      vertex 17.08714512437582 10.368065032660922 2
    endloop
  endfacet
  facet normal 0 0 1
    outer loop
      vertex 17.08714512437582 10.368065032660922 2
      vertex 16.88974334001541 9.947523857951126 2
      vertex 17.09608108997345 10.35197729945179 2
    endloop
  endfacet
  facet normal 0 0 1
    outer loop
      vertex 17.76966991275549 8.385330088436604 2
      vertex 17.883322328329086 8.478602208197117 2
      vertex 15.799999997019768 17.95499999821186 2
    endloop
  endfacet
  facet normal 0 0 1
    outer loop
      vertex 17.76966991275549 8.385330088436604 2
      vertex 15.799999997019768 17.95499999821186 2
      vertex 17.340917003154754 10.31728100359436 2
    endloop
  endfacet
  facet normal 0 0 1
    outer loop
      vertex 17.883322328329086 8.478602208197117 2
      vertex 18.012987427413464 8.547909647226334 2
      vertex 15.799999997019768 17.95499999821186 2
    endloop
  endfacet
  facet normal 0 0 1
    outer loop
      vertex 18.012987427413464 8.547909647226334 2
      vertex 18.1536822617054 8.590588957071304 2
      vertex 15.799999997019768 17.95499999821186 2
    endloop
  endfacet
  facet normal 0 0 1
    outer loop
      vertex 18.1536822617054 8.590588957071304 2
      vertex 18.299999997019768 8.604999996721745 2
      vertex 15.799999997019768 17.95499999821186 2
    endloop
  endfacet
  facet normal 0 0 1
    outer loop
      vertex 18.299999997019768 8.604999996721745 2
      vertex 18.446317739784718 8.590588957071304 2
      vertex 15.799999997019768 17.95499999821186 2
    endloop
  endfacet
  facet normal 0 0 1
    outer loop
      vertex 18.446317739784718 8.590588957071304 2
      vertex 18.587012574076653 8.547909647226334 2
      vertex 18.446317739784718 18.119411036372185 2
    endloop
  endfacet
  facet normal 0 0 1
    outer loop
      vertex 18.587012574076653 8.547909647226334 2
      vertex 18.71667767316103 8.478602208197117 2
      vertex 18.71667767316103 18.231397792696953 2
    endloop
  endfacet
  facet normal 0 0 1
    outer loop
      vertex 18.71667767316103 8.478602208197117 2
      vertex 18.830330088734627 8.385330088436604 2
      vertex 18.830330088734627 18.324669912457466 2
    endloop
  endfacet
  facet normal 0 0 1
    outer loop
      vertex 18.830330088734627 8.385330088436604 2
      vertex 18.92360220849514 8.271677672863007 2
      vertex 18.92360220849514 18.438322328031063 2
    endloop
  endfacet
  facet normal 0 0 1
    outer loop
      vertex 18.92360220849514 8.271677672863007 2
      vertex 18.992909647524357 8.14201257377863 2
      vertex 18.992909647524357 18.56798742711544 2
    endloop
  endfacet
  facet normal 0 0 1
    outer loop
      vertex 19.049999997019768 7.8549999967217445 2
      vertex 19.049999997019768 18.854999996721745 2
      vertex 19.035588957369328 8.001317739486694 2
    endloop
  endfacet
  facet normal 0 0 1
    outer loop
      vertex 19.035588957369328 8.001317739486694 2
      vertex 19.035588957369328 18.708682261407375 2
      vertex 18.992909647524357 8.14201257377863 2
    endloop
  endfacet
  facet normal 0 0 1
    outer loop
      vertex 20.799999997019768 -2.7511328160762787 2
      vertex 20.799999997019768 31 2
      vertex 19.049999997019768 7.8549999967217445 2
    endloop
  endfacet
  facet normal 0 0 -1
    outer loop
      vertex 14.549999997019768 17.95499999821186 0
      vertex 15.799999997019768 19.75500000268221 0
      vertex 15.799999997019768 17.95499999821186 0
    endloop
  endfacet
  facet normal 0 0 -1
    outer loop
      vertex 14.549999997019768 17.95499999821186 0
      vertex 14.549999997019768 19.75500000268221 0
      vertex 15.799999997019768 19.75500000268221 0
    endloop
  endfacet
  facet normal -1 0 0
    outer loop
      vertex 14.549999997019768 17.95499999821186 0
      vertex 14.549999997019768 19.75500000268221 2
      vertex 14.549999997019768 19.75500000268221 0
    endloop
  endfacet
  facet normal 0 -1 0
    outer loop
      vertex 14.549999997019768 17.95499999821186 0
      vertex 15.799999997019768 17.95499999821186 0
      vertex 14.549999997019768 17.95499999821186 2
    endloop
  endfacet
  facet normal 0 1 0
    outer loop
      vertex 14.549999997019768 19.75500000268221 0
      vertex 15.799999997019768 19.75500000268221 2
      vertex 15.799999997019768 19.75500000268221 0
    endloop
  endfacet
  facet normal 0 0 -1
    outer loop
      vertex 18.446317739784718 8.590588957071304 0
      vertex 15.799999997019768 17.95499999821186 0
      vertex 17.676397792994976 18.438322328031063 0
    endloop
  endfacet
  facet normal 0 0 -1
    outer loop
      vertex 18.446317739784718 8.590588957071304 0
      vertex 17.676397792994976 18.438322328031063 0
      vertex 17.76966991275549 18.324669912457466 0
    endloop
  endfacet
  facet normal 0 0 -1
    outer loop
      vertex 18.446317739784718 8.590588957071304 0
      vertex 17.76966991275549 18.324669912457466 0
      vertex 17.883322328329086 18.231397792696953 0
    endloop
  endfacet
  facet normal 0 0 -1
    outer loop
      vertex 18.446317739784718 8.590588957071304 0
      vertex 17.883322328329086 18.231397792696953 0
      vertex 18.012987427413464 18.162090353667736 0
    endloop
  endfacet
  facet normal 0 0 -1
    outer loop
      vertex 15.799999997019768 17.95499999821186 0
      vertex 15.799999997019768 19.75500000268221 0
      vertex 17.564411036670208 19.001317739486694 0
    endloop
  endfacet
  facet normal 0 0 -1
    outer loop
      vertex 15.799999997019768 17.95499999821186 0
      vertex 17.564411036670208 18.708682261407375 0
      vertex 17.60709035396576 18.56798742711544 0
    endloop
  endfacet
  facet normal 0 0 -1
    outer loop
      vertex 15.799999997019768 17.95499999821186 0
      vertex 17.60709035396576 18.56798742711544 0
      vertex 17.676397792994976 18.438322328031063 0
    endloop
  endfacet
  facet normal 0 0 -1
    outer loop
      vertex 15.799999997019768 17.95499999821186 0
      vertex 17.549999997019768 18.854999996721745 0
      vertex 17.564411036670208 18.708682261407375 0
    endloop
  endfacet
  facet normal 0 0 -1
    outer loop
      vertex 15.799999997019768 17.95499999821186 0
      vertex 17.564411036670208 19.001317739486694 0
      vertex 17.549999997019768 18.854999996721745 0
    endloop
  endfacet
  facet normal 0 0 -1
    outer loop
      vertex 15.799999997019768 19.75500000268221 0
      vertex 17.60709035396576 19.14201257377863 0
      vertex 17.564411036670208 19.001317739486694 0
    endloop
  endfacet
  facet normal 0 0 -1
    outer loop
      vertex 15.799999997019768 19.75500000268221 0
      vertex 17.676397792994976 19.271677672863007 0
      vertex 17.60709035396576 19.14201257377863 0
    endloop
  endfacet
  facet normal 0 0 -1
    outer loop
      vertex 15.799999997019768 19.75500000268221 0
      vertex 17.76966991275549 19.385330088436604 0
      vertex 17.676397792994976 19.271677672863007 0
    endloop
  endfacet
  facet normal 0 0 -1
    outer loop
      vertex 15.799999997019768 19.75500000268221 0
      vertex 17.883322328329086 19.478602208197117 0
      vertex 17.76966991275549 19.385330088436604 0
    endloop
  endfacet
  facet normal 0 0 -1
    outer loop
      vertex 15.799999997019768 19.75500000268221 0
      vertex 18.012987427413464 19.547909647226334 0
      vertex 17.883322328329086 19.478602208197117 0
    endloop
  endfacet
  facet normal 0 0 -1
    outer loop
      vertex 18.446317739784718 8.590588957071304 0
      vertex 18.012987427413464 18.162090353667736 0
      vertex 18.1536822617054 18.119411036372185 0
    endloop
  endfacet
  facet normal 0 0 -1
    outer loop
      vertex 18.446317739784718 8.590588957071304 0
      vertex 18.1536822617054 18.119411036372185 0
      vertex 18.299999997019768 18.104999996721745 0
    endloop
  endfacet
  facet normal 0 0 -1
    outer loop
      vertex 18.446317739784718 8.590588957071304 0
      vertex 18.299999997019768 18.104999996721745 0
      vertex 18.446317739784718 18.119411036372185 0
    endloop
  endfacet
  facet normal 0 0 -1
    outer loop
      vertex 18.587012574076653 8.547909647226334 0
      vertex 18.446317739784718 18.119411036372185 0
      vertex 18.587012574076653 18.162090353667736 0
    endloop
  endfacet
  facet normal 0 0 -1
    outer loop
      vertex 18.587012574076653 8.547909647226334 0
      vertex 18.587012574076653 18.162090353667736 0
      vertex 18.71667767316103 18.231397792696953 0
    endloop
  endfacet
  facet normal 0 0 -1
    outer loop
      vertex 18.71667767316103 8.478602208197117 0
      vertex 18.71667767316103 18.231397792696953 0
      vertex 18.830330088734627 18.324669912457466 0
    endloop
  endfacet
  facet normal 0 0 -1
    outer loop
      vertex 18.830330088734627 8.385330088436604 0
      vertex 18.830330088734627 18.324669912457466 0
      vertex 18.92360220849514 18.438322328031063 0
    endloop
  endfacet
  facet normal 0 0 -1
    outer loop
      vertex 18.92360220849514 8.271677672863007 0
      vertex 18.92360220849514 18.438322328031063 0
      vertex 18.992909647524357 18.56798742711544 0
    endloop
  endfacet
  facet normal 0 0 -1
    outer loop
      vertex 18.992909647524357 8.14201257377863 0
      vertex 18.992909647524357 18.56798742711544 0
      vertex 19.035588957369328 18.708682261407375 0
    endloop
  endfacet
  facet normal 0 0 -1
    outer loop
      vertex 19.035588957369328 8.001317739486694 0
      vertex 19.035588957369328 18.708682261407375 0
      vertex 19.049999997019768 18.854999996721745 0
    endloop
  endfacet
  facet normal 0 0 -1
    outer loop
      vertex 19.049999997019768 7.8549999967217445 0
      vertex 19.049999997019768 18.854999996721745 0
      vertex 20.799999997019768 31 0
    endloop
  endfacet
  facet normal -1 0 0
    outer loop
      vertex 15.799999997019768 8.755000002682209 0
      vertex 15.799999997019768 17.95499999821186 2
      vertex 15.799999997019768 17.95499999821186 0
    endloop
  endfacet
  facet normal 0.7730104774684329 0.6343932547907689 0
    outer loop
      vertex 17.76966991275549 18.324669912457466 0
      vertex 17.676397792994976 18.438322328031063 0
      vertex 17.676397792994976 18.438322328031063 2
    endloop
  endfacet
  facet normal 0.6343932547907689 0.7730104774684329 0
    outer loop
      vertex 17.76966991275549 18.324669912457466 0
      vertex 17.76966991275549 18.324669912457466 2
      vertex 17.883322328329086 18.231397792696953 0
    endloop
  endfacet
  facet normal 0.8819212654102606 0.4713967348393121 0
    outer loop
      vertex 17.60709035396576 18.56798742711544 0
      vertex 17.60709035396576 18.56798742711544 2
      vertex 17.676397792994976 18.438322328031063 0
    endloop
  endfacet
  facet normal 0.9569403245615158 0.29028471407929957 0
    outer loop
      vertex 17.60709035396576 18.56798742711544 0
      vertex 17.564411036670208 18.708682261407375 0
      vertex 17.564411036670208 18.708682261407375 2
    endloop
  endfacet
  facet normal 0.9951847262984812 0.09801714412395965 0
    outer loop
      vertex 17.549999997019768 18.854999996721745 0
      vertex 17.549999997019768 18.854999996721745 2
      vertex 17.564411036670208 18.708682261407375 0
    endloop
  endfacet
  facet normal 0.9951847267853376 -0.09801713918082348 0
    outer loop
      vertex 17.549999997019768 18.854999996721745 0
      vertex 17.564411036670208 19.001317739486694 0
      vertex 17.564411036670208 19.001317739486694 2
    endloop
  endfacet
  facet normal 0.4713967348393121 0.8819212654102606 0
    outer loop
      vertex 17.883322328329086 18.231397792696953 0
      vertex 17.883322328329086 18.231397792696953 2
      vertex 18.012987427413464 18.162090353667736 0
    endloop
  endfacet
  facet normal 0.29028471407929957 0.9569403245615158 0
    outer loop
      vertex 18.012987427413464 18.162090353667736 0
      vertex 18.012987427413464 18.162090353667736 2
      vertex 18.1536822617054 18.119411036372185 0
    endloop
  endfacet
  facet normal 0.9569403245615158 -0.29028471407929957 0
    outer loop
      vertex 17.564411036670208 19.001317739486694 0
      vertex 17.60709035396576 19.14201257377863 0
      vertex 17.60709035396576 19.14201257377863 2
    endloop
  endfacet
  facet normal 0.8819212654102606 -0.4713967348393121 0
    outer loop
      vertex 17.60709035396576 19.14201257377863 0
      vertex 17.676397792994976 19.271677672863007 0
      vertex 17.676397792994976 19.271677672863007 2
    endloop
  endfacet
  facet normal 0.7730104774684329 -0.6343932547907689 0
    outer loop
      vertex 17.676397792994976 19.271677672863007 0
      vertex 17.76966991275549 19.385330088436604 0
      vertex 17.76966991275549 19.385330088436604 2
    endloop
  endfacet
  facet normal 0.6343932547907689 -0.7730104774684329 0
    outer loop
      vertex 17.76966991275549 19.385330088436604 0
      vertex 17.883322328329086 19.478602208197117 0
      vertex 17.883322328329086 19.478602208197117 2
    endloop
  endfacet
  facet normal 0.4713967348393121 -0.8819212654102606 0
    outer loop
      vertex 17.883322328329086 19.478602208197117 0
      vertex 18.012987427413464 19.547909647226334 0
      vertex 18.012987427413464 19.547909647226334 2
    endloop
  endfacet
  facet normal 0.2902846676741111 -0.9569403386383767 0
    outer loop
      vertex 18.012987427413464 19.547909647226334 0
      vertex 18.1536822617054 19.590588957071304 0
      vertex 18.1536822617054 19.590588957071304 2
    endloop
  endfacet
  facet normal 0.09801714412395965 0.9951847262984812 0
    outer loop
      vertex 18.1536822617054 18.119411036372185 0
      vertex 18.1536822617054 18.119411036372185 2
      vertex 18.299999997019768 18.104999996721745 0
    endloop
  endfacet
  facet normal -0.09801713918082348 0.9951847267853376 0
    outer loop
      vertex 18.299999997019768 18.104999996721745 0
      vertex 18.299999997019768 18.104999996721745 2
      vertex 18.446317739784718 18.119411036372185 0
    endloop
  endfacet
  facet normal -0.29028471407929957 0.9569403245615158 0
    outer loop
      vertex 18.446317739784718 18.119411036372185 0
      vertex 18.446317739784718 18.119411036372185 2
      vertex 18.587012574076653 18.162090353667736 0
    endloop
  endfacet
  facet normal -0.4713967348393121 0.8819212654102606 0
    outer loop
      vertex 18.587012574076653 18.162090353667736 0
      vertex 18.587012574076653 18.162090353667736 2
      vertex 18.71667767316103 18.231397792696953 0
    endloop
  endfacet
  facet normal -0.6343932547907689 0.7730104774684329 0
    outer loop
      vertex 18.71667767316103 18.231397792696953 0
      vertex 18.71667767316103 18.231397792696953 2
      vertex 18.830330088734627 18.324669912457466 0
    endloop
  endfacet
  facet normal 0.09801714412395965 -0.9951847262984812 0
    outer loop
      vertex 18.1536822617054 19.590588957071304 0
      vertex 18.299999997019768 19.604999996721745 0
      vertex 18.299999997019768 19.604999996721745 2
    endloop
  endfacet
  facet normal -0.09801713918082348 -0.9951847267853376 0
    outer loop
      vertex 18.299999997019768 19.604999996721745 0
      vertex 18.446317739784718 19.590588957071304 0
      vertex 18.446317739784718 19.590588957071304 2
    endloop
  endfacet
  facet normal -0.4713967348393121 -0.8819212654102606 0
    outer loop
      vertex 18.71667767316103 19.478602208197117 0
      vertex 18.71667767316103 19.478602208197117 2
      vertex 18.587012574076653 19.547909647226334 0
    endloop
  endfacet
  facet normal -0.6343932547907689 -0.7730104774684329 0
    outer loop
      vertex 18.71667767316103 19.478602208197117 0
      vertex 18.830330088734627 19.385330088436604 0
      vertex 18.830330088734627 19.385330088436604 2
    endloop
  endfacet
  facet normal -0.2902846676741111 -0.9569403386383767 0
    outer loop
      vertex 18.446317739784718 19.590588957071304 0
      vertex 18.587012574076653 19.547909647226334 0
      vertex 18.587012574076653 19.547909647226334 2
    endloop
  endfacet
  facet normal -0.7730104774684329 0.6343932547907689 0
    outer loop
      vertex 18.830330088734627 18.324669912457466 0
      vertex 18.830330088734627 18.324669912457466 2
      vertex 18.92360220849514 18.438322328031063 0
    endloop
  endfacet
  facet normal -0.8819212654102606 0.4713967348393121 0
    outer loop
      vertex 18.92360220849514 18.438322328031063 0
      vertex 18.92360220849514 18.438322328031063 2
      vertex 18.992909647524357 18.56798742711544 0
    endloop
  endfacet
  facet normal -0.9569403386383767 0.2902846676741111 0
    outer loop
      vertex 18.992909647524357 18.56798742711544 0
      vertex 18.992909647524357 18.56798742711544 2
      vertex 19.035588957369328 18.708682261407375 0
    endloop
  endfacet
  facet normal -0.9951847262984812 0.09801714412395965 0
    outer loop
      vertex 19.035588957369328 18.708682261407375 0
      vertex 19.035588957369328 18.708682261407375 2
      vertex 19.049999997019768 18.854999996721745 0
    endloop
  endfacet
  facet normal -0.9951847267853376 -0.09801713918082348 0
    outer loop
      vertex 19.049999997019768 18.854999996721745 0
      vertex 19.049999997019768 18.854999996721745 2
      vertex 19.035588957369328 19.001317739486694 0
    endloop
  endfacet
  facet normal -0.8819212654102606 -0.4713967348393121 0
    outer loop
      vertex 18.992909647524357 19.14201257377863 0
      vertex 18.992909647524357 19.14201257377863 2
      vertex 18.92360220849514 19.271677672863007 0
    endloop
  endfacet
  facet normal -0.7730104774684329 -0.6343932547907689 0
    outer loop
      vertex 18.830330088734627 19.385330088436604 0
      vertex 18.92360220849514 19.271677672863007 0
      vertex 18.92360220849514 19.271677672863007 2
    endloop
  endfacet
  facet normal -0.9569403386383767 -0.2902846676741111 0
    outer loop
      vertex 18.992909647524357 19.14201257377863 0
      vertex 19.035588957369328 19.001317739486694 0
      vertex 19.035588957369328 19.001317739486694 2
    endloop
  endfacet
  facet normal 0 0 -1
    outer loop
      vertex 15.799999997019768 19.75500000268221 0
      vertex 15.799999997019768 31 0
      vertex 20.799999997019768 31 0
    endloop
  endfacet
  facet normal 0 0 -1
    outer loop
      vertex 15.799999997019768 19.75500000268221 0
      vertex 20.799999997019768 31 0
      vertex 18.012987427413464 19.547909647226334 0
    endloop
  endfacet
  facet normal 0 0 -1
    outer loop
      vertex 18.71667767316103 19.478602208197117 0
      vertex 18.587012574076653 19.547909647226334 0
      vertex 20.799999997019768 31 0
    endloop
  endfacet
  facet normal 0 0 -1
    outer loop
      vertex 18.71667767316103 19.478602208197117 0
      vertex 20.799999997019768 31 0
      vertex 18.830330088734627 19.385330088436604 0
    endloop
  endfacet
  facet normal 0 0 -1
    outer loop
      vertex 18.012987427413464 19.547909647226334 0
      vertex 20.799999997019768 31 0
      vertex 18.1536822617054 19.590588957071304 0
    endloop
  endfacet
  facet normal 0 0 -1
    outer loop
      vertex 18.1536822617054 19.590588957071304 0
      vertex 20.799999997019768 31 0
      vertex 18.299999997019768 19.604999996721745 0
    endloop
  endfacet
  facet normal 0 0 -1
    outer loop
      vertex 18.299999997019768 19.604999996721745 0
      vertex 20.799999997019768 31 0
      vertex 18.446317739784718 19.590588957071304 0
    endloop
  endfacet
  facet normal 0 0 -1
    outer loop
      vertex 18.446317739784718 19.590588957071304 0
      vertex 20.799999997019768 31 0
      vertex 18.587012574076653 19.547909647226334 0
    endloop
  endfacet
  facet normal 0 0 -1
    outer loop
      vertex 18.992909647524357 19.14201257377863 0
      vertex 20.799999997019768 31 0
      vertex 19.035588957369328 19.001317739486694 0
    endloop
  endfacet
  facet normal 0 0 -1
    outer loop
      vertex 19.049999997019768 18.854999996721745 0
      vertex 19.035588957369328 19.001317739486694 0
      vertex 20.799999997019768 31 0
    endloop
  endfacet
  facet normal 0 0 -1
    outer loop
      vertex 18.992909647524357 19.14201257377863 0
      vertex 18.92360220849514 19.271677672863007 0
      vertex 20.799999997019768 31 0
    endloop
  endfacet
  facet normal 0 0 -1
    outer loop
      vertex 18.830330088734627 19.385330088436604 0
      vertex 20.799999997019768 31 0
      vertex 18.92360220849514 19.271677672863007 0
    endloop
  endfacet
  facet normal -1 0 0
    outer loop
      vertex 15.799999997019768 19.75500000268221 0
      vertex 15.799999997019768 31 2
      vertex 15.799999997019768 31 0
    endloop
  endfacet
  facet normal 0 1 0
    outer loop
      vertex 15.799999997019768 31 0
      vertex 20.799999997019768 31 2
      vertex 20.799999997019768 31 0
    endloop
  endfacet
  facet normal -1 0 0
    outer loop
      vertex 14.549999997019768 17.95499999821186 0
      vertex 14.549999997019768 17.95499999821186 2
      vertex 14.549999997019768 19.75500000268221 2
    endloop
  endfacet
  facet normal 0 -1 0
    outer loop
      vertex 15.799999997019768 17.95499999821186 0
      vertex 15.799999997019768 17.95499999821186 2
      vertex 14.549999997019768 17.95499999821186 2
    endloop
  endfacet
  facet normal 0 1 0
    outer loop
      vertex 14.549999997019768 19.75500000268221 0
      vertex 14.549999997019768 19.75500000268221 2
      vertex 15.799999997019768 19.75500000268221 2
    endloop
  endfacet
  facet normal 0 0 1
    outer loop
      vertex 14.549999997019768 17.95499999821186 2
      vertex 15.799999997019768 17.95499999821186 2
      vertex 15.799999997019768 19.75500000268221 2
    endloop
  endfacet
  facet normal 0 0 1
    outer loop
      vertex 14.549999997019768 17.95499999821186 2
      vertex 15.799999997019768 19.75500000268221 2
      vertex 14.549999997019768 19.75500000268221 2
    endloop
  endfacet
  facet normal 0.7730104774684329 0.6343932547907689 0
    outer loop
      vertex 17.76966991275549 18.324669912457466 0
      vertex 17.676397792994976 18.438322328031063 2
      vertex 17.76966991275549 18.324669912457466 2
    endloop
  endfacet
  facet normal 0.6343932547907689 0.7730104774684329 0
    outer loop
      vertex 17.883322328329086 18.231397792696953 0
      vertex 17.76966991275549 18.324669912457466 2
      vertex 17.883322328329086 18.231397792696953 2
    endloop
  endfacet
  facet normal 0.9569403245615158 0.29028471407929957 0
    outer loop
      vertex 17.60709035396576 18.56798742711544 0
      vertex 17.564411036670208 18.708682261407375 2
      vertex 17.60709035396576 18.56798742711544 2
    endloop
  endfacet
  facet normal 0.8819212654102606 0.4713967348393121 0
    outer loop
      vertex 17.676397792994976 18.438322328031063 0
      vertex 17.60709035396576 18.56798742711544 2
      vertex 17.676397792994976 18.438322328031063 2
    endloop
  endfacet
  facet normal 0.9951847262984812 0.09801714412395965 0
    outer loop
      vertex 17.564411036670208 18.708682261407375 0
      vertex 17.549999997019768 18.854999996721745 2
      vertex 17.564411036670208 18.708682261407375 2
    endloop
  endfacet
  facet normal 0.9951847267853376 -0.09801713918082348 0
    outer loop
      vertex 17.549999997019768 18.854999996721745 0
      vertex 17.564411036670208 19.001317739486694 2
      vertex 17.549999997019768 18.854999996721745 2
    endloop
  endfacet
  facet normal 0.4713967348393121 0.8819212654102606 0
    outer loop
      vertex 18.012987427413464 18.162090353667736 0
      vertex 17.883322328329086 18.231397792696953 2
      vertex 18.012987427413464 18.162090353667736 2
    endloop
  endfacet
  facet normal 0.29028471407929957 0.9569403245615158 0
    outer loop
      vertex 18.1536822617054 18.119411036372185 0
      vertex 18.012987427413464 18.162090353667736 2
      vertex 18.1536822617054 18.119411036372185 2
    endloop
  endfacet
  facet normal 0.9569403245615158 -0.29028471407929957 0
    outer loop
      vertex 17.564411036670208 19.001317739486694 0
      vertex 17.60709035396576 19.14201257377863 2
      vertex 17.564411036670208 19.001317739486694 2
    endloop
  endfacet
  facet normal 0.8819212654102606 -0.4713967348393121 0
    outer loop
      vertex 17.60709035396576 19.14201257377863 0
      vertex 17.676397792994976 19.271677672863007 2
      vertex 17.60709035396576 19.14201257377863 2
    endloop
  endfacet
  facet normal 0.7730104774684329 -0.6343932547907689 0
    outer loop
      vertex 17.676397792994976 19.271677672863007 0
      vertex 17.76966991275549 19.385330088436604 2
      vertex 17.676397792994976 19.271677672863007 2
    endloop
  endfacet
  facet normal 0.6343932547907689 -0.7730104774684329 0
    outer loop
      vertex 17.76966991275549 19.385330088436604 0
      vertex 17.883322328329086 19.478602208197117 2
      vertex 17.76966991275549 19.385330088436604 2
    endloop
  endfacet
  facet normal 0.4713967348393121 -0.8819212654102606 0
    outer loop
      vertex 17.883322328329086 19.478602208197117 0
      vertex 18.012987427413464 19.547909647226334 2
      vertex 17.883322328329086 19.478602208197117 2
    endloop
  endfacet
  facet normal 0.2902846676741111 -0.9569403386383767 0
    outer loop
      vertex 18.012987427413464 19.547909647226334 0
      vertex 18.1536822617054 19.590588957071304 2
      vertex 18.012987427413464 19.547909647226334 2
    endloop
  endfacet
  facet normal 0.09801714412395965 0.9951847262984812 0
    outer loop
      vertex 18.299999997019768 18.104999996721745 0
      vertex 18.1536822617054 18.119411036372185 2
      vertex 18.299999997019768 18.104999996721745 2
    endloop
  endfacet
  facet normal -0.09801713918082348 0.9951847267853376 0
    outer loop
      vertex 18.446317739784718 18.119411036372185 0
      vertex 18.299999997019768 18.104999996721745 2
      vertex 18.446317739784718 18.119411036372185 2
    endloop
  endfacet
  facet normal -0.29028471407929957 0.9569403245615158 0
    outer loop
      vertex 18.587012574076653 18.162090353667736 0
      vertex 18.446317739784718 18.119411036372185 2
      vertex 18.587012574076653 18.162090353667736 2
    endloop
  endfacet
  facet normal -0.4713967348393121 0.8819212654102606 0
    outer loop
      vertex 18.71667767316103 18.231397792696953 0
      vertex 18.587012574076653 18.162090353667736 2
      vertex 18.71667767316103 18.231397792696953 2
    endloop
  endfacet
  facet normal -0.6343932547907689 0.7730104774684329 0
    outer loop
      vertex 18.830330088734627 18.324669912457466 0
      vertex 18.71667767316103 18.231397792696953 2
      vertex 18.830330088734627 18.324669912457466 2
    endloop
  endfacet
  facet normal 0.09801714412395965 -0.9951847262984812 0
    outer loop
      vertex 18.1536822617054 19.590588957071304 0
      vertex 18.299999997019768 19.604999996721745 2
      vertex 18.1536822617054 19.590588957071304 2
    endloop
  endfacet
  facet normal -0.09801713918082348 -0.9951847267853376 0
    outer loop
      vertex 18.299999997019768 19.604999996721745 0
      vertex 18.446317739784718 19.590588957071304 2
      vertex 18.299999997019768 19.604999996721745 2
    endloop
  endfacet
  facet normal -0.2902846676741111 -0.9569403386383767 0
    outer loop
      vertex 18.446317739784718 19.590588957071304 0
      vertex 18.587012574076653 19.547909647226334 2
      vertex 18.446317739784718 19.590588957071304 2
    endloop
  endfacet
  facet normal -0.6343932547907689 -0.7730104774684329 0
    outer loop
      vertex 18.71667767316103 19.478602208197117 0
      vertex 18.830330088734627 19.385330088436604 2
      vertex 18.71667767316103 19.478602208197117 2
    endloop
  endfacet
  facet normal -0.4713967348393121 -0.8819212654102606 0
    outer loop
      vertex 18.587012574076653 19.547909647226334 0
      vertex 18.71667767316103 19.478602208197117 2
      vertex 18.587012574076653 19.547909647226334 2
    endloop
  endfacet
  facet normal -0.7730104774684329 0.6343932547907689 0
    outer loop
      vertex 18.92360220849514 18.438322328031063 0
      vertex 18.830330088734627 18.324669912457466 2
      vertex 18.92360220849514 18.438322328031063 2
    endloop
  endfacet
  facet normal -0.8819212654102606 0.4713967348393121 0
    outer loop
      vertex 18.992909647524357 18.56798742711544 0
      vertex 18.92360220849514 18.438322328031063 2
      vertex 18.992909647524357 18.56798742711544 2
    endloop
  endfacet
  facet normal -0.9569403386383767 0.2902846676741111 0
    outer loop
      vertex 19.035588957369328 18.708682261407375 0
      vertex 18.992909647524357 18.56798742711544 2
      vertex 19.035588957369328 18.708682261407375 2
    endloop
  endfacet
  facet normal -0.9951847262984812 0.09801714412395965 0
    outer loop
      vertex 19.049999997019768 18.854999996721745 0
      vertex 19.035588957369328 18.708682261407375 2
      vertex 19.049999997019768 18.854999996721745 2
    endloop
  endfacet
  facet normal -0.9951847267853376 -0.09801713918082348 0
    outer loop
      vertex 19.035588957369328 19.001317739486694 0
      vertex 19.049999997019768 18.854999996721745 2
      vertex 19.035588957369328 19.001317739486694 2
    endloop
  endfacet
  facet normal -0.9569403386383767 -0.2902846676741111 0
    outer loop
      vertex 18.992909647524357 19.14201257377863 0
      vertex 19.035588957369328 19.001317739486694 2
      vertex 18.992909647524357 19.14201257377863 2
    endloop
  endfacet
  facet normal -0.8819212654102606 -0.4713967348393121 0
    outer loop
      vertex 18.92360220849514 19.271677672863007 0
      vertex 18.992909647524357 19.14201257377863 2
      vertex 18.92360220849514 19.271677672863007 2
    endloop
  endfacet
  facet normal -0.7730104774684329 -0.6343932547907689 0
    outer loop
      vertex 18.830330088734627 19.385330088436604 0
      vertex 18.92360220849514 19.271677672863007 2
      vertex 18.830330088734627 19.385330088436604 2
    endloop
  endfacet
  facet normal 1 0 0
    outer loop
      vertex 20.799999997019768 -2.7511328160762787 2
      vertex 20.799999997019768 31 0
      vertex 20.799999997019768 31 2
    endloop
  endfacet
  facet normal 0 0 1
    outer loop
      vertex 18.446317739784718 8.590588957071304 2
      vertex 17.676397792994976 18.438322328031063 2
      vertex 15.799999997019768 17.95499999821186 2
    endloop
  endfacet
  facet normal 0 0 1
    outer loop
      vertex 18.446317739784718 8.590588957071304 2
      vertex 17.76966991275549 18.324669912457466 2
      vertex 17.676397792994976 18.438322328031063 2
    endloop
  endfacet
  facet normal 0 0 1
    outer loop
      vertex 18.446317739784718 8.590588957071304 2
      vertex 17.883322328329086 18.231397792696953 2
      vertex 17.76966991275549 18.324669912457466 2
    endloop
  endfacet
  facet normal 0 0 1
    outer loop
      vertex 18.446317739784718 8.590588957071304 2
      vertex 18.012987427413464 18.162090353667736 2
      vertex 17.883322328329086 18.231397792696953 2
    endloop
  endfacet
  facet normal 0 0 1
    outer loop
      vertex 15.799999997019768 19.75500000268221 2
      vertex 16.26130649894476 20.042807999551258 2
      vertex 16.04112250059843 20.042807999551258 2
    endloop
  endfacet
  facet normal 0 0 1
    outer loop
      vertex 15.799999997019768 17.95499999821186 2
      vertex 17.564411036670208 19.001317739486694 2
      vertex 15.799999997019768 19.75500000268221 2
    endloop
  endfacet
  facet normal 0 0 1
    outer loop
      vertex 15.799999997019768 19.75500000268221 2
      vertex 17.189319503307342 20.042807999551258 2
      vertex 16.26130649894476 20.042807999551258 2
    endloop
  endfacet
  facet normal 0 0 1
    outer loop
      vertex 15.799999997019768 19.75500000268221 2
      vertex 16.04112250059843 20.042807999551258 2
      vertex 16.04112250059843 21.667123998999557 2
    endloop
  endfacet
  facet normal 0 0 1
    outer loop
      vertex 16.26130649894476 20.042807999551258 2
      vertex 16.767379496991634 20.717198002636394 2
      vertex 16.26130649894476 20.717198002636394 2
    endloop
  endfacet
  facet normal 0 0 1
    outer loop
      vertex 16.79274350106716 20.891278001964054 2
      vertex 16.26130649894476 21.490748997330627 2
      vertex 16.26130649894476 20.891278001964054 2
    endloop
  endfacet
  facet normal 0 0 1
    outer loop
      vertex 16.26130649894476 20.042807999551258 2
      vertex 17.189319503307342 20.042807999551258 2
      vertex 16.767379496991634 20.717198002636394 2
    endloop
  endfacet
  facet normal 0 0 1
    outer loop
      vertex 16.783529502153396 21.490748997330627 2
      vertex 16.79274350106716 20.891278001964054 2
      vertex 16.819057692587375 20.891758929491004 2
    endloop
  endfacet
  facet normal 0 0 1
    outer loop
      vertex 16.819057692587375 20.891758929491004 2
      vertex 16.844437178969383 20.893201719522438 2
      vertex 16.81087153851986 21.490309010744056 2
    endloop
  endfacet
  facet normal 0 0 1
    outer loop
      vertex 16.837210875749587 21.488989050984344 2
      vertex 16.844437178969383 20.893201719522438 2
      vertex 16.868881975114345 20.895606364607772 2
    endloop
  endfacet
  facet normal 0 0 1
    outer loop
      vertex 16.868881975114345 20.895606364607772 2
      vertex 16.8923920661211 20.89897286474701 2
      vertex 16.862547513842582 21.48678910315033 2
    endloop
  endfacet
  facet normal 0 0 1
    outer loop
      vertex 16.8923920661211 20.89897286474701 2
      vertex 16.91496746689081 20.903301227390727 2
      vertex 16.862547513842582 21.48678910315033 2
    endloop
  endfacet
  facet normal 0 0 1
    outer loop
      vertex 16.783529502153396 21.490748997330627 2
      vertex 16.26130649894476 21.490748997330627 2
      vertex 16.79274350106716 20.891278001964054 2
    endloop
  endfacet
  facet normal 0 0 1
    outer loop
      vertex 16.81087153851986 21.490309010744056 2
      vertex 16.783529502153396 21.490748997330627 2
      vertex 16.819057692587375 20.891758929491004 2
    endloop
  endfacet
  facet normal 0 0 1
    outer loop
      vertex 16.837210875749587 21.488989050984344 2
      vertex 16.81087153851986 21.490309010744056 2
      vertex 16.844437178969383 20.893201719522438 2
    endloop
  endfacet
  facet normal 0 0 1
    outer loop
      vertex 16.862547513842582 21.48678910315033 2
      vertex 16.837210875749587 21.488989050984344 2
      vertex 16.868881975114345 20.895606364607772 2
    endloop
  endfacet
  facet normal 0 0 1
    outer loop
      vertex 16.805425499379634 21.667123998999557 2
      vertex 17.24972000271082 23.172352001070976 2
      vertex 16.04112250059843 21.667123998999557 2
    endloop
  endfacet
  facet normal 0 0 1
    outer loop
      vertex 15.799999997019768 17.95499999821186 2
      vertex 17.60709035396576 18.56798742711544 2
      vertex 17.564411036670208 18.708682261407375 2
    endloop
  endfacet
  facet normal 0 0 1
    outer loop
      vertex 15.799999997019768 17.95499999821186 2
      vertex 17.676397792994976 18.438322328031063 2
      vertex 17.60709035396576 18.56798742711544 2
    endloop
  endfacet
  facet normal 0 0 1
    outer loop
      vertex 15.799999997019768 17.95499999821186 2
      vertex 17.564411036670208 18.708682261407375 2
      vertex 17.549999997019768 18.854999996721745 2
    endloop
  endfacet
  facet normal 0 0 1
    outer loop
      vertex 15.799999997019768 17.95499999821186 2
      vertex 17.549999997019768 18.854999996721745 2
      vertex 17.564411036670208 19.001317739486694 2
    endloop
  endfacet
  facet normal 0 0 1
    outer loop
      vertex 15.799999997019768 19.75500000268221 2
      vertex 17.564411036670208 19.001317739486694 2
      vertex 17.60709035396576 19.14201257377863 2
    endloop
  endfacet
  facet normal 0 0 1
    outer loop
      vertex 15.799999997019768 19.75500000268221 2
      vertex 17.60709035396576 19.14201257377863 2
      vertex 17.676397792994976 19.271677672863007 2
    endloop
  endfacet
  facet normal 0 0 1
    outer loop
      vertex 15.799999997019768 19.75500000268221 2
      vertex 17.676397792994976 19.271677672863007 2
      vertex 17.76966991275549 19.385330088436604 2
    endloop
  endfacet
  facet normal 0 0 1
    outer loop
      vertex 15.799999997019768 19.75500000268221 2
      vertex 18.012987427413464 19.547909647226334 2
      vertex 17.189319503307342 20.042807999551258 2
    endloop
  endfacet
  facet normal 0 0 1
    outer loop
      vertex 15.799999997019768 19.75500000268221 2
      vertex 17.76966991275549 19.385330088436604 2
      vertex 17.883322328329086 19.478602208197117 2
    endloop
  endfacet
  facet normal 0 0 1
    outer loop
      vertex 15.799999997019768 19.75500000268221 2
      vertex 17.883322328329086 19.478602208197117 2
      vertex 18.012987427413464 19.547909647226334 2
    endloop
  endfacet
  facet normal 0 0 1
    outer loop
      vertex 18.012987427413464 19.547909647226334 2
      vertex 17.442942497134208 20.042807999551258 2
      vertex 17.189319503307342 20.042807999551258 2
    endloop
  endfacet
  facet normal 0 0 1
    outer loop
      vertex 16.981817503273486 20.74256199926134 2
      vertex 17.442942497134208 20.042807999551258 2
      vertex 17.009895664453506 20.748067486584148 2
    endloop
  endfacet
  facet normal 0 0 1
    outer loop
      vertex 17.009895664453506 20.748067486584148 2
      vertex 17.442942497134208 20.042807999551258 2
      vertex 17.037025858461856 20.75465070784088 2
    endloop
  endfacet
  facet normal 0 0 1
    outer loop
      vertex 17.037025858461856 20.75465070784088 2
      vertex 17.442942497134208 20.042807999551258 2
      vertex 17.063208070397376 20.7623116779327 2
    endloop
  endfacet
  facet normal 0 0 1
    outer loop
      vertex 17.063208070397376 20.7623116779327 2
      vertex 17.442942497134208 20.042807999551258 2
      vertex 17.088442307710647 20.771050381958446 2
    endloop
  endfacet
  facet normal 0 0 1
    outer loop
      vertex 17.088442307710647 20.771050381958446 2
      vertex 17.442942497134208 20.042807999551258 2
      vertex 17.112728562951087 20.780866819918117 2
    endloop
  endfacet
  facet normal 0 0 1
    outer loop
      vertex 16.862547513842582 21.48678910315033 2
      vertex 16.91496746689081 20.903301227390727 2
      vertex 16.936608162522315 20.908591445088348 2
    endloop
  endfacet
  facet normal 0 0 1
    outer loop
      vertex 16.862547513842582 21.48678910315033 2
      vertex 16.936608162522315 20.908591445088348 2
      vertex 16.957314160466193 20.91484351783987 2
    endloop
  endfacet
  facet normal 0 0 1
    outer loop
      vertex 16.862547513842582 21.48678910315033 2
      vertex 16.957314160466193 20.91484351783987 2
      vertex 16.977085468173026 20.922057453095874 2
    endloop
  endfacet
  facet normal 0 0 1
    outer loop
      vertex 16.862547513842582 21.48678910315033 2
      vertex 16.977085468173026 20.922057453095874 2
      vertex 16.995922070741653 20.93023325085636 2
    endloop
  endfacet
  facet normal 0 0 1
    outer loop
      vertex 16.862547513842582 21.48678910315033 2
      vertex 16.995922070741653 20.93023325085636 2
      vertex 17.013823975622653 20.93937089622017 2
    endloop
  endfacet
  facet normal 0 0 1
    outer loop
      vertex 16.862547513842582 21.48678910315033 2
      vertex 17.013823975622653 20.93937089622017 2
      vertex 17.030791182816028 20.94947041153904 2
    endloop
  endfacet
  facet normal 0 0 1
    outer loop
      vertex 16.862547513842582 21.48678910315033 2
      vertex 17.030791182816028 20.94947041153904 2
      vertex 17.046823692321777 20.96053177446123 2
    endloop
  endfacet
  facet normal 0 0 1
    outer loop
      vertex 16.862547513842582 21.48678910315033 2
      vertex 17.046823692321777 20.96053177446123 2
      vertex 17.06192149668932 20.972554999887905 2
    endloop
  endfacet
  facet normal 0 0 1
    outer loop
      vertex 16.862547513842582 21.48678910315033 2
      vertex 17.06192149668932 20.972554999887905 2
      vertex 17.075991769134998 20.985444519221744 2
    endloop
  endfacet
  facet normal 0 0 1
    outer loop
      vertex 17.13606685101986 20.791761006712875 2
      vertex 17.112728562951087 20.780866819918117 2
      vertex 17.442942497134208 20.042807999551258 2
    endloop
  endfacet
  facet normal 0 0 1
    outer loop
      vertex 17.13606685101986 20.791761006712875 2
      vertex 17.442942497134208 20.042807999551258 2
      vertex 17.1584571570158 20.80373292744156 2
    endloop
  endfacet
  facet normal 0 0 1
    outer loop
      vertex 17.1584571570158 20.80373292744156 2
      vertex 17.442942497134208 20.042807999551258 2
      vertex 17.17989948838949 20.816782589554748 2
    endloop
  endfacet
  facet normal 0 0 1
    outer loop
      vertex 17.17989948838949 20.816782589554748 2
      vertex 17.442942497134208 20.042807999551258 2
      vertex 17.200393845140933 20.830909993052444 2
    endloop
  endfacet
  facet normal 0 0 1
    outer loop
      vertex 17.200393845140933 20.830909993052444 2
      vertex 17.442942497134208 20.042807999551258 2
      vertex 17.219940219819545 20.846115137934646 2
    endloop
  endfacet
  facet normal 0 0 1
    outer loop
      vertex 17.219940219819545 20.846115137934646 2
      vertex 17.442942497134208 20.042807999551258 2
      vertex 17.238538627326488 20.862398016750774 2
    endloop
  endfacet
  facet normal 0 0 1
    outer loop
      vertex 17.238538627326488 20.862398016750774 2
      vertex 17.442942497134208 20.042807999551258 2
      vertex 17.2561890527606 20.879758636951408 2
    endloop
  endfacet
  facet normal 0 0 1
    outer loop
      vertex 17.2561890527606 20.879758636951408 2
      vertex 17.442942497134208 20.042807999551258 2
      vertex 17.272891503572463 20.898196998536548 2
    endloop
  endfacet
  facet normal 0 0 1
    outer loop
      vertex 17.442942497134208 20.042807999551258 2
      vertex 17.288495790958404 20.917515236437282 2
      vertex 17.272891503572463 20.898196998536548 2
    endloop
  endfacet
  facet normal 0 0 1
    outer loop
      vertex 17.442942497134208 20.042807999551258 2
      vertex 17.30285173356533 20.937515485584697 2
      vertex 17.288495790958404 20.917515236437282 2
    endloop
  endfacet
  facet normal 0 0 1
    outer loop
      vertex 17.442942497134208 20.042807999551258 2
      vertex 17.31595933884382 20.958197745978794 2
      vertex 17.30285173356533 20.937515485584697 2
    endloop
  endfacet
  facet normal 0 0 1
    outer loop
      vertex 17.442942497134208 20.042807999551258 2
      vertex 17.3278185993433 20.97956201761957 2
      vertex 17.31595933884382 20.958197745978794 2
    endloop
  endfacet
  facet normal 0 0 1
    outer loop
      vertex 17.355906319618224 21.047746907472572 2
      vertex 17.482457998394967 21.123865999281406 2
      vertex 17.362772208452224 21.071839224100074 2
    endloop
  endfacet
  facet normal 0 0 1
    outer loop
      vertex 17.34779209345579 21.02433659464117 2
      vertex 17.482457998394967 21.123865999281406 2
      vertex 17.355906319618224 21.047746907472572 2
    endloop
  endfacet
  facet normal 0 0 1
    outer loop
      vertex 17.362772208452224 21.071839224100074 2
      vertex 17.482457998394967 21.123865999281406 2
      vertex 17.36838975250721 21.09661355942484 2
    endloop
  endfacet
  facet normal 0 0 1
    outer loop
      vertex 17.36838975250721 21.09661355942484 2
      vertex 17.482457998394967 21.123865999281406 2
      vertex 17.37275895923376 21.122069898545703 2
    endloop
  endfacet
  facet normal 0 0 1
    outer loop
      vertex 17.37297340916581 21.123865999281406 2
      vertex 17.37275895923376 21.122069898545703 2
      vertex 17.482457998394967 21.123865999281406 2
    endloop
  endfacet
  facet normal 0 0 1
    outer loop
      vertex 16.886881452798843 21.483709189593753 2
      vertex 16.862547513842582 21.48678910315033 2
      vertex 17.148031529784202 21.1163070979714 2
    endloop
  endfacet
  facet normal 0 0 1
    outer loop
      vertex 16.862547513842582 21.48678910315033 2
      vertex 17.075991769134998 20.985444519221744 2
      vertex 17.088936407864093 20.999104778766593 2
    endloop
  endfacet
  facet normal 0 0 1
    outer loop
      vertex 16.862547513842582 21.48678910315033 2
      vertex 17.088936407864093 20.999104778766593 2
      vertex 17.100755435228347 21.01353576362129 2
    endloop
  endfacet
  facet normal 0 0 1
    outer loop
      vertex 16.862547513842582 21.48678910315033 2
      vertex 17.100755435228347 21.01353576362129 2
      vertex 17.1114488363266 21.028737488687 2
    endloop
  endfacet
  facet normal 0 0 1
    outer loop
      vertex 16.862547513842582 21.48678910315033 2
      vertex 17.1114488363266 21.028737488687 2
      vertex 17.121016618609428 21.044709939062557 2
    endloop
  endfacet
  facet normal 0 0 1
    outer loop
      vertex 16.862547513842582 21.48678910315033 2
      vertex 17.121016618609428 21.044709939062557 2
      vertex 17.129458774626254 21.061453129649124 2
    endloop
  endfacet
  facet normal 0 0 1
    outer loop
      vertex 16.862547513842582 21.48678910315033 2
      vertex 17.129458774626254 21.061453129649124 2
      vertex 17.13677531927824 21.07896705299612 2
    endloop
  endfacet
  facet normal 0 0 1
    outer loop
      vertex 16.862547513842582 21.48678910315033 2
      vertex 17.13677531927824 21.07896705299612 2
      vertex 17.14296623021364 21.097251709103546 2
    endloop
  endfacet
  facet normal 0 0 1
    outer loop
      vertex 16.862547513842582 21.48678910315033 2
      vertex 17.14296623021364 21.097251709103546 2
      vertex 17.148031529784202 21.1163070979714 2
    endloop
  endfacet
  facet normal 0 0 1
    outer loop
      vertex 16.886881452798843 21.483709189593753 2
      vertex 17.148031529784202 21.1163070979714 2
      vertex 17.15197120308876 21.136133227050266 2
    endloop
  endfacet
  facet normal 0 0 1
    outer loop
      vertex 16.91021269261837 21.479749295413455 2
      vertex 16.886881452798843 21.483709189593753 2
      vertex 17.154785257577895 21.15673008143898 2
    endloop
  endfacet
  facet normal 0 0 1
    outer loop
      vertex 16.932541240751743 21.474909428060016 2
      vertex 16.91021269261837 21.479749295413455 2
      vertex 17.15647368580103 21.178097676038703 2
    endloop
  endfacet
  facet normal 0 0 1
    outer loop
      vertex 16.9538670822978 21.469189580082855 2
      vertex 16.932541240751743 21.474909428060016 2
      vertex 17.15703650265932 21.200236003398857 2
    endloop
  endfacet
  facet normal 0 0 1
    outer loop
      vertex 16.974190232157707 21.462589758932552 2
      vertex 16.9538670822978 21.469189580082855 2
      vertex 17.15646684616804 21.22165187776085 2
    endloop
  endfacet
  facet normal 0 0 1
    outer loop
      vertex 16.993510682880878 21.455109957158527 2
      vertex 16.974190232157707 21.462589758932552 2
      vertex 17.154757899045944 21.24226965337988 2
    endloop
  endfacet
  facet normal 0 0 1
    outer loop
      vertex 17.011828434467315 21.44675018221136 2
      vertex 16.993510682880878 21.455109957158527 2
      vertex 17.151909638941287 21.262089345157108 2
    endloop
  endfacet
  facet normal 0 0 1
    outer loop
      vertex 16.886881452798843 21.483709189593753 2
      vertex 17.15197120308876 21.136133227050266 2
      vertex 17.154785257577895 21.15673008143898 2
    endloop
  endfacet
  facet normal 0 0 1
    outer loop
      vertex 16.91021269261837 21.479749295413455 2
      vertex 17.154785257577895 21.15673008143898 2
      vertex 17.15647368580103 21.178097676038703 2
    endloop
  endfacet
  facet normal 0 0 1
    outer loop
      vertex 16.932541240751743 21.474909428060016 2
      vertex 17.15647368580103 21.178097676038703 2
      vertex 17.15703650265932 21.200236003398857 2
    endloop
  endfacet
  facet normal 0 0 1
    outer loop
      vertex 16.9538670822978 21.469189580082855 2
      vertex 17.15703650265932 21.200236003398857 2
      vertex 17.15646684616804 21.22165187776085 2
    endloop
  endfacet
  facet normal 0 0 1
    outer loop
      vertex 16.974190232157707 21.462589758932552 2
      vertex 17.15646684616804 21.22165187776085 2
      vertex 17.154757899045944 21.24226965337988 2
    endloop
  endfacet
  facet normal 0 0 1
    outer loop
      vertex 16.993510682880878 21.455109957158527 2
      vertex 17.154757899045944 21.24226965337988 2
      vertex 17.151909638941287 21.262089345157108 2
    endloop
  endfacet
  facet normal 0 0 1
    outer loop
      vertex 17.029143486917018 21.437510434091053 2
      vertex 17.011828434467315 21.44675018221136 2
      vertex 17.151909638941287 21.262089345157108 2
    endloop
  endfacet
  facet normal 0 0 1
    outer loop
      vertex 17.045455840229987 21.427390705347023 2
      vertex 17.029143486917018 21.437510434091053 2
      vertex 17.147922088205814 21.281110938191375 2
    endloop
  endfacet
  facet normal 0 0 1
    outer loop
      vertex 17.060765501856803 21.41639100342985 2
      vertex 17.045455840229987 21.427390705347023 2
      vertex 17.14279522448778 21.29933443248268 2
    endloop
  endfacet
  facet normal 0 0 1
    outer loop
      vertex 17.075006772577762 21.404552261829338 2
      vertex 17.060765501856803 21.41639100342985 2
      vertex 17.13652907013893 21.316759835481605 2
    endloop
  endfacet
  facet normal 0 0 1
    outer loop
      vertex 17.088108745217323 21.391915428936443 2
      vertex 17.075006772577762 21.404552261829338 2
      vertex 17.12912360280752 21.333387139737567 2
    endloop
  endfacet
  facet normal 0 0 1
    outer loop
      vertex 17.100071412324905 21.378480497300586 2
      vertex 17.088108745217323 21.391915428936443 2
      vertex 17.120578844845294 21.34921635270115 2
    endloop
  endfacet
  facet normal 0 0 1
    outer loop
      vertex 17.029143486917018 21.437510434091053 2
      vertex 17.151909638941287 21.262089345157108 2
      vertex 17.147922088205814 21.281110938191375 2
    endloop
  endfacet
  facet normal 0 0 1
    outer loop
      vertex 17.045455840229987 21.427390705347023 2
      vertex 17.147922088205814 21.281110938191375 2
      vertex 17.14279522448778 21.29933443248268 2
    endloop
  endfacet
  facet normal 0 0 1
    outer loop
      vertex 17.060765501856803 21.41639100342985 2
      vertex 17.14279522448778 21.29933443248268 2
      vertex 17.13652907013893 21.316759835481605 2
    endloop
  endfacet
  facet normal 0 0 1
    outer loop
      vertex 17.075006772577762 21.404552261829338 2
      vertex 17.13652907013893 21.316759835481605 2
      vertex 17.12912360280752 21.333387139737567 2
    endloop
  endfacet
  facet normal 0 0 1
    outer loop
      vertex 17.12912360280752 21.333387139737567 2
      vertex 17.120578844845294 21.34921635270115 2
      vertex 17.088108745217323 21.391915428936443 2
    endloop
  endfacet
  facet normal 0 0 1
    outer loop
      vertex 17.100071412324905 21.378480497300586 2
      vertex 17.120578844845294 21.34921635270115 2
      vertex 17.11089478135109 21.36424747437235 2
    endloop
  endfacet
  facet normal 0 0 1
    outer loop
      vertex 16.846897554397582 21.666397530138454 2
      vertex 17.24972000271082 22.851460002362728 2
      vertex 16.805425499379634 21.667123998999557 2
    endloop
  endfacet
  facet normal 0 0 1
    outer loop
      vertex 16.886889097094535 21.664218108653984 2
      vertex 17.24972000271082 22.851460002362728 2
      vertex 16.846897554397582 21.666397530138454 2
    endloop
  endfacet
  facet normal 0 0 1
    outer loop
      vertex 16.925400134921073 21.660585741996726 2
      vertex 17.24972000271082 22.851460002362728 2
      vertex 16.886889097094535 21.664218108653984 2
    endloop
  endfacet
  facet normal 0 0 1
    outer loop
      vertex 16.962430660426616 21.655500422716102 2
      vertex 17.24972000271082 22.851460002362728 2
      vertex 16.925400134921073 21.660585741996726 2
    endloop
  endfacet
  facet normal 0 0 1
    outer loop
      vertex 16.997980681061744 21.64896216571327 2
      vertex 17.24972000271082 22.851460002362728 2
      vertex 16.962430660426616 21.655500422716102 2
    endloop
  endfacet
  facet normal 0 0 1
    outer loop
      vertex 17.032050189375877 21.640970956087074 2
      vertex 17.24972000271082 22.851460002362728 2
      vertex 16.997980681061744 21.64896216571327 2
    endloop
  endfacet
  facet normal 0 0 1
    outer loop
      vertex 17.064639185369014 21.63152680128809 2
      vertex 17.24972000271082 22.851460002362728 2
      vertex 17.032050189375877 21.640970956087074 2
    endloop
  endfacet
  facet normal 0 0 1
    outer loop
      vertex 17.095747676491737 21.620629701316318 2
      vertex 17.24972000271082 22.851460002362728 2
      vertex 17.064639185369014 21.63152680128809 2
    endloop
  endfacet
  facet normal 0 0 1
    outer loop
      vertex 17.125375662744045 21.60827965617176 2
      vertex 17.24972000271082 22.851460002362728 2
      vertex 17.095747676491737 21.620629701316318 2
    endloop
  endfacet
  facet normal 0 0 1
    outer loop
      vertex 17.153523136675357 21.594476665854415 2
      vertex 17.24972000271082 22.851460002362728 2
      vertex 17.125375662744045 21.60827965617176 2
    endloop
  endfacet
  facet normal 0 0 1
    outer loop
      vertex 17.180190098285674 21.579220722913703 2
      vertex 17.24972000271082 22.851460002362728 2
      vertex 17.153523136675357 21.594476665854415 2
    endloop
  endfacet
  facet normal 0 0 1
    outer loop
      vertex 17.205376555025577 21.562511834800205 2
      vertex 17.24972000271082 22.851460002362728 2
      vertex 17.180190098285674 21.579220722913703 2
    endloop
  endfacet
  facet normal 0 0 1
    outer loop
      vertex 17.229082499444484 21.54435000151392 2
      vertex 17.24972000271082 21.526167287183522 2
      vertex 17.24972000271082 22.851460002362728 2
    endloop
  endfacet
  facet normal 0 0 1
    outer loop
      vertex 17.229082499444484 21.54435000151392 2
      vertex 17.24972000271082 22.851460002362728 2
      vertex 17.205376555025577 21.562511834800205 2
    endloop
  endfacet
  facet normal 0 0 1
    outer loop
      vertex 18.012987427413464 19.547909647226334 2
      vertex 17.3278185993433 20.97956201761957 2
      vertex 17.442942497134208 20.042807999551258 2
    endloop
  endfacet
  facet normal 0 0 1
    outer loop
      vertex 18.012987427413464 19.547909647226334 2
      vertex 17.34779209345579 21.02433659464117 2
      vertex 17.338429515063762 21.00160830050703 2
    endloop
  endfacet
  facet normal 0 0 1
    outer loop
      vertex 18.012987427413464 19.547909647226334 2
      vertex 17.338429515063762 21.00160830050703 2
      vertex 17.3278185993433 20.97956201761957 2
    endloop
  endfacet
  facet normal 0 0 1
    outer loop
      vertex 18.012987427413464 19.547909647226334 2
      vertex 17.482457998394967 21.123865999281406 2
      vertex 17.34779209345579 21.02433659464117 2
    endloop
  endfacet
  facet normal 0 0 1
    outer loop
      vertex 18.012987427413464 19.547909647226334 2
      vertex 17.482457998394967 21.84594999998808 2
      vertex 17.482457998394967 21.123865999281406 2
    endloop
  endfacet
  facet normal 0 0 1
    outer loop
      vertex 18.012987427413464 19.547909647226334 2
      vertex 18.1536822617054 19.590588957071304 2
      vertex 17.482457998394967 21.84594999998808 2
    endloop
  endfacet
  facet normal 0 0 1
    outer loop
      vertex 18.1536822617054 19.590588957071304 2
      vertex 18.299999997019768 19.604999996721745 2
      vertex 17.482457998394967 21.84594999998808 2
    endloop
  endfacet
  facet normal 0 0 1
    outer loop
      vertex 18.446317739784718 19.590588957071304 2
      vertex 18.587012574076653 19.547909647226334 2
      vertex 17.482457998394967 21.84594999998808 2
    endloop
  endfacet
  facet normal 0 0 1
    outer loop
      vertex 18.299999997019768 19.604999996721745 2
      vertex 18.446317739784718 19.590588957071304 2
      vertex 17.482457998394967 21.84594999998808 2
    endloop
  endfacet
  facet normal 0 0 1
    outer loop
      vertex 18.446317739784718 8.590588957071304 2
      vertex 18.1536822617054 18.119411036372185 2
      vertex 18.012987427413464 18.162090353667736 2
    endloop
  endfacet
  facet normal 0 0 1
    outer loop
      vertex 18.446317739784718 8.590588957071304 2
      vertex 18.299999997019768 18.104999996721745 2
      vertex 18.1536822617054 18.119411036372185 2
    endloop
  endfacet
  facet normal 0 0 1
    outer loop
      vertex 18.446317739784718 8.590588957071304 2
      vertex 18.446317739784718 18.119411036372185 2
      vertex 18.299999997019768 18.104999996721745 2
    endloop
  endfacet
  facet normal 0 0 1
    outer loop
      vertex 18.587012574076653 8.547909647226334 2
      vertex 18.587012574076653 18.162090353667736 2
      vertex 18.446317739784718 18.119411036372185 2
    endloop
  endfacet
  facet normal 0 0 1
    outer loop
      vertex 18.587012574076653 8.547909647226334 2
      vertex 18.71667767316103 18.231397792696953 2
      vertex 18.587012574076653 18.162090353667736 2
    endloop
  endfacet
  facet normal 0 0 1
    outer loop
      vertex 18.71667767316103 8.478602208197117 2
      vertex 18.830330088734627 18.324669912457466 2
      vertex 18.71667767316103 18.231397792696953 2
    endloop
  endfacet
  facet normal 0 0 1
    outer loop
      vertex 18.830330088734627 8.385330088436604 2
      vertex 18.92360220849514 18.438322328031063 2
      vertex 18.830330088734627 18.324669912457466 2
    endloop
  endfacet
  facet normal 0 0 1
    outer loop
      vertex 18.92360220849514 8.271677672863007 2
      vertex 18.992909647524357 18.56798742711544 2
      vertex 18.92360220849514 18.438322328031063 2
    endloop
  endfacet
  facet normal 0 0 1
    outer loop
      vertex 18.992909647524357 8.14201257377863 2
      vertex 19.035588957369328 18.708682261407375 2
      vertex 18.992909647524357 18.56798742711544 2
    endloop
  endfacet
  facet normal 0 0 1
    outer loop
      vertex 19.035588957369328 8.001317739486694 2
      vertex 19.049999997019768 18.854999996721745 2
      vertex 19.035588957369328 18.708682261407375 2
    endloop
  endfacet
  facet normal 0 0 1
    outer loop
      vertex 18.71667767316103 19.478602208197117 2
      vertex 17.482457998394967 21.84594999998808 2
      vertex 18.587012574076653 19.547909647226334 2
    endloop
  endfacet
  facet normal 0 0 1
    outer loop
      vertex 18.71667767316103 19.478602208197117 2
      vertex 18.830330088734627 19.385330088436604 2
      vertex 17.482457998394967 21.84594999998808 2
    endloop
  endfacet
  facet normal 0 0 1
    outer loop
      vertex 18.830330088734627 19.385330088436604 2
      vertex 18.92360220849514 19.271677672863007 2
      vertex 17.482457998394967 21.84594999998808 2
    endloop
  endfacet
  facet normal 0 0 1
    outer loop
      vertex 18.92360220849514 19.271677672863007 2
      vertex 19.351775999367238 21.84594999998808 2
      vertex 17.482457998394967 21.84594999998808 2
    endloop
  endfacet
  facet normal 0 0 1
    outer loop
      vertex 18.992909647524357 19.14201257377863 2
      vertex 19.351775999367238 21.84594999998808 2
      vertex 18.92360220849514 19.271677672863007 2
    endloop
  endfacet
  facet normal 0 0 1
    outer loop
      vertex 19.049999997019768 7.8549999967217445 2
      vertex 20.799999997019768 31 2
      vertex 19.049999997019768 18.854999996721745 2
    endloop
  endfacet
  facet normal -1 0 0
    outer loop
      vertex 15.799999997019768 19.75500000268221 0
      vertex 15.799999997019768 19.75500000268221 2
      vertex 15.799999997019768 31 2
    endloop
  endfacet
  facet normal 0 1 0
    outer loop
      vertex 15.799999997019768 31 0
      vertex 15.799999997019768 31 2
      vertex 20.799999997019768 31 2
    endloop
  endfacet
  facet normal 0 0 1
    outer loop
      vertex 15.799999997019768 19.75500000268221 2
      vertex 16.04112250059843 21.667123998999557 2
      vertex 15.799999997019768 31 2
    endloop
  endfacet
  facet normal 0 0 1
    outer loop
      vertex 16.04112250059843 21.667123998999557 2
      vertex 17.24972000271082 23.172352001070976 2
      vertex 17.24972000271082 23.45729599893093 2
    endloop
  endfacet
  facet normal 0 0 1
    outer loop
      vertex 16.04112250059843 21.667123998999557 2
      vertex 17.24972000271082 23.45729599893093 2
      vertex 17.24972000271082 25.411753997206688 2
    endloop
  endfacet
  facet normal 0 0 1
    outer loop
      vertex 15.799999997019768 31 2
      vertex 16.04112250059843 21.667123998999557 2
      vertex 17.24972000271082 25.411753997206688 2
    endloop
  endfacet
  facet normal 0 0 1
    outer loop
      vertex 16.805425499379634 21.667123998999557 2
      vertex 17.24972000271082 22.851460002362728 2
      vertex 17.24972000271082 23.172352001070976 2
    endloop
  endfacet
  facet normal 0 0 1
    outer loop
      vertex 17.24972000271082 23.172352001070976 2
      vertex 17.24972000271082 22.851460002362728 2
      vertex 17.482457998394967 22.851460002362728 2
    endloop
  endfacet
  facet normal 0 0 1
    outer loop
      vertex 19.351775999367238 22.129398003220558 2
      vertex 17.24972000271082 23.172352001070976 2
      vertex 17.482457998394967 22.851460002362728 2
    endloop
  endfacet
  facet normal 0 0 1
    outer loop
      vertex 19.351775999367238 22.129398003220558 2
      vertex 17.482457998394967 22.851460002362728 2
      vertex 17.482457998394967 22.129398003220558 2
    endloop
  endfacet
  facet normal 0 0 1
    outer loop
      vertex 17.24972000271082 23.45729599893093 2
      vertex 17.844973999261857 24.914949998259544 2
      vertex 17.59135800153017 24.914949998259544 2
    endloop
  endfacet
  facet normal 0 0 1
    outer loop
      vertex 17.24972000271082 25.411753997206688 2
      vertex 17.24972000271082 23.45729599893093 2
      vertex 17.59135800153017 24.914949998259544 2
    endloop
  endfacet
  facet normal 0 0 1
    outer loop
      vertex 17.24972000271082 23.45729599893093 2
      vertex 19.12352600246668 25.38935799896717 2
      vertex 17.844973999261857 24.914949998259544 2
    endloop
  endfacet
  facet normal 0 0 1
    outer loop
      vertex 19.12352600246668 25.38935799896717 2
      vertex 17.506327997148038 25.38935799896717 2
      vertex 17.844973999261857 24.914949998259544 2
    endloop
  endfacet
  facet normal 0 0 1
    outer loop
      vertex 18.889300252497197 25.659408003091812 2
      vertex 17.73756999820471 27.17978399991989 2
      vertex 17.24972000271082 25.659408003091812 2
    endloop
  endfacet
  facet normal 0 0 1
    outer loop
      vertex 15.799999997019768 31 2
      vertex 17.24972000271082 25.411753997206688 2
      vertex 17.24972000271082 25.659408003091812 2
    endloop
  endfacet
  facet normal 0 0 1
    outer loop
      vertex 15.799999997019768 31 2
      vertex 17.24972000271082 25.659408003091812 2
      vertex 17.258336971700192 29.28853776305914 2
    endloop
  endfacet
  facet normal 0 0 1
    outer loop
      vertex 15.799999997019768 31 2
      vertex 17.258336971700192 29.28853776305914 2
      vertex 17.243956777453423 29.336370706558228 2
    endloop
  endfacet
  facet normal 0 0 1
    outer loop
      vertex 15.799999997019768 31 2
      vertex 17.23277218937874 29.386631205677986 2
      vertex 17.22478319257498 29.439319252967834 2
    endloop
  endfacet
  facet normal 0 0 1
    outer loop
      vertex 15.799999997019768 31 2
      vertex 17.243956777453423 29.336370706558228 2
      vertex 17.23277218937874 29.386631205677986 2
    endloop
  endfacet
  facet normal 0 0 1
    outer loop
      vertex 15.799999997019768 31 2
      vertex 17.22478319257498 29.439319252967834 2
      vertex 17.219989801943303 29.494434848427773 2
    endloop
  endfacet
  facet normal 0 0 1
    outer loop
      vertex 15.799999997019768 31 2
      vertex 17.219989801943303 29.494434848427773 2
      vertex 17.21839200258255 29.55197799950838 2
    endloop
  endfacet
  facet normal 0 0 1
    outer loop
      vertex 15.799999997019768 31 2
      vertex 17.21839200258255 29.55197799950838 2
      vertex 17.2200075045228 29.607975162565708 2
    endloop
  endfacet
  facet normal 0 0 1
    outer loop
      vertex 15.799999997019768 31 2
      vertex 17.2200075045228 29.607975162565708 2
      vertex 17.224854010343552 29.661668173968792 2
    endloop
  endfacet
  facet normal 0 0 1
    outer loop
      vertex 15.799999997019768 31 2
      vertex 17.224854010343552 29.661668173968792 2
      vertex 17.232931527495385 29.713057056069374 2
    endloop
  endfacet
  facet normal 0 0 1
    outer loop
      vertex 15.799999997019768 31 2
      vertex 17.232931527495385 29.713057056069374 2
      vertex 17.24424004852772 29.762141786515713 2
    endloop
  endfacet
  facet normal 0 0 1
    outer loop
      vertex 15.799999997019768 31 2
      vertex 17.24424004852772 29.762141786515713 2
      vertex 17.258779573440552 29.80892238020897 2
    endloop
  endfacet
  facet normal 0 0 1
    outer loop
      vertex 15.799999997019768 31 2
      vertex 17.258779573440552 29.80892238020897 2
      vertex 17.276550109684468 29.853398829698563 2
    endloop
  endfacet
  facet normal 0 0 1
    outer loop
      vertex 15.799999997019768 31 2
      vertex 17.276550109684468 29.853398829698563 2
      vertex 17.297551642358304 29.895571134984493 2
    endloop
  endfacet
  facet normal 0 0 1
    outer loop
      vertex 15.799999997019768 31 2
      vertex 17.297551642358304 29.895571134984493 2
      vertex 17.32178418636322 29.93543930351734 2
    endloop
  endfacet
  facet normal 0 0 1
    outer loop
      vertex 15.799999997019768 31 2
      vertex 17.32178418636322 29.93543930351734 2
      vertex 17.34924774169922 29.973003327846527 2
    endloop
  endfacet
  facet normal 0 0 1
    outer loop
      vertex 15.799999997019768 31 2
      vertex 17.34924774169922 29.973003327846527 2
      vertex 17.379942293465138 30.00826320797205 2
    endloop
  endfacet
  facet normal 0 0 1
    outer loop
      vertex 15.799999997019768 31 2
      vertex 17.379942293465138 30.00826320797205 2
      vertex 17.41386785656214 30.04121894389391 2
    endloop
  endfacet
  facet normal 0 0 1
    outer loop
      vertex 15.799999997019768 31 2
      vertex 17.41386785656214 30.04121894389391 2
      vertex 17.45102442353964 30.071870543062687 2
    endloop
  endfacet
  facet normal 0 0 1
    outer loop
      vertex 17.24972000271082 25.659408003091812 2
      vertex 17.73756999820471 27.17978399991989 2
      vertex 17.258336971700192 29.28853776305914 2
    endloop
  endfacet
  facet normal 0 0 1
    outer loop
      vertex 17.378171879053117 29.085786283016205 2
      vertex 17.73756999820471 27.466223999857903 2
      vertex 17.41172565817833 29.052518635988235 2
    endloop
  endfacet
  facet normal 0 0 1
    outer loop
      vertex 17.258336971700192 29.28853776305914 2
      vertex 17.73756999820471 27.466223999857903 2
      vertex 17.275912757217885 29.24313236773014 2
    endloop
  endfacet
  facet normal 0 0 1
    outer loop
      vertex 17.320651124417783 29.159604221582413 2
      vertex 17.73756999820471 27.466223999857903 2
      vertex 17.347813706099988 29.121481478214264 2
    endloop
  endfacet
  facet normal 0 0 1
    outer loop
      vertex 17.275912757217885 29.24313236773014 2
      vertex 17.73756999820471 27.466223999857903 2
      vertex 17.29668414145708 29.200154520571232 2
    endloop
  endfacet
  facet normal 0 0 1
    outer loop
      vertex 17.29668414145708 29.200154520571232 2
      vertex 17.73756999820471 27.466223999857903 2
      vertex 17.320651124417783 29.159604221582413 2
    endloop
  endfacet
  facet normal 0 0 1
    outer loop
      vertex 17.347813706099988 29.121481478214264 2
      vertex 17.73756999820471 27.466223999857903 2
      vertex 17.378171879053117 29.085786283016205 2
    endloop
  endfacet
  facet normal 0 0 1
    outer loop
      vertex 17.73756999820471 27.466223999857903 2
      vertex 17.258336971700192 29.28853776305914 2
      vertex 17.73756999820471 27.17978399991989 2
    endloop
  endfacet
  facet normal 0 0 1
    outer loop
      vertex 17.41172565817833 29.052518635988235 2
      vertex 17.73756999820471 27.466223999857903 2
      vertex 17.73756999820471 28.401620000600815 2
    endloop
  endfacet
  facet normal 0 0 1
    outer loop
      vertex 17.448475028574467 29.021678544580936 2
      vertex 17.73756999820471 28.401620000600815 2
      vertex 17.48841999769211 28.993266001343727 2
    endloop
  endfacet
  facet normal 0 0 1
    outer loop
      vertex 17.48841999769211 28.993266001343727 2
      vertex 17.73756999820471 28.401620000600815 2
      vertex 17.531569416821004 28.967113338410854 2
    endloop
  endfacet
  facet normal 0 0 1
    outer loop
      vertex 17.531569416821004 28.967113338410854 2
      vertex 17.73756999820471 28.401620000600815 2
      vertex 17.73756999820471 28.68656399846077 2
    endloop
  endfacet
  facet normal 0 0 1
    outer loop
      vertex 17.795516046881676 28.86773321777582 2
      vertex 17.73756999820471 28.68656399846077 2
      vertex 17.857945281267167 28.85413383692503 2
    endloop
  endfacet
  facet normal 0 0 1
    outer loop
      vertex 17.857945281267167 28.85413383692503 2
      vertex 17.73756999820471 28.68656399846077 2
      vertex 17.92358780950308 28.84262666106224 2
    endloop
  endfacet
  facet normal 0 0 1
    outer loop
      vertex 17.73756999820471 28.401620000600815 2
      vertex 17.73756999820471 27.466223999857903 2
      vertex 18.78785000294447 27.821281999349594 2
    endloop
  endfacet
  facet normal 0 0 1
    outer loop
      vertex 17.92358780950308 28.84262666106224 2
      vertex 17.73756999820471 28.68656399846077 2
      vertex 17.992443646490575 28.833211705088615 2
    endloop
  endfacet
  facet normal 0 0 1
    outer loop
      vertex 17.992443646490575 28.833211705088615 2
      vertex 17.73756999820471 28.68656399846077 2
      vertex 18.064512784779073 28.825888961553574 2
    endloop
  endfacet
  facet normal 0 0 1
    outer loop
      vertex 18.064512784779073 28.825888961553574 2
      vertex 17.73756999820471 28.68656399846077 2
      vertex 18.139795216917992 28.820658423006535 2
    endloop
  endfacet
  facet normal 0 0 1
    outer loop
      vertex 17.41172565817833 29.052518635988235 2
      vertex 17.73756999820471 28.401620000600815 2
      vertex 17.448475028574467 29.021678544580936 2
    endloop
  endfacet
  facet normal 0 0 1
    outer loop
      vertex 17.43621400296688 29.55197799950838 2
      vertex 17.437405775487424 29.514702707529068 2
      vertex 17.513612340390683 29.79773023724556 2
    endloop
  endfacet
  facet normal 0 0 1
    outer loop
      vertex 17.437405775487424 29.514702707529068 2
      vertex 17.44098110049963 29.479078069329262 2
      vertex 17.61036027520895 29.88184053450823 2
    endloop
  endfacet
  facet normal 0 0 1
    outer loop
      vertex 17.46600837558508 29.382108062505722 2
      vertex 17.479117903113366 29.35308602452278 2
      vertex 17.64059400111437 29.898829996585846 2
    endloop
  endfacet
  facet normal 0 0 1
    outer loop
      vertex 17.479117903113366 29.35308602452278 2
      vertex 17.494610983133317 29.325714640319347 2
      vertex 17.64059400111437 29.898829996585846 2
    endloop
  endfacet
  facet normal 0 0 1
    outer loop
      vertex 17.494610983133317 29.325714640319347 2
      vertex 17.512487608194352 29.29999390244484 2
      vertex 17.64059400111437 29.898829996585846 2
    endloop
  endfacet
  facet normal 0 0 1
    outer loop
      vertex 17.446939978003503 29.445104084908962 2
      vertex 17.45528240054846 29.41278074681759 2
      vertex 17.64059400111437 29.898829996585846 2
    endloop
  endfacet
  facet normal 0 0 1
    outer loop
      vertex 17.45528240054846 29.41278074681759 2
      vertex 17.46600837558508 29.382108062505722 2
      vertex 17.64059400111437 29.898829996585846 2
    endloop
  endfacet
  facet normal 0 0 1
    outer loop
      vertex 17.44098110049963 29.479078069329262 2
      vertex 17.446939978003503 29.445104084908962 2
      vertex 17.64059400111437 29.898829996585846 2
    endloop
  endfacet
  facet normal 0 0 1
    outer loop
      vertex 17.437423351407052 29.588350377976894 2
      vertex 17.43621400296688 29.55197799950838 2
      vertex 17.513612340390683 29.79773023724556 2
    endloop
  endfacet
  facet normal 0 0 1
    outer loop
      vertex 17.447098138928414 29.656249411404133 2
      vertex 17.441051396727563 29.62310751527548 2
      vertex 17.513612340390683 29.79773023724556 2
    endloop
  endfacet
  facet normal 0 0 1
    outer loop
      vertex 17.441051396727563 29.62310751527548 2
      vertex 17.437423351407052 29.588350377976894 2
      vertex 17.513612340390683 29.79773023724556 2
    endloop
  endfacet
  facet normal 0 0 1
    outer loop
      vertex 17.4664477288723 29.717687465250492 2
      vertex 17.455563585460187 29.687776058912277 2
      vertex 17.513612340390683 29.79773023724556 2
    endloop
  endfacet
  facet normal 0 0 1
    outer loop
      vertex 17.455563585460187 29.687776058912277 2
      vertex 17.447098138928414 29.656249411404133 2
      vertex 17.513612340390683 29.79773023724556 2
    endloop
  endfacet
  facet normal 0 0 1
    outer loop
      vertex 17.479750569164754 29.745983630418777 2
      vertex 17.4664477288723 29.717687465250492 2
      vertex 17.513612340390683 29.79773023724556 2
    endloop
  endfacet
  facet normal 0 0 1
    outer loop
      vertex 17.53417127877474 29.821180671453476 2
      vertex 17.513612340390683 29.79773023724556 2
      vertex 17.437405775487424 29.514702707529068 2
    endloop
  endfacet
  facet normal 0 0 1
    outer loop
      vertex 17.557148914039136 29.843015871942043 2
      vertex 17.53417127877474 29.821180671453476 2
      vertex 17.437405775487424 29.514702707529068 2
    endloop
  endfacet
  facet normal 0 0 1
    outer loop
      vertex 17.582545246183873 29.8632358238101 2
      vertex 17.557148914039136 29.843015871942043 2
      vertex 17.437405775487424 29.514702707529068 2
    endloop
  endfacet
  facet normal 0 0 1
    outer loop
      vertex 17.61036027520895 29.88184053450823 2
      vertex 17.582545246183873 29.8632358238101 2
      vertex 17.437405775487424 29.514702707529068 2
    endloop
  endfacet
  facet normal 0 0 1
    outer loop
      vertex 17.479750569164754 29.745983630418777 2
      vertex 17.513612340390683 29.79773023724556 2
      vertex 17.495472106337548 29.772664554417133 2
    endloop
  endfacet
  facet normal 0 0 1
    outer loop
      vertex 15.799999997019768 31 2
      vertex 17.45102442353964 30.071870543062687 2
      vertex 17.49141200184822 30.1002179980278 2
    endloop
  endfacet
  facet normal 0 0 1
    outer loop
      vertex 15.799999997019768 31 2
      vertex 17.49141200184822 30.1002179980278 2
      vertex 17.53496548831463 30.126370660960674 2
    endloop
  endfacet
  facet normal 0 0 1
    outer loop
      vertex 15.799999997019768 31 2
      vertex 17.53496548831463 30.126370660960674 2
      vertex 17.58162658214569 30.150431111454964 2
    endloop
  endfacet
  facet normal 0 0 1
    outer loop
      vertex 15.799999997019768 31 2
      vertex 17.58162658214569 30.150431111454964 2
      vertex 17.631395268440247 30.17239934951067 2
    endloop
  endfacet
  facet normal 0 0 1
    outer loop
      vertex 15.799999997019768 31 2
      vertex 17.631395268440247 30.17239934951067 2
      vertex 17.684271547198296 30.192275375127792 2
    endloop
  endfacet
  facet normal 0 0 1
    outer loop
      vertex 15.799999997019768 31 2
      vertex 17.684271547198296 30.192275375127792 2
      vertex 17.740255433321 30.21005918085575 2
    endloop
  endfacet
  facet normal 0 0 1
    outer loop
      vertex 15.799999997019768 31 2
      vertex 17.740255433321 30.21005918085575 2
      vertex 17.799346911907197 30.225750781595707 2
    endloop
  endfacet
  facet normal 0 0 1
    outer loop
      vertex 15.799999997019768 31 2
      vertex 17.799346911907197 30.225750781595707 2
      vertex 17.861545990407468 30.2393501624465 2
    endloop
  endfacet
  facet normal 0 0 1
    outer loop
      vertex 15.799999997019768 31 2
      vertex 17.861545990407468 30.2393501624465 2
      vertex 17.926852661371232 30.250857338309288 2
    endloop
  endfacet
  facet normal 0 0 1
    outer loop
      vertex 15.799999997019768 31 2
      vertex 17.926852661371232 30.250857338309288 2
      vertex 17.99526693224907 30.260272294282913 2
    endloop
  endfacet
  facet normal 0 0 1
    outer loop
      vertex 15.799999997019768 31 2
      vertex 17.99526693224907 30.260272294282913 2
      vertex 18.066788803040982 30.267595037817955 2
    endloop
  endfacet
  facet normal 0 0 1
    outer loop
      vertex 15.799999997019768 31 2
      vertex 18.066788803040982 30.267595037817955 2
      vertex 18.141418273746968 30.272825576364994 2
    endloop
  endfacet
  facet normal 0 0 1
    outer loop
      vertex 17.531569416821004 28.967113338410854 2
      vertex 17.73756999820471 28.68656399846077 2
      vertex 17.57793214470148 28.943052887916565 2
    endloop
  endfacet
  facet normal 0 0 1
    outer loop
      vertex 17.57793214470148 28.943052887916565 2
      vertex 17.73756999820471 28.68656399846077 2
      vertex 17.62750816643238 28.92108464986086 2
    endloop
  endfacet
  facet normal 0 0 1
    outer loop
      vertex 17.62750816643238 28.92108464986086 2
      vertex 17.73756999820471 28.68656399846077 2
      vertex 17.680297489464284 28.901208624243736 2
    endloop
  endfacet
  facet normal 0 0 1
    outer loop
      vertex 17.680297489464284 28.901208624243736 2
      vertex 17.73756999820471 28.68656399846077 2
      vertex 17.73630012124777 28.883424818515778 2
    endloop
  endfacet
  facet normal 0 0 1
    outer loop
      vertex 17.73630012124777 28.883424818515778 2
      vertex 17.73756999820471 28.68656399846077 2
      vertex 17.795516046881676 28.86773321777582 2
    endloop
  endfacet
  facet normal 0 0 1
    outer loop
      vertex 17.512487608194352 29.29999390244484 2
      vertex 17.532747785747052 29.27592382580042 2
      vertex 17.64059400111437 29.898829996585846 2
    endloop
  endfacet
  facet normal 0 0 1
    outer loop
      vertex 17.532747785747052 29.27592382580042 2
      vertex 17.555391515791417 29.253504388034344 2
      vertex 17.64059400111437 29.898829996585846 2
    endloop
  endfacet
  facet normal 0 0 1
    outer loop
      vertex 17.555391515791417 29.253504388034344 2
      vertex 17.580418790876866 29.232735611498356 2
      vertex 17.64059400111437 29.898829996585846 2
    endloop
  endfacet
  facet normal 0 0 1
    outer loop
      vertex 17.580418790876866 29.232735611498356 2
      vertex 17.60782961845398 29.213617481291294 2
      vertex 17.64059400111437 29.898829996585846 2
    endloop
  endfacet
  facet normal 0 0 1
    outer loop
      vertex 17.60782961845398 29.213617481291294 2
      vertex 17.63762399852276 29.19614999741316 2
      vertex 17.64059400111437 29.898829996585846 2
    endloop
  endfacet
  facet normal 0 0 1
    outer loop
      vertex 17.63762399852276 29.19614999741316 2
      vertex 17.670142862200738 29.18015118688345 2
      vertex 17.64059400111437 29.898829996585846 2
    endloop
  endfacet
  facet normal 0 0 1
    outer loop
      vertex 17.670142862200738 29.18015118688345 2
      vertex 17.705733920633794 29.165432274341583 2
      vertex 17.64059400111437 29.898829996585846 2
    endloop
  endfacet
  facet normal 0 0 1
    outer loop
      vertex 17.705733920633794 29.165432274341583 2
      vertex 17.744397158920766 29.15199326723814 2
      vertex 17.64059400111437 29.898829996585846 2
    endloop
  endfacet
  facet normal 0 0 1
    outer loop
      vertex 17.64059400111437 29.898829996585846 2
      vertex 17.61036027520895 29.88184053450823 2
      vertex 17.44098110049963 29.479078069329262 2
    endloop
  endfacet
  facet normal 0 0 1
    outer loop
      vertex 17.67352018803358 29.914389468729496 2
      vertex 17.64059400111437 29.898829996585846 2
      vertex 17.744397158920766 29.15199326723814 2
    endloop
  endfacet
  facet normal 0 0 1
    outer loop
      vertex 17.744397158920766 29.15199326723814 2
      vertex 17.70941260010004 29.9287041798234 2
      vertex 17.67352018803358 29.914389468729496 2
    endloop
  endfacet
  facet normal 0 0 1
    outer loop
      vertex 17.744397158920766 29.15199326723814 2
      vertex 17.786132591962815 29.13983416557312 2
      vertex 17.70941260010004 29.9287041798234 2
    endloop
  endfacet
  facet normal 0 0 1
    outer loop
      vertex 17.786132591962815 29.13983416557312 2
      vertex 17.83094021230936 29.128954969346523 2
      vertex 17.74827124476433 29.941774129867554 2
    endloop
  endfacet
  facet normal 0 0 1
    outer loop
      vertex 17.83094021230936 29.128954969346523 2
      vertex 17.878820019960404 29.11935567855835 2
      vertex 17.790096107125283 29.953599326312542 2
    endloop
  endfacet
  facet normal 0 0 1
    outer loop
      vertex 17.786132591962815 29.13983416557312 2
      vertex 17.74827124476433 29.941774129867554 2
      vertex 17.70941260010004 29.9287041798234 2
    endloop
  endfacet
  facet normal 0 0 1
    outer loop
      vertex 17.83094021230936 29.128954969346523 2
      vertex 17.790096107125283 29.953599326312542 2
      vertex 17.74827124476433 29.941774129867554 2
    endloop
  endfacet
  facet normal 0 0 1
    outer loop
      vertex 17.878820019960404 29.11935567855835 2
      vertex 17.834887194633485 29.964179761707783 2
      vertex 17.790096107125283 29.953599326312542 2
    endloop
  endfacet
  facet normal 0 0 1
    outer loop
      vertex 17.878820019960404 29.11935567855835 2
      vertex 17.929772022366524 29.1110362932086 2
      vertex 17.834887194633485 29.964179761707783 2
    endloop
  endfacet
  facet normal 0 0 1
    outer loop
      vertex 17.929772022366524 29.1110362932086 2
      vertex 17.98379621207714 29.10399681329727 2
      vertex 17.882644507288934 29.973515443503857 2
    endloop
  endfacet
  facet normal 0 0 1
    outer loop
      vertex 17.98379621207714 29.10399681329727 2
      vertex 18.040892589092255 29.098237246274948 2
      vertex 17.93336804509163 29.981606364250183 2
    endloop
  endfacet
  facet normal 0 0 1
    outer loop
      vertex 17.929772022366524 29.1110362932086 2
      vertex 17.882644507288934 29.973515443503857 2
      vertex 17.834887194633485 29.964179761707783 2
    endloop
  endfacet
  facet normal 0 0 1
    outer loop
      vertex 17.98379621207714 29.10399681329727 2
      vertex 17.93336804509163 29.981606364250183 2
      vertex 17.882644507288934 29.973515443503857 2
    endloop
  endfacet
  facet normal 0 0 1
    outer loop
      vertex 18.040892589092255 29.098237246274948 2
      vertex 17.987057808041573 29.988452531397343 2
      vertex 17.93336804509163 29.981606364250183 2
    endloop
  endfacet
  facet normal 0 0 1
    outer loop
      vertex 18.040892589092255 29.098237246274948 2
      vertex 18.101061160862447 29.093757577240467 2
      vertex 17.987057808041573 29.988452531397343 2
    endloop
  endfacet
  facet normal 0 0 1
    outer loop
      vertex 18.101061160862447 29.093757577240467 2
      vertex 18.164301919937134 29.09055781364441 2
      vertex 18.043713796138764 29.994053937494755 2
    endloop
  endfacet
  facet normal 0 0 1
    outer loop
      vertex 18.164301919937134 29.09055781364441 2
      vertex 18.23061486631632 29.088637955486774 2
      vertex 18.103336009383202 29.998410589993 2
    endloop
  endfacet
  facet normal 0 0 1
    outer loop
      vertex 18.043713796138764 29.994053937494755 2
      vertex 17.987057808041573 29.988452531397343 2
      vertex 18.101061160862447 29.093757577240467 2
    endloop
  endfacet
  facet normal 0 0 1
    outer loop
      vertex 18.103336009383202 29.998410589993 2
      vertex 18.043713796138764 29.994053937494755 2
      vertex 18.164301919937134 29.09055781364441 2
    endloop
  endfacet
  facet normal 0 0 1
    outer loop
      vertex 18.165924447774888 30.00152248889208 2
      vertex 18.103336009383202 29.998410589993 2
      vertex 18.23061486631632 29.088637955486774 2
    endloop
  endfacet
  facet normal 0 0 1
    outer loop
      vertex 15.799999997019768 31 2
      vertex 18.141418273746968 30.272825576364994 2
      vertex 19.025054003298283 30.966357998549938 2
    endloop
  endfacet
  facet normal 0 0 1
    outer loop
      vertex 15.799999997019768 31 2
      vertex 19.025054003298283 30.966357998549938 2
      vertex 19.351775999367238 30.966357998549938 2
    endloop
  endfacet
  facet normal 0 0 1
    outer loop
      vertex 19.351775999367238 22.129398003220558 2
      vertex 19.351775999367238 23.172352001070976 2
      vertex 17.24972000271082 23.172352001070976 2
    endloop
  endfacet
  facet normal 0 0 1
    outer loop
      vertex 17.24972000271082 23.45729599893093 2
      vertex 19.11903800368309 23.45729599893093 2
      vertex 19.11903800368309 24.519500002264977 2
    endloop
  endfacet
  facet normal 0 0 1
    outer loop
      vertex 17.24972000271082 23.45729599893093 2
      vertex 19.11903800368309 24.519500002264977 2
      vertex 19.12352600246668 24.853790000081062 2
    endloop
  endfacet
  facet normal 0 0 1
    outer loop
      vertex 17.24972000271082 23.45729599893093 2
      vertex 19.12352600246668 24.853790000081062 2
      vertex 19.12352600246668 25.38935799896717 2
    endloop
  endfacet
  facet normal 0 0 1
    outer loop
      vertex 19.351775999367238 24.519500002264977 2
      vertex 19.12352600246668 24.853790000081062 2
      vertex 19.11903800368309 24.519500002264977 2
    endloop
  endfacet
  facet normal 0 0 1
    outer loop
      vertex 19.12352600246668 24.853790000081062 2
      vertex 19.351775999367238 24.519500002264977 2
      vertex 19.351775999367238 24.853790000081062 2
    endloop
  endfacet
  facet normal 0 0 1
    outer loop
      vertex 18.889300252497197 25.659408003091812 2
      vertex 19.12352600246668 25.659408003091812 2
      vertex 19.12352600246668 26.17110600322485 2
    endloop
  endfacet
  facet normal 0 0 1
    outer loop
      vertex 18.992909647524357 19.14201257377863 2
      vertex 19.035588957369328 19.001317739486694 2
      vertex 20.799999997019768 31 2
    endloop
  endfacet
  facet normal 0 0 1
    outer loop
      vertex 19.049999997019768 18.854999996721745 2
      vertex 20.799999997019768 31 2
      vertex 19.035588957369328 19.001317739486694 2
    endloop
  endfacet
  facet normal 0 0 1
    outer loop
      vertex 18.992909647524357 19.14201257377863 2
      vertex 20.799999997019768 31 2
      vertex 19.351775999367238 21.84594999998808 2
    endloop
  endfacet
  facet normal 0 0 1
    outer loop
      vertex 20.799999997019768 31 2
      vertex 19.351775999367238 22.129398003220558 2
      vertex 19.351775999367238 21.84594999998808 2
    endloop
  endfacet
  facet normal 0 0 1
    outer loop
      vertex 20.799999997019768 31 2
      vertex 19.351775999367238 23.172352001070976 2
      vertex 19.351775999367238 22.129398003220558 2
    endloop
  endfacet
  facet normal 0 0 1
    outer loop
      vertex 20.799999997019768 31 2
      vertex 19.351775999367238 24.519500002264977 2
      vertex 19.351775999367238 23.172352001070976 2
    endloop
  endfacet
  facet normal 0 0 1
    outer loop
      vertex 18.889300252497197 25.659408003091812 2
      vertex 19.351775999367238 27.766084000468254 2
      vertex 17.73756999820471 27.17978399991989 2
    endloop
  endfacet
  facet normal 0 0 1
    outer loop
      vertex 17.73756999820471 28.401620000600815 2
      vertex 18.78785000294447 27.821281999349594 2
      vertex 18.7908199980855 28.034616000950336 2
    endloop
  endfacet
  facet normal 0 0 1
    outer loop
      vertex 18.139795216917992 28.820658423006535 2
      vertex 17.73756999820471 28.68656399846077 2
      vertex 19.351775999367238 28.083852000534534 2
    endloop
  endfacet
  facet normal 0 0 1
    outer loop
      vertex 18.811752150952817 27.828770332038403 2
      vertex 18.7908199980855 28.034616000950336 2
      vertex 18.79841507524252 27.824646696448326 2
    endloop
  endfacet
  facet normal 0 0 1
    outer loop
      vertex 18.79841507524252 27.824646696448326 2
      vertex 18.7908199980855 28.034616000950336 2
      vertex 18.78785000294447 27.821281999349594 2
    endloop
  endfacet
  facet normal 0 0 1
    outer loop
      vertex 18.84674230515957 27.839294403791428 2
      vertex 18.7908199980855 28.034616000950336 2
      vertex 18.82786123007536 27.833652898669243 2
    endloop
  endfacet
  facet normal 0 0 1
    outer loop
      vertex 18.82786123007536 27.833652898669243 2
      vertex 18.7908199980855 28.034616000950336 2
      vertex 18.811752150952817 27.828770332038403 2
    endloop
  endfacet
  facet normal 0 0 1
    outer loop
      vertex 18.868395383656026 27.845694839954376 2
      vertex 18.7908199980855 28.034616000950336 2
      vertex 18.84674230515957 27.839294403791428 2
    endloop
  endfacet
  facet normal 0 0 1
    outer loop
      vertex 18.139795216917992 28.820658423006535 2
      vertex 19.351775999367238 28.083852000534534 2
      vertex 18.218290957808495 28.81752010434866 2
    endloop
  endfacet
  facet normal 0 0 1
    outer loop
      vertex 18.218290957808495 28.81752010434866 2
      vertex 19.351775999367238 28.083852000534534 2
      vertex 18.3 28.816473998129368 2
    endloop
  endfacet
  facet normal 0 0 1
    outer loop
      vertex 18.3 28.816473998129368 2
      vertex 19.351775999367238 28.083852000534534 2
      vertex 18.379980410635472 28.81755095720291 2
    endloop
  endfacet
  facet normal 0 0 1
    outer loop
      vertex 18.379980410635472 28.81755095720291 2
      vertex 19.351775999367238 28.083852000534534 2
      vertex 18.45695919841528 28.820781834423542 2
    endloop
  endfacet
  facet normal 0 0 1
    outer loop
      vertex 18.45695919841528 28.820781834423542 2
      vertex 19.351775999367238 28.083852000534534 2
      vertex 18.530936340987683 28.82616662979126 2
    endloop
  endfacet
  facet normal 0 0 1
    outer loop
      vertex 18.530936340987683 28.82616662979126 2
      vertex 19.351775999367238 28.083852000534534 2
      vertex 18.601911860704423 28.833705335855484 2
    endloop
  endfacet
  facet normal 0 0 1
    outer loop
      vertex 18.920017535984517 27.860772520303726 2
      vertex 18.7908199980855 28.034616000950336 2
      vertex 18.892820458114148 27.85285421460867 2
    endloop
  endfacet
  facet normal 0 0 1
    outer loop
      vertex 18.892820458114148 27.85285421460867 2
      vertex 18.7908199980855 28.034616000950336 2
      vertex 18.868395383656026 27.845694839954376 2
    endloop
  endfacet
  facet normal 0 0 1
    outer loop
      vertex 18.949986617267133 27.869449764490128 2
      vertex 18.7908199980855 28.034616000950336 2
      vertex 18.920017535984517 27.860772520303726 2
    endloop
  endfacet
  facet normal 0 0 1
    outer loop
      vertex 18.7908199980855 28.034616000950336 2
      vertex 18.949986617267133 27.869449764490128 2
      vertex 18.96686400026083 27.976447999477386 2
    endloop
  endfacet
  facet normal 0 0 1
    outer loop
      vertex 18.982727694511414 27.878885939717293 2
      vertex 18.96686400026083 27.976447999477386 2
      vertex 18.949986617267133 27.869449764490128 2
    endloop
  endfacet
  facet normal 0 0 1
    outer loop
      vertex 19.018240767717362 27.889081053435802 2
      vertex 18.96686400026083 27.976447999477386 2
      vertex 18.982727694511414 27.878885939717293 2
    endloop
  endfacet
  facet normal 0 0 1
    outer loop
      vertex 18.96686400026083 27.976447999477386 2
      vertex 19.018240767717362 27.889081053435802 2
      vertex 19.056525844335557 27.900035098195076 2
    endloop
  endfacet
  facet normal 0 0 1
    outer loop
      vertex 18.96686400026083 27.976447999477386 2
      vertex 19.056525844335557 27.900035098195076 2
      vertex 19.097582924365998 27.911748081445694 2
    endloop
  endfacet
  facet normal 0 0 1
    outer loop
      vertex 18.96686400026083 27.976447999477386 2
      vertex 19.097582924365998 27.911748081445694 2
      vertex 19.141412000358105 27.924220003187656 2
    endloop
  endfacet
  facet normal 0 0 1
    outer loop
      vertex 18.601911860704423 28.833705335855484 2
      vertex 19.351775999367238 28.083852000534534 2
      vertex 18.669885742664338 28.843397967517376 2
    endloop
  endfacet
  facet normal 0 0 1
    outer loop
      vertex 19.351775999367238 28.083852000534534 2
      vertex 18.73485798686743 28.855244509875774 2
      vertex 18.669885742664338 28.843397967517376 2
    endloop
  endfacet
  facet normal 0 0 1
    outer loop
      vertex 19.351775999367238 28.083852000534534 2
      vertex 18.796828600764275 28.86924497038126 2
      vertex 18.73485798686743 28.855244509875774 2
    endloop
  endfacet
  facet normal 0 0 1
    outer loop
      vertex 19.351775999367238 28.083852000534534 2
      vertex 18.855797584354878 28.885399349033833 2
      vertex 18.796828600764275 28.86924497038126 2
    endloop
  endfacet
  facet normal 0 0 1
    outer loop
      vertex 19.351775999367238 28.083852000534534 2
      vertex 18.911764937639237 28.903707645833492 2
      vertex 18.855797584354878 28.885399349033833 2
    endloop
  endfacet
  facet normal 0 0 1
    outer loop
      vertex 19.351775999367238 28.083852000534534 2
      vertex 18.96473065316677 28.92416986078024 2
      vertex 18.911764937639237 28.903707645833492 2
    endloop
  endfacet
  facet normal 0 0 1
    outer loop
      vertex 19.351775999367238 28.083852000534534 2
      vertex 19.01469473093748 28.946785986423492 2
      vertex 18.96473065316677 28.92416986078024 2
    endloop
  endfacet
  facet normal 0 0 1
    outer loop
      vertex 19.351775999367238 28.083852000534534 2
      vertex 19.06165718585253 28.971556037664413 2
      vertex 19.01469473093748 28.946785986423492 2
    endloop
  endfacet
  facet normal 0 0 1
    outer loop
      vertex 19.351775999367238 28.083852000534534 2
      vertex 19.10561800301075 28.99847999960184 2
      vertex 19.06165718585253 28.971556037664413 2
    endloop
  endfacet
  facet normal 0 0 1
    outer loop
      vertex 19.351775999367238 28.083852000534534 2
      vertex 19.14644491970539 29.027549162507057 2
      vertex 19.10561800301075 28.99847999960184 2
    endloop
  endfacet
  facet normal 0 0 1
    outer loop
      vertex 19.14644491970539 29.027549162507057 2
      vertex 19.351775999367238 28.083852000534534 2
      vertex 19.184005695581437 29.058754794299603 2
    endloop
  endfacet
  facet normal 0 0 1
    outer loop
      vertex 19.184005695581437 29.058754794299603 2
      vertex 19.351775999367238 28.083852000534534 2
      vertex 19.218300308287144 29.092096902430058 2
    endloop
  endfacet
  facet normal 0 0 1
    outer loop
      vertex 19.218300308287144 29.092096902430058 2
      vertex 19.351775999367238 28.083852000534534 2
      vertex 19.249328772723675 29.12757547944784 2
    endloop
  endfacet
  facet normal 0 0 1
    outer loop
      vertex 19.249328772723675 29.12757547944784 2
      vertex 19.351775999367238 28.083852000534534 2
      vertex 19.27709107398987 29.165190532803535 2
    endloop
  endfacet
  facet normal 0 0 1
    outer loop
      vertex 18.23061486631632 29.088637955486774 2
      vertex 18.3 29.087998002767563 2
      vertex 18.165924447774888 30.00152248889208 2
    endloop
  endfacet
  facet normal 0 0 1
    outer loop
      vertex 18.3 29.087998002767563 2
      vertex 18.36743533909321 29.088646806776524 2
      vertex 18.23147911131382 30.00338961929083 2
    endloop
  endfacet
  facet normal 0 0 1
    outer loop
      vertex 18.23147911131382 30.00338961929083 2
      vertex 18.165924447774888 30.00152248889208 2
      vertex 18.3 29.087998002767563 2
    endloop
  endfacet
  facet normal 0 0 1
    outer loop
      vertex 18.3 30.004012003540993 2
      vertex 18.23147911131382 30.00338961929083 2
      vertex 18.36743533909321 29.088646806776524 2
    endloop
  endfacet
  facet normal 0 0 1
    outer loop
      vertex 18.36743533909321 29.088646806776524 2
      vertex 18.366137336194516 30.003358766436577 2
      vertex 18.3 30.004012003540993 2
    endloop
  endfacet
  facet normal 0 0 1
    outer loop
      vertex 18.36743533909321 29.088646806776524 2
      vertex 18.432028117775918 29.090593218803406 2
      vertex 18.366137336194516 30.003358766436577 2
    endloop
  endfacet
  facet normal 0 0 1
    outer loop
      vertex 18.432028117775918 29.090593218803406 2
      vertex 18.493778343498708 29.09383724629879 2
      vertex 18.429591196775437 30.00139907747507 2
    endloop
  endfacet
  facet normal 0 0 1
    outer loop
      vertex 18.493778343498708 29.09383724629879 2
      vertex 18.552686008810998 29.098378874361515 2
      vertex 18.490361574292184 29.998132921755314 2
    endloop
  endfacet
  facet normal 0 0 1
    outer loop
      vertex 18.432028117775918 29.090593218803406 2
      vertex 18.429591196775437 30.00139907747507 2
      vertex 18.366137336194516 30.003358766436577 2
    endloop
  endfacet
  facet normal 0 0 1
    outer loop
      vertex 18.493778343498708 29.09383724629879 2
      vertex 18.490361574292184 29.998132921755314 2
      vertex 18.429591196775437 30.00139907747507 2
    endloop
  endfacet
  facet normal 0 0 1
    outer loop
      vertex 18.552686008810998 29.098378874361515 2
      vertex 18.60875112116337 29.104218117892742 2
      vertex 18.548448476195336 29.993560306727886 2
    endloop
  endfacet
  facet normal 0 0 1
    outer loop
      vertex 18.60875112116337 29.104218117892742 2
      vertex 18.66197368055582 29.11135496944189 2
      vertex 18.603851895034314 29.987681232392788 2
    endloop
  endfacet
  facet normal 0 0 1
    outer loop
      vertex 18.66197368055582 29.11135496944189 2
      vertex 18.712353679537774 29.11978942900896 2
      vertex 18.656571830809117 29.98049569129944 2
    endloop
  endfacet
  facet normal 0 0 1
    outer loop
      vertex 18.552686008810998 29.098378874361515 2
      vertex 18.548448476195336 29.993560306727886 2
      vertex 18.490361574292184 29.998132921755314 2
    endloop
  endfacet
  facet normal 0 0 1
    outer loop
      vertex 18.60875112116337 29.104218117892742 2
      vertex 18.603851895034314 29.987681232392788 2
      vertex 18.548448476195336 29.993560306727886 2
    endloop
  endfacet
  facet normal 0 0 1
    outer loop
      vertex 18.66197368055582 29.11135496944189 2
      vertex 18.656571830809117 29.98049569129944 2
      vertex 18.603851895034314 29.987681232392788 2
    endloop
  endfacet
  facet normal 0 0 1
    outer loop
      vertex 18.712353679537774 29.11978942900896 2
      vertex 18.759891125559808 29.129521504044533 2
      vertex 18.706608298420907 29.97200369089842 2
    endloop
  endfacet
  facet normal 0 0 1
    outer loop
      vertex 18.759891125559808 29.129521504044533 2
      vertex 18.80458601117134 29.140551187098026 2
      vertex 18.75396127551794 29.962205231189728 2
    endloop
  endfacet
  facet normal 0 0 1
    outer loop
      vertex 18.80458601117134 29.140551187098026 2
      vertex 18.846438343822957 29.15287847071886 2
      vertex 18.840616802871228 29.938688926398754 2
    endloop
  endfacet
  facet normal 0 0 1
    outer loop
      vertex 18.706608298420907 29.97200369089842 2
      vertex 18.656571830809117 29.98049569129944 2
      vertex 18.712353679537774 29.11978942900896 2
    endloop
  endfacet
  facet normal 0 0 1
    outer loop
      vertex 18.75396127551794 29.962205231189728 2
      vertex 18.706608298420907 29.97200369089842 2
      vertex 18.759891125559808 29.129521504044533 2
    endloop
  endfacet
  facet normal 0 0 1
    outer loop
      vertex 18.798630784451962 29.951100304722786 2
      vertex 18.75396127551794 29.962205231189728 2
      vertex 18.80458601117134 29.140551187098026 2
    endloop
  endfacet
  facet normal 0 0 1
    outer loop
      vertex 18.840616802871228 29.938688926398754 2
      vertex 18.798630784451962 29.951100304722786 2
      vertex 18.80458601117134 29.140551187098026 2
    endloop
  endfacet
  facet normal 0 0 1
    outer loop
      vertex 18.219155336916447 30.27596389502287 2
      vertex 19.025054003298283 30.966357998549938 2
      vertex 18.141418273746968 30.272825576364994 2
    endloop
  endfacet
  facet normal 0 0 1
    outer loop
      vertex 18.3 30.27701000124216 2
      vertex 19.025054003298283 30.966357998549938 2
      vertex 18.219155336916447 30.27596389502287 2
    endloop
  endfacet
  facet normal 0 0 1
    outer loop
      vertex 18.60049552768469 30.259424582123756 2
      vertex 19.025054003298283 30.67545200139284 2
      vertex 18.529794427752496 30.267118200659752 2
    endloop
  endfacet
  facet normal 0 0 1
    outer loop
      vertex 18.668248105049134 30.249532781541348 2
      vertex 19.025054003298283 30.67545200139284 2
      vertex 18.60049552768469 30.259424582123756 2
    endloop
  endfacet
  facet normal 0 0 1
    outer loop
      vertex 18.73305216729641 30.237442806363106 2
      vertex 19.025054003298283 30.67545200139284 2
      vertex 18.668248105049134 30.249532781541348 2
    endloop
  endfacet
  facet normal 0 0 1
    outer loop
      vertex 18.37954666018486 30.275910913944244 2
      vertex 19.025054003298283 30.966357998549938 2
      vertex 18.3 30.27701000124216 2
    endloop
  endfacet
  facet normal 0 0 1
    outer loop
      vertex 18.456144805252553 30.272613644599915 2
      vertex 19.025054003298283 30.966357998549938 2
      vertex 18.37954666018486 30.275910913944244 2
    endloop
  endfacet
  facet normal 0 0 1
    outer loop
      vertex 18.529794427752496 30.267118200659752 2
      vertex 19.025054003298283 30.966357998549938 2
      vertex 18.456144805252553 30.272613644599915 2
    endloop
  endfacet
  facet normal 0 0 1
    outer loop
      vertex 15.799999997019768 31 2
      vertex 19.351775999367238 30.966357998549938 2
      vertex 20.799999997019768 31 2
    endloop
  endfacet
  facet normal 0 0 1
    outer loop
      vertex 18.846438343822957 29.15287847071886 2
      vertex 18.885448116064072 29.166503369808197 2
      vertex 19.151030685007573 29.648728661239147 2
    endloop
  endfacet
  facet normal 0 0 1
    outer loop
      vertex 18.885448116064072 29.166503369808197 2
      vertex 18.92161533534527 29.181425884366035 2
      vertex 19.157298083603383 29.615984722971916 2
    endloop
  endfacet
  facet normal 0 0 1
    outer loop
      vertex 18.92161533534527 29.181425884366035 2
      vertex 18.954940001666547 29.197645999491215 2
      vertex 19.16105851829052 29.581739835441113 2
    endloop
  endfacet
  facet normal 0 0 1
    outer loop
      vertex 18.954940001666547 29.197645999491215 2
      vertex 18.985616329312325 29.215278543531895 2
      vertex 19.162311996519566 29.545993998646736 2
    endloop
  endfacet
  facet normal 0 0 1
    outer loop
      vertex 18.985616329312325 29.215278543531895 2
      vertex 19.013838554918767 29.234438329935074 2
      vertex 19.161084945499898 29.510034546256065 2
    endloop
  endfacet
  facet normal 0 0 1
    outer loop
      vertex 19.013838554918767 29.234438329935074 2
      vertex 19.03960667103529 29.255125358700752 2
      vertex 19.151268522441388 29.44269736111164 2
    endloop
  endfacet
  facet normal 0 0 1
    outer loop
      vertex 19.03960667103529 29.255125358700752 2
      vertex 19.062920685112477 29.27733962982893 2
      vertex 19.142679150402547 29.411319635808468 2
    endloop
  endfacet
  facet normal 0 0 1
    outer loop
      vertex 19.062920685112477 29.27733962982893 2
      vertex 19.083780589699746 29.301081150770187 2
      vertex 19.131635668873788 29.381469145417213 2
    endloop
  endfacet
  facet normal 0 0 1
    outer loop
      vertex 19.131635668873788 29.381469145417213 2
      vertex 19.142679150402547 29.411319635808468 2
      vertex 19.062920685112477 29.27733962982893 2
    endloop
  endfacet
  facet normal 0 0 1
    outer loop
      vertex 19.11813808530569 29.35314590483904 2
      vertex 19.131635668873788 29.381469145417213 2
      vertex 19.083780589699746 29.301081150770187 2
    endloop
  endfacet
  facet normal 0 0 1
    outer loop
      vertex 19.11813808530569 29.35314590483904 2
      vertex 19.083780589699746 29.301081150770187 2
      vertex 19.102186392247678 29.326349906623363 2
    endloop
  endfacet
  facet normal 0 0 1
    outer loop
      vertex 19.010641004145146 29.856646105647087 2
      vertex 18.98181098252535 29.875881530344486 2
      vertex 18.846438343822957 29.15287847071886 2
    endloop
  endfacet
  facet normal 0 0 1
    outer loop
      vertex 19.03696406930685 29.835909739136696 2
      vertex 19.010641004145146 29.856646105647087 2
      vertex 18.846438343822957 29.15287847071886 2
    endloop
  endfacet
  facet normal 0 0 1
    outer loop
      vertex 19.060780178010464 29.813672423362732 2
      vertex 19.03696406930685 29.835909739136696 2
      vertex 18.846438343822957 29.15287847071886 2
    endloop
  endfacet
  facet normal 0 0 1
    outer loop
      vertex 19.082089322805405 29.789934165775776 2
      vertex 19.060780178010464 29.813672423362732 2
      vertex 18.846438343822957 29.15287847071886 2
    endloop
  endfacet
  facet normal 0 0 1
    outer loop
      vertex 19.100891511142255 29.764694958925247 2
      vertex 19.082089322805405 29.789934165775776 2
      vertex 18.846438343822957 29.15287847071886 2
    endloop
  endfacet
  facet normal 0 0 1
    outer loop
      vertex 18.8799193456769 29.92497107386589 2
      vertex 18.840616802871228 29.938688926398754 2
      vertex 18.846438343822957 29.15287847071886 2
    endloop
  endfacet
  facet normal 0 0 1
    outer loop
      vertex 18.916538412868977 29.909946769475937 2
      vertex 18.8799193456769 29.92497107386589 2
      vertex 18.846438343822957 29.15287847071886 2
    endloop
  endfacet
  facet normal 0 0 1
    outer loop
      vertex 18.95047399699688 29.893615998327732 2
      vertex 18.916538412868977 29.909946769475937 2
      vertex 18.846438343822957 29.15287847071886 2
    endloop
  endfacet
  facet normal 0 0 1
    outer loop
      vertex 18.98181098252535 29.875881530344486 2
      vertex 18.95047399699688 29.893615998327732 2
      vertex 18.846438343822957 29.15287847071886 2
    endloop
  endfacet
  facet normal 0 0 1
    outer loop
      vertex 19.151030685007573 29.648728661239147 2
      vertex 19.14225632995367 29.679971657693386 2
      vertex 18.846438343822957 29.15287847071886 2
    endloop
  endfacet
  facet normal 0 0 1
    outer loop
      vertex 19.157298083603383 29.615984722971916 2
      vertex 19.151030685007573 29.648728661239147 2
      vertex 18.885448116064072 29.166503369808197 2
    endloop
  endfacet
  facet normal 0 0 1
    outer loop
      vertex 19.16105851829052 29.581739835441113 2
      vertex 19.157298083603383 29.615984722971916 2
      vertex 18.92161533534527 29.181425884366035 2
    endloop
  endfacet
  facet normal 0 0 1
    outer loop
      vertex 19.162311996519566 29.545993998646736 2
      vertex 19.16105851829052 29.581739835441113 2
      vertex 18.954940001666547 29.197645999491215 2
    endloop
  endfacet
  facet normal 0 0 1
    outer loop
      vertex 19.117186743021012 29.737954802811146 2
      vertex 19.100891511142255 29.764694958925247 2
      vertex 18.846438343822957 29.15287847071886 2
    endloop
  endfacet
  facet normal 0 0 1
    outer loop
      vertex 19.130975018441678 29.709713704884052 2
      vertex 19.117186743021012 29.737954802811146 2
      vertex 18.846438343822957 29.15287847071886 2
    endloop
  endfacet
  facet normal 0 0 1
    outer loop
      vertex 19.14225632995367 29.679971657693386 2
      vertex 19.130975018441678 29.709713704884052 2
      vertex 18.846438343822957 29.15287847071886 2
    endloop
  endfacet
  facet normal 0 0 1
    outer loop
      vertex 19.151268522441388 29.44269736111164 2
      vertex 19.15740378499031 29.475602328777313 2
      vertex 19.013838554918767 29.234438329935074 2
    endloop
  endfacet
  facet normal 0 0 1
    outer loop
      vertex 19.142679150402547 29.411319635808468 2
      vertex 19.151268522441388 29.44269736111164 2
      vertex 19.03960667103529 29.255125358700752 2
    endloop
  endfacet
  facet normal 0 0 1
    outer loop
      vertex 19.161084945499898 29.510034546256065 2
      vertex 19.162311996519566 29.545993998646736 2
      vertex 18.985616329312325 29.215278543531895 2
    endloop
  endfacet
  facet normal 0 0 1
    outer loop
      vertex 19.15740378499031 29.475602328777313 2
      vertex 19.161084945499898 29.510034546256065 2
      vertex 19.013838554918767 29.234438329935074 2
    endloop
  endfacet
  facet normal 0 0 1
    outer loop
      vertex 19.27709107398987 29.165190532803535 2
      vertex 19.351775999367238 28.083852000534534 2
      vertex 19.301587234437466 29.20494206249714 2
    endloop
  endfacet
  facet normal 0 0 1
    outer loop
      vertex 19.301587234437466 29.20494206249714 2
      vertex 19.351775999367238 28.083852000534534 2
      vertex 19.322817231714726 29.24683006107807 2
    endloop
  endfacet
  facet normal 0 0 1
    outer loop
      vertex 19.322817231714726 29.24683006107807 2
      vertex 19.351775999367238 28.083852000534534 2
      vertex 19.34078107327223 29.290854535996914 2
    endloop
  endfacet
  facet normal 0 0 1
    outer loop
      vertex 19.34078107327223 29.290854535996914 2
      vertex 19.351775999367238 28.083852000534534 2
      vertex 19.355478766560555 29.337015479803085 2
    endloop
  endfacet
  facet normal 0 0 1
    outer loop
      vertex 19.355478766560555 29.337015479803085 2
      vertex 19.351775999367238 28.083852000534534 2
      vertex 19.366910304129124 29.385312899947166 2
    endloop
  endfacet
  facet normal 0 0 1
    outer loop
      vertex 19.366910304129124 29.385312899947166 2
      vertex 19.351775999367238 28.083852000534534 2
      vertex 19.375075693428517 29.435746796429157 2
    endloop
  endfacet
  facet normal 0 0 1
    outer loop
      vertex 19.375075693428517 29.435746796429157 2
      vertex 19.351775999367238 28.083852000534534 2
      vertex 19.379974919557572 29.488317161798477 2
    endloop
  endfacet
  facet normal 0 0 1
    outer loop
      vertex 18.794907706975938 30.22315464913845 2
      vertex 19.025054003298283 30.67545200139284 2
      vertex 18.73305216729641 30.237442806363106 2
    endloop
  endfacet
  facet normal 0 0 1
    outer loop
      vertex 18.853814724087716 30.206668317317963 2
      vertex 19.025054003298283 30.67545200139284 2
      vertex 18.794907706975938 30.22315464913845 2
    endloop
  endfacet
  facet normal 0 0 1
    outer loop
      vertex 18.909773218631745 30.187983810901642 2
      vertex 19.025054003298283 30.67545200139284 2
      vertex 18.853814724087716 30.206668317317963 2
    endloop
  endfacet
  facet normal 0 0 1
    outer loop
      vertex 18.962783198058606 30.167101122438908 2
      vertex 19.025054003298283 30.67545200139284 2
      vertex 18.909773218631745 30.187983810901642 2
    endloop
  endfacet
  facet normal 0 0 1
    outer loop
      vertex 19.012844647467137 30.14402025938034 2
      vertex 19.025054003298283 30.67545200139284 2
      vertex 18.962783198058606 30.167101122438908 2
    endloop
  endfacet
  facet normal 0 0 1
    outer loop
      vertex 19.05995758920908 30.11874122172594 2
      vertex 19.351775999367238 30.67545200139284 2
      vertex 19.012844647467137 30.14402025938034 2
    endloop
  endfacet
  facet normal 0 0 1
    outer loop
      vertex 19.104122000932694 30.091264002025127 2
      vertex 19.351775999367238 30.67545200139284 2
      vertex 19.05995758920908 30.11874122172594 2
    endloop
  endfacet
  facet normal 0 0 1
    outer loop
      vertex 19.025054003298283 30.966357998549938 2
      vertex 18.529794427752496 30.267118200659752 2
      vertex 19.025054003298283 30.67545200139284 2
    endloop
  endfacet
  facet normal 0 0 1
    outer loop
      vertex 19.025054003298283 30.67545200139284 2
      vertex 19.012844647467137 30.14402025938034 2
      vertex 19.351775999367238 30.67545200139284 2
    endloop
  endfacet
  facet normal 0 0 1
    outer loop
      vertex 19.145170222222806 30.061644971370697 2
      vertex 19.351775999367238 30.67545200139284 2
      vertex 19.104122000932694 30.091264002025127 2
    endloop
  endfacet
  facet normal 0 0 1
    outer loop
      vertex 19.217415097355843 29.996130272746086 2
      vertex 19.351775999367238 30.67545200139284 2
      vertex 19.182934592664243 30.029933728277683 2
    endloop
  endfacet
  facet normal 0 0 1
    outer loop
      vertex 19.182934592664243 30.029933728277683 2
      vertex 19.351775999367238 30.67545200139284 2
      vertex 19.145170222222806 30.061644971370697 2
    endloop
  endfacet
  facet normal 0 0 1
    outer loop
      vertex 19.24861175119877 29.960234604775906 2
      vertex 19.351775999367238 30.67545200139284 2
      vertex 19.217415097355843 29.996130272746086 2
    endloop
  endfacet
  facet normal 0 0 1
    outer loop
      vertex 19.27652454674244 29.92224672436714 2
      vertex 19.351775999367238 30.67545200139284 2
      vertex 19.24861175119877 29.960234604775906 2
    endloop
  endfacet
  facet normal 0 0 1
    outer loop
      vertex 20.799999997019768 31 2
      vertex 18.889300252497197 25.659408003091812 2
      vertex 19.12352600246668 26.17110600322485 2
    endloop
  endfacet
  facet normal 0 0 1
    outer loop
      vertex 20.799999997019768 31 2
      vertex 19.351775999367238 24.853790000081062 2
      vertex 19.351775999367238 24.519500002264977 2
    endloop
  endfacet
  facet normal 0 0 1
    outer loop
      vertex 20.799999997019768 31 2
      vertex 19.351775999367238 26.17110600322485 2
      vertex 19.351775999367238 24.853790000081062 2
    endloop
  endfacet
  facet normal 0 0 1
    outer loop
      vertex 20.799999997019768 31 2
      vertex 19.12352600246668 26.17110600322485 2
      vertex 19.351775999367238 26.17110600322485 2
    endloop
  endfacet
  facet normal 0 0 1
    outer loop
      vertex 20.799999997019768 31 2
      vertex 19.351775999367238 27.766084000468254 2
      vertex 18.889300252497197 25.659408003091812 2
    endloop
  endfacet
  facet normal 0 0 1
    outer loop
      vertex 20.799999997019768 31 2
      vertex 19.351775999367238 28.083852000534534 2
      vertex 19.351775999367238 27.766084000468254 2
    endloop
  endfacet
  facet normal 0 0 1
    outer loop
      vertex 20.799999997019768 31 2
      vertex 19.379974919557572 29.488317161798477 2
      vertex 19.351775999367238 28.083852000534534 2
    endloop
  endfacet
  facet normal 0 0 1
    outer loop
      vertex 20.799999997019768 31 2
      vertex 19.322498555481435 29.839994318783283 2
      vertex 19.34055977612734 29.79572980105877 2
    endloop
  endfacet
  facet normal 0 0 1
    outer loop
      vertex 20.799999997019768 31 2
      vertex 19.301153476536275 29.882166624069214 2
      vertex 19.322498555481435 29.839994318783283 2
    endloop
  endfacet
  facet normal 0 0 1
    outer loop
      vertex 20.799999997019768 31 2
      vertex 19.27652454674244 29.92224672436714 2
      vertex 19.301153476536275 29.882166624069214 2
    endloop
  endfacet
  facet normal 0 0 1
    outer loop
      vertex 20.799999997019768 31 2
      vertex 19.351775999367238 30.67545200139284 2
      vertex 19.27652454674244 29.92224672436714 2
    endloop
  endfacet
  facet normal 0 0 1
    outer loop
      vertex 20.799999997019768 31 2
      vertex 19.38160799741745 29.543024003505707 2
      vertex 19.379974919557572 29.488317161798477 2
    endloop
  endfacet
  facet normal 0 0 1
    outer loop
      vertex 20.799999997019768 31 2
      vertex 19.379966068267823 29.597749583423138 2
      vertex 19.38160799741745 29.543024003505707 2
    endloop
  endfacet
  facet normal 0 0 1
    outer loop
      vertex 20.799999997019768 31 2
      vertex 19.37504028081894 29.650382958352566 2
      vertex 19.379966068267823 29.597749583423138 2
    endloop
  endfacet
  facet normal 0 0 1
    outer loop
      vertex 20.799999997019768 31 2
      vertex 19.35533713847399 29.74937306344509 2
      vertex 19.366830642521382 29.70092412084341 2
    endloop
  endfacet
  facet normal 0 0 1
    outer loop
      vertex 20.799999997019768 31 2
      vertex 19.366830642521382 29.70092412084341 2
      vertex 19.37504028081894 29.650382958352566 2
    endloop
  endfacet
  facet normal 0 0 1
    outer loop
      vertex 20.799999997019768 31 2
      vertex 19.34055977612734 29.79572980105877 2
      vertex 19.35533713847399 29.74937306344509 2
    endloop
  endfacet
  facet normal 0 0 1
    outer loop
      vertex 20.799999997019768 31 2
      vertex 19.351775999367238 30.966357998549938 2
      vertex 19.351775999367238 30.67545200139284 2
    endloop
  endfacet
  facet normal 0 0 1
    outer loop
      vertex 17.251627935187276 21.12978547758416 1.65
      vertex 17.255167812768057 21.14076816632833 1.65
      vertex 17.251097924703735 21.12981923720775 1.65
    endloop
  endfacet
  facet normal 0 0 1
    outer loop
      vertex 17.251097924703735 21.12981923720775 1.65
      vertex 17.255167812768057 21.14076816632833 1.65
      vertex 17.482457998394967 21.84594999998808 1.65
    endloop
  endfacet
  facet normal 0 0 1
    outer loop
      vertex 17.255167812768057 21.14076816632833 1.65
      vertex 17.361463498759317 21.123865999281406 1.65
      vertex 17.482457998394967 21.84594999998808 1.65
    endloop
  endfacet
  facet normal 0 0 1
    outer loop
      vertex 17.251097924703735 21.12981923720775 1.65
      vertex 17.482457998394967 21.84594999998808 1.65
      vertex 17.314261308339784 21.402713242058283 1.65
    endloop
  endfacet
  facet normal 0 0 1
    outer loop
      vertex 17.24972000271082 21.397391354416346 1.65
      vertex 17.482457998394967 22.129398003220558 1.65
      vertex 17.24972000271082 21.523711659152507 1.65
    endloop
  endfacet
  facet normal 0 0 1
    outer loop
      vertex 17.24972000271082 21.397391354416346 1.65
      vertex 17.314261308339784 21.402713242058283 1.65
      vertex 17.482457998394967 22.129398003220558 1.65
    endloop
  endfacet
  facet normal 0 0 1
    outer loop
      vertex 17.361463498759317 21.123865999281406 1.65
      vertex 17.37297340916581 21.123865999281406 1.65
      vertex 17.482457998394967 21.84594999998808 1.65
    endloop
  endfacet
  facet normal 0 0 1
    outer loop
      vertex 17.37297340916581 21.123865999281406 1.65
      vertex 17.482457998394967 21.123865999281406 1.65
      vertex 17.482457998394967 21.84594999998808 1.65
    endloop
  endfacet
  facet normal 0 0 1
    outer loop
      vertex 17.24972000271082 21.523711659152507 1.65
      vertex 17.482457998394967 22.129398003220558 1.65
      vertex 17.24972000271082 21.526167287183522 1.65
    endloop
  endfacet
  facet normal 0 0 1
    outer loop
      vertex 17.24972000271082 21.526167287183522 1.65
      vertex 17.482457998394967 22.129398003220558 1.65
      vertex 17.24972000271082 22.851460002362728 1.65
    endloop
  endfacet
  facet normal 0 0 1
    outer loop
      vertex 17.314261308339784 21.402713242058283 1.65
      vertex 17.482457998394967 21.84594999998808 1.65
      vertex 17.482457998394967 22.129398003220558 1.65
    endloop
  endfacet
  facet normal 0 0 1
    outer loop
      vertex 17.482457998394967 21.84594999998808 1.65
      vertex 19.351775999367238 22.129398003220558 1.65
      vertex 17.482457998394967 22.129398003220558 1.65
    endloop
  endfacet
  facet normal 0 1 0
    outer loop
      vertex 17.37297340916581 21.123865999281406 1.65
      vertex 17.482457998394967 21.123865999281406 2
      vertex 17.482457998394967 21.123865999281406 1.65
    endloop
  endfacet
  facet normal -1 0 0
    outer loop
      vertex 17.482457998394967 21.123865999281406 1.65
      vertex 17.482457998394967 21.123865999281406 2
      vertex 17.482457998394967 21.84594999998808 1.65
    endloop
  endfacet
  facet normal 0 1 0
    outer loop
      vertex 17.482457998394967 21.84594999998808 1.65
      vertex 17.482457998394967 21.84594999998808 2
      vertex 19.351775999367238 21.84594999998808 1.65
    endloop
  endfacet
  facet normal 0 1 0
    outer loop
      vertex 17.37297340916581 21.123865999281406 1.65
      vertex 17.37297340916581 21.123865999281406 2
      vertex 17.482457998394967 21.123865999281406 2
    endloop
  endfacet
  facet normal -1 0 0
    outer loop
      vertex 17.482457998394967 21.84594999998808 1.65
      vertex 17.482457998394967 21.123865999281406 2
      vertex 17.482457998394967 21.84594999998808 2
    endloop
  endfacet
  facet normal 1 0 0
    outer loop
      vertex 17.24972000271082 21.526167287183522 1.65
      vertex 17.24972000271082 22.851460002362728 2
      vertex 17.24972000271082 21.526167287183522 2
    endloop
  endfacet
  facet normal 0 -1 0
    outer loop
      vertex 17.482457998394967 22.129398003220558 1.65
      vertex 19.351775999367238 22.129398003220558 2
      vertex 17.482457998394967 22.129398003220558 2
    endloop
  endfacet
  facet normal 0 0 1
    outer loop
      vertex 17.482457998394967 21.84594999998808 1.65
      vertex 19.351775999367238 21.84594999998808 1.65
      vertex 19.351775999367238 22.129398003220558 1.65
    endloop
  endfacet
  facet normal 0 -1 0
    outer loop
      vertex 17.482457998394967 22.129398003220558 1.65
      vertex 19.351775999367238 22.129398003220558 1.65
      vertex 19.351775999367238 22.129398003220558 2
    endloop
  endfacet
  facet normal -1 0 0
    outer loop
      vertex 19.351775999367238 21.84594999998808 1.65
      vertex 19.351775999367238 21.84594999998808 2
      vertex 19.351775999367238 22.129398003220558 1.65
    endloop
  endfacet
  facet normal 0 1 0
    outer loop
      vertex 19.351775999367238 21.84594999998808 1.65
      vertex 17.482457998394967 21.84594999998808 2
      vertex 19.351775999367238 21.84594999998808 2
    endloop
  endfacet
  facet normal -1 0 0
    outer loop
      vertex 19.351775999367238 22.129398003220558 1.65
      vertex 19.351775999367238 21.84594999998808 2
      vertex 19.351775999367238 22.129398003220558 2
    endloop
  endfacet
  facet normal 0 0 1
    outer loop
      vertex 17.24972000271082 22.851460002362728 1.65
      vertex 17.482457998394967 22.129398003220558 1.65
      vertex 17.482457998394967 22.851460002362728 1.65
    endloop
  endfacet
  facet normal 0 0 1
    outer loop
      vertex 17.24972000271082 23.172352001070976 1.65
      vertex 19.11903800368309 23.45729599893093 1.65
      vertex 17.24972000271082 23.45729599893093 1.65
    endloop
  endfacet
  facet normal 0 0 1
    outer loop
      vertex 17.24972000271082 25.411753997206688 1.65
      vertex 17.506327997148038 25.38935799896717 1.65
      vertex 17.24972000271082 25.659408003091812 1.65
    endloop
  endfacet
  facet normal 0 0 1
    outer loop
      vertex 17.24972000271082 25.411753997206688 1.65
      vertex 17.59135800153017 24.914949998259544 1.65
      vertex 17.506327997148038 25.38935799896717 1.65
    endloop
  endfacet
  facet normal 0 0 1
    outer loop
      vertex 17.506327997148038 25.38935799896717 1.65
      vertex 17.59135800153017 24.914949998259544 1.65
      vertex 17.844973999261857 24.914949998259544 1.65
    endloop
  endfacet
  facet normal 0 0 1
    outer loop
      vertex 17.24972000271082 25.659408003091812 1.65
      vertex 17.506327997148038 25.38935799896717 1.65
      vertex 19.12352600246668 25.659408003091812 1.65
    endloop
  endfacet
  facet normal 1 0 0
    outer loop
      vertex 17.24972000271082 21.526167287183522 1.65
      vertex 17.24972000271082 22.851460002362728 1.65
      vertex 17.24972000271082 22.851460002362728 2
    endloop
  endfacet
  facet normal -1 0 0
    outer loop
      vertex 17.482457998394967 22.129398003220558 1.65
      vertex 17.482457998394967 22.129398003220558 2
      vertex 17.482457998394967 22.851460002362728 1.65
    endloop
  endfacet
  facet normal 0 -1 0
    outer loop
      vertex 17.24972000271082 22.851460002362728 1.65
      vertex 17.482457998394967 22.851460002362728 1.65
      vertex 17.482457998394967 22.851460002362728 2
    endloop
  endfacet
  facet normal 1 0 0
    outer loop
      vertex 17.24972000271082 23.172352001070976 1.65
      vertex 17.24972000271082 23.45729599893093 1.65
      vertex 17.24972000271082 23.45729599893093 2
    endloop
  endfacet
  facet normal 0 1 0
    outer loop
      vertex 17.24972000271082 23.172352001070976 1.65
      vertex 17.24972000271082 23.172352001070976 2
      vertex 19.351775999367238 23.172352001070976 1.65
    endloop
  endfacet
  facet normal 0 -1 0
    outer loop
      vertex 17.24972000271082 23.45729599893093 1.65
      vertex 19.11903800368309 23.45729599893093 1.65
      vertex 17.24972000271082 23.45729599893093 2
    endloop
  endfacet
  facet normal -1 0 0
    outer loop
      vertex 17.482457998394967 22.851460002362728 1.65
      vertex 17.482457998394967 22.129398003220558 2
      vertex 17.482457998394967 22.851460002362728 2
    endloop
  endfacet
  facet normal 0 -1 0
    outer loop
      vertex 17.24972000271082 22.851460002362728 1.65
      vertex 17.482457998394967 22.851460002362728 2
      vertex 17.24972000271082 22.851460002362728 2
    endloop
  endfacet
  facet normal 1 0 0
    outer loop
      vertex 17.24972000271082 23.172352001070976 1.65
      vertex 17.24972000271082 23.45729599893093 2
      vertex 17.24972000271082 23.172352001070976 2
    endloop
  endfacet
  facet normal 0.8239759111781871 0.5666248298460599 0
    outer loop
      vertex 17.24972000271082 25.411753997206688 1.65
      vertex 17.24972000271082 25.411753997206688 2
      vertex 17.59135800153017 24.914949998259544 1.65
    endloop
  endfacet
  facet normal 1 0 0
    outer loop
      vertex 17.24972000271082 25.411753997206688 1.65
      vertex 17.24972000271082 25.659408003091812 1.65
      vertex 17.24972000271082 25.659408003091812 2
    endloop
  endfacet
  facet normal 0 1 0
    outer loop
      vertex 17.59135800153017 24.914949998259544 1.65
      vertex 17.59135800153017 24.914949998259544 2
      vertex 17.844973999261857 24.914949998259544 1.65
    endloop
  endfacet
  facet normal -0.8139094007799358 -0.5809918134724842 0
    outer loop
      vertex 17.506327997148038 25.38935799896717 1.65
      vertex 17.844973999261857 24.914949998259544 1.65
      vertex 17.844973999261857 24.914949998259544 2
    endloop
  endfacet
  facet normal 0 1 0
    outer loop
      vertex 17.506327997148038 25.38935799896717 1.65
      vertex 17.506327997148038 25.38935799896717 2
      vertex 19.12352600246668 25.38935799896717 1.65
    endloop
  endfacet
  facet normal 1 0 0
    outer loop
      vertex 17.24972000271082 25.411753997206688 1.65
      vertex 17.24972000271082 25.659408003091812 2
      vertex 17.24972000271082 25.411753997206688 2
    endloop
  endfacet
  facet normal 0.8239759111781871 0.5666248298460599 0
    outer loop
      vertex 17.59135800153017 24.914949998259544 1.65
      vertex 17.24972000271082 25.411753997206688 2
      vertex 17.59135800153017 24.914949998259544 2
    endloop
  endfacet
  facet normal 0 1 0
    outer loop
      vertex 17.844973999261857 24.914949998259544 1.65
      vertex 17.59135800153017 24.914949998259544 2
      vertex 17.844973999261857 24.914949998259544 2
    endloop
  endfacet
  facet normal -0.8139094007799358 -0.5809918134724842 0
    outer loop
      vertex 17.506327997148038 25.38935799896717 1.65
      vertex 17.844973999261857 24.914949998259544 2
      vertex 17.506327997148038 25.38935799896717 2
    endloop
  endfacet
  facet normal 0 -1 0
    outer loop
      vertex 17.24972000271082 25.659408003091812 1.65
      vertex 18.889300252497197 25.659408003091812 2
      vertex 17.24972000271082 25.659408003091812 2
    endloop
  endfacet
  facet normal 0 0 1
    outer loop
      vertex 17.73756999820471 27.17978399991989 1.65
      vertex 18.78785000294447 27.821281999349594 1.65
      vertex 17.73756999820471 27.466223999857903 1.65
    endloop
  endfacet
  facet normal 0 0 1
    outer loop
      vertex 17.73756999820471 28.401620000600815 1.65
      vertex 18.7908199980855 28.034616000950336 1.65
      vertex 17.73756999820471 28.68656399846077 1.65
    endloop
  endfacet
  facet normal 0 0 1
    outer loop
      vertex 17.320651124417783 29.159604221582413 1.65
      vertex 17.512487608194352 29.29999390244484 1.65
      vertex 17.29668414145708 29.200154520571232 1.65
    endloop
  endfacet
  facet normal 0 0 1
    outer loop
      vertex 17.243956777453423 29.336370706558228 1.65
      vertex 17.258336971700192 29.28853776305914 1.65
      vertex 17.46600837558508 29.382108062505722 1.65
    endloop
  endfacet
  facet normal 0 0 1
    outer loop
      vertex 17.258336971700192 29.28853776305914 1.65
      vertex 17.275912757217885 29.24313236773014 1.65
      vertex 17.479117903113366 29.35308602452278 1.65
    endloop
  endfacet
  facet normal 0 0 1
    outer loop
      vertex 17.275912757217885 29.24313236773014 1.65
      vertex 17.29668414145708 29.200154520571232 1.65
      vertex 17.494610983133317 29.325714640319347 1.65
    endloop
  endfacet
  facet normal 0 0 1
    outer loop
      vertex 17.448475028574467 29.021678544580936 1.65
      vertex 17.48841999769211 28.993266001343727 1.65
      vertex 17.60782961845398 29.213617481291294 1.65
    endloop
  endfacet
  facet normal 0 0 1
    outer loop
      vertex 17.320651124417783 29.159604221582413 1.65
      vertex 17.347813706099988 29.121481478214264 1.65
      vertex 17.512487608194352 29.29999390244484 1.65
    endloop
  endfacet
  facet normal 0 0 1
    outer loop
      vertex 17.347813706099988 29.121481478214264 1.65
      vertex 17.378171879053117 29.085786283016205 1.65
      vertex 17.532747785747052 29.27592382580042 1.65
    endloop
  endfacet
  facet normal 0 0 1
    outer loop
      vertex 17.378171879053117 29.085786283016205 1.65
      vertex 17.41172565817833 29.052518635988235 1.65
      vertex 17.555391515791417 29.253504388034344 1.65
    endloop
  endfacet
  facet normal 0 0 1
    outer loop
      vertex 17.258336971700192 29.28853776305914 1.65
      vertex 17.479117903113366 29.35308602452278 1.65
      vertex 17.46600837558508 29.382108062505722 1.65
    endloop
  endfacet
  facet normal 0 0 1
    outer loop
      vertex 17.275912757217885 29.24313236773014 1.65
      vertex 17.494610983133317 29.325714640319347 1.65
      vertex 17.479117903113366 29.35308602452278 1.65
    endloop
  endfacet
  facet normal 0 0 1
    outer loop
      vertex 17.29668414145708 29.200154520571232 1.65
      vertex 17.512487608194352 29.29999390244484 1.65
      vertex 17.494610983133317 29.325714640319347 1.65
    endloop
  endfacet
  facet normal 0 0 1
    outer loop
      vertex 17.347813706099988 29.121481478214264 1.65
      vertex 17.532747785747052 29.27592382580042 1.65
      vertex 17.512487608194352 29.29999390244484 1.65
    endloop
  endfacet
  facet normal 0 0 1
    outer loop
      vertex 17.41172565817833 29.052518635988235 1.65
      vertex 17.448475028574467 29.021678544580936 1.65
      vertex 17.580418790876866 29.232735611498356 1.65
    endloop
  endfacet
  facet normal 0 0 1
    outer loop
      vertex 17.378171879053117 29.085786283016205 1.65
      vertex 17.555391515791417 29.253504388034344 1.65
      vertex 17.532747785747052 29.27592382580042 1.65
    endloop
  endfacet
  facet normal 0 0 1
    outer loop
      vertex 17.41172565817833 29.052518635988235 1.65
      vertex 17.580418790876866 29.232735611498356 1.65
      vertex 17.555391515791417 29.253504388034344 1.65
    endloop
  endfacet
  facet normal 0 0 1
    outer loop
      vertex 17.448475028574467 29.021678544580936 1.65
      vertex 17.60782961845398 29.213617481291294 1.65
      vertex 17.580418790876866 29.232735611498356 1.65
    endloop
  endfacet
  facet normal 0 0 1
    outer loop
      vertex 17.23277218937874 29.386631205677986 1.65
      vertex 17.446939978003503 29.445104084908962 1.65
      vertex 17.22478319257498 29.439319252967834 1.65
    endloop
  endfacet
  facet normal 0 0 1
    outer loop
      vertex 17.22478319257498 29.439319252967834 1.65
      vertex 17.44098110049963 29.479078069329262 1.65
      vertex 17.219989801943303 29.494434848427773 1.65
    endloop
  endfacet
  facet normal 0 0 1
    outer loop
      vertex 17.21839200258255 29.55197799950838 1.65
      vertex 17.219989801943303 29.494434848427773 1.65
      vertex 17.437405775487424 29.514702707529068 1.65
    endloop
  endfacet
  facet normal 0 0 1
    outer loop
      vertex 17.21839200258255 29.55197799950838 1.65
      vertex 17.437423351407052 29.588350377976894 1.65
      vertex 17.2200075045228 29.607975162565708 1.65
    endloop
  endfacet
  facet normal 0 0 1
    outer loop
      vertex 17.2200075045228 29.607975162565708 1.65
      vertex 17.441051396727563 29.62310751527548 1.65
      vertex 17.224854010343552 29.661668173968792 1.65
    endloop
  endfacet
  facet normal 0 0 1
    outer loop
      vertex 17.23277218937874 29.386631205677986 1.65
      vertex 17.243956777453423 29.336370706558228 1.65
      vertex 17.45528240054846 29.41278074681759 1.65
    endloop
  endfacet
  facet normal 0 0 1
    outer loop
      vertex 17.23277218937874 29.386631205677986 1.65
      vertex 17.45528240054846 29.41278074681759 1.65
      vertex 17.446939978003503 29.445104084908962 1.65
    endloop
  endfacet
  facet normal 0 0 1
    outer loop
      vertex 17.219989801943303 29.494434848427773 1.65
      vertex 17.44098110049963 29.479078069329262 1.65
      vertex 17.437405775487424 29.514702707529068 1.65
    endloop
  endfacet
  facet normal 0 0 1
    outer loop
      vertex 17.22478319257498 29.439319252967834 1.65
      vertex 17.446939978003503 29.445104084908962 1.65
      vertex 17.44098110049963 29.479078069329262 1.65
    endloop
  endfacet
  facet normal 0 0 1
    outer loop
      vertex 17.21839200258255 29.55197799950838 1.65
      vertex 17.437405775487424 29.514702707529068 1.65
      vertex 17.43621400296688 29.55197799950838 1.65
    endloop
  endfacet
  facet normal 0 0 1
    outer loop
      vertex 17.21839200258255 29.55197799950838 1.65
      vertex 17.43621400296688 29.55197799950838 1.65
      vertex 17.437423351407052 29.588350377976894 1.65
    endloop
  endfacet
  facet normal 0 0 1
    outer loop
      vertex 17.437423351407052 29.588350377976894 1.65
      vertex 17.441051396727563 29.62310751527548 1.65
      vertex 17.2200075045228 29.607975162565708 1.65
    endloop
  endfacet
  facet normal 0 0 1
    outer loop
      vertex 17.224854010343552 29.661668173968792 1.65
      vertex 17.447098138928414 29.656249411404133 1.65
      vertex 17.232931527495385 29.713057056069374 1.65
    endloop
  endfacet
  facet normal 0 0 1
    outer loop
      vertex 17.232931527495385 29.713057056069374 1.65
      vertex 17.455563585460187 29.687776058912277 1.65
      vertex 17.24424004852772 29.762141786515713 1.65
    endloop
  endfacet
  facet normal 0 0 1
    outer loop
      vertex 17.24424004852772 29.762141786515713 1.65
      vertex 17.4664477288723 29.717687465250492 1.65
      vertex 17.258779573440552 29.80892238020897 1.65
    endloop
  endfacet
  facet normal 0 0 1
    outer loop
      vertex 17.224854010343552 29.661668173968792 1.65
      vertex 17.441051396727563 29.62310751527548 1.65
      vertex 17.447098138928414 29.656249411404133 1.65
    endloop
  endfacet
  facet normal 0 0 1
    outer loop
      vertex 17.232931527495385 29.713057056069374 1.65
      vertex 17.447098138928414 29.656249411404133 1.65
      vertex 17.455563585460187 29.687776058912277 1.65
    endloop
  endfacet
  facet normal 0 0 1
    outer loop
      vertex 17.258779573440552 29.80892238020897 1.65
      vertex 17.479750569164754 29.745983630418777 1.65
      vertex 17.276550109684468 29.853398829698563 1.65
    endloop
  endfacet
  facet normal 0 0 1
    outer loop
      vertex 17.276550109684468 29.853398829698563 1.65
      vertex 17.479750569164754 29.745983630418777 1.65
      vertex 17.297551642358304 29.895571134984493 1.65
    endloop
  endfacet
  facet normal 0 0 1
    outer loop
      vertex 17.297551642358304 29.895571134984493 1.65
      vertex 17.495472106337548 29.772664554417133 1.65
      vertex 17.32178418636322 29.93543930351734 1.65
    endloop
  endfacet
  facet normal 0 0 1
    outer loop
      vertex 17.243956777453423 29.336370706558228 1.65
      vertex 17.46600837558508 29.382108062505722 1.65
      vertex 17.45528240054846 29.41278074681759 1.65
    endloop
  endfacet
  facet normal 0 0 1
    outer loop
      vertex 17.24424004852772 29.762141786515713 1.65
      vertex 17.455563585460187 29.687776058912277 1.65
      vertex 17.4664477288723 29.717687465250492 1.65
    endloop
  endfacet
  facet normal 0 0 1
    outer loop
      vertex 17.258779573440552 29.80892238020897 1.65
      vertex 17.4664477288723 29.717687465250492 1.65
      vertex 17.479750569164754 29.745983630418777 1.65
    endloop
  endfacet
  facet normal 0 0 1
    outer loop
      vertex 17.297551642358304 29.895571134984493 1.65
      vertex 17.479750569164754 29.745983630418777 1.65
      vertex 17.495472106337548 29.772664554417133 1.65
    endloop
  endfacet
  facet normal 0 0 1
    outer loop
      vertex 17.32178418636322 29.93543930351734 1.65
      vertex 17.513612340390683 29.79773023724556 1.65
      vertex 17.34924774169922 29.973003327846527 1.65
    endloop
  endfacet
  facet normal 0 0 1
    outer loop
      vertex 17.32178418636322 29.93543930351734 1.65
      vertex 17.495472106337548 29.772664554417133 1.65
      vertex 17.513612340390683 29.79773023724556 1.65
    endloop
  endfacet
  facet normal 0 0 1
    outer loop
      vertex 17.34924774169922 29.973003327846527 1.65
      vertex 17.513612340390683 29.79773023724556 1.65
      vertex 17.53417127877474 29.821180671453476 1.65
    endloop
  endfacet
  facet normal 0 0 1
    outer loop
      vertex 17.379942293465138 30.00826320797205 1.65
      vertex 17.53417127877474 29.821180671453476 1.65
      vertex 17.557148914039136 29.843015871942043 1.65
    endloop
  endfacet
  facet normal 0 0 1
    outer loop
      vertex 17.34924774169922 29.973003327846527 1.65
      vertex 17.53417127877474 29.821180671453476 1.65
      vertex 17.379942293465138 30.00826320797205 1.65
    endloop
  endfacet
  facet normal 0 0 1
    outer loop
      vertex 17.379942293465138 30.00826320797205 1.65
      vertex 17.557148914039136 29.843015871942043 1.65
      vertex 17.41386785656214 30.04121894389391 1.65
    endloop
  endfacet
  facet normal 0 0 1
    outer loop
      vertex 17.41386785656214 30.04121894389391 1.65
      vertex 17.582545246183873 29.8632358238101 1.65
      vertex 17.45102442353964 30.071870543062687 1.65
    endloop
  endfacet
  facet normal 0 0 1
    outer loop
      vertex 17.41386785656214 30.04121894389391 1.65
      vertex 17.557148914039136 29.843015871942043 1.65
      vertex 17.582545246183873 29.8632358238101 1.65
    endloop
  endfacet
  facet normal 0 0 1
    outer loop
      vertex 17.45102442353964 30.071870543062687 1.65
      vertex 17.582545246183873 29.8632358238101 1.65
      vertex 17.61036027520895 29.88184053450823 1.65
    endloop
  endfacet
  facet normal 0 0 1
    outer loop
      vertex 17.45102442353964 30.071870543062687 1.65
      vertex 17.61036027520895 29.88184053450823 1.65
      vertex 17.49141200184822 30.1002179980278 1.65
    endloop
  endfacet
  facet normal 0 0 1
    outer loop
      vertex 17.48841999769211 28.993266001343727 1.65
      vertex 17.531569416821004 28.967113338410854 1.65
      vertex 17.63762399852276 29.19614999741316 1.65
    endloop
  endfacet
  facet normal 0 0 1
    outer loop
      vertex 17.531569416821004 28.967113338410854 1.65
      vertex 17.57793214470148 28.943052887916565 1.65
      vertex 17.670142862200738 29.18015118688345 1.65
    endloop
  endfacet
  facet normal 0 0 1
    outer loop
      vertex 17.57793214470148 28.943052887916565 1.65
      vertex 17.62750816643238 28.92108464986086 1.65
      vertex 17.705733920633794 29.165432274341583 1.65
    endloop
  endfacet
  facet normal 0 0 1
    outer loop
      vertex 17.62750816643238 28.92108464986086 1.65
      vertex 17.680297489464284 28.901208624243736 1.65
      vertex 17.744397158920766 29.15199326723814 1.65
    endloop
  endfacet
  facet normal 0 0 1
    outer loop
      vertex 17.62750816643238 28.92108464986086 1.65
      vertex 17.744397158920766 29.15199326723814 1.65
      vertex 17.705733920633794 29.165432274341583 1.65
    endloop
  endfacet
  facet normal 0 0 1
    outer loop
      vertex 17.48841999769211 28.993266001343727 1.65
      vertex 17.63762399852276 29.19614999741316 1.65
      vertex 17.60782961845398 29.213617481291294 1.65
    endloop
  endfacet
  facet normal 0 0 1
    outer loop
      vertex 17.531569416821004 28.967113338410854 1.65
      vertex 17.670142862200738 29.18015118688345 1.65
      vertex 17.63762399852276 29.19614999741316 1.65
    endloop
  endfacet
  facet normal 0 0 1
    outer loop
      vertex 17.57793214470148 28.943052887916565 1.65
      vertex 17.705733920633794 29.165432274341583 1.65
      vertex 17.670142862200738 29.18015118688345 1.65
    endloop
  endfacet
  facet normal 0 0 1
    outer loop
      vertex 17.680297489464284 28.901208624243736 1.65
      vertex 17.73630012124777 28.883424818515778 1.65
      vertex 17.786132591962815 29.13983416557312 1.65
    endloop
  endfacet
  facet normal 0 0 1
    outer loop
      vertex 17.680297489464284 28.901208624243736 1.65
      vertex 17.786132591962815 29.13983416557312 1.65
      vertex 17.744397158920766 29.15199326723814 1.65
    endloop
  endfacet
  facet normal 0 0 1
    outer loop
      vertex 17.73630012124777 28.883424818515778 1.65
      vertex 17.795516046881676 28.86773321777582 1.65
      vertex 17.83094021230936 29.128954969346523 1.65
    endloop
  endfacet
  facet normal 0 0 1
    outer loop
      vertex 17.73630012124777 28.883424818515778 1.65
      vertex 17.83094021230936 29.128954969346523 1.65
      vertex 17.786132591962815 29.13983416557312 1.65
    endloop
  endfacet
  facet normal 0 0 1
    outer loop
      vertex 17.795516046881676 28.86773321777582 1.65
      vertex 17.857945281267167 28.85413383692503 1.65
      vertex 17.878820019960404 29.11935567855835 1.65
    endloop
  endfacet
  facet normal 0 0 1
    outer loop
      vertex 17.795516046881676 28.86773321777582 1.65
      vertex 17.878820019960404 29.11935567855835 1.65
      vertex 17.83094021230936 29.128954969346523 1.65
    endloop
  endfacet
  facet normal 0 0 1
    outer loop
      vertex 17.857945281267167 28.85413383692503 1.65
      vertex 17.92358780950308 28.84262666106224 1.65
      vertex 17.929772022366524 29.1110362932086 1.65
    endloop
  endfacet
  facet normal 0 0 1
    outer loop
      vertex 17.857945281267167 28.85413383692503 1.65
      vertex 17.929772022366524 29.1110362932086 1.65
      vertex 17.878820019960404 29.11935567855835 1.65
    endloop
  endfacet
  facet normal 0 0 1
    outer loop
      vertex 17.92358780950308 28.84262666106224 1.65
      vertex 17.98379621207714 29.10399681329727 1.65
      vertex 17.929772022366524 29.1110362932086 1.65
    endloop
  endfacet
  facet normal 0 0 1
    outer loop
      vertex 17.92358780950308 28.84262666106224 1.65
      vertex 17.992443646490575 28.833211705088615 1.65
      vertex 17.98379621207714 29.10399681329727 1.65
    endloop
  endfacet
  facet normal 0 0 1
    outer loop
      vertex 17.992443646490575 28.833211705088615 1.65
      vertex 18.064512784779073 28.825888961553574 1.65
      vertex 18.040892589092255 29.098237246274948 1.65
    endloop
  endfacet
  facet normal 0 0 1
    outer loop
      vertex 17.992443646490575 28.833211705088615 1.65
      vertex 18.040892589092255 29.098237246274948 1.65
      vertex 17.98379621207714 29.10399681329727 1.65
    endloop
  endfacet
  facet normal 0 0 1
    outer loop
      vertex 18.064512784779073 28.825888961553574 1.65
      vertex 18.139795216917992 28.820658423006535 1.65
      vertex 18.101061160862447 29.093757577240467 1.65
    endloop
  endfacet
  facet normal 0 0 1
    outer loop
      vertex 18.040892589092255 29.098237246274948 1.65
      vertex 18.064512784779073 28.825888961553574 1.65
      vertex 18.101061160862447 29.093757577240467 1.65
    endloop
  endfacet
  facet normal 0 0 1
    outer loop
      vertex 18.139795216917992 28.820658423006535 1.65
      vertex 18.218290957808495 28.81752010434866 1.65
      vertex 18.164301919937134 29.09055781364441 1.65
    endloop
  endfacet
  facet normal 0 0 1
    outer loop
      vertex 18.101061160862447 29.093757577240467 1.65
      vertex 18.139795216917992 28.820658423006535 1.65
      vertex 18.164301919937134 29.09055781364441 1.65
    endloop
  endfacet
  facet normal 0 0 1
    outer loop
      vertex 17.49141200184822 30.1002179980278 1.65
      vertex 17.61036027520895 29.88184053450823 1.65
      vertex 17.64059400111437 29.898829996585846 1.65
    endloop
  endfacet
  facet normal 0 0 1
    outer loop
      vertex 17.49141200184822 30.1002179980278 1.65
      vertex 17.64059400111437 29.898829996585846 1.65
      vertex 17.53496548831463 30.126370660960674 1.65
    endloop
  endfacet
  facet normal 0 0 1
    outer loop
      vertex 17.53496548831463 30.126370660960674 1.65
      vertex 17.64059400111437 29.898829996585846 1.65
      vertex 17.67352018803358 29.914389468729496 1.65
    endloop
  endfacet
  facet normal 0 0 1
    outer loop
      vertex 17.53496548831463 30.126370660960674 1.65
      vertex 17.67352018803358 29.914389468729496 1.65
      vertex 17.58162658214569 30.150431111454964 1.65
    endloop
  endfacet
  facet normal 0 0 1
    outer loop
      vertex 17.58162658214569 30.150431111454964 1.65
      vertex 17.67352018803358 29.914389468729496 1.65
      vertex 17.70941260010004 29.9287041798234 1.65
    endloop
  endfacet
  facet normal 0 0 1
    outer loop
      vertex 17.631395268440247 30.17239934951067 1.65
      vertex 17.70941260010004 29.9287041798234 1.65
      vertex 17.74827124476433 29.941774129867554 1.65
    endloop
  endfacet
  facet normal 0 0 1
    outer loop
      vertex 17.58162658214569 30.150431111454964 1.65
      vertex 17.70941260010004 29.9287041798234 1.65
      vertex 17.631395268440247 30.17239934951067 1.65
    endloop
  endfacet
  facet normal 0 0 1
    outer loop
      vertex 17.631395268440247 30.17239934951067 1.65
      vertex 17.74827124476433 29.941774129867554 1.65
      vertex 17.684271547198296 30.192275375127792 1.65
    endloop
  endfacet
  facet normal 0 0 1
    outer loop
      vertex 17.684271547198296 30.192275375127792 1.65
      vertex 17.74827124476433 29.941774129867554 1.65
      vertex 17.790096107125283 29.953599326312542 1.65
    endloop
  endfacet
  facet normal 0 0 1
    outer loop
      vertex 17.740255433321 30.21005918085575 1.65
      vertex 17.790096107125283 29.953599326312542 1.65
      vertex 17.834887194633485 29.964179761707783 1.65
    endloop
  endfacet
  facet normal 0 0 1
    outer loop
      vertex 17.684271547198296 30.192275375127792 1.65
      vertex 17.790096107125283 29.953599326312542 1.65
      vertex 17.740255433321 30.21005918085575 1.65
    endloop
  endfacet
  facet normal 0 0 1
    outer loop
      vertex 17.740255433321 30.21005918085575 1.65
      vertex 17.834887194633485 29.964179761707783 1.65
      vertex 17.799346911907197 30.225750781595707 1.65
    endloop
  endfacet
  facet normal 0 0 1
    outer loop
      vertex 17.799346911907197 30.225750781595707 1.65
      vertex 17.834887194633485 29.964179761707783 1.65
      vertex 17.882644507288934 29.973515443503857 1.65
    endloop
  endfacet
  facet normal 0 0 1
    outer loop
      vertex 17.799346911907197 30.225750781595707 1.65
      vertex 17.882644507288934 29.973515443503857 1.65
      vertex 17.861545990407468 30.2393501624465 1.65
    endloop
  endfacet
  facet normal 0 0 1
    outer loop
      vertex 17.882644507288934 29.973515443503857 1.65
      vertex 17.93336804509163 29.981606364250183 1.65
      vertex 17.861545990407468 30.2393501624465 1.65
    endloop
  endfacet
  facet normal 0 0 1
    outer loop
      vertex 17.861545990407468 30.2393501624465 1.65
      vertex 17.93336804509163 29.981606364250183 1.65
      vertex 17.926852661371232 30.250857338309288 1.65
    endloop
  endfacet
  facet normal 0 0 1
    outer loop
      vertex 17.93336804509163 29.981606364250183 1.65
      vertex 17.987057808041573 29.988452531397343 1.65
      vertex 17.926852661371232 30.250857338309288 1.65
    endloop
  endfacet
  facet normal 0 0 1
    outer loop
      vertex 17.926852661371232 30.250857338309288 1.65
      vertex 17.987057808041573 29.988452531397343 1.65
      vertex 17.99526693224907 30.260272294282913 1.65
    endloop
  endfacet
  facet normal 0 0 1
    outer loop
      vertex 17.987057808041573 29.988452531397343 1.65
      vertex 18.043713796138764 29.994053937494755 1.65
      vertex 17.99526693224907 30.260272294282913 1.65
    endloop
  endfacet
  facet normal 0 0 1
    outer loop
      vertex 17.99526693224907 30.260272294282913 1.65
      vertex 18.043713796138764 29.994053937494755 1.65
      vertex 18.066788803040982 30.267595037817955 1.65
    endloop
  endfacet
  facet normal 0 0 1
    outer loop
      vertex 18.043713796138764 29.994053937494755 1.65
      vertex 18.103336009383202 29.998410589993 1.65
      vertex 18.066788803040982 30.267595037817955 1.65
    endloop
  endfacet
  facet normal 0 0 1
    outer loop
      vertex 18.066788803040982 30.267595037817955 1.65
      vertex 18.103336009383202 29.998410589993 1.65
      vertex 18.141418273746968 30.272825576364994 1.65
    endloop
  endfacet
  facet normal 0 0 1
    outer loop
      vertex 18.103336009383202 29.998410589993 1.65
      vertex 18.165924447774888 30.00152248889208 1.65
      vertex 18.141418273746968 30.272825576364994 1.65
    endloop
  endfacet
  facet normal 0 0 1
    outer loop
      vertex 18.141418273746968 30.272825576364994 1.65
      vertex 18.165924447774888 30.00152248889208 1.65
      vertex 18.219155336916447 30.27596389502287 1.65
    endloop
  endfacet
  facet normal 1 0 0
    outer loop
      vertex 17.73756999820471 27.17978399991989 1.65
      vertex 17.73756999820471 27.466223999857903 1.65
      vertex 17.73756999820471 27.466223999857903 2
    endloop
  endfacet
  facet normal 1 0 0
    outer loop
      vertex 17.73756999820471 28.401620000600815 1.65
      vertex 17.73756999820471 28.68656399846077 1.65
      vertex 17.73756999820471 28.68656399846077 2
    endloop
  endfacet
  facet normal 0.3290453874202047 0.9443141071791141 0
    outer loop
      vertex 17.73756999820471 28.401620000600815 1.65
      vertex 17.73756999820471 28.401620000600815 2
      vertex 18.7908199980855 28.034616000950336 1.65
    endloop
  endfacet
  facet normal 1 0 0
    outer loop
      vertex 17.73756999820471 27.17978399991989 1.65
      vertex 17.73756999820471 27.466223999857903 2
      vertex 17.73756999820471 27.17978399991989 2
    endloop
  endfacet
  facet normal 0.32025513681565476 -0.9473313292313236 0
    outer loop
      vertex 17.73756999820471 27.466223999857903 1.65
      vertex 18.78785000294447 27.821281999349594 2
      vertex 17.73756999820471 27.466223999857903 2
    endloop
  endfacet
  facet normal 1 0 0
    outer loop
      vertex 17.73756999820471 28.401620000600815 1.65
      vertex 17.73756999820471 28.68656399846077 2
      vertex 17.73756999820471 28.401620000600815 2
    endloop
  endfacet
  facet normal 0.9962394490772511 0.08664271522900906 0
    outer loop
      vertex 17.22478319257498 29.439319252967834 1.65
      vertex 17.219989801943303 29.494434848427773 1.65
      vertex 17.219989801943303 29.494434848427773 2
    endloop
  endfacet
  facet normal 0.9996147202653374 0.027756279088730518 0
    outer loop
      vertex 17.21839200258255 29.55197799950838 1.65
      vertex 17.21839200258255 29.55197799950838 2
      vertex 17.219989801943303 29.494434848427773 1.65
    endloop
  endfacet
  facet normal 0.9995841066982669 -0.02883771204911439 0
    outer loop
      vertex 17.21839200258255 29.55197799950838 1.65
      vertex 17.2200075045228 29.607975162565708 1.65
      vertex 17.2200075045228 29.607975162565708 2
    endloop
  endfacet
  facet normal 0.9959509977324551 -0.08989777592202758 0
    outer loop
      vertex 17.2200075045228 29.607975162565708 1.65
      vertex 17.224854010343552 29.661668173968792 1.65
      vertex 17.224854010343552 29.661668173968792 2
    endloop
  endfacet
  facet normal 0.8608759170601431 0.5088149520462794 0
    outer loop
      vertex 17.320651124417783 29.159604221582413 1.65
      vertex 17.29668414145708 29.200154520571232 1.65
      vertex 17.29668414145708 29.200154520571232 2
    endloop
  endfacet
  facet normal 0.9325715315504205 0.3609852331352394 0
    outer loop
      vertex 17.258336971700192 29.28853776305914 1.65
      vertex 17.258336971700192 29.28853776305914 2
      vertex 17.275912757217885 29.24313236773014 1.65
    endloop
  endfacet
  facet normal 0.9576590983361171 0.28790458727511636 0
    outer loop
      vertex 17.243956777453423 29.336370706558228 1.65
      vertex 17.243956777453423 29.336370706558228 2
      vertex 17.258336971700192 29.28853776305914 1.65
    endloop
  endfacet
  facet normal 0.9003591460612634 0.43514757049055525 0
    outer loop
      vertex 17.275912757217885 29.24313236773014 1.65
      vertex 17.275912757217885 29.24313236773014 2
      vertex 17.29668414145708 29.200154520571232 1.65
    endloop
  endfacet
  facet normal 0.8144194742419809 0.5802765892015768 0
    outer loop
      vertex 17.320651124417783 29.159604221582413 1.65
      vertex 17.320651124417783 29.159604221582413 2
      vertex 17.347813706099988 29.121481478214264 1.65
    endloop
  endfacet
  facet normal 0.761757555146344 0.6478621976759136 0
    outer loop
      vertex 17.347813706099988 29.121481478214264 1.65
      vertex 17.347813706099988 29.121481478214264 2
      vertex 17.378171879053117 29.085786283016205 1.65
    endloop
  endfacet
  facet normal 0.7040724659807717 0.7101281311480029 0
    outer loop
      vertex 17.378171879053117 29.085786283016205 1.65
      vertex 17.378171879053117 29.085786283016205 2
      vertex 17.41172565817833 29.052518635988235 1.65
    endloop
  endfacet
  facet normal 0.6428329672825098 0.7660063812885396 0
    outer loop
      vertex 17.41172565817833 29.052518635988235 1.65
      vertex 17.41172565817833 29.052518635988235 2
      vertex 17.448475028574467 29.021678544580936 1.65
    endloop
  endfacet
  facet normal 0.5796217655631746 0.8148856415997452 0
    outer loop
      vertex 17.448475028574467 29.021678544580936 1.65
      vertex 17.448475028574467 29.021678544580936 2
      vertex 17.48841999769211 28.993266001343727 1.65
    endloop
  endfacet
  facet normal 0.5183234558767171 0.8551846555499092 0
    outer loop
      vertex 17.48841999769211 28.993266001343727 1.65
      vertex 17.48841999769211 28.993266001343727 2
      vertex 17.531569416821004 28.967113338410854 1.65
    endloop
  endfacet
  facet normal 0.4606267044260693 0.8875939607554676 0
    outer loop
      vertex 17.531569416821004 28.967113338410854 1.65
      vertex 17.531569416821004 28.967113338410854 2
      vertex 17.57793214470148 28.943052887916565 1.65
    endloop
  endfacet
  facet normal -0.8211455203307715 -0.5707188751396841 0
    outer loop
      vertex 17.494610983133317 29.325714640319347 1.65
      vertex 17.512487608194352 29.29999390244484 1.65
      vertex 17.512487608194352 29.29999390244484 2
    endloop
  endfacet
  facet normal -0.87025898570825 -0.49259445570778376 0
    outer loop
      vertex 17.479117903113366 29.35308602452278 1.65
      vertex 17.494610983133317 29.325714640319347 1.65
      vertex 17.494610983133317 29.325714640319347 2
    endloop
  endfacet
  facet normal -0.7650577709958273 -0.6439616502858662 0
    outer loop
      vertex 17.512487608194352 29.29999390244484 1.65
      vertex 17.532747785747052 29.27592382580042 1.65
      vertex 17.532747785747052 29.27592382580042 2
    endloop
  endfacet
  facet normal -0.7035785934859529 -0.71061745178987 0
    outer loop
      vertex 17.532747785747052 29.27592382580042 1.65
      vertex 17.555391515791417 29.253504388034344 1.65
      vertex 17.555391515791417 29.253504388034344 2
    endloop
  endfacet
  facet normal 0.9761229070459833 0.2172189456288264 0
    outer loop
      vertex 17.23277218937874 29.386631205677986 1.65
      vertex 17.23277218937874 29.386631205677986 2
      vertex 17.243956777453423 29.336370706558228 1.65
    endloop
  endfacet
  facet normal 0.9886989348168045 0.14991469671822089 0
    outer loop
      vertex 17.23277218937874 29.386631205677986 1.65
      vertex 17.22478319257498 29.439319252967834 1.65
      vertex 17.22478319257498 29.439319252967834 2
    endloop
  endfacet
  facet normal 0.9878708706776858 -0.15527763157168192 0
    outer loop
      vertex 17.224854010343552 29.661668173968792 1.65
      vertex 17.232931527495385 29.713057056069374 1.65
      vertex 17.232931527495385 29.713057056069374 2
    endloop
  endfacet
  facet normal 0.9744725791344954 -0.22450655338979428 0
    outer loop
      vertex 17.232931527495385 29.713057056069374 1.65
      vertex 17.24424004852772 29.762141786515713 1.65
      vertex 17.24424004852772 29.762141786515713 2
    endloop
  endfacet
  facet normal 0.954940336656796 -0.2967978325827281 0
    outer loop
      vertex 17.24424004852772 29.762141786515713 1.65
      vertex 17.258779573440552 29.80892238020897 1.65
      vertex 17.258779573440552 29.80892238020897 2
    endloop
  endfacet
  facet normal 0.9286209270139155 -0.3710298827747114 0
    outer loop
      vertex 17.258779573440552 29.80892238020897 1.65
      vertex 17.276550109684468 29.853398829698563 1.65
      vertex 17.276550109684468 29.853398829698563 2
    endloop
  endfacet
  facet normal 0.8951444902796941 -0.4457761114302859 0
    outer loop
      vertex 17.276550109684468 29.853398829698563 1.65
      vertex 17.297551642358304 29.895571134984493 1.65
      vertex 17.297551642358304 29.895571134984493 2
    endloop
  endfacet
  facet normal -0.9439491393226391 -0.33009093046015164 0
    outer loop
      vertex 17.46600837558508 29.382108062505722 1.65
      vertex 17.46600837558508 29.382108062505722 2
      vertex 17.45528240054846 29.41278074681759 1.65
    endloop
  endfacet
  facet normal -0.9682706847788854 -0.24990374346501568 0
    outer loop
      vertex 17.446939978003503 29.445104084908962 1.65
      vertex 17.45528240054846 29.41278074681759 1.65
      vertex 17.45528240054846 29.41278074681759 2
    endloop
  endfacet
  facet normal -0.9849642804932089 -0.17275811457785517 0
    outer loop
      vertex 17.44098110049963 29.479078069329262 1.65
      vertex 17.446939978003503 29.445104084908962 1.65
      vertex 17.446939978003503 29.445104084908962 2
    endloop
  endfacet
  facet normal -0.9950015608011251 -0.0998593711342351 0
    outer loop
      vertex 17.44098110049963 29.479078069329262 1.65
      vertex 17.44098110049963 29.479078069329262 2
      vertex 17.437405775487424 29.514702707529068 1.65
    endloop
  endfacet
  facet normal -0.9994892812193165 -0.03195585592179064 0
    outer loop
      vertex 17.437405775487424 29.514702707529068 1.65
      vertex 17.437405775487424 29.514702707529068 2
      vertex 17.43621400296688 29.55197799950838 1.65
    endloop
  endfacet
  facet normal -0.9994477069268813 0.03323072552019425 0
    outer loop
      vertex 17.43621400296688 29.55197799950838 1.65
      vertex 17.43621400296688 29.55197799950838 2
      vertex 17.437423351407052 29.588350377976894 1.65
    endloop
  endfacet
  facet normal -0.9945962401728404 0.1038186834536509 0
    outer loop
      vertex 17.437423351407052 29.588350377976894 1.65
      vertex 17.437423351407052 29.588350377976894 2
      vertex 17.441051396727563 29.62310751527548 1.65
    endloop
  endfacet
  facet normal -0.9113376073684739 -0.41165976897907475 0
    outer loop
      vertex 17.46600837558508 29.382108062505722 1.65
      vertex 17.479117903113366 29.35308602452278 1.65
      vertex 17.479117903113366 29.35308602452278 2
    endloop
  endfacet
  facet normal -0.9837603149359796 0.17948716599540543 0
    outer loop
      vertex 17.441051396727563 29.62310751527548 1.65
      vertex 17.441051396727563 29.62310751527548 2
      vertex 17.447098138928414 29.656249411404133 1.65
    endloop
  endfacet
  facet normal -0.965788551352825 0.25933081975694944 0
    outer loop
      vertex 17.447098138928414 29.656249411404133 1.65
      vertex 17.447098138928414 29.656249411404133 2
      vertex 17.455563585460187 29.687776058912277 1.65
    endloop
  endfacet
  facet normal -0.9397200634527492 0.3419447358044297 0
    outer loop
      vertex 17.455563585460187 29.687776058912277 1.65
      vertex 17.455563585460187 29.687776058912277 2
      vertex 17.4664477288723 29.717687465250492 1.65
    endloop
  endfacet
  facet normal -0.9049788482476284 0.4254565597383546 0
    outer loop
      vertex 17.4664477288723 29.717687465250492 1.65
      vertex 17.4664477288723 29.717687465250492 2
      vertex 17.479750569164754 29.745983630418777 1.65
    endloop
  endfacet
  facet normal -0.8615547062701832 0.5076647398664778 0
    outer loop
      vertex 17.479750569164754 29.745983630418777 1.65
      vertex 17.479750569164754 29.745983630418777 2
      vertex 17.495472106337548 29.772664554417133 1.65
    endloop
  endfacet
  facet normal -0.8101075582538447 0.586281284077868 0
    outer loop
      vertex 17.495472106337548 29.772664554417133 1.65
      vertex 17.495472106337548 29.772664554417133 2
      vertex 17.513612340390683 29.79773023724556 1.65
    endloop
  endfacet
  facet normal -0.7519437617909304 0.6592272590720931 0
    outer loop
      vertex 17.513612340390683 29.79773023724556 1.65
      vertex 17.513612340390683 29.79773023724556 2
      vertex 17.53417127877474 29.821180671453476 1.65
    endloop
  endfacet
  facet normal -0.6888563608117666 0.7248978646465786 0
    outer loop
      vertex 17.53417127877474 29.821180671453476 1.65
      vertex 17.53417127877474 29.821180671453476 2
      vertex 17.557148914039136 29.843015871942043 1.65
    endloop
  endfacet
  facet normal 0.8545319174724977 -0.5193988852710182 0
    outer loop
      vertex 17.297551642358304 29.895571134984493 1.65
      vertex 17.32178418636322 29.93543930351734 1.65
      vertex 17.32178418636322 29.93543930351734 2
    endloop
  endfacet
  facet normal 0.807258812759409 -0.5901976018438819 0
    outer loop
      vertex 17.32178418636322 29.93543930351734 1.65
      vertex 17.34924774169922 29.973003327846527 1.65
      vertex 17.34924774169922 29.973003327846527 2
    endloop
  endfacet
  facet normal 0.7542475462655227 -0.6565901605662684 0
    outer loop
      vertex 17.34924774169922 29.973003327846527 1.65
      vertex 17.379942293465138 30.00826320797205 1.65
      vertex 17.379942293465138 30.00826320797205 2
    endloop
  endfacet
  facet normal 0.696779969342066 -0.7172849324526965 0
    outer loop
      vertex 17.379942293465138 30.00826320797205 1.65
      vertex 17.41386785656214 30.04121894389391 1.65
      vertex 17.41386785656214 30.04121894389391 2
    endloop
  endfacet
  facet normal 0.6363512244583346 -0.771399454971533 0
    outer loop
      vertex 17.41386785656214 30.04121894389391 1.65
      vertex 17.45102442353964 30.071870543062687 1.65
      vertex 17.45102442353964 30.071870543062687 2
    endloop
  endfacet
  facet normal 0.5744976449199111 -0.8185062345403826 0
    outer loop
      vertex 17.45102442353964 30.071870543062687 1.65
      vertex 17.49141200184822 30.1002179980278 1.65
      vertex 17.49141200184822 30.1002179980278 2
    endloop
  endfacet
  facet normal 0.514793462725541 -0.8573142310349495 0
    outer loop
      vertex 17.49141200184822 30.1002179980278 1.65
      vertex 17.53496548831463 30.126370660960674 1.65
      vertex 17.53496548831463 30.126370660960674 2
    endloop
  endfacet
  facet normal 0.4051287800386533 0.9142596302934918 0
    outer loop
      vertex 17.57793214470148 28.943052887916565 1.65
      vertex 17.57793214470148 28.943052887916565 2
      vertex 17.62750816643238 28.92108464986086 1.65
    endloop
  endfacet
  facet normal 0.35236699543728733 0.9358619024869527 0
    outer loop
      vertex 17.62750816643238 28.92108464986086 1.65
      vertex 17.62750816643238 28.92108464986086 2
      vertex 17.680297489464284 28.901208624243736 1.65
    endloop
  endfacet
  facet normal 0.30265941035670796 0.9530987783658784 0
    outer loop
      vertex 17.680297489464284 28.901208624243736 1.65
      vertex 17.680297489464284 28.901208624243736 2
      vertex 17.73630012124777 28.883424818515778 1.65
    endloop
  endfacet
  facet normal -0.5720668105223599 -0.8202070252678738 0
    outer loop
      vertex 17.580418790876866 29.232735611498356 1.65
      vertex 17.60782961845398 29.213617481291294 1.65
      vertex 17.60782961845398 29.213617481291294 2
    endloop
  endfacet
  facet normal -0.5057585635920891 -0.8626750693936083 0
    outer loop
      vertex 17.60782961845398 29.213617481291294 1.65
      vertex 17.63762399852276 29.19614999741316 1.65
      vertex 17.63762399852276 29.19614999741316 2
    endloop
  endfacet
  facet normal -0.6385991131419981 -0.7695395848780316 0
    outer loop
      vertex 17.555391515791417 29.253504388034344 1.65
      vertex 17.580418790876866 29.232735611498356 1.65
      vertex 17.580418790876866 29.232735611498356 2
    endloop
  endfacet
  facet normal -0.4414513355381174 -0.8972851934316161 0
    outer loop
      vertex 17.670142862200738 29.18015118688345 1.65
      vertex 17.670142862200738 29.18015118688345 2
      vertex 17.63762399852276 29.19614999741316 1.65
    endloop
  endfacet
  facet normal -0.38216508275295474 -0.9240940696295087 0
    outer loop
      vertex 17.670142862200738 29.18015118688345 1.65
      vertex 17.705733920633794 29.165432274341583 1.65
      vertex 17.705733920633794 29.165432274341583 2
    endloop
  endfacet
  facet normal 0.2561487885485571 0.966637366402265 0
    outer loop
      vertex 17.73630012124777 28.883424818515778 1.65
      vertex 17.73630012124777 28.883424818515778 2
      vertex 17.795516046881676 28.86773321777582 1.65
    endloop
  endfacet
  facet normal 0.21284521301037101 0.9770859303554472 0
    outer loop
      vertex 17.795516046881676 28.86773321777582 1.65
      vertex 17.795516046881676 28.86773321777582 2
      vertex 17.857945281267167 28.85413383692503 1.65
    endloop
  endfacet
  facet normal -0.32832282115778477 -0.9445655748051554 0
    outer loop
      vertex 17.705733920633794 29.165432274341583 1.65
      vertex 17.744397158920766 29.15199326723814 1.65
      vertex 17.744397158920766 29.15199326723814 2
    endloop
  endfacet
  facet normal -0.2797088405306357 -0.9600848736070199 0
    outer loop
      vertex 17.744397158920766 29.15199326723814 1.65
      vertex 17.786132591962815 29.13983416557312 1.65
      vertex 17.786132591962815 29.13983416557312 2
    endloop
  endfacet
  facet normal -0.23594296594178985 -0.971766904572589 0
    outer loop
      vertex 17.786132591962815 29.13983416557312 1.65
      vertex 17.83094021230936 29.128954969346523 1.65
      vertex 17.83094021230936 29.128954969346523 2
    endloop
  endfacet
  facet normal -0.19657547848904885 -0.9804886951193275 0
    outer loop
      vertex 17.83094021230936 29.128954969346523 1.65
      vertex 17.878820019960404 29.11935567855835 1.65
      vertex 17.878820019960404 29.11935567855835 2
    endloop
  endfacet
  facet normal -0.6228692203016878 0.78232597707143 0
    outer loop
      vertex 17.557148914039136 29.843015871942043 1.65
      vertex 17.557148914039136 29.843015871942043 2
      vertex 17.582545246183873 29.8632358238101 1.65
    endloop
  endfacet
  facet normal -0.5559689494499043 0.8312030601769762 0
    outer loop
      vertex 17.582545246183873 29.8632358238101 1.65
      vertex 17.582545246183873 29.8632358238101 2
      vertex 17.61036027520895 29.88184053450823 1.65
    endloop
  endfacet
  facet normal -0.48988863156352946 0.871785024340756 0
    outer loop
      vertex 17.61036027520895 29.88184053450823 1.65
      vertex 17.61036027520895 29.88184053450823 2
      vertex 17.64059400111437 29.898829996585846 1.65
    endloop
  endfacet
  facet normal -0.4272531552722365 0.9041320375420384 0
    outer loop
      vertex 17.64059400111437 29.898829996585846 1.65
      vertex 17.64059400111437 29.898829996585846 2
      vertex 17.67352018803358 29.914389468729496 1.65
    endloop
  endfacet
  facet normal 0.17266762989132328 0.9849801467987632 0
    outer loop
      vertex 17.857945281267167 28.85413383692503 1.65
      vertex 17.857945281267167 28.85413383692503 2
      vertex 17.92358780950308 28.84262666106224 1.65
    endloop
  endfacet
  facet normal 0.13547375635103576 0.9907809350911736 0
    outer loop
      vertex 17.92358780950308 28.84262666106224 1.65
      vertex 17.92358780950308 28.84262666106224 2
      vertex 17.992443646490575 28.833211705088615 1.65
    endloop
  endfacet
  facet normal 0.10108673158373084 0.9948776169447773 0
    outer loop
      vertex 17.992443646490575 28.833211705088615 1.65
      vertex 17.992443646490575 28.833211705088615 2
      vertex 18.064512784779073 28.825888961553574 1.65
    endloop
  endfacet
  facet normal -0.1611449374167549 -0.9869307519501812 0
    outer loop
      vertex 17.878820019960404 29.11935567855835 1.65
      vertex 17.929772022366524 29.1110362932086 1.65
      vertex 17.929772022366524 29.1110362932086 2
    endloop
  endfacet
  facet normal -0.129210076040362 -0.9916172428158174 0
    outer loop
      vertex 17.929772022366524 29.1110362932086 1.65
      vertex 17.98379621207714 29.10399681329727 1.65
      vertex 17.98379621207714 29.10399681329727 2
    endloop
  endfacet
  facet normal -0.10036512619326261 -0.9949506728698717 0
    outer loop
      vertex 17.98379621207714 29.10399681329727 1.65
      vertex 18.040892589092255 29.098237246274948 1.65
      vertex 18.040892589092255 29.098237246274948 2
    endloop
  endfacet
  facet normal 0.06931177962586474 0.9975950467023659 0
    outer loop
      vertex 18.064512784779073 28.825888961553574 1.65
      vertex 18.064512784779073 28.825888961553574 2
      vertex 18.139795216917992 28.820658423006535 1.65
    endloop
  endfacet
  facet normal 0.03994883526398553 0.9992017266603631 0
    outer loop
      vertex 18.139795216917992 28.820658423006535 1.65
      vertex 18.139795216917992 28.820658423006535 2
      vertex 18.218290957808495 28.81752010434866 1.65
    endloop
  endfacet
  facet normal -0.07424648221270382 -0.9972399209212589 0
    outer loop
      vertex 18.040892589092255 29.098237246274948 1.65
      vertex 18.101061160862447 29.093757577240467 1.65
      vertex 18.101061160862447 29.093757577240467 2
    endloop
  endfacet
  facet normal -0.050531900260197334 -0.9987224474577976 0
    outer loop
      vertex 18.101061160862447 29.093757577240467 1.65
      vertex 18.164301919937134 29.09055781364441 1.65
      vertex 18.164301919937134 29.09055781364441 2
    endloop
  endfacet
  facet normal 0.45830153194437107 -0.8887967741938775 0
    outer loop
      vertex 17.53496548831463 30.126370660960674 1.65
      vertex 17.58162658214569 30.150431111454964 1.65
      vertex 17.58162658214569 30.150431111454964 2
    endloop
  endfacet
  facet normal 0.40381660592015683 -0.9148399580162231 0
    outer loop
      vertex 17.58162658214569 30.150431111454964 1.65
      vertex 17.631395268440247 30.17239934951067 1.65
      vertex 17.631395268440247 30.17239934951067 2
    endloop
  endfacet
  facet normal -0.3704478325789271 0.9288532733093936 0
    outer loop
      vertex 17.67352018803358 29.914389468729496 1.65
      vertex 17.67352018803358 29.914389468729496 2
      vertex 17.70941260010004 29.9287041798234 1.65
    endloop
  endfacet
  facet normal 0.351859316635087 -0.9360528944974688 0
    outer loop
      vertex 17.631395268440247 30.17239934951067 1.65
      vertex 17.684271547198296 30.192275375127792 1.65
      vertex 17.684271547198296 30.192275375127792 2
    endloop
  endfacet
  facet normal -0.31879654105240457 0.9478231720173456 0
    outer loop
      vertex 17.70941260010004 29.9287041798234 1.65
      vertex 17.70941260010004 29.9287041798234 2
      vertex 17.74827124476433 29.941774129867554 1.65
    endloop
  endfacet
  facet normal -0.2720662302655302 0.9622785284672538 0
    outer loop
      vertex 17.74827124476433 29.941774129867554 1.65
      vertex 17.74827124476433 29.941774129867554 2
      vertex 17.790096107125283 29.953599326312542 1.65
    endloop
  endfacet
  facet normal -0.22989068635183516 0.9732164570786306 0
    outer loop
      vertex 17.790096107125283 29.953599326312542 1.65
      vertex 17.790096107125283 29.953599326312542 2
      vertex 17.834887194633485 29.964179761707783 1.65
    endloop
  endfacet
  facet normal -0.1918504873199483 0.9814241644238736 0
    outer loop
      vertex 17.834887194633485 29.964179761707783 1.65
      vertex 17.834887194633485 29.964179761707783 2
      vertex 17.882644507288934 29.973515443503857 1.65
    endloop
  endfacet
  facet normal 0.3027514654318114 -0.9530695411033189 0
    outer loop
      vertex 17.684271547198296 30.192275375127792 1.65
      vertex 17.740255433321 30.21005918085575 1.65
      vertex 17.740255433321 30.21005918085575 2
    endloop
  endfacet
  facet normal 0.25665274050790465 -0.9665036837952466 0
    outer loop
      vertex 17.740255433321 30.21005918085575 1.65
      vertex 17.799346911907197 30.225750781595707 1.65
      vertex 17.799346911907197 30.225750781595707 2
    endloop
  endfacet
  facet normal 0.2135969366673872 -0.9769218743821372 0
    outer loop
      vertex 17.799346911907197 30.225750781595707 1.65
      vertex 17.861545990407468 30.2393501624465 1.65
      vertex 17.861545990407468 30.2393501624465 2
    endloop
  endfacet
  facet normal -0.15751885369065127 0.9875159799881638 0
    outer loop
      vertex 17.882644507288934 29.973515443503857 1.65
      vertex 17.882644507288934 29.973515443503857 2
      vertex 17.93336804509163 29.981606364250183 1.65
    endloop
  endfacet
  facet normal -0.12648926346502587 0.9919679764125834 0
    outer loop
      vertex 17.93336804509163 29.981606364250183 1.65
      vertex 17.93336804509163 29.981606364250183 2
      vertex 17.987057808041573 29.988452531397343 1.65
    endloop
  endfacet
  facet normal -0.09838729118056908 0.9951482004878218 0
    outer loop
      vertex 17.987057808041573 29.988452531397343 1.65
      vertex 17.987057808041573 29.988452531397343 2
      vertex 18.043713796138764 29.994053937494755 1.65
    endloop
  endfacet
  facet normal 0.17352894695500015 -0.984828769161771 0
    outer loop
      vertex 17.861545990407468 30.2393501624465 1.65
      vertex 17.926852661371232 30.250857338309288 1.65
      vertex 17.926852661371232 30.250857338309288 2
    endloop
  endfacet
  facet normal 0.13633194380448788 -0.9906632127511801 0
    outer loop
      vertex 17.926852661371232 30.250857338309288 1.65
      vertex 17.99526693224907 30.260272294282913 1.65
      vertex 17.99526693224907 30.260272294282913 2
    endloop
  endfacet
  facet normal -0.07287666377285378 0.9973409606936529 0
    outer loop
      vertex 18.043713796138764 29.994053937494755 1.65
      vertex 18.043713796138764 29.994053937494755 2
      vertex 18.103336009383202 29.998410589993 1.65
    endloop
  endfacet
  facet normal -0.049658685573155927 0.9987662463996 0
    outer loop
      vertex 18.103336009383202 29.998410589993 1.65
      vertex 18.103336009383202 29.998410589993 2
      vertex 18.165924447774888 30.00152248889208 1.65
    endloop
  endfacet
  facet normal -0.02847049203911968 0.9995946333804772 0
    outer loop
      vertex 18.165924447774888 30.00152248889208 1.65
      vertex 18.165924447774888 30.00152248889208 2
      vertex 18.23147911131382 30.00338961929083 1.65
    endloop
  endfacet
  facet normal 0.10185222807117597 -0.994799539423364 0
    outer loop
      vertex 17.99526693224907 30.260272294282913 1.65
      vertex 18.066788803040982 30.267595037817955 1.65
      vertex 18.066788803040982 30.267595037817955 2
    endloop
  endfacet
  facet normal 0.06991526302256183 -0.9975529339320726 0
    outer loop
      vertex 18.066788803040982 30.267595037817955 1.65
      vertex 18.141418273746968 30.272825576364994 1.65
      vertex 18.141418273746968 30.272825576364994 2
    endloop
  endfacet
  facet normal 0.040338086047712676 -0.999186088180779 0
    outer loop
      vertex 18.141418273746968 30.272825576364994 1.65
      vertex 18.219155336916447 30.27596389502287 1.65
      vertex 18.219155336916447 30.27596389502287 2
    endloop
  endfacet
  facet normal 0.9962394490772511 0.08664271522900906 0
    outer loop
      vertex 17.22478319257498 29.439319252967834 1.65
      vertex 17.219989801943303 29.494434848427773 2
      vertex 17.22478319257498 29.439319252967834 2
    endloop
  endfacet
  facet normal 0.9996147202653374 0.027756279088730518 0
    outer loop
      vertex 17.219989801943303 29.494434848427773 1.65
      vertex 17.21839200258255 29.55197799950838 2
      vertex 17.219989801943303 29.494434848427773 2
    endloop
  endfacet
  facet normal 0.9995841066982669 -0.02883771204911439 0
    outer loop
      vertex 17.21839200258255 29.55197799950838 1.65
      vertex 17.2200075045228 29.607975162565708 2
      vertex 17.21839200258255 29.55197799950838 2
    endloop
  endfacet
  facet normal 0.9959509977324551 -0.08989777592202758 0
    outer loop
      vertex 17.2200075045228 29.607975162565708 1.65
      vertex 17.224854010343552 29.661668173968792 2
      vertex 17.2200075045228 29.607975162565708 2
    endloop
  endfacet
  facet normal 0.9003591460612634 0.43514757049055525 0
    outer loop
      vertex 17.29668414145708 29.200154520571232 1.65
      vertex 17.275912757217885 29.24313236773014 2
      vertex 17.29668414145708 29.200154520571232 2
    endloop
  endfacet
  facet normal 0.9761229070459833 0.2172189456288264 0
    outer loop
      vertex 17.243956777453423 29.336370706558228 1.65
      vertex 17.23277218937874 29.386631205677986 2
      vertex 17.243956777453423 29.336370706558228 2
    endloop
  endfacet
  facet normal 0.9576590983361171 0.28790458727511636 0
    outer loop
      vertex 17.258336971700192 29.28853776305914 1.65
      vertex 17.243956777453423 29.336370706558228 2
      vertex 17.258336971700192 29.28853776305914 2
    endloop
  endfacet
  facet normal 0.9325715315504205 0.3609852331352394 0
    outer loop
      vertex 17.275912757217885 29.24313236773014 1.65
      vertex 17.258336971700192 29.28853776305914 2
      vertex 17.275912757217885 29.24313236773014 2
    endloop
  endfacet
  facet normal 0.8144194742419809 0.5802765892015768 0
    outer loop
      vertex 17.347813706099988 29.121481478214264 1.65
      vertex 17.320651124417783 29.159604221582413 2
      vertex 17.347813706099988 29.121481478214264 2
    endloop
  endfacet
  facet normal 0.8608759170601431 0.5088149520462794 0
    outer loop
      vertex 17.320651124417783 29.159604221582413 1.65
      vertex 17.29668414145708 29.200154520571232 2
      vertex 17.320651124417783 29.159604221582413 2
    endloop
  endfacet
  facet normal 0.761757555146344 0.6478621976759136 0
    outer loop
      vertex 17.378171879053117 29.085786283016205 1.65
      vertex 17.347813706099988 29.121481478214264 2
      vertex 17.378171879053117 29.085786283016205 2
    endloop
  endfacet
  facet normal 0.7040724659807717 0.7101281311480029 0
    outer loop
      vertex 17.41172565817833 29.052518635988235 1.65
      vertex 17.378171879053117 29.085786283016205 2
      vertex 17.41172565817833 29.052518635988235 2
    endloop
  endfacet
  facet normal 0.6428329672825098 0.7660063812885396 0
    outer loop
      vertex 17.448475028574467 29.021678544580936 1.65
      vertex 17.41172565817833 29.052518635988235 2
      vertex 17.448475028574467 29.021678544580936 2
    endloop
  endfacet
  facet normal 0.5796217655631746 0.8148856415997452 0
    outer loop
      vertex 17.48841999769211 28.993266001343727 1.65
      vertex 17.448475028574467 29.021678544580936 2
      vertex 17.48841999769211 28.993266001343727 2
    endloop
  endfacet
  facet normal 0.5183234558767171 0.8551846555499092 0
    outer loop
      vertex 17.531569416821004 28.967113338410854 1.65
      vertex 17.48841999769211 28.993266001343727 2
      vertex 17.531569416821004 28.967113338410854 2
    endloop
  endfacet
  facet normal -0.87025898570825 -0.49259445570778376 0
    outer loop
      vertex 17.479117903113366 29.35308602452278 1.65
      vertex 17.494610983133317 29.325714640319347 2
      vertex 17.479117903113366 29.35308602452278 2
    endloop
  endfacet
  facet normal -0.8211455203307715 -0.5707188751396841 0
    outer loop
      vertex 17.494610983133317 29.325714640319347 1.65
      vertex 17.512487608194352 29.29999390244484 2
      vertex 17.494610983133317 29.325714640319347 2
    endloop
  endfacet
  facet normal -0.7035785934859529 -0.71061745178987 0
    outer loop
      vertex 17.532747785747052 29.27592382580042 1.65
      vertex 17.555391515791417 29.253504388034344 2
      vertex 17.532747785747052 29.27592382580042 2
    endloop
  endfacet
  facet normal -0.7650577709958273 -0.6439616502858662 0
    outer loop
      vertex 17.512487608194352 29.29999390244484 1.65
      vertex 17.532747785747052 29.27592382580042 2
      vertex 17.512487608194352 29.29999390244484 2
    endloop
  endfacet
  facet normal 0.9886989348168045 0.14991469671822089 0
    outer loop
      vertex 17.23277218937874 29.386631205677986 1.65
      vertex 17.22478319257498 29.439319252967834 2
      vertex 17.23277218937874 29.386631205677986 2
    endloop
  endfacet
  facet normal 0.9878708706776858 -0.15527763157168192 0
    outer loop
      vertex 17.224854010343552 29.661668173968792 1.65
      vertex 17.232931527495385 29.713057056069374 2
      vertex 17.224854010343552 29.661668173968792 2
    endloop
  endfacet
  facet normal 0.9744725791344954 -0.22450655338979428 0
    outer loop
      vertex 17.232931527495385 29.713057056069374 1.65
      vertex 17.24424004852772 29.762141786515713 2
      vertex 17.232931527495385 29.713057056069374 2
    endloop
  endfacet
  facet normal 0.954940336656796 -0.2967978325827281 0
    outer loop
      vertex 17.24424004852772 29.762141786515713 1.65
      vertex 17.258779573440552 29.80892238020897 2
      vertex 17.24424004852772 29.762141786515713 2
    endloop
  endfacet
  facet normal 0.9286209270139155 -0.3710298827747114 0
    outer loop
      vertex 17.258779573440552 29.80892238020897 1.65
      vertex 17.276550109684468 29.853398829698563 2
      vertex 17.258779573440552 29.80892238020897 2
    endloop
  endfacet
  facet normal 0.8951444902796941 -0.4457761114302859 0
    outer loop
      vertex 17.276550109684468 29.853398829698563 1.65
      vertex 17.297551642358304 29.895571134984493 2
      vertex 17.276550109684468 29.853398829698563 2
    endloop
  endfacet
  facet normal -0.9439491393226391 -0.33009093046015164 0
    outer loop
      vertex 17.45528240054846 29.41278074681759 1.65
      vertex 17.46600837558508 29.382108062505722 2
      vertex 17.45528240054846 29.41278074681759 2
    endloop
  endfacet
  facet normal -0.9849642804932089 -0.17275811457785517 0
    outer loop
      vertex 17.44098110049963 29.479078069329262 1.65
      vertex 17.446939978003503 29.445104084908962 2
      vertex 17.44098110049963 29.479078069329262 2
    endloop
  endfacet
  facet normal -0.9682706847788854 -0.24990374346501568 0
    outer loop
      vertex 17.446939978003503 29.445104084908962 1.65
      vertex 17.45528240054846 29.41278074681759 2
      vertex 17.446939978003503 29.445104084908962 2
    endloop
  endfacet
  facet normal -0.9950015608011251 -0.0998593711342351 0
    outer loop
      vertex 17.437405775487424 29.514702707529068 1.65
      vertex 17.44098110049963 29.479078069329262 2
      vertex 17.437405775487424 29.514702707529068 2
    endloop
  endfacet
  facet normal -0.9994892812193165 -0.03195585592179064 0
    outer loop
      vertex 17.43621400296688 29.55197799950838 1.65
      vertex 17.437405775487424 29.514702707529068 2
      vertex 17.43621400296688 29.55197799950838 2
    endloop
  endfacet
  facet normal -0.9994477069268813 0.03323072552019425 0
    outer loop
      vertex 17.437423351407052 29.588350377976894 1.65
      vertex 17.43621400296688 29.55197799950838 2
      vertex 17.437423351407052 29.588350377976894 2
    endloop
  endfacet
  facet normal -0.9945962401728404 0.1038186834536509 0
    outer loop
      vertex 17.441051396727563 29.62310751527548 1.65
      vertex 17.437423351407052 29.588350377976894 2
      vertex 17.441051396727563 29.62310751527548 2
    endloop
  endfacet
  facet normal -0.9113376073684739 -0.41165976897907475 0
    outer loop
      vertex 17.46600837558508 29.382108062505722 1.65
      vertex 17.479117903113366 29.35308602452278 2
      vertex 17.46600837558508 29.382108062505722 2
    endloop
  endfacet
  facet normal -0.9837603149359796 0.17948716599540543 0
    outer loop
      vertex 17.447098138928414 29.656249411404133 1.65
      vertex 17.441051396727563 29.62310751527548 2
      vertex 17.447098138928414 29.656249411404133 2
    endloop
  endfacet
  facet normal -0.965788551352825 0.25933081975694944 0
    outer loop
      vertex 17.455563585460187 29.687776058912277 1.65
      vertex 17.447098138928414 29.656249411404133 2
      vertex 17.455563585460187 29.687776058912277 2
    endloop
  endfacet
  facet normal -0.9397200634527492 0.3419447358044297 0
    outer loop
      vertex 17.4664477288723 29.717687465250492 1.65
      vertex 17.455563585460187 29.687776058912277 2
      vertex 17.4664477288723 29.717687465250492 2
    endloop
  endfacet
  facet normal -0.9049788482476284 0.4254565597383546 0
    outer loop
      vertex 17.479750569164754 29.745983630418777 1.65
      vertex 17.4664477288723 29.717687465250492 2
      vertex 17.479750569164754 29.745983630418777 2
    endloop
  endfacet
  facet normal -0.8615547062701832 0.5076647398664778 0
    outer loop
      vertex 17.495472106337548 29.772664554417133 1.65
      vertex 17.479750569164754 29.745983630418777 2
      vertex 17.495472106337548 29.772664554417133 2
    endloop
  endfacet
  facet normal -0.8101075582538447 0.586281284077868 0
    outer loop
      vertex 17.513612340390683 29.79773023724556 1.65
      vertex 17.495472106337548 29.772664554417133 2
      vertex 17.513612340390683 29.79773023724556 2
    endloop
  endfacet
  facet normal -0.7519437617909304 0.6592272590720931 0
    outer loop
      vertex 17.53417127877474 29.821180671453476 1.65
      vertex 17.513612340390683 29.79773023724556 2
      vertex 17.53417127877474 29.821180671453476 2
    endloop
  endfacet
  facet normal -0.6888563608117666 0.7248978646465786 0
    outer loop
      vertex 17.557148914039136 29.843015871942043 1.65
      vertex 17.53417127877474 29.821180671453476 2
      vertex 17.557148914039136 29.843015871942043 2
    endloop
  endfacet
  facet normal 0.8545319174724977 -0.5193988852710182 0
    outer loop
      vertex 17.297551642358304 29.895571134984493 1.65
      vertex 17.32178418636322 29.93543930351734 2
      vertex 17.297551642358304 29.895571134984493 2
    endloop
  endfacet
  facet normal 0.807258812759409 -0.5901976018438819 0
    outer loop
      vertex 17.32178418636322 29.93543930351734 1.65
      vertex 17.34924774169922 29.973003327846527 2
      vertex 17.32178418636322 29.93543930351734 2
    endloop
  endfacet
  facet normal 0.7542475462655227 -0.6565901605662684 0
    outer loop
      vertex 17.34924774169922 29.973003327846527 1.65
      vertex 17.379942293465138 30.00826320797205 2
      vertex 17.34924774169922 29.973003327846527 2
    endloop
  endfacet
  facet normal 0.696779969342066 -0.7172849324526965 0
    outer loop
      vertex 17.379942293465138 30.00826320797205 1.65
      vertex 17.41386785656214 30.04121894389391 2
      vertex 17.379942293465138 30.00826320797205 2
    endloop
  endfacet
  facet normal 0.6363512244583346 -0.771399454971533 0
    outer loop
      vertex 17.41386785656214 30.04121894389391 1.65
      vertex 17.45102442353964 30.071870543062687 2
      vertex 17.41386785656214 30.04121894389391 2
    endloop
  endfacet
  facet normal 0.5744976449199111 -0.8185062345403826 0
    outer loop
      vertex 17.45102442353964 30.071870543062687 1.65
      vertex 17.49141200184822 30.1002179980278 2
      vertex 17.45102442353964 30.071870543062687 2
    endloop
  endfacet
  facet normal 0.514793462725541 -0.8573142310349495 0
    outer loop
      vertex 17.49141200184822 30.1002179980278 1.65
      vertex 17.53496548831463 30.126370660960674 2
      vertex 17.49141200184822 30.1002179980278 2
    endloop
  endfacet
  facet normal 0.4051287800386533 0.9142596302934918 0
    outer loop
      vertex 17.62750816643238 28.92108464986086 1.65
      vertex 17.57793214470148 28.943052887916565 2
      vertex 17.62750816643238 28.92108464986086 2
    endloop
  endfacet
  facet normal 0.4606267044260693 0.8875939607554676 0
    outer loop
      vertex 17.57793214470148 28.943052887916565 1.65
      vertex 17.531569416821004 28.967113338410854 2
      vertex 17.57793214470148 28.943052887916565 2
    endloop
  endfacet
  facet normal 0.35236699543728733 0.9358619024869527 0
    outer loop
      vertex 17.680297489464284 28.901208624243736 1.65
      vertex 17.62750816643238 28.92108464986086 2
      vertex 17.680297489464284 28.901208624243736 2
    endloop
  endfacet
  facet normal -0.5057585635920891 -0.8626750693936083 0
    outer loop
      vertex 17.60782961845398 29.213617481291294 1.65
      vertex 17.63762399852276 29.19614999741316 2
      vertex 17.60782961845398 29.213617481291294 2
    endloop
  endfacet
  facet normal -0.6385991131419981 -0.7695395848780316 0
    outer loop
      vertex 17.555391515791417 29.253504388034344 1.65
      vertex 17.580418790876866 29.232735611498356 2
      vertex 17.555391515791417 29.253504388034344 2
    endloop
  endfacet
  facet normal -0.5720668105223599 -0.8202070252678738 0
    outer loop
      vertex 17.580418790876866 29.232735611498356 1.65
      vertex 17.60782961845398 29.213617481291294 2
      vertex 17.580418790876866 29.232735611498356 2
    endloop
  endfacet
  facet normal -0.4414513355381174 -0.8972851934316161 0
    outer loop
      vertex 17.63762399852276 29.19614999741316 1.65
      vertex 17.670142862200738 29.18015118688345 2
      vertex 17.63762399852276 29.19614999741316 2
    endloop
  endfacet
  facet normal -0.38216508275295474 -0.9240940696295087 0
    outer loop
      vertex 17.670142862200738 29.18015118688345 1.65
      vertex 17.705733920633794 29.165432274341583 2
      vertex 17.670142862200738 29.18015118688345 2
    endloop
  endfacet
  facet normal 0.30265941035670796 0.9530987783658784 0
    outer loop
      vertex 17.73630012124777 28.883424818515778 1.65
      vertex 17.680297489464284 28.901208624243736 2
      vertex 17.73630012124777 28.883424818515778 2
    endloop
  endfacet
  facet normal 0.2561487885485571 0.966637366402265 0
    outer loop
      vertex 17.795516046881676 28.86773321777582 1.65
      vertex 17.73630012124777 28.883424818515778 2
      vertex 17.795516046881676 28.86773321777582 2
    endloop
  endfacet
  facet normal 0.21284521301037101 0.9770859303554472 0
    outer loop
      vertex 17.857945281267167 28.85413383692503 1.65
      vertex 17.795516046881676 28.86773321777582 2
      vertex 17.857945281267167 28.85413383692503 2
    endloop
  endfacet
  facet normal -0.32832282115778477 -0.9445655748051554 0
    outer loop
      vertex 17.705733920633794 29.165432274341583 1.65
      vertex 17.744397158920766 29.15199326723814 2
      vertex 17.705733920633794 29.165432274341583 2
    endloop
  endfacet
  facet normal -0.2797088405306357 -0.9600848736070199 0
    outer loop
      vertex 17.744397158920766 29.15199326723814 1.65
      vertex 17.786132591962815 29.13983416557312 2
      vertex 17.744397158920766 29.15199326723814 2
    endloop
  endfacet
  facet normal -0.23594296594178985 -0.971766904572589 0
    outer loop
      vertex 17.786132591962815 29.13983416557312 1.65
      vertex 17.83094021230936 29.128954969346523 2
      vertex 17.786132591962815 29.13983416557312 2
    endloop
  endfacet
  facet normal -0.19657547848904885 -0.9804886951193275 0
    outer loop
      vertex 17.83094021230936 29.128954969346523 1.65
      vertex 17.878820019960404 29.11935567855835 2
      vertex 17.83094021230936 29.128954969346523 2
    endloop
  endfacet
  facet normal -0.6228692203016878 0.78232597707143 0
    outer loop
      vertex 17.582545246183873 29.8632358238101 1.65
      vertex 17.557148914039136 29.843015871942043 2
      vertex 17.582545246183873 29.8632358238101 2
    endloop
  endfacet
  facet normal -0.5559689494499043 0.8312030601769762 0
    outer loop
      vertex 17.61036027520895 29.88184053450823 1.65
      vertex 17.582545246183873 29.8632358238101 2
      vertex 17.61036027520895 29.88184053450823 2
    endloop
  endfacet
  facet normal -0.48988863156352946 0.871785024340756 0
    outer loop
      vertex 17.64059400111437 29.898829996585846 1.65
      vertex 17.61036027520895 29.88184053450823 2
      vertex 17.64059400111437 29.898829996585846 2
    endloop
  endfacet
  facet normal 0.17266762989132328 0.9849801467987632 0
    outer loop
      vertex 17.92358780950308 28.84262666106224 1.65
      vertex 17.857945281267167 28.85413383692503 2
      vertex 17.92358780950308 28.84262666106224 2
    endloop
  endfacet
  facet normal 0.13547375635103576 0.9907809350911736 0
    outer loop
      vertex 17.992443646490575 28.833211705088615 1.65
      vertex 17.92358780950308 28.84262666106224 2
      vertex 17.992443646490575 28.833211705088615 2
    endloop
  endfacet
  facet normal -0.1611449374167549 -0.9869307519501812 0
    outer loop
      vertex 17.878820019960404 29.11935567855835 1.65
      vertex 17.929772022366524 29.1110362932086 2
      vertex 17.878820019960404 29.11935567855835 2
    endloop
  endfacet
  facet normal -0.129210076040362 -0.9916172428158174 0
    outer loop
      vertex 17.929772022366524 29.1110362932086 1.65
      vertex 17.98379621207714 29.10399681329727 2
      vertex 17.929772022366524 29.1110362932086 2
    endloop
  endfacet
  facet normal -0.10036512619326261 -0.9949506728698717 0
    outer loop
      vertex 17.98379621207714 29.10399681329727 1.65
      vertex 18.040892589092255 29.098237246274948 2
      vertex 17.98379621207714 29.10399681329727 2
    endloop
  endfacet
  facet normal 0.10108673158373084 0.9948776169447773 0
    outer loop
      vertex 18.064512784779073 28.825888961553574 1.65
      vertex 17.992443646490575 28.833211705088615 2
      vertex 18.064512784779073 28.825888961553574 2
    endloop
  endfacet
  facet normal 0.06931177962586474 0.9975950467023659 0
    outer loop
      vertex 18.139795216917992 28.820658423006535 1.65
      vertex 18.064512784779073 28.825888961553574 2
      vertex 18.139795216917992 28.820658423006535 2
    endloop
  endfacet
  facet normal 0.03994883526398553 0.9992017266603631 0
    outer loop
      vertex 18.218290957808495 28.81752010434866 1.65
      vertex 18.139795216917992 28.820658423006535 2
      vertex 18.218290957808495 28.81752010434866 2
    endloop
  endfacet
  facet normal -0.07424648221270382 -0.9972399209212589 0
    outer loop
      vertex 18.040892589092255 29.098237246274948 1.65
      vertex 18.101061160862447 29.093757577240467 2
      vertex 18.040892589092255 29.098237246274948 2
    endloop
  endfacet
  facet normal -0.050531900260197334 -0.9987224474577976 0
    outer loop
      vertex 18.101061160862447 29.093757577240467 1.65
      vertex 18.164301919937134 29.09055781364441 2
      vertex 18.101061160862447 29.093757577240467 2
    endloop
  endfacet
  facet normal -0.028939357493047466 -0.9995811690842767 0
    outer loop
      vertex 18.164301919937134 29.09055781364441 1.65
      vertex 18.23061486631632 29.088637955486774 2
      vertex 18.164301919937134 29.09055781364441 2
    endloop
  endfacet
  facet normal 0.45830153194437107 -0.8887967741938775 0
    outer loop
      vertex 17.53496548831463 30.126370660960674 1.65
      vertex 17.58162658214569 30.150431111454964 2
      vertex 17.53496548831463 30.126370660960674 2
    endloop
  endfacet
  facet normal 0.40381660592015683 -0.9148399580162231 0
    outer loop
      vertex 17.58162658214569 30.150431111454964 1.65
      vertex 17.631395268440247 30.17239934951067 2
      vertex 17.58162658214569 30.150431111454964 2
    endloop
  endfacet
  facet normal -0.4272531552722365 0.9041320375420384 0
    outer loop
      vertex 17.67352018803358 29.914389468729496 1.65
      vertex 17.64059400111437 29.898829996585846 2
      vertex 17.67352018803358 29.914389468729496 2
    endloop
  endfacet
  facet normal -0.3704478325789271 0.9288532733093936 0
    outer loop
      vertex 17.70941260010004 29.9287041798234 1.65
      vertex 17.67352018803358 29.914389468729496 2
      vertex 17.70941260010004 29.9287041798234 2
    endloop
  endfacet
  facet normal 0.351859316635087 -0.9360528944974688 0
    outer loop
      vertex 17.631395268440247 30.17239934951067 1.65
      vertex 17.684271547198296 30.192275375127792 2
      vertex 17.631395268440247 30.17239934951067 2
    endloop
  endfacet
  facet normal 0.3027514654318114 -0.9530695411033189 0
    outer loop
      vertex 17.684271547198296 30.192275375127792 1.65
      vertex 17.740255433321 30.21005918085575 2
      vertex 17.684271547198296 30.192275375127792 2
    endloop
  endfacet
  facet normal -0.31879654105240457 0.9478231720173456 0
    outer loop
      vertex 17.74827124476433 29.941774129867554 1.65
      vertex 17.70941260010004 29.9287041798234 2
      vertex 17.74827124476433 29.941774129867554 2
    endloop
  endfacet
  facet normal -0.2720662302655302 0.9622785284672538 0
    outer loop
      vertex 17.790096107125283 29.953599326312542 1.65
      vertex 17.74827124476433 29.941774129867554 2
      vertex 17.790096107125283 29.953599326312542 2
    endloop
  endfacet
  facet normal -0.22989068635183516 0.9732164570786306 0
    outer loop
      vertex 17.834887194633485 29.964179761707783 1.65
      vertex 17.790096107125283 29.953599326312542 2
      vertex 17.834887194633485 29.964179761707783 2
    endloop
  endfacet
  facet normal -0.1918504873199483 0.9814241644238736 0
    outer loop
      vertex 17.882644507288934 29.973515443503857 1.65
      vertex 17.834887194633485 29.964179761707783 2
      vertex 17.882644507288934 29.973515443503857 2
    endloop
  endfacet
  facet normal 0.25665274050790465 -0.9665036837952466 0
    outer loop
      vertex 17.740255433321 30.21005918085575 1.65
      vertex 17.799346911907197 30.225750781595707 2
      vertex 17.740255433321 30.21005918085575 2
    endloop
  endfacet
  facet normal 0.2135969366673872 -0.9769218743821372 0
    outer loop
      vertex 17.799346911907197 30.225750781595707 1.65
      vertex 17.861545990407468 30.2393501624465 2
      vertex 17.799346911907197 30.225750781595707 2
    endloop
  endfacet
  facet normal -0.15751885369065127 0.9875159799881638 0
    outer loop
      vertex 17.93336804509163 29.981606364250183 1.65
      vertex 17.882644507288934 29.973515443503857 2
      vertex 17.93336804509163 29.981606364250183 2
    endloop
  endfacet
  facet normal -0.12648926346502587 0.9919679764125834 0
    outer loop
      vertex 17.987057808041573 29.988452531397343 1.65
      vertex 17.93336804509163 29.981606364250183 2
      vertex 17.987057808041573 29.988452531397343 2
    endloop
  endfacet
  facet normal -0.09838729118056908 0.9951482004878218 0
    outer loop
      vertex 18.043713796138764 29.994053937494755 1.65
      vertex 17.987057808041573 29.988452531397343 2
      vertex 18.043713796138764 29.994053937494755 2
    endloop
  endfacet
  facet normal 0.17352894695500015 -0.984828769161771 0
    outer loop
      vertex 17.861545990407468 30.2393501624465 1.65
      vertex 17.926852661371232 30.250857338309288 2
      vertex 17.861545990407468 30.2393501624465 2
    endloop
  endfacet
  facet normal 0.13633194380448788 -0.9906632127511801 0
    outer loop
      vertex 17.926852661371232 30.250857338309288 1.65
      vertex 17.99526693224907 30.260272294282913 2
      vertex 17.926852661371232 30.250857338309288 2
    endloop
  endfacet
  facet normal 0.10185222807117597 -0.994799539423364 0
    outer loop
      vertex 17.99526693224907 30.260272294282913 1.65
      vertex 18.066788803040982 30.267595037817955 2
      vertex 17.99526693224907 30.260272294282913 2
    endloop
  endfacet
  facet normal -0.07287666377285378 0.9973409606936529 0
    outer loop
      vertex 18.103336009383202 29.998410589993 1.65
      vertex 18.043713796138764 29.994053937494755 2
      vertex 18.103336009383202 29.998410589993 2
    endloop
  endfacet
  facet normal -0.049658685573155927 0.9987662463996 0
    outer loop
      vertex 18.165924447774888 30.00152248889208 1.65
      vertex 18.103336009383202 29.998410589993 2
      vertex 18.165924447774888 30.00152248889208 2
    endloop
  endfacet
  facet normal 0.06991526302256183 -0.9975529339320726 0
    outer loop
      vertex 18.066788803040982 30.267595037817955 1.65
      vertex 18.141418273746968 30.272825576364994 2
      vertex 18.066788803040982 30.267595037817955 2
    endloop
  endfacet
  facet normal 0.040338086047712676 -0.999186088180779 0
    outer loop
      vertex 18.141418273746968 30.272825576364994 1.65
      vertex 18.219155336916447 30.27596389502287 2
      vertex 18.141418273746968 30.272825576364994 2
    endloop
  endfacet
  facet normal 0 0 1
    outer loop
      vertex 17.24972000271082 23.172352001070976 1.65
      vertex 19.351775999367238 23.172352001070976 1.65
      vertex 19.11903800368309 23.45729599893093 1.65
    endloop
  endfacet
  facet normal 0 0 1
    outer loop
      vertex 19.351775999367238 23.172352001070976 1.65
      vertex 19.351775999367238 24.519500002264977 1.65
      vertex 19.11903800368309 23.45729599893093 1.65
    endloop
  endfacet
  facet normal 0 0 1
    outer loop
      vertex 19.11903800368309 23.45729599893093 1.65
      vertex 19.351775999367238 24.519500002264977 1.65
      vertex 19.11903800368309 24.519500002264977 1.65
    endloop
  endfacet
  facet normal 0 0 1
    outer loop
      vertex 17.506327997148038 25.38935799896717 1.65
      vertex 19.12352600246668 25.38935799896717 1.65
      vertex 19.12352600246668 25.659408003091812 1.65
    endloop
  endfacet
  facet normal 0 0 1
    outer loop
      vertex 19.12352600246668 24.853790000081062 1.65
      vertex 19.351775999367238 24.853790000081062 1.65
      vertex 19.12352600246668 25.38935799896717 1.65
    endloop
  endfacet
  facet normal 0 0 1
    outer loop
      vertex 19.12352600246668 25.38935799896717 1.65
      vertex 19.351775999367238 24.853790000081062 1.65
      vertex 19.12352600246668 25.659408003091812 1.65
    endloop
  endfacet
  facet normal 0 0 1
    outer loop
      vertex 19.12352600246668 25.659408003091812 1.65
      vertex 19.351775999367238 24.853790000081062 1.65
      vertex 19.351775999367238 26.17110600322485 1.65
    endloop
  endfacet
  facet normal 0 0 1
    outer loop
      vertex 19.12352600246668 25.659408003091812 1.65
      vertex 19.351775999367238 26.17110600322485 1.65
      vertex 19.12352600246668 26.17110600322485 1.65
    endloop
  endfacet
  facet normal 1 0 0
    outer loop
      vertex 19.11903800368309 23.45729599893093 1.65
      vertex 19.11903800368309 24.519500002264977 1.65
      vertex 19.11903800368309 24.519500002264977 2
    endloop
  endfacet
  facet normal -1 0 0
    outer loop
      vertex 19.351775999367238 23.172352001070976 1.65
      vertex 19.351775999367238 23.172352001070976 2
      vertex 19.351775999367238 24.519500002264977 1.65
    endloop
  endfacet
  facet normal 0 1 0
    outer loop
      vertex 19.351775999367238 23.172352001070976 1.65
      vertex 17.24972000271082 23.172352001070976 2
      vertex 19.351775999367238 23.172352001070976 2
    endloop
  endfacet
  facet normal 0 -1 0
    outer loop
      vertex 19.11903800368309 23.45729599893093 1.65
      vertex 19.11903800368309 23.45729599893093 2
      vertex 17.24972000271082 23.45729599893093 2
    endloop
  endfacet
  facet normal 1 0 0
    outer loop
      vertex 19.11903800368309 23.45729599893093 1.65
      vertex 19.11903800368309 24.519500002264977 2
      vertex 19.11903800368309 23.45729599893093 2
    endloop
  endfacet
  facet normal -1 0 0
    outer loop
      vertex 19.351775999367238 24.519500002264977 1.65
      vertex 19.351775999367238 23.172352001070976 2
      vertex 19.351775999367238 24.519500002264977 2
    endloop
  endfacet
  facet normal 0 -1 0
    outer loop
      vertex 17.24972000271082 25.659408003091812 1.65
      vertex 19.12352600246668 25.659408003091812 1.65
      vertex 18.889300252497197 25.659408003091812 2
    endloop
  endfacet
  facet normal 1 0 0
    outer loop
      vertex 19.12352600246668 24.853790000081062 1.65
      vertex 19.12352600246668 25.38935799896717 1.65
      vertex 19.12352600246668 25.38935799896717 2
    endloop
  endfacet
  facet normal 0 -1 0
    outer loop
      vertex 19.11903800368309 24.519500002264977 1.65
      vertex 19.351775999367238 24.519500002264977 1.65
      vertex 19.351775999367238 24.519500002264977 2
    endloop
  endfacet
  facet normal 0 1 0
    outer loop
      vertex 19.12352600246668 24.853790000081062 1.65
      vertex 19.12352600246668 24.853790000081062 2
      vertex 19.351775999367238 24.853790000081062 1.65
    endloop
  endfacet
  facet normal -1 0 0
    outer loop
      vertex 19.351775999367238 24.853790000081062 1.65
      vertex 19.351775999367238 24.853790000081062 2
      vertex 19.351775999367238 26.17110600322485 1.65
    endloop
  endfacet
  facet normal 1 0 0
    outer loop
      vertex 19.12352600246668 25.659408003091812 1.65
      vertex 19.12352600246668 26.17110600322485 1.65
      vertex 19.12352600246668 26.17110600322485 2
    endloop
  endfacet
  facet normal 0 -1 0
    outer loop
      vertex 19.12352600246668 26.17110600322485 1.65
      vertex 19.351775999367238 26.17110600322485 1.65
      vertex 19.351775999367238 26.17110600322485 2
    endloop
  endfacet
  facet normal 0 1 0
    outer loop
      vertex 19.12352600246668 25.38935799896717 1.65
      vertex 17.506327997148038 25.38935799896717 2
      vertex 19.12352600246668 25.38935799896717 2
    endloop
  endfacet
  facet normal 1 0 0
    outer loop
      vertex 19.12352600246668 24.853790000081062 1.65
      vertex 19.12352600246668 25.38935799896717 2
      vertex 19.12352600246668 24.853790000081062 2
    endloop
  endfacet
  facet normal 0 -1 0
    outer loop
      vertex 19.11903800368309 24.519500002264977 1.65
      vertex 19.351775999367238 24.519500002264977 2
      vertex 19.11903800368309 24.519500002264977 2
    endloop
  endfacet
  facet normal 0 1 0
    outer loop
      vertex 19.351775999367238 24.853790000081062 1.65
      vertex 19.12352600246668 24.853790000081062 2
      vertex 19.351775999367238 24.853790000081062 2
    endloop
  endfacet
  facet normal 0 -1 0
    outer loop
      vertex 19.12352600246668 25.659408003091812 1.65
      vertex 19.12352600246668 25.659408003091812 2
      vertex 18.889300252497197 25.659408003091812 2
    endloop
  endfacet
  facet normal 1 0 0
    outer loop
      vertex 19.12352600246668 25.659408003091812 1.65
      vertex 19.12352600246668 26.17110600322485 2
      vertex 19.12352600246668 25.659408003091812 2
    endloop
  endfacet
  facet normal -1 0 0
    outer loop
      vertex 19.351775999367238 26.17110600322485 1.65
      vertex 19.351775999367238 24.853790000081062 2
      vertex 19.351775999367238 26.17110600322485 2
    endloop
  endfacet
  facet normal 0 -1 0
    outer loop
      vertex 19.12352600246668 26.17110600322485 1.65
      vertex 19.351775999367238 26.17110600322485 2
      vertex 19.12352600246668 26.17110600322485 2
    endloop
  endfacet
  facet normal 0 0 1
    outer loop
      vertex 17.73756999820471 27.17978399991989 1.65
      vertex 18.79841507524252 27.824646696448326 1.65
      vertex 18.78785000294447 27.821281999349594 1.65
    endloop
  endfacet
  facet normal 0 0 1
    outer loop
      vertex 17.73756999820471 27.17978399991989 1.65
      vertex 18.811752150952817 27.828770332038403 1.65
      vertex 18.79841507524252 27.824646696448326 1.65
    endloop
  endfacet
  facet normal 0 0 1
    outer loop
      vertex 17.73756999820471 27.17978399991989 1.65
      vertex 18.82786123007536 27.833652898669243 1.65
      vertex 18.811752150952817 27.828770332038403 1.65
    endloop
  endfacet
  facet normal 0 0 1
    outer loop
      vertex 17.73756999820471 27.17978399991989 1.65
      vertex 18.84674230515957 27.839294403791428 1.65
      vertex 18.82786123007536 27.833652898669243 1.65
    endloop
  endfacet
  facet normal 0 0 1
    outer loop
      vertex 17.73756999820471 27.17978399991989 1.65
      vertex 18.868395383656026 27.845694839954376 1.65
      vertex 18.84674230515957 27.839294403791428 1.65
    endloop
  endfacet
  facet normal 0 0 1
    outer loop
      vertex 17.73756999820471 27.17978399991989 1.65
      vertex 18.892820458114148 27.85285421460867 1.65
      vertex 18.868395383656026 27.845694839954376 1.65
    endloop
  endfacet
  facet normal 0 0 1
    outer loop
      vertex 17.73756999820471 27.17978399991989 1.65
      vertex 18.920017535984517 27.860772520303726 1.65
      vertex 18.892820458114148 27.85285421460867 1.65
    endloop
  endfacet
  facet normal 0 0 1
    outer loop
      vertex 17.73756999820471 27.17978399991989 1.65
      vertex 18.949986617267133 27.869449764490128 1.65
      vertex 18.920017535984517 27.860772520303726 1.65
    endloop
  endfacet
  facet normal 0 0 1
    outer loop
      vertex 17.73756999820471 27.17978399991989 1.65
      vertex 18.982727694511414 27.878885939717293 1.65
      vertex 18.949986617267133 27.869449764490128 1.65
    endloop
  endfacet
  facet normal 0 0 1
    outer loop
      vertex 17.73756999820471 27.17978399991989 1.65
      vertex 19.018240767717362 27.889081053435802 1.65
      vertex 18.982727694511414 27.878885939717293 1.65
    endloop
  endfacet
  facet normal 0 0 1
    outer loop
      vertex 17.73756999820471 27.17978399991989 1.65
      vertex 19.056525844335557 27.900035098195076 1.65
      vertex 19.018240767717362 27.889081053435802 1.65
    endloop
  endfacet
  facet normal 0 0 1
    outer loop
      vertex 17.73756999820471 27.17978399991989 1.65
      vertex 19.097582924365998 27.911748081445694 1.65
      vertex 19.056525844335557 27.900035098195076 1.65
    endloop
  endfacet
  facet normal 0 0 1
    outer loop
      vertex 17.73756999820471 27.17978399991989 1.65
      vertex 19.351775999367238 27.766084000468254 1.65
      vertex 19.097582924365998 27.911748081445694 1.65
    endloop
  endfacet
  facet normal 0 0 1
    outer loop
      vertex 17.73756999820471 28.68656399846077 1.65
      vertex 18.7908199980855 28.034616000950336 1.65
      vertex 19.351775999367238 28.083852000534534 1.65
    endloop
  endfacet
  facet normal 0 0 1
    outer loop
      vertex 18.7908199980855 28.034616000950336 1.65
      vertex 18.96686400026083 27.976447999477386 1.65
      vertex 19.351775999367238 28.083852000534534 1.65
    endloop
  endfacet
  facet normal 0 0 1
    outer loop
      vertex 18.96686400026083 27.976447999477386 1.65
      vertex 19.141412000358105 27.924220003187656 1.65
      vertex 19.351775999367238 28.083852000534534 1.65
    endloop
  endfacet
  facet normal 0 0 1
    outer loop
      vertex 19.097582924365998 27.911748081445694 1.65
      vertex 19.351775999367238 27.766084000468254 1.65
      vertex 19.141412000358105 27.924220003187656 1.65
    endloop
  endfacet
  facet normal 0 0 1
    outer loop
      vertex 19.141412000358105 27.924220003187656 1.65
      vertex 19.351775999367238 27.766084000468254 1.65
      vertex 19.351775999367238 28.083852000534534 1.65
    endloop
  endfacet
  facet normal 0 0 1
    outer loop
      vertex 18.218290957808495 28.81752010434866 1.65
      vertex 18.3 28.816473998129368 1.65
      vertex 18.23061486631632 29.088637955486774 1.65
    endloop
  endfacet
  facet normal 0 0 1
    outer loop
      vertex 18.164301919937134 29.09055781364441 1.65
      vertex 18.218290957808495 28.81752010434866 1.65
      vertex 18.23061486631632 29.088637955486774 1.65
    endloop
  endfacet
  facet normal 0 0 1
    outer loop
      vertex 18.23061486631632 29.088637955486774 1.65
      vertex 18.3 28.816473998129368 1.65
      vertex 18.3 29.087998002767563 1.65
    endloop
  endfacet
  facet normal 0 0 1
    outer loop
      vertex 18.3 28.816473998129368 1.65
      vertex 18.379980410635472 28.81755095720291 1.65
      vertex 18.36743533909321 29.088646806776524 1.65
    endloop
  endfacet
  facet normal 0 0 1
    outer loop
      vertex 18.3 28.816473998129368 1.65
      vertex 18.36743533909321 29.088646806776524 1.65
      vertex 18.3 29.087998002767563 1.65
    endloop
  endfacet
  facet normal 0 0 1
    outer loop
      vertex 18.379980410635472 28.81755095720291 1.65
      vertex 18.45695919841528 28.820781834423542 1.65
      vertex 18.432028117775918 29.090593218803406 1.65
    endloop
  endfacet
  facet normal 0 0 1
    outer loop
      vertex 18.379980410635472 28.81755095720291 1.65
      vertex 18.432028117775918 29.090593218803406 1.65
      vertex 18.36743533909321 29.088646806776524 1.65
    endloop
  endfacet
  facet normal 0 0 1
    outer loop
      vertex 18.45695919841528 28.820781834423542 1.65
      vertex 18.530936340987683 28.82616662979126 1.65
      vertex 18.493778343498708 29.09383724629879 1.65
    endloop
  endfacet
  facet normal 0 0 1
    outer loop
      vertex 18.432028117775918 29.090593218803406 1.65
      vertex 18.45695919841528 28.820781834423542 1.65
      vertex 18.493778343498708 29.09383724629879 1.65
    endloop
  endfacet
  facet normal 0 0 1
    outer loop
      vertex 18.530936340987683 28.82616662979126 1.65
      vertex 18.601911860704423 28.833705335855484 1.65
      vertex 18.552686008810998 29.098378874361515 1.65
    endloop
  endfacet
  facet normal 0 0 1
    outer loop
      vertex 18.493778343498708 29.09383724629879 1.65
      vertex 18.530936340987683 28.82616662979126 1.65
      vertex 18.552686008810998 29.098378874361515 1.65
    endloop
  endfacet
  facet normal 0 0 1
    outer loop
      vertex 18.552686008810998 29.098378874361515 1.65
      vertex 18.601911860704423 28.833705335855484 1.65
      vertex 18.60875112116337 29.104218117892742 1.65
    endloop
  endfacet
  facet normal 0 0 1
    outer loop
      vertex 18.601911860704423 28.833705335855484 1.65
      vertex 18.669885742664338 28.843397967517376 1.65
      vertex 18.60875112116337 29.104218117892742 1.65
    endloop
  endfacet
  facet normal 0 0 1
    outer loop
      vertex 18.60875112116337 29.104218117892742 1.65
      vertex 18.669885742664338 28.843397967517376 1.65
      vertex 18.66197368055582 29.11135496944189 1.65
    endloop
  endfacet
  facet normal 0 0 1
    outer loop
      vertex 18.669885742664338 28.843397967517376 1.65
      vertex 18.73485798686743 28.855244509875774 1.65
      vertex 18.66197368055582 29.11135496944189 1.65
    endloop
  endfacet
  facet normal 0 0 1
    outer loop
      vertex 18.712353679537774 29.11978942900896 1.65
      vertex 18.73485798686743 28.855244509875774 1.65
      vertex 18.796828600764275 28.86924497038126 1.65
    endloop
  endfacet
  facet normal 0 0 1
    outer loop
      vertex 18.66197368055582 29.11135496944189 1.65
      vertex 18.73485798686743 28.855244509875774 1.65
      vertex 18.712353679537774 29.11978942900896 1.65
    endloop
  endfacet
  facet normal 0 0 1
    outer loop
      vertex 18.712353679537774 29.11978942900896 1.65
      vertex 18.796828600764275 28.86924497038126 1.65
      vertex 18.759891125559808 29.129521504044533 1.65
    endloop
  endfacet
  facet normal 0 0 1
    outer loop
      vertex 18.759891125559808 29.129521504044533 1.65
      vertex 18.796828600764275 28.86924497038126 1.65
      vertex 18.855797584354878 28.885399349033833 1.65
    endloop
  endfacet
  facet normal 0 0 1
    outer loop
      vertex 18.759891125559808 29.129521504044533 1.65
      vertex 18.855797584354878 28.885399349033833 1.65
      vertex 18.80458601117134 29.140551187098026 1.65
    endloop
  endfacet
  facet normal 0 0 1
    outer loop
      vertex 18.165924447774888 30.00152248889208 1.65
      vertex 18.23147911131382 30.00338961929083 1.65
      vertex 18.219155336916447 30.27596389502287 1.65
    endloop
  endfacet
  facet normal 0 0 1
    outer loop
      vertex 18.23147911131382 30.00338961929083 1.65
      vertex 18.3 30.004012003540993 1.65
      vertex 18.3 30.27701000124216 1.65
    endloop
  endfacet
  facet normal 0 0 1
    outer loop
      vertex 18.3 30.004012003540993 1.65
      vertex 18.366137336194516 30.003358766436577 1.65
      vertex 18.3 30.27701000124216 1.65
    endloop
  endfacet
  facet normal 0 0 1
    outer loop
      vertex 18.219155336916447 30.27596389502287 1.65
      vertex 18.23147911131382 30.00338961929083 1.65
      vertex 18.3 30.27701000124216 1.65
    endloop
  endfacet
  facet normal 0 0 1
    outer loop
      vertex 18.3 30.27701000124216 1.65
      vertex 18.366137336194516 30.003358766436577 1.65
      vertex 18.37954666018486 30.275910913944244 1.65
    endloop
  endfacet
  facet normal 0 0 1
    outer loop
      vertex 18.366137336194516 30.003358766436577 1.65
      vertex 18.429591196775437 30.00139907747507 1.65
      vertex 18.37954666018486 30.275910913944244 1.65
    endloop
  endfacet
  facet normal 0 0 1
    outer loop
      vertex 18.429591196775437 30.00139907747507 1.65
      vertex 18.490361574292184 29.998132921755314 1.65
      vertex 18.456144805252553 30.272613644599915 1.65
    endloop
  endfacet
  facet normal 0 0 1
    outer loop
      vertex 18.490361574292184 29.998132921755314 1.65
      vertex 18.548448476195336 29.993560306727886 1.65
      vertex 18.529794427752496 30.267118200659752 1.65
    endloop
  endfacet
  facet normal 0 0 1
    outer loop
      vertex 18.456144805252553 30.272613644599915 1.65
      vertex 18.490361574292184 29.998132921755314 1.65
      vertex 18.529794427752496 30.267118200659752 1.65
    endloop
  endfacet
  facet normal 0 0 1
    outer loop
      vertex 18.37954666018486 30.275910913944244 1.65
      vertex 18.429591196775437 30.00139907747507 1.65
      vertex 18.456144805252553 30.272613644599915 1.65
    endloop
  endfacet
  facet normal 0 0 1
    outer loop
      vertex 18.529794427752496 30.267118200659752 1.65
      vertex 18.548448476195336 29.993560306727886 1.65
      vertex 18.60049552768469 30.259424582123756 1.65
    endloop
  endfacet
  facet normal 0 0 1
    outer loop
      vertex 18.603851895034314 29.987681232392788 1.65
      vertex 18.60049552768469 30.259424582123756 1.65
      vertex 18.548448476195336 29.993560306727886 1.65
    endloop
  endfacet
  facet normal 0 0 1
    outer loop
      vertex 18.603851895034314 29.987681232392788 1.65
      vertex 18.656571830809117 29.98049569129944 1.65
      vertex 18.668248105049134 30.249532781541348 1.65
    endloop
  endfacet
  facet normal 0 0 1
    outer loop
      vertex 18.603851895034314 29.987681232392788 1.65
      vertex 18.668248105049134 30.249532781541348 1.65
      vertex 18.60049552768469 30.259424582123756 1.65
    endloop
  endfacet
  facet normal 0 0 1
    outer loop
      vertex 18.656571830809117 29.98049569129944 1.65
      vertex 18.73305216729641 30.237442806363106 1.65
      vertex 18.668248105049134 30.249532781541348 1.65
    endloop
  endfacet
  facet normal 0 0 1
    outer loop
      vertex 18.656571830809117 29.98049569129944 1.65
      vertex 18.706608298420907 29.97200369089842 1.65
      vertex 18.73305216729641 30.237442806363106 1.65
    endloop
  endfacet
  facet normal 0 0 1
    outer loop
      vertex 18.706608298420907 29.97200369089842 1.65
      vertex 18.75396127551794 29.962205231189728 1.65
      vertex 18.794907706975938 30.22315464913845 1.65
    endloop
  endfacet
  facet normal 0 0 1
    outer loop
      vertex 18.706608298420907 29.97200369089842 1.65
      vertex 18.794907706975938 30.22315464913845 1.65
      vertex 18.73305216729641 30.237442806363106 1.65
    endloop
  endfacet
  facet normal 0 0 1
    outer loop
      vertex 18.75396127551794 29.962205231189728 1.65
      vertex 18.798630784451962 29.951100304722786 1.65
      vertex 18.853814724087716 30.206668317317963 1.65
    endloop
  endfacet
  facet normal 0 0 1
    outer loop
      vertex 18.798630784451962 29.951100304722786 1.65
      vertex 18.840616802871228 29.938688926398754 1.65
      vertex 18.909773218631745 30.187983810901642 1.65
    endloop
  endfacet
  facet normal 0 0 1
    outer loop
      vertex 18.75396127551794 29.962205231189728 1.65
      vertex 18.853814724087716 30.206668317317963 1.65
      vertex 18.794907706975938 30.22315464913845 1.65
    endloop
  endfacet
  facet normal 0 0 1
    outer loop
      vertex 18.80458601117134 29.140551187098026 1.65
      vertex 18.855797584354878 28.885399349033833 1.65
      vertex 18.911764937639237 28.903707645833492 1.65
    endloop
  endfacet
  facet normal 0 0 1
    outer loop
      vertex 18.80458601117134 29.140551187098026 1.65
      vertex 18.911764937639237 28.903707645833492 1.65
      vertex 18.846438343822957 29.15287847071886 1.65
    endloop
  endfacet
  facet normal 0 0 1
    outer loop
      vertex 18.846438343822957 29.15287847071886 1.65
      vertex 18.911764937639237 28.903707645833492 1.65
      vertex 18.96473065316677 28.92416986078024 1.65
    endloop
  endfacet
  facet normal 0 0 1
    outer loop
      vertex 18.846438343822957 29.15287847071886 1.65
      vertex 18.96473065316677 28.92416986078024 1.65
      vertex 18.885448116064072 29.166503369808197 1.65
    endloop
  endfacet
  facet normal 0 0 1
    outer loop
      vertex 18.885448116064072 29.166503369808197 1.65
      vertex 18.96473065316677 28.92416986078024 1.65
      vertex 19.01469473093748 28.946785986423492 1.65
    endloop
  endfacet
  facet normal 0 0 1
    outer loop
      vertex 18.92161533534527 29.181425884366035 1.65
      vertex 19.01469473093748 28.946785986423492 1.65
      vertex 19.06165718585253 28.971556037664413 1.65
    endloop
  endfacet
  facet normal 0 0 1
    outer loop
      vertex 18.885448116064072 29.166503369808197 1.65
      vertex 19.01469473093748 28.946785986423492 1.65
      vertex 18.92161533534527 29.181425884366035 1.65
    endloop
  endfacet
  facet normal 0 0 1
    outer loop
      vertex 18.92161533534527 29.181425884366035 1.65
      vertex 19.06165718585253 28.971556037664413 1.65
      vertex 18.954940001666547 29.197645999491215 1.65
    endloop
  endfacet
  facet normal 0 0 1
    outer loop
      vertex 18.954940001666547 29.197645999491215 1.65
      vertex 19.06165718585253 28.971556037664413 1.65
      vertex 19.10561800301075 28.99847999960184 1.65
    endloop
  endfacet
  facet normal 0 0 1
    outer loop
      vertex 18.985616329312325 29.215278543531895 1.65
      vertex 19.10561800301075 28.99847999960184 1.65
      vertex 19.14644491970539 29.027549162507057 1.65
    endloop
  endfacet
  facet normal 0 0 1
    outer loop
      vertex 18.954940001666547 29.197645999491215 1.65
      vertex 19.10561800301075 28.99847999960184 1.65
      vertex 18.985616329312325 29.215278543531895 1.65
    endloop
  endfacet
  facet normal 0 0 1
    outer loop
      vertex 18.985616329312325 29.215278543531895 1.65
      vertex 19.14644491970539 29.027549162507057 1.65
      vertex 19.013838554918767 29.234438329935074 1.65
    endloop
  endfacet
  facet normal 0 0 1
    outer loop
      vertex 19.013838554918767 29.234438329935074 1.65
      vertex 19.184005695581437 29.058754794299603 1.65
      vertex 19.03960667103529 29.255125358700752 1.65
    endloop
  endfacet
  facet normal 0 0 1
    outer loop
      vertex 19.013838554918767 29.234438329935074 1.65
      vertex 19.14644491970539 29.027549162507057 1.65
      vertex 19.184005695581437 29.058754794299603 1.65
    endloop
  endfacet
  facet normal 0 0 1
    outer loop
      vertex 19.03960667103529 29.255125358700752 1.65
      vertex 19.218300308287144 29.092096902430058 1.65
      vertex 19.062920685112477 29.27733962982893 1.65
    endloop
  endfacet
  facet normal 0 0 1
    outer loop
      vertex 19.03960667103529 29.255125358700752 1.65
      vertex 19.184005695581437 29.058754794299603 1.65
      vertex 19.218300308287144 29.092096902430058 1.65
    endloop
  endfacet
  facet normal 0 0 1
    outer loop
      vertex 19.062920685112477 29.27733962982893 1.65
      vertex 19.249328772723675 29.12757547944784 1.65
      vertex 19.083780589699746 29.301081150770187 1.65
    endloop
  endfacet
  facet normal 0 0 1
    outer loop
      vertex 19.083780589699746 29.301081150770187 1.65
      vertex 19.27709107398987 29.165190532803535 1.65
      vertex 19.102186392247678 29.326349906623363 1.65
    endloop
  endfacet
  facet normal 0 0 1
    outer loop
      vertex 19.102186392247678 29.326349906623363 1.65
      vertex 19.301587234437466 29.20494206249714 1.65
      vertex 19.11813808530569 29.35314590483904 1.65
    endloop
  endfacet
  facet normal 0 0 1
    outer loop
      vertex 19.03696406930685 29.835909739136696 1.65
      vertex 19.060780178010464 29.813672423362732 1.65
      vertex 19.217415097355843 29.996130272746086 1.65
    endloop
  endfacet
  facet normal 0 0 1
    outer loop
      vertex 19.060780178010464 29.813672423362732 1.65
      vertex 19.082089322805405 29.789934165775776 1.65
      vertex 19.24861175119877 29.960234604775906 1.65
    endloop
  endfacet
  facet normal 0 0 1
    outer loop
      vertex 19.082089322805405 29.789934165775776 1.65
      vertex 19.100891511142255 29.764694958925247 1.65
      vertex 19.27652454674244 29.92224672436714 1.65
    endloop
  endfacet
  facet normal 0 0 1
    outer loop
      vertex 19.100891511142255 29.764694958925247 1.65
      vertex 19.117186743021012 29.737954802811146 1.65
      vertex 19.301153476536275 29.882166624069214 1.65
    endloop
  endfacet
  facet normal 0 0 1
    outer loop
      vertex 19.062920685112477 29.27733962982893 1.65
      vertex 19.218300308287144 29.092096902430058 1.65
      vertex 19.249328772723675 29.12757547944784 1.65
    endloop
  endfacet
  facet normal 0 0 1
    outer loop
      vertex 19.083780589699746 29.301081150770187 1.65
      vertex 19.249328772723675 29.12757547944784 1.65
      vertex 19.27709107398987 29.165190532803535 1.65
    endloop
  endfacet
  facet normal 0 0 1
    outer loop
      vertex 19.11813808530569 29.35314590483904 1.65
      vertex 19.322817231714726 29.24683006107807 1.65
      vertex 19.131635668873788 29.381469145417213 1.65
    endloop
  endfacet
  facet normal 0 0 1
    outer loop
      vertex 19.102186392247678 29.326349906623363 1.65
      vertex 19.27709107398987 29.165190532803535 1.65
      vertex 19.301587234437466 29.20494206249714 1.65
    endloop
  endfacet
  facet normal 0 0 1
    outer loop
      vertex 19.11813808530569 29.35314590483904 1.65
      vertex 19.301587234437466 29.20494206249714 1.65
      vertex 19.322817231714726 29.24683006107807 1.65
    endloop
  endfacet
  facet normal 0 0 1
    outer loop
      vertex 19.131635668873788 29.381469145417213 1.65
      vertex 19.322817231714726 29.24683006107807 1.65
      vertex 19.34078107327223 29.290854535996914 1.65
    endloop
  endfacet
  facet normal 0 0 1
    outer loop
      vertex 19.131635668873788 29.381469145417213 1.65
      vertex 19.34078107327223 29.290854535996914 1.65
      vertex 19.355478766560555 29.337015479803085 1.65
    endloop
  endfacet
  facet normal 0 0 1
    outer loop
      vertex 19.131635668873788 29.381469145417213 1.65
      vertex 19.355478766560555 29.337015479803085 1.65
      vertex 19.142679150402547 29.411319635808468 1.65
    endloop
  endfacet
  facet normal 0 0 1
    outer loop
      vertex 19.142679150402547 29.411319635808468 1.65
      vertex 19.366910304129124 29.385312899947166 1.65
      vertex 19.151268522441388 29.44269736111164 1.65
    endloop
  endfacet
  facet normal 0 0 1
    outer loop
      vertex 19.151268522441388 29.44269736111164 1.65
      vertex 19.375075693428517 29.435746796429157 1.65
      vertex 19.15740378499031 29.475602328777313 1.65
    endloop
  endfacet
  facet normal 0 0 1
    outer loop
      vertex 19.15740378499031 29.475602328777313 1.65
      vertex 19.379974919557572 29.488317161798477 1.65
      vertex 19.161084945499898 29.510034546256065 1.65
    endloop
  endfacet
  facet normal 0 0 1
    outer loop
      vertex 19.161084945499898 29.510034546256065 1.65
      vertex 19.38160799741745 29.543024003505707 1.65
      vertex 19.162311996519566 29.545993998646736 1.65
    endloop
  endfacet
  facet normal 0 0 1
    outer loop
      vertex 19.16105851829052 29.581739835441113 1.65
      vertex 19.162311996519566 29.545993998646736 1.65
      vertex 19.379966068267823 29.597749583423138 1.65
    endloop
  endfacet
  facet normal 0 0 1
    outer loop
      vertex 19.16105851829052 29.581739835441113 1.65
      vertex 19.37504028081894 29.650382958352566 1.65
      vertex 19.157298083603383 29.615984722971916 1.65
    endloop
  endfacet
  facet normal 0 0 1
    outer loop
      vertex 19.142679150402547 29.411319635808468 1.65
      vertex 19.355478766560555 29.337015479803085 1.65
      vertex 19.366910304129124 29.385312899947166 1.65
    endloop
  endfacet
  facet normal 0 0 1
    outer loop
      vertex 19.151268522441388 29.44269736111164 1.65
      vertex 19.366910304129124 29.385312899947166 1.65
      vertex 19.375075693428517 29.435746796429157 1.65
    endloop
  endfacet
  facet normal 0 0 1
    outer loop
      vertex 19.15740378499031 29.475602328777313 1.65
      vertex 19.375075693428517 29.435746796429157 1.65
      vertex 19.379974919557572 29.488317161798477 1.65
    endloop
  endfacet
  facet normal 0 0 1
    outer loop
      vertex 19.161084945499898 29.510034546256065 1.65
      vertex 19.379974919557572 29.488317161798477 1.65
      vertex 19.38160799741745 29.543024003505707 1.65
    endloop
  endfacet
  facet normal 0 0 1
    outer loop
      vertex 19.162311996519566 29.545993998646736 1.65
      vertex 19.38160799741745 29.543024003505707 1.65
      vertex 19.379966068267823 29.597749583423138 1.65
    endloop
  endfacet
  facet normal 0 0 1
    outer loop
      vertex 19.16105851829052 29.581739835441113 1.65
      vertex 19.379966068267823 29.597749583423138 1.65
      vertex 19.37504028081894 29.650382958352566 1.65
    endloop
  endfacet
  facet normal 0 0 1
    outer loop
      vertex 19.117186743021012 29.737954802811146 1.65
      vertex 19.130975018441678 29.709713704884052 1.65
      vertex 19.322498555481435 29.839994318783283 1.65
    endloop
  endfacet
  facet normal 0 0 1
    outer loop
      vertex 19.130975018441678 29.709713704884052 1.65
      vertex 19.14225632995367 29.679971657693386 1.65
      vertex 19.34055977612734 29.79572980105877 1.65
    endloop
  endfacet
  facet normal 0 0 1
    outer loop
      vertex 19.151030685007573 29.648728661239147 1.65
      vertex 19.157298083603383 29.615984722971916 1.65
      vertex 19.366830642521382 29.70092412084341 1.65
    endloop
  endfacet
  facet normal 0 0 1
    outer loop
      vertex 19.14225632995367 29.679971657693386 1.65
      vertex 19.151030685007573 29.648728661239147 1.65
      vertex 19.35533713847399 29.74937306344509 1.65
    endloop
  endfacet
  facet normal 0 0 1
    outer loop
      vertex 19.082089322805405 29.789934165775776 1.65
      vertex 19.27652454674244 29.92224672436714 1.65
      vertex 19.24861175119877 29.960234604775906 1.65
    endloop
  endfacet
  facet normal 0 0 1
    outer loop
      vertex 19.117186743021012 29.737954802811146 1.65
      vertex 19.322498555481435 29.839994318783283 1.65
      vertex 19.301153476536275 29.882166624069214 1.65
    endloop
  endfacet
  facet normal 0 0 1
    outer loop
      vertex 19.100891511142255 29.764694958925247 1.65
      vertex 19.301153476536275 29.882166624069214 1.65
      vertex 19.27652454674244 29.92224672436714 1.65
    endloop
  endfacet
  facet normal 0 0 1
    outer loop
      vertex 19.151030685007573 29.648728661239147 1.65
      vertex 19.366830642521382 29.70092412084341 1.65
      vertex 19.35533713847399 29.74937306344509 1.65
    endloop
  endfacet
  facet normal 0 0 1
    outer loop
      vertex 19.14225632995367 29.679971657693386 1.65
      vertex 19.35533713847399 29.74937306344509 1.65
      vertex 19.34055977612734 29.79572980105877 1.65
    endloop
  endfacet
  facet normal 0 0 1
    outer loop
      vertex 19.157298083603383 29.615984722971916 1.65
      vertex 19.37504028081894 29.650382958352566 1.65
      vertex 19.366830642521382 29.70092412084341 1.65
    endloop
  endfacet
  facet normal 0 0 1
    outer loop
      vertex 19.130975018441678 29.709713704884052 1.65
      vertex 19.34055977612734 29.79572980105877 1.65
      vertex 19.322498555481435 29.839994318783283 1.65
    endloop
  endfacet
  facet normal 0 0 1
    outer loop
      vertex 18.840616802871228 29.938688926398754 1.65
      vertex 18.8799193456769 29.92497107386589 1.65
      vertex 18.962783198058606 30.167101122438908 1.65
    endloop
  endfacet
  facet normal 0 0 1
    outer loop
      vertex 18.798630784451962 29.951100304722786 1.65
      vertex 18.909773218631745 30.187983810901642 1.65
      vertex 18.853814724087716 30.206668317317963 1.65
    endloop
  endfacet
  facet normal 0 0 1
    outer loop
      vertex 18.840616802871228 29.938688926398754 1.65
      vertex 18.962783198058606 30.167101122438908 1.65
      vertex 18.909773218631745 30.187983810901642 1.65
    endloop
  endfacet
  facet normal 0 0 1
    outer loop
      vertex 18.8799193456769 29.92497107386589 1.65
      vertex 18.916538412868977 29.909946769475937 1.65
      vertex 19.012844647467137 30.14402025938034 1.65
    endloop
  endfacet
  facet normal 0 0 1
    outer loop
      vertex 18.916538412868977 29.909946769475937 1.65
      vertex 18.95047399699688 29.893615998327732 1.65
      vertex 19.05995758920908 30.11874122172594 1.65
    endloop
  endfacet
  facet normal 0 0 1
    outer loop
      vertex 18.95047399699688 29.893615998327732 1.65
      vertex 18.98181098252535 29.875881530344486 1.65
      vertex 19.104122000932694 30.091264002025127 1.65
    endloop
  endfacet
  facet normal 0 0 1
    outer loop
      vertex 18.8799193456769 29.92497107386589 1.65
      vertex 19.012844647467137 30.14402025938034 1.65
      vertex 18.962783198058606 30.167101122438908 1.65
    endloop
  endfacet
  facet normal 0 0 1
    outer loop
      vertex 18.916538412868977 29.909946769475937 1.65
      vertex 19.05995758920908 30.11874122172594 1.65
      vertex 19.012844647467137 30.14402025938034 1.65
    endloop
  endfacet
  facet normal 0 0 1
    outer loop
      vertex 18.98181098252535 29.875881530344486 1.65
      vertex 19.010641004145146 29.856646105647087 1.65
      vertex 19.145170222222806 30.061644971370697 1.65
    endloop
  endfacet
  facet normal 0 0 1
    outer loop
      vertex 18.95047399699688 29.893615998327732 1.65
      vertex 19.104122000932694 30.091264002025127 1.65
      vertex 19.05995758920908 30.11874122172594 1.65
    endloop
  endfacet
  facet normal 0 0 1
    outer loop
      vertex 19.010641004145146 29.856646105647087 1.65
      vertex 19.03696406930685 29.835909739136696 1.65
      vertex 19.182934592664243 30.029933728277683 1.65
    endloop
  endfacet
  facet normal 0 0 1
    outer loop
      vertex 18.98181098252535 29.875881530344486 1.65
      vertex 19.145170222222806 30.061644971370697 1.65
      vertex 19.104122000932694 30.091264002025127 1.65
    endloop
  endfacet
  facet normal 0 0 1
    outer loop
      vertex 19.010641004145146 29.856646105647087 1.65
      vertex 19.182934592664243 30.029933728277683 1.65
      vertex 19.145170222222806 30.061644971370697 1.65
    endloop
  endfacet
  facet normal 0 0 1
    outer loop
      vertex 19.03696406930685 29.835909739136696 1.65
      vertex 19.217415097355843 29.996130272746086 1.65
      vertex 19.182934592664243 30.029933728277683 1.65
    endloop
  endfacet
  facet normal 0 0 1
    outer loop
      vertex 19.025054003298283 30.67545200139284 1.65
      vertex 19.351775999367238 30.67545200139284 1.65
      vertex 19.025054003298283 30.966357998549938 1.65
    endloop
  endfacet
  facet normal 0 0 1
    outer loop
      vertex 19.060780178010464 29.813672423362732 1.65
      vertex 19.24861175119877 29.960234604775906 1.65
      vertex 19.217415097355843 29.996130272746086 1.65
    endloop
  endfacet
  facet normal 0 0 1
    outer loop
      vertex 19.025054003298283 30.966357998549938 1.65
      vertex 19.351775999367238 30.67545200139284 1.65
      vertex 19.351775999367238 30.966357998549938 1.65
    endloop
  endfacet
  facet normal -0.34139127356377774 0.9399212724130153 0
    outer loop
      vertex 17.73756999820471 27.17978399991989 1.65
      vertex 17.73756999820471 27.17978399991989 2
      vertex 19.351775999367238 27.766084000468254 1.65
    endloop
  endfacet
  facet normal 0.32025513681565476 -0.9473313292313236 0
    outer loop
      vertex 17.73756999820471 27.466223999857903 1.65
      vertex 18.78785000294447 27.821281999349594 1.65
      vertex 18.78785000294447 27.821281999349594 2
    endloop
  endfacet
  facet normal 0.3034561503685723 -0.9528454044615455 0
    outer loop
      vertex 18.78785000294447 27.821281999349594 1.65
      vertex 18.79841507524252 27.824646696448326 1.65
      vertex 18.79841507524252 27.824646696448326 2
    endloop
  endfacet
  facet normal 0.29538909685582243 -0.9553770362839489 0
    outer loop
      vertex 18.79841507524252 27.824646696448326 1.65
      vertex 18.811752150952817 27.828770332038403 1.65
      vertex 18.811752150952817 27.828770332038403 2
    endloop
  endfacet
  facet normal 0.29006330274814895 -0.9570074609943413 0
    outer loop
      vertex 18.811752150952817 27.828770332038403 1.65
      vertex 18.82786123007536 27.833652898669243 1.65
      vertex 18.82786123007536 27.833652898669243 2
    endloop
  endfacet
  facet normal 0.2862854167343715 -0.95814438377795 0
    outer loop
      vertex 18.82786123007536 27.833652898669243 1.65
      vertex 18.84674230515957 27.839294403791428 1.65
      vertex 18.84674230515957 27.839294403791428 2
    endloop
  endfacet
  facet normal 0.3137348363548263 0.9495106384119193 0
    outer loop
      vertex 18.7908199980855 28.034616000950336 1.65
      vertex 18.7908199980855 28.034616000950336 2
      vertex 18.96686400026083 27.976447999477386 1.65
    endloop
  endfacet
  facet normal -0.34979241417139434 -0.9368272343330694 0
    outer loop
      vertex 17.73756999820471 28.68656399846077 1.65
      vertex 19.351775999367238 28.083852000534534 1.65
      vertex 19.351775999367238 28.083852000534534 2
    endloop
  endfacet
  facet normal 0.28346571800704046 -0.9589823703878779 0
    outer loop
      vertex 18.84674230515957 27.839294403791428 1.65
      vertex 18.868395383656026 27.845694839954376 1.65
      vertex 18.868395383656026 27.845694839954376 2
    endloop
  endfacet
  facet normal 0.28128132937122685 -0.9596253507213924 0
    outer loop
      vertex 18.868395383656026 27.845694839954376 1.65
      vertex 18.892820458114148 27.85285421460867 1.65
      vertex 18.892820458114148 27.85285421460867 2
    endloop
  endfacet
  facet normal 0.27953877112915493 -0.9601344048806928 0
    outer loop
      vertex 18.892820458114148 27.85285421460867 1.65
      vertex 18.920017535984517 27.860772520303726 1.65
      vertex 18.920017535984517 27.860772520303726 2
    endloop
  endfacet
  facet normal 0.2781167437631218 -0.9605472798559154 0
    outer loop
      vertex 18.920017535984517 27.860772520303726 1.65
      vertex 18.949986617267133 27.869449764490128 1.65
      vertex 18.949986617267133 27.869449764490128 2
    endloop
  endfacet
  facet normal 0.2769339703572587 -0.9608889509522758 0
    outer loop
      vertex 18.949986617267133 27.869449764490128 1.65
      vertex 18.982727694511414 27.878885939717293 1.65
      vertex 18.982727694511414 27.878885939717293 2
    endloop
  endfacet
  facet normal 0.2759350469885341 -0.9611762844782613 0
    outer loop
      vertex 18.982727694511414 27.878885939717293 1.65
      vertex 19.018240767717362 27.889081053435802 1.65
      vertex 19.018240767717362 27.889081053435802 2
    endloop
  endfacet
  facet normal 0.2750798435056138 -0.9614213850840468 0
    outer loop
      vertex 19.018240767717362 27.889081053435802 1.65
      vertex 19.056525844335557 27.900035098195076 1.65
      vertex 19.056525844335557 27.900035098195076 2
    endloop
  endfacet
  facet normal 0.28666095684942705 0.9580320954008644 0
    outer loop
      vertex 18.96686400026083 27.976447999477386 1.65
      vertex 18.96686400026083 27.976447999477386 2
      vertex 19.141412000358105 27.924220003187656 1.65
    endloop
  endfacet
  facet normal 0.2743397538500163 -0.96163282985634 0
    outer loop
      vertex 19.056525844335557 27.900035098195076 1.65
      vertex 19.097582924365998 27.911748081445694 1.65
      vertex 19.097582924365998 27.911748081445694 2
    endloop
  endfacet
  facet normal 0.27369292310753895 -0.9618171259864584 0
    outer loop
      vertex 19.097582924365998 27.911748081445694 1.65
      vertex 19.141412000358105 27.924220003187656 1.65
      vertex 19.141412000358105 27.924220003187656 2
    endloop
  endfacet
  facet normal -1 0 0
    outer loop
      vertex 19.351775999367238 27.766084000468254 1.65
      vertex 19.351775999367238 27.766084000468254 2
      vertex 19.351775999367238 28.083852000534534 1.65
    endloop
  endfacet
  facet normal -0.34139127356377774 0.9399212724130153 0
    outer loop
      vertex 19.351775999367238 27.766084000468254 1.65
      vertex 17.73756999820471 27.17978399991989 2
      vertex 19.351775999367238 27.766084000468254 2
    endloop
  endfacet
  facet normal 0.3290453874202047 0.9443141071791141 0
    outer loop
      vertex 18.7908199980855 28.034616000950336 1.65
      vertex 17.73756999820471 28.401620000600815 2
      vertex 18.7908199980855 28.034616000950336 2
    endloop
  endfacet
  facet normal -0.34979241417139434 -0.9368272343330694 0
    outer loop
      vertex 17.73756999820471 28.68656399846077 1.65
      vertex 19.351775999367238 28.083852000534534 2
      vertex 17.73756999820471 28.68656399846077 2
    endloop
  endfacet
  facet normal 0.3034561503685723 -0.9528454044615455 0
    outer loop
      vertex 18.78785000294447 27.821281999349594 1.65
      vertex 18.79841507524252 27.824646696448326 2
      vertex 18.78785000294447 27.821281999349594 2
    endloop
  endfacet
  facet normal 0.29538909685582243 -0.9553770362839489 0
    outer loop
      vertex 18.79841507524252 27.824646696448326 1.65
      vertex 18.811752150952817 27.828770332038403 2
      vertex 18.79841507524252 27.824646696448326 2
    endloop
  endfacet
  facet normal 0.29006330274814895 -0.9570074609943413 0
    outer loop
      vertex 18.811752150952817 27.828770332038403 1.65
      vertex 18.82786123007536 27.833652898669243 2
      vertex 18.811752150952817 27.828770332038403 2
    endloop
  endfacet
  facet normal 0.2862854167343715 -0.95814438377795 0
    outer loop
      vertex 18.82786123007536 27.833652898669243 1.65
      vertex 18.84674230515957 27.839294403791428 2
      vertex 18.82786123007536 27.833652898669243 2
    endloop
  endfacet
  facet normal 0.28346571800704046 -0.9589823703878779 0
    outer loop
      vertex 18.84674230515957 27.839294403791428 1.65
      vertex 18.868395383656026 27.845694839954376 2
      vertex 18.84674230515957 27.839294403791428 2
    endloop
  endfacet
  facet normal 0.28128132937122685 -0.9596253507213924 0
    outer loop
      vertex 18.868395383656026 27.845694839954376 1.65
      vertex 18.892820458114148 27.85285421460867 2
      vertex 18.868395383656026 27.845694839954376 2
    endloop
  endfacet
  facet normal 0.27953877112915493 -0.9601344048806928 0
    outer loop
      vertex 18.892820458114148 27.85285421460867 1.65
      vertex 18.920017535984517 27.860772520303726 2
      vertex 18.892820458114148 27.85285421460867 2
    endloop
  endfacet
  facet normal 0.2781167437631218 -0.9605472798559154 0
    outer loop
      vertex 18.920017535984517 27.860772520303726 1.65
      vertex 18.949986617267133 27.869449764490128 2
      vertex 18.920017535984517 27.860772520303726 2
    endloop
  endfacet
  facet normal 0.2769339703572587 -0.9608889509522758 0
    outer loop
      vertex 18.949986617267133 27.869449764490128 1.65
      vertex 18.982727694511414 27.878885939717293 2
      vertex 18.949986617267133 27.869449764490128 2
    endloop
  endfacet
  facet normal 0.2759350469885341 -0.9611762844782613 0
    outer loop
      vertex 18.982727694511414 27.878885939717293 1.65
      vertex 19.018240767717362 27.889081053435802 2
      vertex 18.982727694511414 27.878885939717293 2
    endloop
  endfacet
  facet normal 0.3137348363548263 0.9495106384119193 0
    outer loop
      vertex 18.96686400026083 27.976447999477386 1.65
      vertex 18.7908199980855 28.034616000950336 2
      vertex 18.96686400026083 27.976447999477386 2
    endloop
  endfacet
  facet normal 0.2750798435056138 -0.9614213850840468 0
    outer loop
      vertex 19.018240767717362 27.889081053435802 1.65
      vertex 19.056525844335557 27.900035098195076 2
      vertex 19.018240767717362 27.889081053435802 2
    endloop
  endfacet
  facet normal 0.2743397538500163 -0.96163282985634 0
    outer loop
      vertex 19.056525844335557 27.900035098195076 1.65
      vertex 19.097582924365998 27.911748081445694 2
      vertex 19.056525844335557 27.900035098195076 2
    endloop
  endfacet
  facet normal 0.28666095684942705 0.9580320954008644 0
    outer loop
      vertex 19.141412000358105 27.924220003187656 1.65
      vertex 18.96686400026083 27.976447999477386 2
      vertex 19.141412000358105 27.924220003187656 2
    endloop
  endfacet
  facet normal 0.27369292310753895 -0.9618171259864584 0
    outer loop
      vertex 19.097582924365998 27.911748081445694 1.65
      vertex 19.141412000358105 27.924220003187656 2
      vertex 19.097582924365998 27.911748081445694 2
    endloop
  endfacet
  facet normal -1 0 0
    outer loop
      vertex 19.351775999367238 28.083852000534534 1.65
      vertex 19.351775999367238 27.766084000468254 2
      vertex 19.351775999367238 28.083852000534534 2
    endloop
  endfacet
  facet normal 0.012801771590746197 0.9999180539644928 0
    outer loop
      vertex 18.218290957808495 28.81752010434866 1.65
      vertex 18.218290957808495 28.81752010434866 2
      vertex 18.3 28.816473998129368 1.65
    endloop
  endfacet
  facet normal -0.013464065068287234 0.9999093553676939 0
    outer loop
      vertex 18.3 28.816473998129368 1.65
      vertex 18.3 28.816473998129368 2
      vertex 18.379980410635472 28.81755095720291 1.65
    endloop
  endfacet
  facet normal -0.028939357493047466 -0.9995811690842767 0
    outer loop
      vertex 18.164301919937134 29.09055781364441 1.65
      vertex 18.23061486631632 29.088637955486774 1.65
      vertex 18.23061486631632 29.088637955486774 2
    endloop
  endfacet
  facet normal -0.009222804186319192 -0.9999574690370291 0
    outer loop
      vertex 18.23061486631632 29.088637955486774 1.65
      vertex 18.3 29.087998002767563 1.65
      vertex 18.3 29.087998002767563 2
    endloop
  endfacet
  facet normal 0.00962068243655965 -0.9999537201638158 0
    outer loop
      vertex 18.3 29.087998002767563 1.65
      vertex 18.36743533909321 29.088646806776524 1.65
      vertex 18.36743533909321 29.088646806776524 2
    endloop
  endfacet
  facet normal -0.04193408817045994 0.9991203792583315 0
    outer loop
      vertex 18.379980410635472 28.81755095720291 1.65
      vertex 18.379980410635472 28.81755095720291 2
      vertex 18.45695919841528 28.820781834423542 1.65
    endloop
  endfacet
  facet normal -0.07259791696017207 0.9973612898308436 0
    outer loop
      vertex 18.45695919841528 28.820781834423542 1.65
      vertex 18.45695919841528 28.820781834423542 2
      vertex 18.530936340987683 28.82616662979126 1.65
    endloop
  endfacet
  facet normal 0.03011991378554601 -0.9995462924715149 0
    outer loop
      vertex 18.36743533909321 29.088646806776524 1.65
      vertex 18.432028117775918 29.090593218803406 1.65
      vertex 18.432028117775918 29.090593218803406 2
    endloop
  endfacet
  facet normal 0.05246232092228287 -0.998622904245365 0
    outer loop
      vertex 18.432028117775918 29.090593218803406 1.65
      vertex 18.493778343498708 29.09383724629879 1.65
      vertex 18.493778343498708 29.09383724629879 2
    endloop
  endfacet
  facet normal -0.10562145460274798 0.9944064100394765 0
    outer loop
      vertex 18.530936340987683 28.82616662979126 1.65
      vertex 18.530936340987683 28.82616662979126 2
      vertex 18.601911860704423 28.833705335855484 1.65
    endloop
  endfacet
  facet normal -0.14116553920995106 0.989986005224096 0
    outer loop
      vertex 18.601911860704423 28.833705335855484 1.65
      vertex 18.601911860704423 28.833705335855484 2
      vertex 18.669885742664338 28.843397967517376 1.65
    endloop
  endfacet
  facet normal 0.0768692864441832 -0.997041179090193 0
    outer loop
      vertex 18.493778343498708 29.09383724629879 1.65
      vertex 18.552686008810998 29.098378874361515 1.65
      vertex 18.552686008810998 29.098378874361515 2
    endloop
  endfacet
  facet normal 0.10359077468841937 -0.994620003518657 0
    outer loop
      vertex 18.552686008810998 29.098378874361515 1.65
      vertex 18.60875112116337 29.104218117892742 1.65
      vertex 18.60875112116337 29.104218117892742 2
    endloop
  endfacet
  facet normal 0.13290490257668192 -0.9911287942901683 0
    outer loop
      vertex 18.60875112116337 29.104218117892742 1.65
      vertex 18.66197368055582 29.11135496944189 1.65
      vertex 18.66197368055582 29.11135496944189 2
    endloop
  endfacet
  facet normal -0.1793750639796394 0.9837807613601216 0
    outer loop
      vertex 18.669885742664338 28.843397967517376 1.65
      vertex 18.669885742664338 28.843397967517376 2
      vertex 18.73485798686743 28.855244509875774 1.65
    endloop
  endfacet
  facet normal -0.2203671435983226 0.9754169990431356 0
    outer loop
      vertex 18.73485798686743 28.855244509875774 1.65
      vertex 18.73485798686743 28.855244509875774 2
      vertex 18.796828600764275 28.86924497038126 1.65
    endloop
  endfacet
  facet normal -0.2642122162425772 0.964464568964659 0
    outer loop
      vertex 18.796828600764275 28.86924497038126 1.65
      vertex 18.796828600764275 28.86924497038126 2
      vertex 18.855797584354878 28.885399349033833 1.65
    endloop
  endfacet
  facet normal 0.16511881048410929 -0.986273683327459 0
    outer loop
      vertex 18.66197368055582 29.11135496944189 1.65
      vertex 18.712353679537774 29.11978942900896 1.65
      vertex 18.712353679537774 29.11978942900896 2
    endloop
  endfacet
  facet normal 0.20056450081814384 -0.9796804994545767 0
    outer loop
      vertex 18.712353679537774 29.11978942900896 1.65
      vertex 18.759891125559808 29.129521504044533 1.65
      vertex 18.759891125559808 29.129521504044533 2
    endloop
  endfacet
  facet normal 0.23958971762884834 -0.9708742283151452 0
    outer loop
      vertex 18.759891125559808 29.129521504044533 1.65
      vertex 18.80458601117134 29.140551187098026 1.65
      vertex 18.80458601117134 29.140551187098026 2
    endloop
  endfacet
  facet normal 0.2825412480466197 -0.9592551501828169 0
    outer loop
      vertex 18.80458601117134 29.140551187098026 1.65
      vertex 18.846438343822957 29.15287847071886 1.65
      vertex 18.846438343822957 29.15287847071886 2
    endloop
  endfacet
  facet normal -0.009082756941929641 0.9999587509124233 0
    outer loop
      vertex 18.23147911131382 30.00338961929083 1.65
      vertex 18.23147911131382 30.00338961929083 2
      vertex 18.3 30.004012003540993 1.65
    endloop
  endfacet
  facet normal 0.009876497620709473 0.9999512262079326 0
    outer loop
      vertex 18.3 30.004012003540993 1.65
      vertex 18.3 30.004012003540993 2
      vertex 18.366137336194516 30.003358766436577 1.65
    endloop
  endfacet
  facet normal 0.012938623434956826 -0.999916292508332 0
    outer loop
      vertex 18.219155336916447 30.27596389502287 1.65
      vertex 18.3 30.27701000124216 1.65
      vertex 18.3 30.27701000124216 2
    endloop
  endfacet
  facet normal -0.013815569365002282 -0.9999045604672082 0
    outer loop
      vertex 18.3 30.27701000124216 1.65
      vertex 18.37954666018486 30.275910913944244 1.65
      vertex 18.37954666018486 30.275910913944244 2
    endloop
  endfacet
  facet normal 0.03086896579729362 0.999523439920548 0
    outer loop
      vertex 18.366137336194516 30.003358766436577 1.65
      vertex 18.366137336194516 30.003358766436577 2
      vertex 18.429591196775437 30.00139907747507 1.65
    endloop
  endfacet
  facet normal 0.053668394250346176 0.9985588132196267 0
    outer loop
      vertex 18.429591196775437 30.00139907747507 1.65
      vertex 18.429591196775437 30.00139907747507 2
      vertex 18.490361574292184 29.998132921755314 1.65
    endloop
  endfacet
  facet normal 0.07847746087474215 0.9969158881945123 0
    outer loop
      vertex 18.490361574292184 29.998132921755314 1.65
      vertex 18.490361574292184 29.998132921755314 2
      vertex 18.548448476195336 29.993560306727886 1.65
    endloop
  endfacet
  facet normal -0.04300650729820472 -0.9990747921602313 0
    outer loop
      vertex 18.37954666018486 30.275910913944244 1.65
      vertex 18.456144805252553 30.272613644599915 1.65
      vertex 18.456144805252553 30.272613644599915 2
    endloop
  endfacet
  facet normal -0.07440919920327954 -0.9972277929710577 0
    outer loop
      vertex 18.456144805252553 30.272613644599915 1.65
      vertex 18.529794427752496 30.267118200659752 1.65
      vertex 18.529794427752496 30.267118200659752 2
    endloop
  endfacet
  facet normal 0.10552149517409433 0.9944170222075965 0
    outer loop
      vertex 18.603851895034314 29.987681232392788 1.65
      vertex 18.548448476195336 29.993560306727886 1.65
      vertex 18.548448476195336 29.993560306727886 2
    endloop
  endfacet
  facet normal 0.1350478673618554 0.9908390754915828 0
    outer loop
      vertex 18.603851895034314 29.987681232392788 1.65
      vertex 18.603851895034314 29.987681232392788 2
      vertex 18.656571830809117 29.98049569129944 1.65
    endloop
  endfacet
  facet normal 0.1673235716882526 0.9859020348683161 0
    outer loop
      vertex 18.656571830809117 29.98049569129944 1.65
      vertex 18.656571830809117 29.98049569129944 2
      vertex 18.706608298420907 29.97200369089842 1.65
    endloop
  endfacet
  facet normal -0.10818031010059913 -0.9941312893710459 0
    outer loop
      vertex 18.529794427752496 30.267118200659752 1.65
      vertex 18.60049552768469 30.259424582123756 1.65
      vertex 18.60049552768469 30.259424582123756 2
    endloop
  endfacet
  facet normal -0.14446729236194877 -0.9895095762232962 0
    outer loop
      vertex 18.60049552768469 30.259424582123756 1.65
      vertex 18.668248105049134 30.249532781541348 1.65
      vertex 18.668248105049134 30.249532781541348 2
    endloop
  endfacet
  facet normal 0.20263122630241018 0.9792551179989725 0
    outer loop
      vertex 18.706608298420907 29.97200369089842 1.65
      vertex 18.706608298420907 29.97200369089842 2
      vertex 18.75396127551794 29.962205231189728 1.65
    endloop
  endfacet
  facet normal 0.24125845962647277 0.9704608985727665 0
    outer loop
      vertex 18.75396127551794 29.962205231189728 1.65
      vertex 18.75396127551794 29.962205231189728 2
      vertex 18.798630784451962 29.951100304722786 1.65
    endloop
  endfacet
  facet normal 0.2834809660726665 0.9589778630784487 0
    outer loop
      vertex 18.798630784451962 29.951100304722786 1.65
      vertex 18.798630784451962 29.951100304722786 2
      vertex 18.840616802871228 29.938688926398754 1.65
    endloop
  endfacet
  facet normal -0.18339768110062016 -0.9830388042020088 0
    outer loop
      vertex 18.668248105049134 30.249532781541348 1.65
      vertex 18.73305216729641 30.237442806363106 1.65
      vertex 18.73305216729641 30.237442806363106 2
    endloop
  endfacet
  facet normal -0.22506591583342075 -0.9743435397897722 0
    outer loop
      vertex 18.73305216729641 30.237442806363106 1.65
      vertex 18.794907706975938 30.22315464913845 1.65
      vertex 18.794907706975938 30.22315464913845 2
    endloop
  endfacet
  facet normal -0.26951421344934556 -0.9629964115970425 0
    outer loop
      vertex 18.794907706975938 30.22315464913845 1.65
      vertex 18.853814724087716 30.206668317317963 1.65
      vertex 18.853814724087716 30.206668317317963 2
    endloop
  endfacet
  facet normal -0.31091187282974336 0.9504387446508594 0
    outer loop
      vertex 18.855797584354878 28.885399349033833 1.65
      vertex 18.855797584354878 28.885399349033833 2
      vertex 18.911764937639237 28.903707645833492 1.65
    endloop
  endfacet
  facet normal -0.3603715194434437 0.9328088592922045 0
    outer loop
      vertex 18.911764937639237 28.903707645833492 1.65
      vertex 18.911764937639237 28.903707645833492 2
      vertex 18.96473065316677 28.92416986078024 1.65
    endloop
  endfacet
  facet normal -0.4123695993706685 0.911016637342521 0
    outer loop
      vertex 18.96473065316677 28.92416986078024 1.65
      vertex 18.96473065316677 28.92416986078024 2
      vertex 19.01469473093748 28.946785986423492 1.65
    endloop
  endfacet
  facet normal 0.3297354415794333 -0.944073375626289 0
    outer loop
      vertex 18.846438343822957 29.15287847071886 1.65
      vertex 18.885448116064072 29.166503369808197 1.65
      vertex 18.885448116064072 29.166503369808197 2
    endloop
  endfacet
  facet normal 0.381408170218487 -0.9244067328241317 0
    outer loop
      vertex 18.885448116064072 29.166503369808197 1.65
      vertex 18.92161533534527 29.181425884366035 1.65
      vertex 18.92161533534527 29.181425884366035 2
    endloop
  endfacet
  facet normal 0.4376427687670896 -0.8991489347966085 0
    outer loop
      vertex 18.92161533534527 29.181425884366035 1.65
      vertex 18.954940001666547 29.197645999491215 1.65
      vertex 18.954940001666547 29.197645999491215 2
    endloop
  endfacet
  facet normal 0.4983363649253405 -0.8669837757380457 0
    outer loop
      vertex 18.954940001666547 29.197645999491215 1.65
      vertex 18.985616329312325 29.215278543531895 1.65
      vertex 18.985616329312325 29.215278543531895 2
    endloop
  endfacet
  facet normal 0.5616818695890806 -0.82735329658793 0
    outer loop
      vertex 18.985616329312325 29.215278543531895 1.65
      vertex 19.013838554918767 29.234438329935074 1.65
      vertex 19.013838554918767 29.234438329935074 2
    endloop
  endfacet
  facet normal -0.46652749080616746 0.8845066988565442 0
    outer loop
      vertex 19.01469473093748 28.946785986423492 1.65
      vertex 19.01469473093748 28.946785986423492 2
      vertex 19.06165718585253 28.971556037664413 1.65
    endloop
  endfacet
  facet normal -0.5222833219524364 0.8527720279244199 0
    outer loop
      vertex 19.06165718585253 28.971556037664413 1.65
      vertex 19.06165718585253 28.971556037664413 2
      vertex 19.10561800301075 28.99847999960184 1.65
    endloop
  endfacet
  facet normal -0.5800098710821315 0.8146094459600189 0
    outer loop
      vertex 19.10561800301075 28.99847999960184 1.65
      vertex 19.10561800301075 28.99847999960184 2
      vertex 19.14644491970539 29.027549162507057 1.65
    endloop
  endfacet
  facet normal -0.6390353835554375 0.7691773388264601 0
    outer loop
      vertex 19.14644491970539 29.027549162507057 1.65
      vertex 19.14644491970539 29.027549162507057 2
      vertex 19.184005695581437 29.058754794299603 1.65
    endloop
  endfacet
  facet normal 0.6260325973289004 -0.7797968883508263 0
    outer loop
      vertex 19.013838554918767 29.234438329935074 1.65
      vertex 19.03960667103529 29.255125358700752 1.65
      vertex 19.03960667103529 29.255125358700752 2
    endloop
  endfacet
  facet normal 0.6898252873391791 -0.7239758787055125 0
    outer loop
      vertex 19.03960667103529 29.255125358700752 1.65
      vertex 19.062920685112477 29.27733962982893 1.65
      vertex 19.062920685112477 29.27733962982893 2
    endloop
  endfacet
  facet normal 0.7512253987806476 -0.6600457561615383 0
    outer loop
      vertex 19.062920685112477 29.27733962982893 1.65
      vertex 19.083780589699746 29.301081150770187 1.65
      vertex 19.083780589699746 29.301081150770187 2
    endloop
  endfacet
  facet normal 0.8083018189727487 -0.5887683495614774 0
    outer loop
      vertex 19.083780589699746 29.301081150770187 1.65
      vertex 19.102186392247678 29.326349906623363 1.65
      vertex 19.102186392247678 29.326349906623363 2
    endloop
  endfacet
  facet normal 0.8592690066496296 -0.5115239722743783 0
    outer loop
      vertex 19.102186392247678 29.326349906623363 1.65
      vertex 19.11813808530569 29.35314590483904 1.65
      vertex 19.11813808530569 29.35314590483904 2
    endloop
  endfacet
  facet normal 0.4336305708112366 0.9010907435202745 0
    outer loop
      vertex 18.916538412868977 29.909946769475937 1.65
      vertex 18.916538412868977 29.909946769475937 2
      vertex 18.95047399699688 29.893615998327732 1.65
    endloop
  endfacet
  facet normal 0.4925256881833759 0.8702979067419914 0
    outer loop
      vertex 18.95047399699688 29.893615998327732 1.65
      vertex 18.95047399699688 29.893615998327732 2
      vertex 18.98181098252535 29.875881530344486 1.65
    endloop
  endfacet
  facet normal 0.5550079856520772 0.831845019136632 0
    outer loop
      vertex 18.98181098252535 29.875881530344486 1.65
      vertex 18.98181098252535 29.875881530344486 2
      vertex 19.010641004145146 29.856646105647087 1.65
    endloop
  endfacet
  facet normal 0.9027327243183073 -0.43020184616624685 0
    outer loop
      vertex 19.11813808530569 29.35314590483904 1.65
      vertex 19.131635668873788 29.381469145417213 1.65
      vertex 19.131635668873788 29.381469145417213 2
    endloop
  endfacet
  facet normal 0.9378741114965798 -0.3469757210303065 0
    outer loop
      vertex 19.131635668873788 29.381469145417213 1.65
      vertex 19.142679150402547 29.411319635808468 1.65
      vertex 19.142679150402547 29.411319635808468 2
    endloop
  endfacet
  facet normal 0.9645151758425633 -0.2640274144277242 0
    outer loop
      vertex 19.142679150402547 29.411319635808468 1.65
      vertex 19.151268522441388 29.44269736111164 1.65
      vertex 19.151268522441388 29.44269736111164 2
    endloop
  endfacet
  facet normal 0.9830579407692781 -0.18329507655817268 0
    outer loop
      vertex 19.151268522441388 29.44269736111164 1.65
      vertex 19.15740378499031 29.475602328777313 1.65
      vertex 19.15740378499031 29.475602328777313 2
    endloop
  endfacet
  facet normal 0.9943336165772014 -0.10630455749638833 0
    outer loop
      vertex 19.15740378499031 29.475602328777313 1.65
      vertex 19.161084945499898 29.510034546256065 1.65
      vertex 19.161084945499898 29.510034546256065 2
    endloop
  endfacet
  facet normal 0.9994183120832945 -0.03410333521195151 0
    outer loop
      vertex 19.161084945499898 29.510034546256065 1.65
      vertex 19.162311996519566 29.545993998646736 1.65
      vertex 19.162311996519566 29.545993998646736 2
    endloop
  endfacet
  facet normal 0.999385739823023 0.03504487178445733 0
    outer loop
      vertex 19.16105851829052 29.581739835441113 1.65
      vertex 19.16105851829052 29.581739835441113 2
      vertex 19.162311996519566 29.545993998646736 1.65
    endloop
  endfacet
  facet normal 0.9940248538670599 0.10915397333386584 0
    outer loop
      vertex 19.16105851829052 29.581739835441113 1.65
      vertex 19.157298083603383 29.615984722971916 1.65
      vertex 19.157298083603383 29.615984722971916 2
    endloop
  endfacet
  facet normal 0.6824649965278223 0.7309182775894165 0
    outer loop
      vertex 19.03696406930685 29.835909739136696 1.65
      vertex 19.03696406930685 29.835909739136696 2
      vertex 19.060780178010464 29.813672423362732 1.65
    endloop
  endfacet
  facet normal 0.6188166531712253 0.7855354541699334 0
    outer loop
      vertex 19.010641004145146 29.856646105647087 1.65
      vertex 19.010641004145146 29.856646105647087 2
      vertex 19.03696406930685 29.835909739136696 1.65
    endloop
  endfacet
  facet normal 0.7441553205092415 0.6680066309235173 0
    outer loop
      vertex 19.060780178010464 29.813672423362732 1.65
      vertex 19.060780178010464 29.813672423362732 2
      vertex 19.082089322805405 29.789934165775776 1.65
    endloop
  endfacet
  facet normal 0.8019360317260847 0.597409910379314 0
    outer loop
      vertex 19.082089322805405 29.789934165775776 1.65
      vertex 19.082089322805405 29.789934165775776 2
      vertex 19.100891511142255 29.764694958925247 1.65
    endloop
  endfacet
  facet normal 0.8539344210409806 0.5203806343066634 0
    outer loop
      vertex 19.100891511142255 29.764694958925247 1.65
      vertex 19.100891511142255 29.764694958925247 2
      vertex 19.117186743021012 29.737954802811146 1.65
    endloop
  endfacet
  facet normal 0.8986163023126883 0.4387353886089781 0
    outer loop
      vertex 19.117186743021012 29.737954802811146 1.65
      vertex 19.117186743021012 29.737954802811146 2
      vertex 19.130975018441678 29.709713704884052 1.65
    endloop
  endfacet
  facet normal 0.9821702440364309 0.18799364810923178 0
    outer loop
      vertex 19.151030685007573 29.648728661239147 1.65
      vertex 19.151030685007573 29.648728661239147 2
      vertex 19.157298083603383 29.615984722971916 1.65
    endloop
  endfacet
  facet normal 0.9349991386033694 0.3546499835203121 0
    outer loop
      vertex 19.130975018441678 29.709713704884052 1.65
      vertex 19.130975018441678 29.709713704884052 2
      vertex 19.14225632995367 29.679971657693386 1.65
    endloop
  endfacet
  facet normal 0.9627531732788526 0.2703818176976765 0
    outer loop
      vertex 19.14225632995367 29.679971657693386 1.65
      vertex 19.14225632995367 29.679971657693386 2
      vertex 19.151030685007573 29.648728661239147 1.65
    endloop
  endfacet
  facet normal -0.6970797212460342 0.7169936277454295 0
    outer loop
      vertex 19.184005695581437 29.058754794299603 1.65
      vertex 19.184005695581437 29.058754794299603 2
      vertex 19.218300308287144 29.092096902430058 1.65
    endloop
  endfacet
  facet normal -0.7527374431214819 0.6583208501353528 0
    outer loop
      vertex 19.218300308287144 29.092096902430058 1.65
      vertex 19.218300308287144 29.092096902430058 2
      vertex 19.249328772723675 29.12757547944784 1.65
    endloop
  endfacet
  facet normal -0.8045862464157046 0.593835812391512 0
    outer loop
      vertex 19.249328772723675 29.12757547944784 1.65
      vertex 19.249328772723675 29.12757547944784 2
      vertex 19.27709107398987 29.165190532803535 1.65
    endloop
  endfacet
  facet normal -0.8513361937509958 0.5246205154295502 0
    outer loop
      vertex 19.27709107398987 29.165190532803535 1.65
      vertex 19.27709107398987 29.165190532803535 2
      vertex 19.301587234437466 29.20494206249714 1.65
    endloop
  endfacet
  facet normal -0.8919778643054798 0.45207907448701395 0
    outer loop
      vertex 19.301587234437466 29.20494206249714 1.65
      vertex 19.301587234437466 29.20494206249714 2
      vertex 19.322817231714726 29.24683006107807 1.65
    endloop
  endfacet
  facet normal -0.9258868721983332 0.37780087333248374 0
    outer loop
      vertex 19.322817231714726 29.24683006107807 1.65
      vertex 19.322817231714726 29.24683006107807 2
      vertex 19.34078107327223 29.290854535996914 1.65
    endloop
  endfacet
  facet normal -0.9528654021334539 0.3033933509769964 0
    outer loop
      vertex 19.34078107327223 29.290854535996914 1.65
      vertex 19.34078107327223 29.290854535996914 2
      vertex 19.355478766560555 29.337015479803085 1.65
    endloop
  endfacet
  facet normal -0.9731133760194751 0.23032663200763318 0
    outer loop
      vertex 19.355478766560555 29.337015479803085 1.65
      vertex 19.355478766560555 29.337015479803085 2
      vertex 19.366910304129124 29.385312899947166 1.65
    endloop
  endfacet
  facet normal -0.8519973183616998 -0.5235461483999976 0
    outer loop
      vertex 19.27652454674244 29.92224672436714 1.65
      vertex 19.301153476536275 29.882166624069214 1.65
      vertex 19.301153476536275 29.882166624069214 2
    endloop
  endfacet
  facet normal -0.9258910317430944 -0.37779067926261556 0
    outer loop
      vertex 19.322498555481435 29.839994318783283 1.65
      vertex 19.34055977612734 29.79572980105877 1.65
      vertex 19.34055977612734 29.79572980105877 2
    endloop
  endfacet
  facet normal -0.8922252481090094 -0.4515906405549352 0
    outer loop
      vertex 19.301153476536275 29.882166624069214 1.65
      vertex 19.322498555481435 29.839994318783283 1.65
      vertex 19.322498555481435 29.839994318783283 2
    endloop
  endfacet
  facet normal -0.9871458997632028 0.15982168995695373 0
    outer loop
      vertex 19.366910304129124 29.385312899947166 1.65
      vertex 19.366910304129124 29.385312899947166 2
      vertex 19.375075693428517 29.435746796429157 1.65
    endloop
  endfacet
  facet normal -0.9956855516245937 0.09279160676498985 0
    outer loop
      vertex 19.375075693428517 29.435746796429157 1.65
      vertex 19.375075693428517 29.435746796429157 2
      vertex 19.379974919557572 29.488317161798477 1.65
    endloop
  endfacet
  facet normal -0.9995547433997627 0.02983814583774463 0
    outer loop
      vertex 19.379974919557572 29.488317161798477 1.65
      vertex 19.379974919557572 29.488317161798477 2
      vertex 19.38160799741745 29.543024003505707 1.65
    endloop
  endfacet
  facet normal -0.9995502149667475 -0.029989460814243092 0
    outer loop
      vertex 19.38160799741745 29.543024003505707 1.65
      vertex 19.38160799741745 29.543024003505707 2
      vertex 19.379966068267823 29.597749583423138 1.65
    endloop
  endfacet
  facet normal -0.9956493166986526 -0.09317960161701726 0
    outer loop
      vertex 19.379966068267823 29.597749583423138 1.65
      vertex 19.379966068267823 29.597749583423138 2
      vertex 19.37504028081894 29.650382958352566 1.65
    endloop
  endfacet
  facet normal -0.987062937967459 -0.16033326695058697 0
    outer loop
      vertex 19.37504028081894 29.650382958352566 1.65
      vertex 19.37504028081894 29.650382958352566 2
      vertex 19.366830642521382 29.70092412084341 1.65
    endloop
  endfacet
  facet normal -0.9527623891994563 -0.3037166931976964 0
    outer loop
      vertex 19.34055977612734 29.79572980105877 1.65
      vertex 19.35533713847399 29.74937306344509 1.65
      vertex 19.35533713847399 29.74937306344509 2
    endloop
  endfacet
  facet normal -0.9729957549499079 -0.23082300762588356 0
    outer loop
      vertex 19.35533713847399 29.74937306344509 1.65
      vertex 19.366830642521382 29.70092412084341 1.65
      vertex 19.366830642521382 29.70092412084341 2
    endloop
  endfacet
  facet normal 0.32953626865354074 0.9441429169579686 0
    outer loop
      vertex 18.840616802871228 29.938688926398754 1.65
      vertex 18.840616802871228 29.938688926398754 2
      vertex 18.8799193456769 29.92497107386589 1.65
    endloop
  endfacet
  facet normal 0.37958008575089724 0.9251588828419373 0
    outer loop
      vertex 18.8799193456769 29.92497107386589 1.65
      vertex 18.8799193456769 29.92497107386589 2
      vertex 18.916538412868977 29.909946769475937 1.65
    endloop
  endfacet
  facet normal -0.3665240518537147 -0.9304085766010197 0
    outer loop
      vertex 18.909773218631745 30.187983810901642 1.65
      vertex 18.962783198058606 30.167101122438908 1.65
      vertex 18.962783198058606 30.167101122438908 2
    endloop
  endfacet
  facet normal -0.4186929316619565 -0.9081278703884802 0
    outer loop
      vertex 18.962783198058606 30.167101122438908 1.65
      vertex 19.012844647467137 30.14402025938034 1.65
      vertex 19.012844647467137 30.14402025938034 2
    endloop
  endfacet
  facet normal -0.3167109386728963 -0.9485221037619171 0
    outer loop
      vertex 18.853814724087716 30.206668317317963 1.65
      vertex 18.909773218631745 30.187983810901642 1.65
      vertex 18.909773218631745 30.187983810901642 2
    endloop
  endfacet
  facet normal -0.4728020582710156 -0.8811686635909671 0
    outer loop
      vertex 19.012844647467137 30.14402025938034 1.65
      vertex 19.05995758920908 30.11874122172594 1.65
      vertex 19.05995758920908 30.11874122172594 2
    endloop
  endfacet
  facet normal -0.5282622657647114 -0.8490812555751855 0
    outer loop
      vertex 19.05995758920908 30.11874122172594 1.65
      vertex 19.104122000932694 30.091264002025127 1.65
      vertex 19.104122000932694 30.091264002025127 2
    endloop
  endfacet
  facet normal -0.643063336988865 -0.7658129958552189 0
    outer loop
      vertex 19.145170222222806 30.061644971370697 1.65
      vertex 19.182934592664243 30.029933728277683 1.65
      vertex 19.182934592664243 30.029933728277683 2
    endloop
  endfacet
  facet normal -0.5851411563016992 -0.8109314565374256 0
    outer loop
      vertex 19.104122000932694 30.091264002025127 1.65
      vertex 19.145170222222806 30.061644971370697 1.65
      vertex 19.145170222222806 30.061644971370697 2
    endloop
  endfacet
  facet normal 0 1 0
    outer loop
      vertex 19.025054003298283 30.67545200139284 1.65
      vertex 19.025054003298283 30.67545200139284 2
      vertex 19.351775999367238 30.67545200139284 1.65
    endloop
  endfacet
  facet normal 1 0 0
    outer loop
      vertex 19.025054003298283 30.67545200139284 1.65
      vertex 19.025054003298283 30.966357998549938 1.65
      vertex 19.025054003298283 30.966357998549938 2
    endloop
  endfacet
  facet normal -0.7000612645539249 -0.7140827864268676 0
    outer loop
      vertex 19.182934592664243 30.029933728277683 1.65
      vertex 19.217415097355843 29.996130272746086 1.65
      vertex 19.217415097355843 29.996130272746086 2
    endloop
  endfacet
  facet normal -0.754782186372009 -0.655975495834631 0
    outer loop
      vertex 19.217415097355843 29.996130272746086 1.65
      vertex 19.24861175119877 29.960234604775906 1.65
      vertex 19.24861175119877 29.960234604775906 2
    endloop
  endfacet
  facet normal -0.8058480818758589 -0.5921223428794077 0
    outer loop
      vertex 19.24861175119877 29.960234604775906 1.65
      vertex 19.27652454674244 29.92224672436714 1.65
      vertex 19.27652454674244 29.92224672436714 2
    endloop
  endfacet
  facet normal 0 -1 0
    outer loop
      vertex 19.025054003298283 30.966357998549938 1.65
      vertex 19.351775999367238 30.966357998549938 1.65
      vertex 19.351775999367238 30.966357998549938 2
    endloop
  endfacet
  facet normal -1 0 0
    outer loop
      vertex 19.351775999367238 30.67545200139284 1.65
      vertex 19.351775999367238 30.67545200139284 2
      vertex 19.351775999367238 30.966357998549938 1.65
    endloop
  endfacet
  facet normal 0.012801771590746197 0.9999180539644928 0
    outer loop
      vertex 18.3 28.816473998129368 1.65
      vertex 18.218290957808495 28.81752010434866 2
      vertex 18.3 28.816473998129368 2
    endloop
  endfacet
  facet normal -0.013464065068287234 0.9999093553676939 0
    outer loop
      vertex 18.379980410635472 28.81755095720291 1.65
      vertex 18.3 28.816473998129368 2
      vertex 18.379980410635472 28.81755095720291 2
    endloop
  endfacet
  facet normal -0.009222804186319192 -0.9999574690370291 0
    outer loop
      vertex 18.23061486631632 29.088637955486774 1.65
      vertex 18.3 29.087998002767563 2
      vertex 18.23061486631632 29.088637955486774 2
    endloop
  endfacet
  facet normal 0.00962068243655965 -0.9999537201638158 0
    outer loop
      vertex 18.3 29.087998002767563 1.65
      vertex 18.36743533909321 29.088646806776524 2
      vertex 18.3 29.087998002767563 2
    endloop
  endfacet
  facet normal -0.04193408817045994 0.9991203792583315 0
    outer loop
      vertex 18.45695919841528 28.820781834423542 1.65
      vertex 18.379980410635472 28.81755095720291 2
      vertex 18.45695919841528 28.820781834423542 2
    endloop
  endfacet
  facet normal -0.07259791696017207 0.9973612898308436 0
    outer loop
      vertex 18.530936340987683 28.82616662979126 1.65
      vertex 18.45695919841528 28.820781834423542 2
      vertex 18.530936340987683 28.82616662979126 2
    endloop
  endfacet
  facet normal 0.03011991378554601 -0.9995462924715149 0
    outer loop
      vertex 18.36743533909321 29.088646806776524 1.65
      vertex 18.432028117775918 29.090593218803406 2
      vertex 18.36743533909321 29.088646806776524 2
    endloop
  endfacet
  facet normal 0.05246232092228287 -0.998622904245365 0
    outer loop
      vertex 18.432028117775918 29.090593218803406 1.65
      vertex 18.493778343498708 29.09383724629879 2
      vertex 18.432028117775918 29.090593218803406 2
    endloop
  endfacet
  facet normal 0.0768692864441832 -0.997041179090193 0
    outer loop
      vertex 18.493778343498708 29.09383724629879 1.65
      vertex 18.552686008810998 29.098378874361515 2
      vertex 18.493778343498708 29.09383724629879 2
    endloop
  endfacet
  facet normal -0.10562145460274798 0.9944064100394765 0
    outer loop
      vertex 18.601911860704423 28.833705335855484 1.65
      vertex 18.530936340987683 28.82616662979126 2
      vertex 18.601911860704423 28.833705335855484 2
    endloop
  endfacet
  facet normal -0.14116553920995106 0.989986005224096 0
    outer loop
      vertex 18.669885742664338 28.843397967517376 1.65
      vertex 18.601911860704423 28.833705335855484 2
      vertex 18.669885742664338 28.843397967517376 2
    endloop
  endfacet
  facet normal 0.10359077468841937 -0.994620003518657 0
    outer loop
      vertex 18.552686008810998 29.098378874361515 1.65
      vertex 18.60875112116337 29.104218117892742 2
      vertex 18.552686008810998 29.098378874361515 2
    endloop
  endfacet
  facet normal 0.13290490257668192 -0.9911287942901683 0
    outer loop
      vertex 18.60875112116337 29.104218117892742 1.65
      vertex 18.66197368055582 29.11135496944189 2
      vertex 18.60875112116337 29.104218117892742 2
    endloop
  endfacet
  facet normal 0.16511881048410929 -0.986273683327459 0
    outer loop
      vertex 18.66197368055582 29.11135496944189 1.65
      vertex 18.712353679537774 29.11978942900896 2
      vertex 18.66197368055582 29.11135496944189 2
    endloop
  endfacet
  facet normal -0.1793750639796394 0.9837807613601216 0
    outer loop
      vertex 18.73485798686743 28.855244509875774 1.65
      vertex 18.669885742664338 28.843397967517376 2
      vertex 18.73485798686743 28.855244509875774 2
    endloop
  endfacet
  facet normal -0.2203671435983226 0.9754169990431356 0
    outer loop
      vertex 18.796828600764275 28.86924497038126 1.65
      vertex 18.73485798686743 28.855244509875774 2
      vertex 18.796828600764275 28.86924497038126 2
    endloop
  endfacet
  facet normal -0.2642122162425772 0.964464568964659 0
    outer loop
      vertex 18.855797584354878 28.885399349033833 1.65
      vertex 18.796828600764275 28.86924497038126 2
      vertex 18.855797584354878 28.885399349033833 2
    endloop
  endfacet
  facet normal 0.20056450081814384 -0.9796804994545767 0
    outer loop
      vertex 18.712353679537774 29.11978942900896 1.65
      vertex 18.759891125559808 29.129521504044533 2
      vertex 18.712353679537774 29.11978942900896 2
    endloop
  endfacet
  facet normal 0.23958971762884834 -0.9708742283151452 0
    outer loop
      vertex 18.759891125559808 29.129521504044533 1.65
      vertex 18.80458601117134 29.140551187098026 2
      vertex 18.759891125559808 29.129521504044533 2
    endloop
  endfacet
  facet normal 0.2825412480466197 -0.9592551501828169 0
    outer loop
      vertex 18.80458601117134 29.140551187098026 1.65
      vertex 18.846438343822957 29.15287847071886 2
      vertex 18.80458601117134 29.140551187098026 2
    endloop
  endfacet
  facet normal -0.02847049203911968 0.9995946333804772 0
    outer loop
      vertex 18.23147911131382 30.00338961929083 1.65
      vertex 18.165924447774888 30.00152248889208 2
      vertex 18.23147911131382 30.00338961929083 2
    endloop
  endfacet
  facet normal -0.009082756941929641 0.9999587509124233 0
    outer loop
      vertex 18.3 30.004012003540993 1.65
      vertex 18.23147911131382 30.00338961929083 2
      vertex 18.3 30.004012003540993 2
    endloop
  endfacet
  facet normal 0.009876497620709473 0.9999512262079326 0
    outer loop
      vertex 18.366137336194516 30.003358766436577 1.65
      vertex 18.3 30.004012003540993 2
      vertex 18.366137336194516 30.003358766436577 2
    endloop
  endfacet
  facet normal 0.012938623434956826 -0.999916292508332 0
    outer loop
      vertex 18.219155336916447 30.27596389502287 1.65
      vertex 18.3 30.27701000124216 2
      vertex 18.219155336916447 30.27596389502287 2
    endloop
  endfacet
  facet normal -0.013815569365002282 -0.9999045604672082 0
    outer loop
      vertex 18.3 30.27701000124216 1.65
      vertex 18.37954666018486 30.275910913944244 2
      vertex 18.3 30.27701000124216 2
    endloop
  endfacet
  facet normal 0.03086896579729362 0.999523439920548 0
    outer loop
      vertex 18.429591196775437 30.00139907747507 1.65
      vertex 18.366137336194516 30.003358766436577 2
      vertex 18.429591196775437 30.00139907747507 2
    endloop
  endfacet
  facet normal 0.053668394250346176 0.9985588132196267 0
    outer loop
      vertex 18.490361574292184 29.998132921755314 1.65
      vertex 18.429591196775437 30.00139907747507 2
      vertex 18.490361574292184 29.998132921755314 2
    endloop
  endfacet
  facet normal -0.04300650729820472 -0.9990747921602313 0
    outer loop
      vertex 18.37954666018486 30.275910913944244 1.65
      vertex 18.456144805252553 30.272613644599915 2
      vertex 18.37954666018486 30.275910913944244 2
    endloop
  endfacet
  facet normal -0.07440919920327954 -0.9972277929710577 0
    outer loop
      vertex 18.456144805252553 30.272613644599915 1.65
      vertex 18.529794427752496 30.267118200659752 2
      vertex 18.456144805252553 30.272613644599915 2
    endloop
  endfacet
  facet normal 0.07847746087474215 0.9969158881945123 0
    outer loop
      vertex 18.548448476195336 29.993560306727886 1.65
      vertex 18.490361574292184 29.998132921755314 2
      vertex 18.548448476195336 29.993560306727886 2
    endloop
  endfacet
  facet normal 0.10552149517409433 0.9944170222075965 0
    outer loop
      vertex 18.603851895034314 29.987681232392788 1.65
      vertex 18.548448476195336 29.993560306727886 2
      vertex 18.603851895034314 29.987681232392788 2
    endloop
  endfacet
  facet normal 0.1350478673618554 0.9908390754915828 0
    outer loop
      vertex 18.656571830809117 29.98049569129944 1.65
      vertex 18.603851895034314 29.987681232392788 2
      vertex 18.656571830809117 29.98049569129944 2
    endloop
  endfacet
  facet normal -0.10818031010059913 -0.9941312893710459 0
    outer loop
      vertex 18.529794427752496 30.267118200659752 1.65
      vertex 18.60049552768469 30.259424582123756 2
      vertex 18.529794427752496 30.267118200659752 2
    endloop
  endfacet
  facet normal -0.14446729236194877 -0.9895095762232962 0
    outer loop
      vertex 18.60049552768469 30.259424582123756 1.65
      vertex 18.668248105049134 30.249532781541348 2
      vertex 18.60049552768469 30.259424582123756 2
    endloop
  endfacet
  facet normal 0.1673235716882526 0.9859020348683161 0
    outer loop
      vertex 18.706608298420907 29.97200369089842 1.65
      vertex 18.656571830809117 29.98049569129944 2
      vertex 18.706608298420907 29.97200369089842 2
    endloop
  endfacet
  facet normal 0.20263122630241018 0.9792551179989725 0
    outer loop
      vertex 18.75396127551794 29.962205231189728 1.65
      vertex 18.706608298420907 29.97200369089842 2
      vertex 18.75396127551794 29.962205231189728 2
    endloop
  endfacet
  facet normal 0.24125845962647277 0.9704608985727665 0
    outer loop
      vertex 18.798630784451962 29.951100304722786 1.65
      vertex 18.75396127551794 29.962205231189728 2
      vertex 18.798630784451962 29.951100304722786 2
    endloop
  endfacet
  facet normal 0.2834809660726665 0.9589778630784487 0
    outer loop
      vertex 18.840616802871228 29.938688926398754 1.65
      vertex 18.798630784451962 29.951100304722786 2
      vertex 18.840616802871228 29.938688926398754 2
    endloop
  endfacet
  facet normal -0.18339768110062016 -0.9830388042020088 0
    outer loop
      vertex 18.668248105049134 30.249532781541348 1.65
      vertex 18.73305216729641 30.237442806363106 2
      vertex 18.668248105049134 30.249532781541348 2
    endloop
  endfacet
  facet normal -0.22506591583342075 -0.9743435397897722 0
    outer loop
      vertex 18.73305216729641 30.237442806363106 1.65
      vertex 18.794907706975938 30.22315464913845 2
      vertex 18.73305216729641 30.237442806363106 2
    endloop
  endfacet
  facet normal -0.26951421344934556 -0.9629964115970425 0
    outer loop
      vertex 18.794907706975938 30.22315464913845 1.65
      vertex 18.853814724087716 30.206668317317963 2
      vertex 18.794907706975938 30.22315464913845 2
    endloop
  endfacet
  facet normal -0.31091187282974336 0.9504387446508594 0
    outer loop
      vertex 18.911764937639237 28.903707645833492 1.65
      vertex 18.855797584354878 28.885399349033833 2
      vertex 18.911764937639237 28.903707645833492 2
    endloop
  endfacet
  facet normal -0.3603715194434437 0.9328088592922045 0
    outer loop
      vertex 18.96473065316677 28.92416986078024 1.65
      vertex 18.911764937639237 28.903707645833492 2
      vertex 18.96473065316677 28.92416986078024 2
    endloop
  endfacet
  facet normal -0.4123695993706685 0.911016637342521 0
    outer loop
      vertex 19.01469473093748 28.946785986423492 1.65
      vertex 18.96473065316677 28.92416986078024 2
      vertex 19.01469473093748 28.946785986423492 2
    endloop
  endfacet
  facet normal 0.3297354415794333 -0.944073375626289 0
    outer loop
      vertex 18.846438343822957 29.15287847071886 1.65
      vertex 18.885448116064072 29.166503369808197 2
      vertex 18.846438343822957 29.15287847071886 2
    endloop
  endfacet
  facet normal 0.381408170218487 -0.9244067328241317 0
    outer loop
      vertex 18.885448116064072 29.166503369808197 1.65
      vertex 18.92161533534527 29.181425884366035 2
      vertex 18.885448116064072 29.166503369808197 2
    endloop
  endfacet
  facet normal 0.4376427687670896 -0.8991489347966085 0
    outer loop
      vertex 18.92161533534527 29.181425884366035 1.65
      vertex 18.954940001666547 29.197645999491215 2
      vertex 18.92161533534527 29.181425884366035 2
    endloop
  endfacet
  facet normal 0.4983363649253405 -0.8669837757380457 0
    outer loop
      vertex 18.954940001666547 29.197645999491215 1.65
      vertex 18.985616329312325 29.215278543531895 2
      vertex 18.954940001666547 29.197645999491215 2
    endloop
  endfacet
  facet normal 0.5616818695890806 -0.82735329658793 0
    outer loop
      vertex 18.985616329312325 29.215278543531895 1.65
      vertex 19.013838554918767 29.234438329935074 2
      vertex 18.985616329312325 29.215278543531895 2
    endloop
  endfacet
  facet normal -0.46652749080616746 0.8845066988565442 0
    outer loop
      vertex 19.06165718585253 28.971556037664413 1.65
      vertex 19.01469473093748 28.946785986423492 2
      vertex 19.06165718585253 28.971556037664413 2
    endloop
  endfacet
  facet normal -0.5222833219524364 0.8527720279244199 0
    outer loop
      vertex 19.10561800301075 28.99847999960184 1.65
      vertex 19.06165718585253 28.971556037664413 2
      vertex 19.10561800301075 28.99847999960184 2
    endloop
  endfacet
  facet normal -0.5800098710821315 0.8146094459600189 0
    outer loop
      vertex 19.14644491970539 29.027549162507057 1.65
      vertex 19.10561800301075 28.99847999960184 2
      vertex 19.14644491970539 29.027549162507057 2
    endloop
  endfacet
  facet normal -0.6390353835554375 0.7691773388264601 0
    outer loop
      vertex 19.184005695581437 29.058754794299603 1.65
      vertex 19.14644491970539 29.027549162507057 2
      vertex 19.184005695581437 29.058754794299603 2
    endloop
  endfacet
  facet normal 0.6260325973289004 -0.7797968883508263 0
    outer loop
      vertex 19.013838554918767 29.234438329935074 1.65
      vertex 19.03960667103529 29.255125358700752 2
      vertex 19.013838554918767 29.234438329935074 2
    endloop
  endfacet
  facet normal 0.6898252873391791 -0.7239758787055125 0
    outer loop
      vertex 19.03960667103529 29.255125358700752 1.65
      vertex 19.062920685112477 29.27733962982893 2
      vertex 19.03960667103529 29.255125358700752 2
    endloop
  endfacet
  facet normal 0.7512253987806476 -0.6600457561615383 0
    outer loop
      vertex 19.062920685112477 29.27733962982893 1.65
      vertex 19.083780589699746 29.301081150770187 2
      vertex 19.062920685112477 29.27733962982893 2
    endloop
  endfacet
  facet normal 0.8083018189727487 -0.5887683495614774 0
    outer loop
      vertex 19.083780589699746 29.301081150770187 1.65
      vertex 19.102186392247678 29.326349906623363 2
      vertex 19.083780589699746 29.301081150770187 2
    endloop
  endfacet
  facet normal 0.8592690066496296 -0.5115239722743783 0
    outer loop
      vertex 19.102186392247678 29.326349906623363 1.65
      vertex 19.11813808530569 29.35314590483904 2
      vertex 19.102186392247678 29.326349906623363 2
    endloop
  endfacet
  facet normal 0.4336305708112366 0.9010907435202745 0
    outer loop
      vertex 18.95047399699688 29.893615998327732 1.65
      vertex 18.916538412868977 29.909946769475937 2
      vertex 18.95047399699688 29.893615998327732 2
    endloop
  endfacet
  facet normal 0.4925256881833759 0.8702979067419914 0
    outer loop
      vertex 18.98181098252535 29.875881530344486 1.65
      vertex 18.95047399699688 29.893615998327732 2
      vertex 18.98181098252535 29.875881530344486 2
    endloop
  endfacet
  facet normal 0.5550079856520772 0.831845019136632 0
    outer loop
      vertex 19.010641004145146 29.856646105647087 1.65
      vertex 18.98181098252535 29.875881530344486 2
      vertex 19.010641004145146 29.856646105647087 2
    endloop
  endfacet
  facet normal 0.9027327243183073 -0.43020184616624685 0
    outer loop
      vertex 19.11813808530569 29.35314590483904 1.65
      vertex 19.131635668873788 29.381469145417213 2
      vertex 19.11813808530569 29.35314590483904 2
    endloop
  endfacet
  facet normal 0.9378741114965798 -0.3469757210303065 0
    outer loop
      vertex 19.131635668873788 29.381469145417213 1.65
      vertex 19.142679150402547 29.411319635808468 2
      vertex 19.131635668873788 29.381469145417213 2
    endloop
  endfacet
  facet normal 0.9645151758425633 -0.2640274144277242 0
    outer loop
      vertex 19.142679150402547 29.411319635808468 1.65
      vertex 19.151268522441388 29.44269736111164 2
      vertex 19.142679150402547 29.411319635808468 2
    endloop
  endfacet
  facet normal 0.9830579407692781 -0.18329507655817268 0
    outer loop
      vertex 19.151268522441388 29.44269736111164 1.65
      vertex 19.15740378499031 29.475602328777313 2
      vertex 19.151268522441388 29.44269736111164 2
    endloop
  endfacet
  facet normal 0.9943336165772014 -0.10630455749638833 0
    outer loop
      vertex 19.15740378499031 29.475602328777313 1.65
      vertex 19.161084945499898 29.510034546256065 2
      vertex 19.15740378499031 29.475602328777313 2
    endloop
  endfacet
  facet normal 0.9994183120832945 -0.03410333521195151 0
    outer loop
      vertex 19.161084945499898 29.510034546256065 1.65
      vertex 19.162311996519566 29.545993998646736 2
      vertex 19.161084945499898 29.510034546256065 2
    endloop
  endfacet
  facet normal 0.999385739823023 0.03504487178445733 0
    outer loop
      vertex 19.162311996519566 29.545993998646736 1.65
      vertex 19.16105851829052 29.581739835441113 2
      vertex 19.162311996519566 29.545993998646736 2
    endloop
  endfacet
  facet normal 0.9940248538670599 0.10915397333386584 0
    outer loop
      vertex 19.16105851829052 29.581739835441113 1.65
      vertex 19.157298083603383 29.615984722971916 2
      vertex 19.16105851829052 29.581739835441113 2
    endloop
  endfacet
  facet normal 0.9821702440364309 0.18799364810923178 0
    outer loop
      vertex 19.157298083603383 29.615984722971916 1.65
      vertex 19.151030685007573 29.648728661239147 2
      vertex 19.157298083603383 29.615984722971916 2
    endloop
  endfacet
  facet normal 0.6824649965278223 0.7309182775894165 0
    outer loop
      vertex 19.060780178010464 29.813672423362732 1.65
      vertex 19.03696406930685 29.835909739136696 2
      vertex 19.060780178010464 29.813672423362732 2
    endloop
  endfacet
  facet normal 0.6188166531712253 0.7855354541699334 0
    outer loop
      vertex 19.03696406930685 29.835909739136696 1.65
      vertex 19.010641004145146 29.856646105647087 2
      vertex 19.03696406930685 29.835909739136696 2
    endloop
  endfacet
  facet normal 0.7441553205092415 0.6680066309235173 0
    outer loop
      vertex 19.082089322805405 29.789934165775776 1.65
      vertex 19.060780178010464 29.813672423362732 2
      vertex 19.082089322805405 29.789934165775776 2
    endloop
  endfacet
  facet normal 0.8539344210409806 0.5203806343066634 0
    outer loop
      vertex 19.117186743021012 29.737954802811146 1.65
      vertex 19.100891511142255 29.764694958925247 2
      vertex 19.117186743021012 29.737954802811146 2
    endloop
  endfacet
  facet normal 0.8986163023126883 0.4387353886089781 0
    outer loop
      vertex 19.130975018441678 29.709713704884052 1.65
      vertex 19.117186743021012 29.737954802811146 2
      vertex 19.130975018441678 29.709713704884052 2
    endloop
  endfacet
  facet normal 0.9627531732788526 0.2703818176976765 0
    outer loop
      vertex 19.151030685007573 29.648728661239147 1.65
      vertex 19.14225632995367 29.679971657693386 2
      vertex 19.151030685007573 29.648728661239147 2
    endloop
  endfacet
  facet normal 0.9349991386033694 0.3546499835203121 0
    outer loop
      vertex 19.14225632995367 29.679971657693386 1.65
      vertex 19.130975018441678 29.709713704884052 2
      vertex 19.14225632995367 29.679971657693386 2
    endloop
  endfacet
  facet normal 0.8019360317260847 0.597409910379314 0
    outer loop
      vertex 19.100891511142255 29.764694958925247 1.65
      vertex 19.082089322805405 29.789934165775776 2
      vertex 19.100891511142255 29.764694958925247 2
    endloop
  endfacet
  facet normal -0.6970797212460342 0.7169936277454295 0
    outer loop
      vertex 19.218300308287144 29.092096902430058 1.65
      vertex 19.184005695581437 29.058754794299603 2
      vertex 19.218300308287144 29.092096902430058 2
    endloop
  endfacet
  facet normal -0.7527374431214819 0.6583208501353528 0
    outer loop
      vertex 19.249328772723675 29.12757547944784 1.65
      vertex 19.218300308287144 29.092096902430058 2
      vertex 19.249328772723675 29.12757547944784 2
    endloop
  endfacet
  facet normal -0.8045862464157046 0.593835812391512 0
    outer loop
      vertex 19.27709107398987 29.165190532803535 1.65
      vertex 19.249328772723675 29.12757547944784 2
      vertex 19.27709107398987 29.165190532803535 2
    endloop
  endfacet
  facet normal -0.8513361937509958 0.5246205154295502 0
    outer loop
      vertex 19.301587234437466 29.20494206249714 1.65
      vertex 19.27709107398987 29.165190532803535 2
      vertex 19.301587234437466 29.20494206249714 2
    endloop
  endfacet
  facet normal -0.8919778643054798 0.45207907448701395 0
    outer loop
      vertex 19.322817231714726 29.24683006107807 1.65
      vertex 19.301587234437466 29.20494206249714 2
      vertex 19.322817231714726 29.24683006107807 2
    endloop
  endfacet
  facet normal -0.9258868721983332 0.37780087333248374 0
    outer loop
      vertex 19.34078107327223 29.290854535996914 1.65
      vertex 19.322817231714726 29.24683006107807 2
      vertex 19.34078107327223 29.290854535996914 2
    endloop
  endfacet
  facet normal -0.9528654021334539 0.3033933509769964 0
    outer loop
      vertex 19.355478766560555 29.337015479803085 1.65
      vertex 19.34078107327223 29.290854535996914 2
      vertex 19.355478766560555 29.337015479803085 2
    endloop
  endfacet
  facet normal -0.9258910317430944 -0.37779067926261556 0
    outer loop
      vertex 19.322498555481435 29.839994318783283 1.65
      vertex 19.34055977612734 29.79572980105877 2
      vertex 19.322498555481435 29.839994318783283 2
    endloop
  endfacet
  facet normal -0.8922252481090094 -0.4515906405549352 0
    outer loop
      vertex 19.301153476536275 29.882166624069214 1.65
      vertex 19.322498555481435 29.839994318783283 2
      vertex 19.301153476536275 29.882166624069214 2
    endloop
  endfacet
  facet normal -0.9731133760194751 0.23032663200763318 0
    outer loop
      vertex 19.366910304129124 29.385312899947166 1.65
      vertex 19.355478766560555 29.337015479803085 2
      vertex 19.366910304129124 29.385312899947166 2
    endloop
  endfacet
  facet normal -0.9871458997632028 0.15982168995695373 0
    outer loop
      vertex 19.375075693428517 29.435746796429157 1.65
      vertex 19.366910304129124 29.385312899947166 2
      vertex 19.375075693428517 29.435746796429157 2
    endloop
  endfacet
  facet normal -0.9956855516245937 0.09279160676498985 0
    outer loop
      vertex 19.379974919557572 29.488317161798477 1.65
      vertex 19.375075693428517 29.435746796429157 2
      vertex 19.379974919557572 29.488317161798477 2
    endloop
  endfacet
  facet normal -0.9995547433997627 0.02983814583774463 0
    outer loop
      vertex 19.38160799741745 29.543024003505707 1.65
      vertex 19.379974919557572 29.488317161798477 2
      vertex 19.38160799741745 29.543024003505707 2
    endloop
  endfacet
  facet normal -0.9995502149667475 -0.029989460814243092 0
    outer loop
      vertex 19.379966068267823 29.597749583423138 1.65
      vertex 19.38160799741745 29.543024003505707 2
      vertex 19.379966068267823 29.597749583423138 2
    endloop
  endfacet
  facet normal -0.9956493166986526 -0.09317960161701726 0
    outer loop
      vertex 19.37504028081894 29.650382958352566 1.65
      vertex 19.379966068267823 29.597749583423138 2
      vertex 19.37504028081894 29.650382958352566 2
    endloop
  endfacet
  facet normal -0.987062937967459 -0.16033326695058697 0
    outer loop
      vertex 19.366830642521382 29.70092412084341 1.65
      vertex 19.37504028081894 29.650382958352566 2
      vertex 19.366830642521382 29.70092412084341 2
    endloop
  endfacet
  facet normal -0.9729957549499079 -0.23082300762588356 0
    outer loop
      vertex 19.35533713847399 29.74937306344509 1.65
      vertex 19.366830642521382 29.70092412084341 2
      vertex 19.35533713847399 29.74937306344509 2
    endloop
  endfacet
  facet normal -0.9527623891994563 -0.3037166931976964 0
    outer loop
      vertex 19.34055977612734 29.79572980105877 1.65
      vertex 19.35533713847399 29.74937306344509 2
      vertex 19.34055977612734 29.79572980105877 2
    endloop
  endfacet
  facet normal 0.32953626865354074 0.9441429169579686 0
    outer loop
      vertex 18.8799193456769 29.92497107386589 1.65
      vertex 18.840616802871228 29.938688926398754 2
      vertex 18.8799193456769 29.92497107386589 2
    endloop
  endfacet
  facet normal 0.37958008575089724 0.9251588828419373 0
    outer loop
      vertex 18.916538412868977 29.909946769475937 1.65
      vertex 18.8799193456769 29.92497107386589 2
      vertex 18.916538412868977 29.909946769475937 2
    endloop
  endfacet
  facet normal -0.4186929316619565 -0.9081278703884802 0
    outer loop
      vertex 18.962783198058606 30.167101122438908 1.65
      vertex 19.012844647467137 30.14402025938034 2
      vertex 18.962783198058606 30.167101122438908 2
    endloop
  endfacet
  facet normal -0.3167109386728963 -0.9485221037619171 0
    outer loop
      vertex 18.853814724087716 30.206668317317963 1.65
      vertex 18.909773218631745 30.187983810901642 2
      vertex 18.853814724087716 30.206668317317963 2
    endloop
  endfacet
  facet normal -0.3665240518537147 -0.9304085766010197 0
    outer loop
      vertex 18.909773218631745 30.187983810901642 1.65
      vertex 18.962783198058606 30.167101122438908 2
      vertex 18.909773218631745 30.187983810901642 2
    endloop
  endfacet
  facet normal -0.4728020582710156 -0.8811686635909671 0
    outer loop
      vertex 19.012844647467137 30.14402025938034 1.65
      vertex 19.05995758920908 30.11874122172594 2
      vertex 19.012844647467137 30.14402025938034 2
    endloop
  endfacet
  facet normal -0.5282622657647114 -0.8490812555751855 0
    outer loop
      vertex 19.05995758920908 30.11874122172594 1.65
      vertex 19.104122000932694 30.091264002025127 2
      vertex 19.05995758920908 30.11874122172594 2
    endloop
  endfacet
  facet normal -0.5851411563016992 -0.8109314565374256 0
    outer loop
      vertex 19.104122000932694 30.091264002025127 1.65
      vertex 19.145170222222806 30.061644971370697 2
      vertex 19.104122000932694 30.091264002025127 2
    endloop
  endfacet
  facet normal -0.643063336988865 -0.7658129958552189 0
    outer loop
      vertex 19.145170222222806 30.061644971370697 1.65
      vertex 19.182934592664243 30.029933728277683 2
      vertex 19.145170222222806 30.061644971370697 2
    endloop
  endfacet
  facet normal 1 0 0
    outer loop
      vertex 19.025054003298283 30.67545200139284 1.65
      vertex 19.025054003298283 30.966357998549938 2
      vertex 19.025054003298283 30.67545200139284 2
    endloop
  endfacet
  facet normal 0 -1 0
    outer loop
      vertex 19.025054003298283 30.966357998549938 1.65
      vertex 19.351775999367238 30.966357998549938 2
      vertex 19.025054003298283 30.966357998549938 2
    endloop
  endfacet
  facet normal -0.7000612645539249 -0.7140827864268676 0
    outer loop
      vertex 19.182934592664243 30.029933728277683 1.65
      vertex 19.217415097355843 29.996130272746086 2
      vertex 19.182934592664243 30.029933728277683 2
    endloop
  endfacet
  facet normal -0.754782186372009 -0.655975495834631 0
    outer loop
      vertex 19.217415097355843 29.996130272746086 1.65
      vertex 19.24861175119877 29.960234604775906 2
      vertex 19.217415097355843 29.996130272746086 2
    endloop
  endfacet
  facet normal -0.8058480818758589 -0.5921223428794077 0
    outer loop
      vertex 19.24861175119877 29.960234604775906 1.65
      vertex 19.27652454674244 29.92224672436714 2
      vertex 19.24861175119877 29.960234604775906 2
    endloop
  endfacet
  facet normal -0.8519973183616998 -0.5235461483999976 0
    outer loop
      vertex 19.27652454674244 29.92224672436714 1.65
      vertex 19.301153476536275 29.882166624069214 2
      vertex 19.27652454674244 29.92224672436714 2
    endloop
  endfacet
  facet normal 0 1 0
    outer loop
      vertex 19.351775999367238 30.67545200139284 1.65
      vertex 19.025054003298283 30.67545200139284 2
      vertex 19.351775999367238 30.67545200139284 2
    endloop
  endfacet
  facet normal -1 0 0
    outer loop
      vertex 19.351775999367238 30.966357998549938 1.65
      vertex 19.351775999367238 30.67545200139284 2
      vertex 19.351775999367238 30.966357998549938 2
    endloop
  endfacet
  facet normal 0 0 1
    outer loop
      vertex 14.88 7.154999999999961 1.65
      vertex 15.120000000000001 7.154999999999961 1.65
      vertex 15.120000000000001 8.55499999999996 1.65
    endloop
  endfacet
  facet normal 0 0 1
    outer loop
      vertex 14.88 7.154999999999961 1.65
      vertex 15.120000000000001 8.55499999999996 1.65
      vertex 14.88 8.55499999999996 1.65
    endloop
  endfacet
  facet normal 1 0 0
    outer loop
      vertex 14.88 7.154999999999961 1.65
      vertex 14.88 8.55499999999996 1.65
      vertex 14.88 8.55499999999996 2
    endloop
  endfacet
  facet normal 0 1 0
    outer loop
      vertex 14.88 7.154999999999961 1.65
      vertex 14.88 7.154999999999961 2
      vertex 15.120000000000001 7.154999999999961 1.65
    endloop
  endfacet
  facet normal -1 0 0
    outer loop
      vertex 15.120000000000001 7.154999999999961 1.65
      vertex 15.120000000000001 7.154999999999961 2
      vertex 15.120000000000001 8.55499999999996 1.65
    endloop
  endfacet
  facet normal 0 -1 0
    outer loop
      vertex 14.88 8.55499999999996 1.65
      vertex 15.120000000000001 8.55499999999996 1.65
      vertex 15.120000000000001 8.55499999999996 2
    endloop
  endfacet
  facet normal 1 0 0
    outer loop
      vertex 14.88 7.154999999999961 1.65
      vertex 14.88 8.55499999999996 2
      vertex 14.88 7.154999999999961 2
    endloop
  endfacet
  facet normal 0 1 0
    outer loop
      vertex 15.120000000000001 7.154999999999961 1.65
      vertex 14.88 7.154999999999961 2
      vertex 15.120000000000001 7.154999999999961 2
    endloop
  endfacet
  facet normal 0 -1 0
    outer loop
      vertex 14.88 8.55499999999996 1.65
      vertex 15.120000000000001 8.55499999999996 2
      vertex 14.88 8.55499999999996 2
    endloop
  endfacet
  facet normal -1 0 0
    outer loop
      vertex 15.120000000000001 8.55499999999996 1.65
      vertex 15.120000000000001 7.154999999999961 2
      vertex 15.120000000000001 8.55499999999996 2
    endloop
  endfacet
endsolid OpenSCAD_Model
