solid OpenSCAD_Model
  facet normal 0 0 -1
    outer loop
      vertex -79.53583411833478 -10.416231424446163 0
      vertex -80.20951775601598 -10.162674857624154 0
      vertex -78.14599354217741 -10.788638084435535 0
    endloop
  endfacet
  facet normal 0 0 -1
    outer loop
      vertex -78.14599354217741 -10.788638084435535 0
      vertex -76 -11 0
      vertex -77.43578811442056 -10.905893475111915 0
    endloop
  endfacet
  facet normal 0 0 -1
    outer loop
      vertex -77.43578811442056 -10.905893475111915 0
      vertex -76 -11 0
      vertex -76.71943442153157 -10.976448155624638 0
    endloop
  endfacet
  facet normal 0 0 -1
    outer loop
      vertex -78.84700949612773 -10.62518408917975 0
      vertex -79.53583411833478 -10.416231424446163 0
      vertex -78.14599354217741 -10.788638084435535 0
    endloop
  endfacet
  facet normal 0 0 -1
    outer loop
      vertex -78.14599354217741 -10.788638084435535 0
      vertex -80.20951775601598 -10.162674857624154 0
      vertex -76 -11 0
    endloop
  endfacet
  facet normal 0 0 -1
    outer loop
      vertex -80.20951775601598 -10.162674857624154 0
      vertex -80.86517559240902 -9.865600156859571 0
      vertex -81.5 -9.526279441628825 0
    endloop
  endfacet
  facet normal 0 0 -1
    outer loop
      vertex -80.20951775601598 -10.162674857624154 0
      vertex -83.77817459305203 -7.778174593052023 0
      vertex -76 -11 0
    endloop
  endfacet
  facet normal 0 0 -1
    outer loop
      vertex -80.20951775601598 -10.162674857624154 0
      vertex -82.11127256321562 -9.146165735327997 0
      vertex -83.77817459305203 -7.778174593052023 0
    endloop
  endfacet
  facet normal 0 0 -1
    outer loop
      vertex -82.11127256321562 -9.146165735327997 0
      vertex -82.69637571909593 -8.726886743203586 0
      vertex -83.25280396610076 -8.270237882268752 0
    endloop
  endfacet
  facet normal 0 0 -1
    outer loop
      vertex -82.11127256321562 -9.146165735327997 0
      vertex -83.25280396610076 -8.270237882268752 0
      vertex -83.77817459305203 -7.778174593052023 0
    endloop
  endfacet
  facet normal 0 0 -1
    outer loop
      vertex -80.20951775601598 -10.162674857624154 0
      vertex -81.5 -9.526279441628825 0
      vertex -82.11127256321562 -9.146165735327997 0
    endloop
  endfacet
  facet normal 0 0 -1
    outer loop
      vertex -76 -11 0
      vertex -76.48398315630305 -7.3841560319656665 0
      vertex -76 -7.4 0
    endloop
  endfacet
  facet normal 0 0 -1
    outer loop
      vertex -76 -11 0
      vertex -78.83185739950166 -6.836708540583523 0
      vertex -78.37865204324339 -7.007282958263782 0
    endloop
  endfacet
  facet normal 0 0 -1
    outer loop
      vertex -76 -11 0
      vertex -77.91526093375866 -7.1478511145391055 0
      vertex -77.44366838291936 -7.2578110749839055 0
    endloop
  endfacet
  facet normal 0 0 -1
    outer loop
      vertex -76 -11 0
      vertex -76.96589382242838 -7.336691974166198 0
      vertex -76.48398315630305 -7.3841560319656665 0
    endloop
  endfacet
  facet normal 0 0 -1
    outer loop
      vertex -76 -11 0
      vertex -77.44366838291936 -7.2578110749839055 0
      vertex -76.96589382242838 -7.336691974166198 0
    endloop
  endfacet
  facet normal 0 0 -1
    outer loop
      vertex -76 -11 0
      vertex -78.37865204324339 -7.007282958263782 0
      vertex -77.91526093375866 -7.1478511145391055 0
    endloop
  endfacet
  facet normal 0 0 -1
    outer loop
      vertex -76 -11 0
      vertex -76 -7.4 0
      vertex -75.51601684369695 -7.3841560319656665 0
    endloop
  endfacet
  facet normal 0 0 -1
    outer loop
      vertex -76 -11 0
      vertex -75.51601684369695 -7.3841560319656665 0
      vertex -75.03410617757162 -7.336691974166198 0
    endloop
  endfacet
  facet normal 0 0 -1
    outer loop
      vertex -76 -11 0
      vertex -75.03410617757162 -7.336691974166198 0
      vertex -74.55633161708064 -7.2578110749839055 0
    endloop
  endfacet
  facet normal 0 0 -1
    outer loop
      vertex -76 -11 0
      vertex -74.55633161708064 -7.2578110749839055 0
      vertex -74.08473906624134 -7.1478511145391055 0
    endloop
  endfacet
  facet normal 0 0 -1
    outer loop
      vertex -76 -11 0
      vertex -74.08473906624134 -7.1478511145391055 0
      vertex -73.62134795675661 -7.007282958263782 0
    endloop
  endfacet
  facet normal 0 0 -1
    outer loop
      vertex -76 -11 0
      vertex -73.62134795675661 -7.007282958263782 0
      vertex -73.16814260049834 -6.836708540583523 0
    endloop
  endfacet
  facet normal 0 0 -1
    outer loop
      vertex -83.77817459305203 -7.778174593052023 0
      vertex -84.27023788226876 -7.252803966100757 0
      vertex -85.146165735328 -6.111272563215624 0
    endloop
  endfacet
  facet normal 0 0 -1
    outer loop
      vertex -76 -11 0
      vertex -80.50483457466453 -5.870814718155141 0
      vertex -80.11121972434506 -6.152875131038835 0
    endloop
  endfacet
  facet normal 0 0 -1
    outer loop
      vertex -76 -11 0
      vertex -79.27293630762061 -6.6368582873418935 0
      vertex -78.83185739950166 -6.836708540583523 0
    endloop
  endfacet
  facet normal 0 0 -1
    outer loop
      vertex -76 -11 0
      vertex -79.7 -6.408587988004846 0
      vertex -79.27293630762061 -6.6368582873418935 0
    endloop
  endfacet
  facet normal 0 0 -1
    outer loop
      vertex -76 -11 0
      vertex -80.11121972434506 -6.152875131038835 0
      vertex -79.7 -6.408587988004846 0
    endloop
  endfacet
  facet normal 0 0 -1
    outer loop
      vertex -76 -11 0
      vertex -80.87915903174051 -5.563614575344433 0
      vertex -80.50483457466453 -5.870814718155141 0
    endloop
  endfacet
  facet normal 0 0 -1
    outer loop
      vertex -84.27023788226876 -7.252803966100757 0
      vertex -84.72688674320358 -6.696375719095927 0
      vertex -85.146165735328 -6.111272563215624 0
    endloop
  endfacet
  facet normal 0 0 -1
    outer loop
      vertex -76 -11 0
      vertex -83.77817459305203 -7.778174593052023 0
      vertex -87 0 0
    endloop
  endfacet
  facet normal 0 0 -1
    outer loop
      vertex -83.77817459305203 -7.778174593052023 0
      vertex -85.146165735328 -6.111272563215624 0
      vertex -86.16267485762415 -4.2095177560159875 0
    endloop
  endfacet
  facet normal 0 0 -1
    outer loop
      vertex -76 -11 0
      vertex -87 0 0
      vertex -80.87915903174051 -5.563614575344433 0
    endloop
  endfacet
  facet normal 0 0 -1
    outer loop
      vertex -76 -11 0
      vertex -73.16814260049834 -6.836708540583523 0
      vertex -72.72706369237939 -6.6368582873418935 0
    endloop
  endfacet
  facet normal 0 0 -1
    outer loop
      vertex -76 -11 0
      vertex -72.72706369237939 -6.6368582873418935 0
      vertex -72.3 -6.408587988004846 0
    endloop
  endfacet
  facet normal 0 0 -1
    outer loop
      vertex -76 -11 0
      vertex -72.3 -6.408587988004846 0
      vertex -71.88878027565494 -6.152875131038835 0
    endloop
  endfacet
  facet normal 0 0 -1
    outer loop
      vertex -76 -11 0
      vertex -71.88878027565494 -6.152875131038835 0
      vertex -71.49516542533547 -5.870814718155141 0
    endloop
  endfacet
  facet normal -0.2902846772544598 -0.9569403357322096 0
    outer loop
      vertex -78.84700949612773 -10.62518408917975 0
      vertex -78.84700949612773 -10.62518408917975 3.2
      vertex -79.53583411833478 -10.416231424446163 0
    endloop
  endfacet
  facet normal -0.3522500479212363 -0.9359059267573246 0
    outer loop
      vertex -79.53583411833478 -10.416231424446163 0
      vertex -79.53583411833478 -10.416231424446163 3.2
      vertex -80.20951775601598 -10.162674857624154 0
    endloop
  endfacet
  facet normal -0.16289547339458887 -0.9866433320848791 0
    outer loop
      vertex -78.14599354217741 -10.788638084435535 0
      vertex -77.43578811442056 -10.905893475111915 0
      vertex -77.43578811442056 -10.905893475111915 3.2
    endloop
  endfacet
  facet normal -0.22707626303437345 -0.9738769792773335 0
    outer loop
      vertex -78.84700949612773 -10.62518408917975 0
      vertex -78.14599354217741 -10.788638084435535 0
      vertex -78.84700949612773 -10.62518408917975 3.2
    endloop
  endfacet
  facet normal -0.09801714032956019 -0.9951847266721969 0
    outer loop
      vertex -77.43578811442056 -10.905893475111915 0
      vertex -76.71943442153157 -10.976448155624638 0
      vertex -76.71943442153157 -10.976448155624638 3.2
    endloop
  endfacet
  facet normal -0.03271908282177687 -0.9994645874763657 0
    outer loop
      vertex -76.71943442153157 -10.976448155624638 0
      vertex -76 -11 0
      vertex -76.71943442153157 -10.976448155624638 3.2
    endloop
  endfacet
  facet normal -0.4127070298043911 -0.9108638249211775 0
    outer loop
      vertex -80.20951775601598 -10.162674857624154 0
      vertex -80.86517559240902 -9.865600156859571 3.2
      vertex -80.86517559240902 -9.865600156859571 0
    endloop
  endfacet
  facet normal -0.4713967368259995 -0.8819212643483542 0
    outer loop
      vertex -80.86517559240902 -9.865600156859571 0
      vertex -80.86517559240902 -9.865600156859571 3.2
      vertex -81.5 -9.526279441628825 0
    endloop
  endfacet
  facet normal -0.5280678506503698 -0.8492021815265778 0
    outer loop
      vertex -82.11127256321562 -9.146165735327997 0
      vertex -81.5 -9.526279441628825 0
      vertex -81.5 -9.526279441628825 3.2
    endloop
  endfacet
  facet normal -0.5824776968678015 -0.8128466845916157 0
    outer loop
      vertex -82.11127256321562 -9.146165735327997 0
      vertex -82.69637571909593 -8.726886743203586 3.2
      vertex -82.69637571909593 -8.726886743203586 0
    endloop
  endfacet
  facet normal -0.6343932841636439 -0.7730104533627384 0
    outer loop
      vertex -82.69637571909593 -8.726886743203586 0
      vertex -82.69637571909593 -8.726886743203586 3.2
      vertex -83.25280396610076 -8.270237882268752 0
    endloop
  endfacet
  facet normal -0.6835923020228667 -0.7298640726978399 0
    outer loop
      vertex -83.25280396610076 -8.270237882268752 0
      vertex -83.25280396610076 -8.270237882268752 3.2
      vertex -83.77817459305203 -7.778174593052023 0
    endloop
  endfacet
  facet normal -0.7298640726978353 -0.6835923020228717 0
    outer loop
      vertex -83.77817459305203 -7.778174593052023 0
      vertex -83.77817459305203 -7.778174593052023 3.2
      vertex -84.27023788226876 -7.252803966100757 0
    endloop
  endfacet
  facet normal -0.773010453362747 -0.6343932841636333 0
    outer loop
      vertex -84.27023788226876 -7.252803966100757 0
      vertex -84.27023788226876 -7.252803966100757 3.2
      vertex -84.72688674320358 -6.696375719095927 0
    endloop
  endfacet
  facet normal -0.8128466845916107 -0.5824776968678086 0
    outer loop
      vertex -84.72688674320358 -6.696375719095927 0
      vertex -85.146165735328 -6.111272563215624 3.2
      vertex -85.146165735328 -6.111272563215624 0
    endloop
  endfacet
  facet normal -0.8492021815265755 -0.5280678506503734 0
    outer loop
      vertex -85.146165735328 -6.111272563215624 0
      vertex -85.146165735328 -6.111272563215624 3.2
      vertex -85.52627944162883 -5.5 0
    endloop
  endfacet
  facet normal 0 0 -1
    outer loop
      vertex -85.146165735328 -6.111272563215624 0
      vertex -85.52627944162883 -5.5 0
      vertex -85.86560015685957 -4.865175592409014 0
    endloop
  endfacet
  facet normal 0 0 -1
    outer loop
      vertex -85.146165735328 -6.111272563215624 0
      vertex -85.86560015685957 -4.865175592409014 0
      vertex -86.16267485762415 -4.2095177560159875 0
    endloop
  endfacet
  facet normal 0 0 -1
    outer loop
      vertex -83.77817459305203 -7.778174593052023 0
      vertex -86.16267485762415 -4.2095177560159875 0
      vertex -87 0 0
    endloop
  endfacet
  facet normal 0 0 -1
    outer loop
      vertex -87 0 0
      vertex -81.23259018078045 -5.232590180780452 0
      vertex -80.87915903174051 -5.563614575344433 0
    endloop
  endfacet
  facet normal 0 0 -1
    outer loop
      vertex -86.16267485762415 -4.2095177560159875 0
      vertex -86.41623142444617 -3.5358341183347775 0
      vertex -86.78863808443553 -2.145993542177411 0
    endloop
  endfacet
  facet normal 0 0 -1
    outer loop
      vertex -86.41623142444617 -3.5358341183347775 0
      vertex -86.62518408917975 -2.847009496127728 0
      vertex -86.78863808443553 -2.145993542177411 0
    endloop
  endfacet
  facet normal 0 0 -1
    outer loop
      vertex -87 0 0
      vertex -81.56361457534443 -4.879159031740509 0
      vertex -81.23259018078045 -5.232590180780452 0
    endloop
  endfacet
  facet normal 0 0 -1
    outer loop
      vertex -87 0 0
      vertex -81.87081471815515 -4.504834574664533 0
      vertex -81.56361457534443 -4.879159031740509 0
    endloop
  endfacet
  facet normal 0 0 -1
    outer loop
      vertex -87 0 0
      vertex -82.15287513103884 -4.111219724345056 0
      vertex -81.87081471815515 -4.504834574664533 0
    endloop
  endfacet
  facet normal 0 0 -1
    outer loop
      vertex -86.16267485762415 -4.2095177560159875 0
      vertex -86.78863808443553 -2.145993542177411 0
      vertex -87 0 0
    endloop
  endfacet
  facet normal 0 0 -1
    outer loop
      vertex -87 0 0
      vertex -82.40858798800484 -3.7 0
      vertex -82.15287513103884 -4.111219724345056 0
    endloop
  endfacet
  facet normal 0 0 -1
    outer loop
      vertex -87 0 0
      vertex -82.6368582873419 -3.27293630762061 0
      vertex -82.40858798800484 -3.7 0
    endloop
  endfacet
  facet normal 0 0 -1
    outer loop
      vertex -87 0 0
      vertex -83.00728295826379 -2.3786520432433957 0
      vertex -82.83670854058352 -2.8318573995016645 0
    endloop
  endfacet
  facet normal 0 0 -1
    outer loop
      vertex -86.78863808443553 -2.145993542177411 0
      vertex -86.90589347511191 -1.4357881144205673 0
      vertex -86.97644815562464 -0.7194344215315737 0
    endloop
  endfacet
  facet normal 0 0 -1
    outer loop
      vertex -87 0 0
      vertex -83.14785111453911 -1.9152609337586535 0
      vertex -83.00728295826379 -2.3786520432433957 0
    endloop
  endfacet
  facet normal 0 0 -1
    outer loop
      vertex -87 0 0
      vertex -82.83670854058352 -2.8318573995016645 0
      vertex -82.6368582873419 -3.27293630762061 0
    endloop
  endfacet
  facet normal 0 0 -1
    outer loop
      vertex -87 0 0
      vertex -83.2578110749839 -1.443668382919349 0
      vertex -83.14785111453911 -1.9152609337586535 0
    endloop
  endfacet
  facet normal 0 0 -1
    outer loop
      vertex -86.78863808443553 -2.145993542177411 0
      vertex -86.97644815562464 -0.7194344215315737 0
      vertex -87 0 0
    endloop
  endfacet
  facet normal 0 0 -1
    outer loop
      vertex -87 0 0
      vertex -83.3366919741662 -0.9658938224283817 0
      vertex -83.2578110749839 -1.443668382919349 0
    endloop
  endfacet
  facet normal 0 0 -1
    outer loop
      vertex -87 0 0
      vertex -83.38415603196566 -0.48398315630305866 0
      vertex -83.3366919741662 -0.9658938224283817 0
    endloop
  endfacet
  facet normal 0 0 -1
    outer loop
      vertex -87 0 0
      vertex -83.4 0 0
      vertex -83.38415603196566 -0.48398315630305866 0
    endloop
  endfacet
  facet normal -0.8819212643483579 -0.47139673682599215 0
    outer loop
      vertex -85.52627944162883 -5.5 0
      vertex -85.86560015685957 -4.865175592409014 3.2
      vertex -85.86560015685957 -4.865175592409014 0
    endloop
  endfacet
  facet normal -0.9108638249211759 -0.4127070298043944 0
    outer loop
      vertex -85.86560015685957 -4.865175592409014 0
      vertex -86.16267485762415 -4.2095177560159875 3.2
      vertex -86.16267485762415 -4.2095177560159875 0
    endloop
  endfacet
  facet normal -0.9359059267573234 -0.3522500479212396 0
    outer loop
      vertex -86.16267485762415 -4.2095177560159875 0
      vertex -86.41623142444617 -3.5358341183347775 3.2
      vertex -86.41623142444617 -3.5358341183347775 0
    endloop
  endfacet
  facet normal -0.9569403357322095 -0.29028467725446033 0
    outer loop
      vertex -86.41623142444617 -3.5358341183347775 0
      vertex -86.62518408917975 -2.847009496127728 3.2
      vertex -86.62518408917975 -2.847009496127728 0
    endloop
  endfacet
  facet normal -0.9738769792773352 -0.22707626303436662 0
    outer loop
      vertex -86.62518408917975 -2.847009496127728 0
      vertex -86.62518408917975 -2.847009496127728 3.2
      vertex -86.78863808443553 -2.145993542177411 0
    endloop
  endfacet
  facet normal -0.9866433320848795 -0.1628954733945848 0
    outer loop
      vertex -86.78863808443553 -2.145993542177411 0
      vertex -86.90589347511191 -1.4357881144205673 3.2
      vertex -86.90589347511191 -1.4357881144205673 0
    endloop
  endfacet
  facet normal -0.9951847266721962 -0.09801714032956658 0
    outer loop
      vertex -86.90589347511191 -1.4357881144205673 0
      vertex -86.90589347511191 -1.4357881144205673 3.2
      vertex -86.97644815562464 -0.7194344215315737 0
    endloop
  endfacet
  facet normal -0.9994645874763657 -0.03271908282177688 0
    outer loop
      vertex -86.97644815562464 -0.7194344215315737 0
      vertex -86.97644815562464 -0.7194344215315737 3.2
      vertex -87 0 0
    endloop
  endfacet
  facet normal 0 0 -1
    outer loop
      vertex -76 -11 0
      vertex -71.49516542533547 -5.870814718155141 0
      vertex 68.7421889250161 -1.443668382919349 0
    endloop
  endfacet
  facet normal 0 0 -1
    outer loop
      vertex 68.7421889250161 -1.443668382919349 0
      vertex -71.49516542533547 -5.870814718155141 0
      vertex -71.12084096825949 -5.563614575344433 0
    endloop
  endfacet
  facet normal 0 0 -1
    outer loop
      vertex 68.7421889250161 -1.443668382919349 0
      vertex -71.12084096825949 -5.563614575344433 0
      vertex -70.76740981921955 -5.232590180780452 0
    endloop
  endfacet
  facet normal 0 0 -1
    outer loop
      vertex 68.7421889250161 -1.443668382919349 0
      vertex -70.76740981921955 -5.232590180780452 0
      vertex -70.43638542465557 -4.879159031740509 0
    endloop
  endfacet
  facet normal 0 0 -1
    outer loop
      vertex 68.7421889250161 -1.443668382919349 0
      vertex -70.43638542465557 -4.879159031740509 0
      vertex -70.12918528184485 -4.504834574664533 0
    endloop
  endfacet
  facet normal 0 0 -1
    outer loop
      vertex 68.7421889250161 -1.443668382919349 0
      vertex -70.12918528184485 -4.504834574664533 0
      vertex -69.84712486896116 -4.111219724345056 0
    endloop
  endfacet
  facet normal 0 0 -1
    outer loop
      vertex 68.7421889250161 -1.443668382919349 0
      vertex -69.84712486896116 -4.111219724345056 0
      vertex -69.59141201199516 -3.7 0
    endloop
  endfacet
  facet normal 0 0 -1
    outer loop
      vertex 68.7421889250161 -1.443668382919349 0
      vertex -69.59141201199516 -3.7 0
      vertex -69.3631417126581 -3.27293630762061 0
    endloop
  endfacet
  facet normal 0 0 -1
    outer loop
      vertex 68.7421889250161 -1.443668382919349 0
      vertex -69.3631417126581 -3.27293630762061 0
      vertex -69.16329145941648 -2.8318573995016645 0
    endloop
  endfacet
  facet normal 0 0 -1
    outer loop
      vertex 68.7421889250161 -1.443668382919349 0
      vertex -69.16329145941648 -2.8318573995016645 0
      vertex -68.99271704173621 -2.3786520432433957 0
    endloop
  endfacet
  facet normal 0 0 -1
    outer loop
      vertex 68.7421889250161 -1.443668382919349 0
      vertex -68.99271704173621 -2.3786520432433957 0
      vertex -68.85214888546089 -1.9152609337586535 0
    endloop
  endfacet
  facet normal 0 0 -1
    outer loop
      vertex 68.7421889250161 -1.443668382919349 0
      vertex -68.85214888546089 -1.9152609337586535 0
      vertex -68.7421889250161 -1.443668382919349 0
    endloop
  endfacet
  facet normal 0 0 -1
    outer loop
      vertex 68.7421889250161 -1.443668382919349 0
      vertex -68.7421889250161 -1.443668382919349 0
      vertex -68.6633080258338 -0.9658938224283817 0
    endloop
  endfacet
  facet normal 0 0 -1
    outer loop
      vertex -68.61584396803434 -0.48398315630305866 0
      vertex 68.6633080258338 -0.9658938224283817 0
      vertex -68.6633080258338 -0.9658938224283817 0
    endloop
  endfacet
  facet normal 0 0 -1
    outer loop
      vertex -68.61584396803434 -0.48398315630305866 0
      vertex -68.6 0 0
      vertex 68.61584396803434 -0.48398315630305866 0
    endloop
  endfacet
  facet normal -0.2902846772544598 -0.9569403357322096 0
    outer loop
      vertex -79.53583411833478 -10.416231424446163 0
      vertex -78.84700949612773 -10.62518408917975 3.2
      vertex -79.53583411833478 -10.416231424446163 3.2
    endloop
  endfacet
  facet normal -0.22707626303437345 -0.9738769792773335 0
    outer loop
      vertex -78.14599354217741 -10.788638084435535 0
      vertex -78.14599354217741 -10.788638084435535 3.2
      vertex -78.84700949612773 -10.62518408917975 3.2
    endloop
  endfacet
  facet normal -0.16289547339458887 -0.9866433320848791 0
    outer loop
      vertex -78.14599354217741 -10.788638084435535 0
      vertex -77.43578811442056 -10.905893475111915 3.2
      vertex -78.14599354217741 -10.788638084435535 3.2
    endloop
  endfacet
  facet normal -0.09801714032956019 -0.9951847266721969 0
    outer loop
      vertex -77.43578811442056 -10.905893475111915 0
      vertex -76.71943442153157 -10.976448155624638 3.2
      vertex -77.43578811442056 -10.905893475111915 3.2
    endloop
  endfacet
  facet normal -0.03271908282177687 -0.9994645874763657 0
    outer loop
      vertex -76 -11 0
      vertex -76 -11 3.2
      vertex -76.71943442153157 -10.976448155624638 3.2
    endloop
  endfacet
  facet normal -0.4127070298043911 -0.9108638249211775 0
    outer loop
      vertex -80.20951775601598 -10.162674857624154 0
      vertex -80.20951775601598 -10.162674857624154 3.2
      vertex -80.86517559240902 -9.865600156859571 3.2
    endloop
  endfacet
  facet normal -0.3522500479212363 -0.9359059267573246 0
    outer loop
      vertex -80.20951775601598 -10.162674857624154 0
      vertex -79.53583411833478 -10.416231424446163 3.2
      vertex -80.20951775601598 -10.162674857624154 3.2
    endloop
  endfacet
  facet normal -0.4713967368259995 -0.8819212643483542 0
    outer loop
      vertex -81.5 -9.526279441628825 0
      vertex -80.86517559240902 -9.865600156859571 3.2
      vertex -81.5 -9.526279441628825 3.2
    endloop
  endfacet
  facet normal -0.5280678506503698 -0.8492021815265778 0
    outer loop
      vertex -82.11127256321562 -9.146165735327997 0
      vertex -81.5 -9.526279441628825 3.2
      vertex -82.11127256321562 -9.146165735327997 3.2
    endloop
  endfacet
  facet normal -0.5824776968678015 -0.8128466845916157 0
    outer loop
      vertex -82.11127256321562 -9.146165735327997 0
      vertex -82.11127256321562 -9.146165735327997 3.2
      vertex -82.69637571909593 -8.726886743203586 3.2
    endloop
  endfacet
  facet normal -0.6343932841636439 -0.7730104533627384 0
    outer loop
      vertex -83.25280396610076 -8.270237882268752 0
      vertex -82.69637571909593 -8.726886743203586 3.2
      vertex -83.25280396610076 -8.270237882268752 3.2
    endloop
  endfacet
  facet normal -0.6835923020228667 -0.7298640726978399 0
    outer loop
      vertex -83.77817459305203 -7.778174593052023 0
      vertex -83.25280396610076 -8.270237882268752 3.2
      vertex -83.77817459305203 -7.778174593052023 3.2
    endloop
  endfacet
  facet normal -0.773010453362747 -0.6343932841636333 0
    outer loop
      vertex -84.72688674320358 -6.696375719095927 0
      vertex -84.27023788226876 -7.252803966100757 3.2
      vertex -84.72688674320358 -6.696375719095927 3.2
    endloop
  endfacet
  facet normal -0.7298640726978353 -0.6835923020228717 0
    outer loop
      vertex -84.27023788226876 -7.252803966100757 0
      vertex -83.77817459305203 -7.778174593052023 3.2
      vertex -84.27023788226876 -7.252803966100757 3.2
    endloop
  endfacet
  facet normal -0.8128466845916107 -0.5824776968678086 0
    outer loop
      vertex -84.72688674320358 -6.696375719095927 0
      vertex -84.72688674320358 -6.696375719095927 3.2
      vertex -85.146165735328 -6.111272563215624 3.2
    endloop
  endfacet
  facet normal -0.8492021815265755 -0.5280678506503734 0
    outer loop
      vertex -85.52627944162883 -5.5 0
      vertex -85.146165735328 -6.111272563215624 3.2
      vertex -85.52627944162883 -5.5 3.2
    endloop
  endfacet
  facet normal 0 0 1
    outer loop
      vertex -79.53583411833478 -10.416231424446163 3.2
      vertex -78.14599354217741 -10.788638084435535 3.2
      vertex -80.20951775601598 -10.162674857624154 3.2
    endloop
  endfacet
  facet normal 0 0 1
    outer loop
      vertex -78.14599354217741 -10.788638084435535 3.2
      vertex -77.43578811442056 -10.905893475111915 3.2
      vertex -76 -11 3.2
    endloop
  endfacet
  facet normal 0 0 1
    outer loop
      vertex -77.43578811442056 -10.905893475111915 3.2
      vertex -76.71943442153157 -10.976448155624638 3.2
      vertex -76 -11 3.2
    endloop
  endfacet
  facet normal 0 0 1
    outer loop
      vertex -78.84700949612773 -10.62518408917975 3.2
      vertex -78.14599354217741 -10.788638084435535 3.2
      vertex -79.53583411833478 -10.416231424446163 3.2
    endloop
  endfacet
  facet normal 0 0 1
    outer loop
      vertex -78.14599354217741 -10.788638084435535 3.2
      vertex -76 -11 3.2
      vertex -80.20951775601598 -10.162674857624154 3.2
    endloop
  endfacet
  facet normal 0 0 1
    outer loop
      vertex -80.20951775601598 -10.162674857624154 3.2
      vertex -81.5 -9.526279441628825 3.2
      vertex -80.86517559240902 -9.865600156859571 3.2
    endloop
  endfacet
  facet normal 0 0 1
    outer loop
      vertex -80.20951775601598 -10.162674857624154 3.2
      vertex -76 -11 3.2
      vertex -83.77817459305203 -7.778174593052023 3.2
    endloop
  endfacet
  facet normal 0 0 1
    outer loop
      vertex -80.20951775601598 -10.162674857624154 3.2
      vertex -83.77817459305203 -7.778174593052023 3.2
      vertex -82.11127256321562 -9.146165735327997 3.2
    endloop
  endfacet
  facet normal 0 0 1
    outer loop
      vertex -82.11127256321562 -9.146165735327997 3.2
      vertex -83.25280396610076 -8.270237882268752 3.2
      vertex -82.69637571909593 -8.726886743203586 3.2
    endloop
  endfacet
  facet normal 0 0 1
    outer loop
      vertex -82.11127256321562 -9.146165735327997 3.2
      vertex -83.77817459305203 -7.778174593052023 3.2
      vertex -83.25280396610076 -8.270237882268752 3.2
    endloop
  endfacet
  facet normal 0 0 1
    outer loop
      vertex -80.20951775601598 -10.162674857624154 3.2
      vertex -82.11127256321562 -9.146165735327997 3.2
      vertex -81.5 -9.526279441628825 3.2
    endloop
  endfacet
  facet normal 0 0 1
    outer loop
      vertex -76 -11 3.2
      vertex -76 -7.4 3.2
      vertex -76.48398315630305 -7.3841560319656665 3.2
    endloop
  endfacet
  facet normal 0 0 1
    outer loop
      vertex -76 -11 3.2
      vertex -78.37865204324339 -7.007282958263782 3.2
      vertex -78.83185739950166 -6.836708540583523 3.2
    endloop
  endfacet
  facet normal 0 0 1
    outer loop
      vertex -76 -11 3.2
      vertex -77.44366838291936 -7.2578110749839055 3.2
      vertex -77.91526093375866 -7.1478511145391055 3.2
    endloop
  endfacet
  facet normal 0 0 1
    outer loop
      vertex -76 -11 3.2
      vertex -76.48398315630305 -7.3841560319656665 3.2
      vertex -76.96589382242838 -7.336691974166198 3.2
    endloop
  endfacet
  facet normal 0 0 1
    outer loop
      vertex -76 -11 3.2
      vertex -76.96589382242838 -7.336691974166198 3.2
      vertex -77.44366838291936 -7.2578110749839055 3.2
    endloop
  endfacet
  facet normal 0 0 1
    outer loop
      vertex -76 -11 3.2
      vertex -77.91526093375866 -7.1478511145391055 3.2
      vertex -78.37865204324339 -7.007282958263782 3.2
    endloop
  endfacet
  facet normal 0 0 1
    outer loop
      vertex -76 -11 3.2
      vertex -75.51601684369695 -7.3841560319656665 3.2
      vertex -76 -7.4 3.2
    endloop
  endfacet
  facet normal 0 0 1
    outer loop
      vertex -83.77817459305203 -7.778174593052023 3.2
      vertex -85.146165735328 -6.111272563215624 3.2
      vertex -84.27023788226876 -7.252803966100757 3.2
    endloop
  endfacet
  facet normal 0 0 1
    outer loop
      vertex -76 -11 3.2
      vertex -80.11121972434506 -6.152875131038835 3.2
      vertex -80.50483457466453 -5.870814718155141 3.2
    endloop
  endfacet
  facet normal 0 0 1
    outer loop
      vertex -76 -11 3.2
      vertex -78.83185739950166 -6.836708540583523 3.2
      vertex -79.27293630762061 -6.6368582873418935 3.2
    endloop
  endfacet
  facet normal 0 0 1
    outer loop
      vertex -76 -11 3.2
      vertex -79.27293630762061 -6.6368582873418935 3.2
      vertex -79.7 -6.408587988004846 3.2
    endloop
  endfacet
  facet normal 0 0 1
    outer loop
      vertex -76 -11 3.2
      vertex -79.7 -6.408587988004846 3.2
      vertex -80.11121972434506 -6.152875131038835 3.2
    endloop
  endfacet
  facet normal 0 0 1
    outer loop
      vertex -76 -11 3.2
      vertex -80.50483457466453 -5.870814718155141 3.2
      vertex -80.87915903174051 -5.563614575344433 3.2
    endloop
  endfacet
  facet normal 0 0 1
    outer loop
      vertex -84.27023788226876 -7.252803966100757 3.2
      vertex -85.146165735328 -6.111272563215624 3.2
      vertex -84.72688674320358 -6.696375719095927 3.2
    endloop
  endfacet
  facet normal 0 0 1
    outer loop
      vertex -76 -11 3.2
      vertex -87 0 3.2
      vertex -83.77817459305203 -7.778174593052023 3.2
    endloop
  endfacet
  facet normal 0 0 1
    outer loop
      vertex -83.77817459305203 -7.778174593052023 3.2
      vertex -86.16267485762415 -4.2095177560159875 3.2
      vertex -85.146165735328 -6.111272563215624 3.2
    endloop
  endfacet
  facet normal 0 0 1
    outer loop
      vertex -76 -11 3.2
      vertex -80.87915903174051 -5.563614575344433 3.2
      vertex -87 0 3.2
    endloop
  endfacet
  facet normal -0.8819212643483579 -0.47139673682599215 0
    outer loop
      vertex -85.52627944162883 -5.5 0
      vertex -85.52627944162883 -5.5 3.2
      vertex -85.86560015685957 -4.865175592409014 3.2
    endloop
  endfacet
  facet normal -0.9108638249211759 -0.4127070298043944 0
    outer loop
      vertex -85.86560015685957 -4.865175592409014 0
      vertex -85.86560015685957 -4.865175592409014 3.2
      vertex -86.16267485762415 -4.2095177560159875 3.2
    endloop
  endfacet
  facet normal -0.9359059267573234 -0.3522500479212396 0
    outer loop
      vertex -86.16267485762415 -4.2095177560159875 0
      vertex -86.16267485762415 -4.2095177560159875 3.2
      vertex -86.41623142444617 -3.5358341183347775 3.2
    endloop
  endfacet
  facet normal -0.9569403357322095 -0.29028467725446033 0
    outer loop
      vertex -86.41623142444617 -3.5358341183347775 0
      vertex -86.41623142444617 -3.5358341183347775 3.2
      vertex -86.62518408917975 -2.847009496127728 3.2
    endloop
  endfacet
  facet normal -0.9738769792773352 -0.22707626303436662 0
    outer loop
      vertex -86.78863808443553 -2.145993542177411 0
      vertex -86.62518408917975 -2.847009496127728 3.2
      vertex -86.78863808443553 -2.145993542177411 3.2
    endloop
  endfacet
  facet normal -0.9866433320848795 -0.1628954733945848 0
    outer loop
      vertex -86.78863808443553 -2.145993542177411 0
      vertex -86.78863808443553 -2.145993542177411 3.2
      vertex -86.90589347511191 -1.4357881144205673 3.2
    endloop
  endfacet
  facet normal -0.9951847266721962 -0.09801714032956658 0
    outer loop
      vertex -86.97644815562464 -0.7194344215315737 0
      vertex -86.90589347511191 -1.4357881144205673 3.2
      vertex -86.97644815562464 -0.7194344215315737 3.2
    endloop
  endfacet
  facet normal -0.9994645874763657 -0.03271908282177688 0
    outer loop
      vertex -86.97644815562464 -0.7194344215315737 3.2
      vertex -87 0 3.2
      vertex -87 0 0
    endloop
  endfacet
  facet normal 0 0 1
    outer loop
      vertex -85.146165735328 -6.111272563215624 3.2
      vertex -85.86560015685957 -4.865175592409014 3.2
      vertex -85.52627944162883 -5.5 3.2
    endloop
  endfacet
  facet normal 0 0 1
    outer loop
      vertex -85.146165735328 -6.111272563215624 3.2
      vertex -86.16267485762415 -4.2095177560159875 3.2
      vertex -85.86560015685957 -4.865175592409014 3.2
    endloop
  endfacet
  facet normal 0 0 1
    outer loop
      vertex -83.77817459305203 -7.778174593052023 3.2
      vertex -87 0 3.2
      vertex -86.16267485762415 -4.2095177560159875 3.2
    endloop
  endfacet
  facet normal 0 0 1
    outer loop
      vertex -86.16267485762415 -4.2095177560159875 3.2
      vertex -86.62518408917975 -2.847009496127728 3.2
      vertex -86.41623142444617 -3.5358341183347775 3.2
    endloop
  endfacet
  facet normal 0 0 1
    outer loop
      vertex -87 0 3.2
      vertex -80.87915903174051 -5.563614575344433 3.2
      vertex -81.23259018078045 -5.232590180780452 3.2
    endloop
  endfacet
  facet normal 0 0 1
    outer loop
      vertex -86.16267485762415 -4.2095177560159875 3.2
      vertex -86.78863808443553 -2.145993542177411 3.2
      vertex -86.62518408917975 -2.847009496127728 3.2
    endloop
  endfacet
  facet normal 0 0 1
    outer loop
      vertex -87 0 3.2
      vertex -81.23259018078045 -5.232590180780452 3.2
      vertex -81.56361457534443 -4.879159031740509 3.2
    endloop
  endfacet
  facet normal 0 0 1
    outer loop
      vertex -87 0 3.2
      vertex -81.56361457534443 -4.879159031740509 3.2
      vertex -81.87081471815515 -4.504834574664533 3.2
    endloop
  endfacet
  facet normal 0 0 1
    outer loop
      vertex -87 0 3.2
      vertex -81.87081471815515 -4.504834574664533 3.2
      vertex -82.15287513103884 -4.111219724345056 3.2
    endloop
  endfacet
  facet normal 0 0 1
    outer loop
      vertex -86.16267485762415 -4.2095177560159875 3.2
      vertex -87 0 3.2
      vertex -86.78863808443553 -2.145993542177411 3.2
    endloop
  endfacet
  facet normal 0 0 1
    outer loop
      vertex -87 0 3.2
      vertex -82.15287513103884 -4.111219724345056 3.2
      vertex -82.40858798800484 -3.7 3.2
    endloop
  endfacet
  facet normal 0 0 1
    outer loop
      vertex -87 0 3.2
      vertex -82.40858798800484 -3.7 3.2
      vertex -82.6368582873419 -3.27293630762061 3.2
    endloop
  endfacet
  facet normal 0 0 1
    outer loop
      vertex -87 0 3.2
      vertex -82.83670854058352 -2.8318573995016645 3.2
      vertex -83.00728295826379 -2.3786520432433957 3.2
    endloop
  endfacet
  facet normal 0 0 1
    outer loop
      vertex -86.78863808443553 -2.145993542177411 3.2
      vertex -86.97644815562464 -0.7194344215315737 3.2
      vertex -86.90589347511191 -1.4357881144205673 3.2
    endloop
  endfacet
  facet normal 0 0 1
    outer loop
      vertex -87 0 3.2
      vertex -83.00728295826379 -2.3786520432433957 3.2
      vertex -83.14785111453911 -1.9152609337586535 3.2
    endloop
  endfacet
  facet normal 0 0 1
    outer loop
      vertex -87 0 3.2
      vertex -82.6368582873419 -3.27293630762061 3.2
      vertex -82.83670854058352 -2.8318573995016645 3.2
    endloop
  endfacet
  facet normal 0 0 1
    outer loop
      vertex -87 0 3.2
      vertex -83.14785111453911 -1.9152609337586535 3.2
      vertex -83.2578110749839 -1.443668382919349 3.2
    endloop
  endfacet
  facet normal 0 0 1
    outer loop
      vertex -86.78863808443553 -2.145993542177411 3.2
      vertex -87 0 3.2
      vertex -86.97644815562464 -0.7194344215315737 3.2
    endloop
  endfacet
  facet normal 0 0 1
    outer loop
      vertex -87 0 3.2
      vertex -83.2578110749839 -1.443668382919349 3.2
      vertex -83.3366919741662 -0.9658938224283817 3.2
    endloop
  endfacet
  facet normal 0 0 1
    outer loop
      vertex -87 0 3.2
      vertex -83.3366919741662 -0.9658938224283817 3.2
      vertex -83.38415603196566 -0.48398315630305866 3.2
    endloop
  endfacet
  facet normal 0 0 1
    outer loop
      vertex -87 0 3.2
      vertex -83.38415603196566 -0.48398315630305866 3.2
      vertex -83.4 0 3.2
    endloop
  endfacet
  facet normal 0 -1 0
    outer loop
      vertex -76 -11 0
      vertex 76 -11 3.2
      vertex -76 -11 3.2
    endloop
  endfacet
  facet normal 0 0 1
    outer loop
      vertex -76 -11 3.2
      vertex 68.6633080258338 -0.9658938224283817 3.2
      vertex -75.51601684369695 -7.3841560319656665 3.2
    endloop
  endfacet
  facet normal 0 0 1
    outer loop
      vertex 68.6633080258338 -0.9658938224283817 3.2
      vertex -75.03410617757162 -7.336691974166198 3.2
      vertex -75.51601684369695 -7.3841560319656665 3.2
    endloop
  endfacet
  facet normal 0 0 1
    outer loop
      vertex 68.6633080258338 -0.9658938224283817 3.2
      vertex -74.55633161708064 -7.2578110749839055 3.2
      vertex -75.03410617757162 -7.336691974166198 3.2
    endloop
  endfacet
  facet normal 0 0 1
    outer loop
      vertex 68.6633080258338 -0.9658938224283817 3.2
      vertex -74.08473906624134 -7.1478511145391055 3.2
      vertex -74.55633161708064 -7.2578110749839055 3.2
    endloop
  endfacet
  facet normal 0 0 1
    outer loop
      vertex 68.6633080258338 -0.9658938224283817 3.2
      vertex -73.62134795675661 -7.007282958263782 3.2
      vertex -74.08473906624134 -7.1478511145391055 3.2
    endloop
  endfacet
  facet normal 0 0 1
    outer loop
      vertex 68.6633080258338 -0.9658938224283817 3.2
      vertex -73.16814260049834 -6.836708540583523 3.2
      vertex -73.62134795675661 -7.007282958263782 3.2
    endloop
  endfacet
  facet normal 0 0 1
    outer loop
      vertex 68.6633080258338 -0.9658938224283817 3.2
      vertex -72.72706369237939 -6.6368582873418935 3.2
      vertex -73.16814260049834 -6.836708540583523 3.2
    endloop
  endfacet
  facet normal 0 0 1
    outer loop
      vertex 68.6633080258338 -0.9658938224283817 3.2
      vertex -72.3 -6.408587988004846 3.2
      vertex -72.72706369237939 -6.6368582873418935 3.2
    endloop
  endfacet
  facet normal 0 0 1
    outer loop
      vertex 68.6633080258338 -0.9658938224283817 3.2
      vertex -71.88878027565494 -6.152875131038835 3.2
      vertex -72.3 -6.408587988004846 3.2
    endloop
  endfacet
  facet normal 0 0 1
    outer loop
      vertex 68.6633080258338 -0.9658938224283817 3.2
      vertex -71.49516542533547 -5.870814718155141 3.2
      vertex -71.88878027565494 -6.152875131038835 3.2
    endloop
  endfacet
  facet normal 0 0 1
    outer loop
      vertex 68.6633080258338 -0.9658938224283817 3.2
      vertex -71.12084096825949 -5.563614575344433 3.2
      vertex -71.49516542533547 -5.870814718155141 3.2
    endloop
  endfacet
  facet normal 0 0 1
    outer loop
      vertex 68.6633080258338 -0.9658938224283817 3.2
      vertex -70.76740981921955 -5.232590180780452 3.2
      vertex -71.12084096825949 -5.563614575344433 3.2
    endloop
  endfacet
  facet normal 0 0 1
    outer loop
      vertex 68.6633080258338 -0.9658938224283817 3.2
      vertex -70.43638542465557 -4.879159031740509 3.2
      vertex -70.76740981921955 -5.232590180780452 3.2
    endloop
  endfacet
  facet normal 0 0 1
    outer loop
      vertex 68.6633080258338 -0.9658938224283817 3.2
      vertex -70.12918528184485 -4.504834574664533 3.2
      vertex -70.43638542465557 -4.879159031740509 3.2
    endloop
  endfacet
  facet normal 0 0 1
    outer loop
      vertex 68.6633080258338 -0.9658938224283817 3.2
      vertex -69.84712486896116 -4.111219724345056 3.2
      vertex -70.12918528184485 -4.504834574664533 3.2
    endloop
  endfacet
  facet normal 0 0 1
    outer loop
      vertex 68.6633080258338 -0.9658938224283817 3.2
      vertex -69.59141201199516 -3.7 3.2
      vertex -69.84712486896116 -4.111219724345056 3.2
    endloop
  endfacet
  facet normal 0 0 1
    outer loop
      vertex 68.6633080258338 -0.9658938224283817 3.2
      vertex -69.3631417126581 -3.27293630762061 3.2
      vertex -69.59141201199516 -3.7 3.2
    endloop
  endfacet
  facet normal 0 0 1
    outer loop
      vertex 68.6633080258338 -0.9658938224283817 3.2
      vertex -69.16329145941648 -2.8318573995016645 3.2
      vertex -69.3631417126581 -3.27293630762061 3.2
    endloop
  endfacet
  facet normal 0 0 1
    outer loop
      vertex 68.6633080258338 -0.9658938224283817 3.2
      vertex -68.99271704173621 -2.3786520432433957 3.2
      vertex -69.16329145941648 -2.8318573995016645 3.2
    endloop
  endfacet
  facet normal 0 0 1
    outer loop
      vertex 68.6633080258338 -0.9658938224283817 3.2
      vertex -68.85214888546089 -1.9152609337586535 3.2
      vertex -68.99271704173621 -2.3786520432433957 3.2
    endloop
  endfacet
  facet normal 0 0 1
    outer loop
      vertex 68.6633080258338 -0.9658938224283817 3.2
      vertex -68.7421889250161 -1.443668382919349 3.2
      vertex -68.85214888546089 -1.9152609337586535 3.2
    endloop
  endfacet
  facet normal 0 0 1
    outer loop
      vertex -68.7421889250161 -1.443668382919349 3.2
      vertex 68.6633080258338 -0.9658938224283817 3.2
      vertex -68.6633080258338 -0.9658938224283817 3.2
    endloop
  endfacet
  facet normal 0 0 1
    outer loop
      vertex -68.6633080258338 -0.9658938224283817 3.2
      vertex 68.61584396803434 -0.48398315630305866 3.2
      vertex -68.61584396803434 -0.48398315630305866 3.2
    endloop
  endfacet
  facet normal 0 0 1
    outer loop
      vertex -68.61584396803434 -0.48398315630305866 3.2
      vertex 68.6 0 3.2
      vertex -68.6 0 3.2
    endloop
  endfacet
  facet normal 0 0 -1
    outer loop
      vertex -87 0 0
      vertex -83.38415603196566 0.48398315630305866 0
      vertex -83.4 0 0
    endloop
  endfacet
  facet normal 0 0 -1
    outer loop
      vertex -87 0 0
      vertex -83.3366919741662 0.9658938224283817 0
      vertex -83.38415603196566 0.48398315630305866 0
    endloop
  endfacet
  facet normal 0 0 -1
    outer loop
      vertex -87 0 0
      vertex -86.97644815562464 0.7194344215315737 0
      vertex -86.90589347511191 1.4357881144205673 0
    endloop
  endfacet
  facet normal 0 0 -1
    outer loop
      vertex -87 0 0
      vertex -83.2578110749839 1.443668382919349 0
      vertex -83.3366919741662 0.9658938224283817 0
    endloop
  endfacet
  facet normal 0 0 -1
    outer loop
      vertex -87 0 0
      vertex -86.90589347511191 1.4357881144205673 0
      vertex -86.78863808443553 2.145993542177411 0
    endloop
  endfacet
  facet normal 0 0 -1
    outer loop
      vertex -87 0 0
      vertex -83.14785111453911 1.9152609337586535 0
      vertex -83.2578110749839 1.443668382919349 0
    endloop
  endfacet
  facet normal 0 0 -1
    outer loop
      vertex -87 0 0
      vertex -83.00728295826379 2.3786520432433957 0
      vertex -83.14785111453911 1.9152609337586535 0
    endloop
  endfacet
  facet normal 0 0 -1
    outer loop
      vertex -87 0 0
      vertex -82.83670854058352 2.8318573995016645 0
      vertex -83.00728295826379 2.3786520432433957 0
    endloop
  endfacet
  facet normal 0 0 -1
    outer loop
      vertex -87 0 0
      vertex -82.6368582873419 3.27293630762061 0
      vertex -82.83670854058352 2.8318573995016645 0
    endloop
  endfacet
  facet normal 0 0 -1
    outer loop
      vertex -87 0 0
      vertex -86.78863808443553 2.145993542177411 0
      vertex -86.16267485762415 4.2095177560159875 0
    endloop
  endfacet
  facet normal 0 0 -1
    outer loop
      vertex -87 0 0
      vertex -82.40858798800484 3.7 0
      vertex -82.6368582873419 3.27293630762061 0
    endloop
  endfacet
  facet normal 0 0 -1
    outer loop
      vertex -87 0 0
      vertex -82.15287513103884 4.111219724345056 0
      vertex -82.40858798800484 3.7 0
    endloop
  endfacet
  facet normal 0 0 -1
    outer loop
      vertex -86.78863808443553 2.145993542177411 0
      vertex -86.62518408917975 2.847009496127728 0
      vertex -86.41623142444617 3.5358341183347775 0
    endloop
  endfacet
  facet normal 0 0 -1
    outer loop
      vertex -86.78863808443553 2.145993542177411 0
      vertex -86.41623142444617 3.5358341183347775 0
      vertex -86.16267485762415 4.2095177560159875 0
    endloop
  endfacet
  facet normal 0 0 -1
    outer loop
      vertex -87 0 0
      vertex -81.87081471815515 4.504834574664533 0
      vertex -82.15287513103884 4.111219724345056 0
    endloop
  endfacet
  facet normal 0 0 -1
    outer loop
      vertex -87 0 0
      vertex -81.56361457534443 4.879159031740509 0
      vertex -81.87081471815515 4.504834574664533 0
    endloop
  endfacet
  facet normal 0 0 -1
    outer loop
      vertex -87 0 0
      vertex -81.23259018078045 5.232590180780452 0
      vertex -81.56361457534443 4.879159031740509 0
    endloop
  endfacet
  facet normal 0 0 -1
    outer loop
      vertex -87 0 0
      vertex -86.16267485762415 4.2095177560159875 0
      vertex -83.77817459305203 7.778174593052023 0
    endloop
  endfacet
  facet normal 0 0 -1
    outer loop
      vertex -87 0 0
      vertex -80.87915903174051 5.563614575344433 0
      vertex -81.23259018078045 5.232590180780452 0
    endloop
  endfacet
  facet normal 0 0 -1
    outer loop
      vertex -86.16267485762415 4.2095177560159875 0
      vertex -85.86560015685957 4.865175592409014 0
      vertex -85.52627944162883 5.5 0
    endloop
  endfacet
  facet normal 0 0 -1
    outer loop
      vertex -86.16267485762415 4.2095177560159875 0
      vertex -85.52627944162883 5.5 0
      vertex -85.146165735328 6.111272563215624 0
    endloop
  endfacet
  facet normal -0.9994645874763657 0.03271908282177688 0
    outer loop
      vertex -87 0 0
      vertex -86.97644815562464 0.7194344215315737 3.2
      vertex -86.97644815562464 0.7194344215315737 0
    endloop
  endfacet
  facet normal -0.9951847266721962 0.09801714032956658 0
    outer loop
      vertex -86.97644815562464 0.7194344215315737 0
      vertex -86.97644815562464 0.7194344215315737 3.2
      vertex -86.90589347511191 1.4357881144205673 0
    endloop
  endfacet
  facet normal -0.9866433320848795 0.1628954733945848 0
    outer loop
      vertex -86.90589347511191 1.4357881144205673 0
      vertex -86.90589347511191 1.4357881144205673 3.2
      vertex -86.78863808443553 2.145993542177411 0
    endloop
  endfacet
  facet normal -0.9738769792773352 0.22707626303436662 0
    outer loop
      vertex -86.78863808443553 2.145993542177411 0
      vertex -86.62518408917975 2.847009496127728 3.2
      vertex -86.62518408917975 2.847009496127728 0
    endloop
  endfacet
  facet normal -0.9569403357322095 0.29028467725446033 0
    outer loop
      vertex -86.62518408917975 2.847009496127728 0
      vertex -86.62518408917975 2.847009496127728 3.2
      vertex -86.41623142444617 3.5358341183347775 0
    endloop
  endfacet
  facet normal -0.9359059267573234 0.3522500479212396 0
    outer loop
      vertex -86.41623142444617 3.5358341183347775 0
      vertex -86.41623142444617 3.5358341183347775 3.2
      vertex -86.16267485762415 4.2095177560159875 0
    endloop
  endfacet
  facet normal -0.9108638249211759 0.4127070298043944 0
    outer loop
      vertex -86.16267485762415 4.2095177560159875 0
      vertex -85.86560015685957 4.865175592409014 3.2
      vertex -85.86560015685957 4.865175592409014 0
    endloop
  endfacet
  facet normal -0.8819212643483579 0.47139673682599215 0
    outer loop
      vertex -85.86560015685957 4.865175592409014 0
      vertex -85.86560015685957 4.865175592409014 3.2
      vertex -85.52627944162883 5.5 0
    endloop
  endfacet
  facet normal 0 0 -1
    outer loop
      vertex -86.16267485762415 4.2095177560159875 0
      vertex -85.146165735328 6.111272563215624 0
      vertex -83.77817459305203 7.778174593052023 0
    endloop
  endfacet
  facet normal 0 0 -1
    outer loop
      vertex -85.146165735328 6.111272563215624 0
      vertex -84.72688674320358 6.696375719095927 0
      vertex -84.27023788226876 7.252803966100757 0
    endloop
  endfacet
  facet normal 0 0 -1
    outer loop
      vertex -87 0 0
      vertex -83.77817459305203 7.778174593052023 0
      vertex -76 11 0
    endloop
  endfacet
  facet normal 0 0 -1
    outer loop
      vertex -87 0 0
      vertex -76 11 0
      vertex -80.87915903174051 5.563614575344433 0
    endloop
  endfacet
  facet normal 0 0 -1
    outer loop
      vertex -85.146165735328 6.111272563215624 0
      vertex -84.27023788226876 7.252803966100757 0
      vertex -83.77817459305203 7.778174593052023 0
    endloop
  endfacet
  facet normal 0 0 -1
    outer loop
      vertex -76 11 0
      vertex -80.50483457466453 5.870814718155141 0
      vertex -80.87915903174051 5.563614575344433 0
    endloop
  endfacet
  facet normal 0 0 -1
    outer loop
      vertex -76 11 0
      vertex -80.11121972434506 6.152875131038835 0
      vertex -80.50483457466453 5.870814718155141 0
    endloop
  endfacet
  facet normal 0 0 -1
    outer loop
      vertex -76 11 0
      vertex -79.7 6.408587988004846 0
      vertex -80.11121972434506 6.152875131038835 0
    endloop
  endfacet
  facet normal 0 0 -1
    outer loop
      vertex -76 11 0
      vertex -79.27293630762061 6.6368582873418935 0
      vertex -79.7 6.408587988004846 0
    endloop
  endfacet
  facet normal 0 0 -1
    outer loop
      vertex -76 11 0
      vertex -78.83185739950166 6.836708540583523 0
      vertex -79.27293630762061 6.6368582873418935 0
    endloop
  endfacet
  facet normal 0 0 -1
    outer loop
      vertex -76 11 0
      vertex -72.3 6.408587988004846 0
      vertex -72.72706369237939 6.6368582873418935 0
    endloop
  endfacet
  facet normal 0 0 -1
    outer loop
      vertex -76 11 0
      vertex -72.72706369237939 6.6368582873418935 0
      vertex -73.16814260049834 6.836708540583523 0
    endloop
  endfacet
  facet normal 0 0 -1
    outer loop
      vertex -76 11 0
      vertex -71.88878027565494 6.152875131038835 0
      vertex -72.3 6.408587988004846 0
    endloop
  endfacet
  facet normal 0 0 -1
    outer loop
      vertex -83.77817459305203 7.778174593052023 0
      vertex -83.25280396610076 8.270237882268752 0
      vertex -82.11127256321562 9.146165735327997 0
    endloop
  endfacet
  facet normal 0 0 -1
    outer loop
      vertex -83.25280396610076 8.270237882268752 0
      vertex -82.69637571909593 8.726886743203586 0
      vertex -82.11127256321562 9.146165735327997 0
    endloop
  endfacet
  facet normal 0 0 -1
    outer loop
      vertex -83.77817459305203 7.778174593052023 0
      vertex -82.11127256321562 9.146165735327997 0
      vertex -80.20951775601598 10.162674857624154 0
    endloop
  endfacet
  facet normal 0 0 -1
    outer loop
      vertex -76 11 0
      vertex -78.37865204324339 7.007282958263782 0
      vertex -78.83185739950166 6.836708540583523 0
    endloop
  endfacet
  facet normal 0 0 -1
    outer loop
      vertex -76 11 0
      vertex -77.91526093375866 7.1478511145391055 0
      vertex -78.37865204324339 7.007282958263782 0
    endloop
  endfacet
  facet normal 0 0 -1
    outer loop
      vertex -76 11 0
      vertex -77.44366838291936 7.2578110749839055 0
      vertex -77.91526093375866 7.1478511145391055 0
    endloop
  endfacet
  facet normal 0 0 -1
    outer loop
      vertex -76 11 0
      vertex -76.96589382242838 7.336691974166198 0
      vertex -77.44366838291936 7.2578110749839055 0
    endloop
  endfacet
  facet normal 0 0 -1
    outer loop
      vertex -76 11 0
      vertex -76.48398315630305 7.3841560319656665 0
      vertex -76.96589382242838 7.336691974166198 0
    endloop
  endfacet
  facet normal 0 0 -1
    outer loop
      vertex -76 11 0
      vertex -76 7.4 0
      vertex -76.48398315630305 7.3841560319656665 0
    endloop
  endfacet
  facet normal 0 0 -1
    outer loop
      vertex -82.11127256321562 9.146165735327997 0
      vertex -81.5 9.526279441628825 0
      vertex -80.86517559240902 9.865600156859571 0
    endloop
  endfacet
  facet normal 0 0 -1
    outer loop
      vertex -82.11127256321562 9.146165735327997 0
      vertex -80.86517559240902 9.865600156859571 0
      vertex -80.20951775601598 10.162674857624154 0
    endloop
  endfacet
  facet normal 0 0 -1
    outer loop
      vertex -83.77817459305203 7.778174593052023 0
      vertex -80.20951775601598 10.162674857624154 0
      vertex -76 11 0
    endloop
  endfacet
  facet normal 0 0 -1
    outer loop
      vertex -80.20951775601598 10.162674857624154 0
      vertex -79.53583411833478 10.416231424446163 0
      vertex -78.84700949612773 10.62518408917975 0
    endloop
  endfacet
  facet normal 0 0 -1
    outer loop
      vertex -80.20951775601598 10.162674857624154 0
      vertex -78.84700949612773 10.62518408917975 0
      vertex -78.14599354217741 10.788638084435535 0
    endloop
  endfacet
  facet normal 0 0 -1
    outer loop
      vertex -80.20951775601598 10.162674857624154 0
      vertex -78.14599354217741 10.788638084435535 0
      vertex -76 11 0
    endloop
  endfacet
  facet normal 0 0 -1
    outer loop
      vertex -78.14599354217741 10.788638084435535 0
      vertex -77.43578811442056 10.905893475111915 0
      vertex -76.71943442153157 10.976448155624638 0
    endloop
  endfacet
  facet normal 0 0 -1
    outer loop
      vertex -78.14599354217741 10.788638084435535 0
      vertex -76.71943442153157 10.976448155624638 0
      vertex -76 11 0
    endloop
  endfacet
  facet normal 0 0 -1
    outer loop
      vertex -76 11 0
      vertex -75.03410617757162 7.336691974166198 0
      vertex -75.51601684369695 7.3841560319656665 0
    endloop
  endfacet
  facet normal 0 0 -1
    outer loop
      vertex -76 11 0
      vertex -74.08473906624134 7.1478511145391055 0
      vertex -74.55633161708064 7.2578110749839055 0
    endloop
  endfacet
  facet normal 0 0 -1
    outer loop
      vertex -76 11 0
      vertex -74.55633161708064 7.2578110749839055 0
      vertex -75.03410617757162 7.336691974166198 0
    endloop
  endfacet
  facet normal 0 0 -1
    outer loop
      vertex -76 11 0
      vertex -73.16814260049834 6.836708540583523 0
      vertex -73.62134795675661 7.007282958263782 0
    endloop
  endfacet
  facet normal 0 0 -1
    outer loop
      vertex -76 11 0
      vertex -73.62134795675661 7.007282958263782 0
      vertex -74.08473906624134 7.1478511145391055 0
    endloop
  endfacet
  facet normal 0 0 -1
    outer loop
      vertex -76 11 0
      vertex -75.51601684369695 7.3841560319656665 0
      vertex -76 7.4 0
    endloop
  endfacet
  facet normal -0.8492021815265755 0.5280678506503734 0
    outer loop
      vertex -85.52627944162883 5.5 0
      vertex -85.52627944162883 5.5 3.2
      vertex -85.146165735328 6.111272563215624 0
    endloop
  endfacet
  facet normal -0.8128466845916107 0.5824776968678086 0
    outer loop
      vertex -85.146165735328 6.111272563215624 0
      vertex -84.72688674320358 6.696375719095927 3.2
      vertex -84.72688674320358 6.696375719095927 0
    endloop
  endfacet
  facet normal -0.773010453362747 0.6343932841636333 0
    outer loop
      vertex -84.72688674320358 6.696375719095927 0
      vertex -84.72688674320358 6.696375719095927 3.2
      vertex -84.27023788226876 7.252803966100757 0
    endloop
  endfacet
  facet normal -0.7298640726978353 0.6835923020228717 0
    outer loop
      vertex -84.27023788226876 7.252803966100757 0
      vertex -84.27023788226876 7.252803966100757 3.2
      vertex -83.77817459305203 7.778174593052023 0
    endloop
  endfacet
  facet normal -0.6835923020228667 0.7298640726978399 0
    outer loop
      vertex -83.77817459305203 7.778174593052023 0
      vertex -83.25280396610076 8.270237882268752 3.2
      vertex -83.25280396610076 8.270237882268752 0
    endloop
  endfacet
  facet normal -0.6343932841636439 0.7730104533627384 0
    outer loop
      vertex -83.25280396610076 8.270237882268752 0
      vertex -82.69637571909593 8.726886743203586 3.2
      vertex -82.69637571909593 8.726886743203586 0
    endloop
  endfacet
  facet normal -0.5824776968678015 0.8128466845916157 0
    outer loop
      vertex -82.69637571909593 8.726886743203586 0
      vertex -82.69637571909593 8.726886743203586 3.2
      vertex -82.11127256321562 9.146165735327997 0
    endloop
  endfacet
  facet normal -0.5280678506503698 0.8492021815265778 0
    outer loop
      vertex -82.11127256321562 9.146165735327997 0
      vertex -81.5 9.526279441628825 3.2
      vertex -81.5 9.526279441628825 0
    endloop
  endfacet
  facet normal -0.4713967368259995 0.8819212643483542 0
    outer loop
      vertex -81.5 9.526279441628825 0
      vertex -81.5 9.526279441628825 3.2
      vertex -80.86517559240902 9.865600156859571 0
    endloop
  endfacet
  facet normal -0.4127070298043911 0.9108638249211775 0
    outer loop
      vertex -80.86517559240902 9.865600156859571 0
      vertex -80.86517559240902 9.865600156859571 3.2
      vertex -80.20951775601598 10.162674857624154 0
    endloop
  endfacet
  facet normal -0.3522500479212363 0.9359059267573246 0
    outer loop
      vertex -80.20951775601598 10.162674857624154 0
      vertex -79.53583411833478 10.416231424446163 3.2
      vertex -79.53583411833478 10.416231424446163 0
    endloop
  endfacet
  facet normal -0.2902846772544598 0.9569403357322096 0
    outer loop
      vertex -79.53583411833478 10.416231424446163 0
      vertex -79.53583411833478 10.416231424446163 3.2
      vertex -78.84700949612773 10.62518408917975 0
    endloop
  endfacet
  facet normal -0.22707626303437345 0.9738769792773335 0
    outer loop
      vertex -78.84700949612773 10.62518408917975 0
      vertex -78.84700949612773 10.62518408917975 3.2
      vertex -78.14599354217741 10.788638084435535 0
    endloop
  endfacet
  facet normal -0.16289547339458887 0.9866433320848791 0
    outer loop
      vertex -78.14599354217741 10.788638084435535 0
      vertex -77.43578811442056 10.905893475111915 3.2
      vertex -77.43578811442056 10.905893475111915 0
    endloop
  endfacet
  facet normal -0.09801714032956019 0.9951847266721969 0
    outer loop
      vertex -77.43578811442056 10.905893475111915 0
      vertex -77.43578811442056 10.905893475111915 3.2
      vertex -76.71943442153157 10.976448155624638 0
    endloop
  endfacet
  facet normal -0.03271908282177687 0.9994645874763657 0
    outer loop
      vertex -76.71943442153157 10.976448155624638 0
      vertex -76.71943442153157 10.976448155624638 3.2
      vertex -76 11 0
    endloop
  endfacet
  facet normal 0 0 -1
    outer loop
      vertex -68.6 0 0
      vertex -68.61584396803434 0.48398315630305866 0
      vertex 68.6 0 0
    endloop
  endfacet
  facet normal 0 0 -1
    outer loop
      vertex -68.6633080258338 0.9658938224283817 0
      vertex 68.61584396803434 0.48398315630305866 0
      vertex -68.61584396803434 0.48398315630305866 0
    endloop
  endfacet
  facet normal 0 0 -1
    outer loop
      vertex -68.7421889250161 1.443668382919349 0
      vertex 68.6633080258338 0.9658938224283817 0
      vertex -68.6633080258338 0.9658938224283817 0
    endloop
  endfacet
  facet normal 0 0 -1
    outer loop
      vertex 68.6633080258338 0.9658938224283817 0
      vertex -68.7421889250161 1.443668382919349 0
      vertex -68.85214888546089 1.9152609337586535 0
    endloop
  endfacet
  facet normal 0 0 -1
    outer loop
      vertex 68.6633080258338 0.9658938224283817 0
      vertex -68.99271704173621 2.3786520432433957 0
      vertex -69.16329145941648 2.8318573995016645 0
    endloop
  endfacet
  facet normal 0 0 -1
    outer loop
      vertex 68.6633080258338 0.9658938224283817 0
      vertex -68.85214888546089 1.9152609337586535 0
      vertex -68.99271704173621 2.3786520432433957 0
    endloop
  endfacet
  facet normal 0 0 -1
    outer loop
      vertex 68.6633080258338 0.9658938224283817 0
      vertex -69.16329145941648 2.8318573995016645 0
      vertex -69.3631417126581 3.27293630762061 0
    endloop
  endfacet
  facet normal 0 0 -1
    outer loop
      vertex 68.6633080258338 0.9658938224283817 0
      vertex -69.3631417126581 3.27293630762061 0
      vertex -69.59141201199516 3.7 0
    endloop
  endfacet
  facet normal 0 0 -1
    outer loop
      vertex 68.6633080258338 0.9658938224283817 0
      vertex -69.59141201199516 3.7 0
      vertex -69.84712486896116 4.111219724345056 0
    endloop
  endfacet
  facet normal 0 0 -1
    outer loop
      vertex 68.6633080258338 0.9658938224283817 0
      vertex -69.84712486896116 4.111219724345056 0
      vertex -70.12918528184485 4.504834574664533 0
    endloop
  endfacet
  facet normal 0 0 -1
    outer loop
      vertex 68.6633080258338 0.9658938224283817 0
      vertex -70.12918528184485 4.504834574664533 0
      vertex -70.43638542465557 4.879159031740509 0
    endloop
  endfacet
  facet normal 0 0 -1
    outer loop
      vertex 68.6633080258338 0.9658938224283817 0
      vertex -70.43638542465557 4.879159031740509 0
      vertex -70.76740981921955 5.232590180780452 0
    endloop
  endfacet
  facet normal 0 0 -1
    outer loop
      vertex 68.6633080258338 0.9658938224283817 0
      vertex -70.76740981921955 5.232590180780452 0
      vertex -71.12084096825949 5.563614575344433 0
    endloop
  endfacet
  facet normal 0 0 -1
    outer loop
      vertex 68.6633080258338 0.9658938224283817 0
      vertex -71.12084096825949 5.563614575344433 0
      vertex -71.49516542533547 5.870814718155141 0
    endloop
  endfacet
  facet normal 0 0 -1
    outer loop
      vertex 68.6633080258338 0.9658938224283817 0
      vertex -71.49516542533547 5.870814718155141 0
      vertex -71.88878027565494 6.152875131038835 0
    endloop
  endfacet
  facet normal 0 0 -1
    outer loop
      vertex -76 11 0
      vertex 68.6633080258338 0.9658938224283817 0
      vertex -71.88878027565494 6.152875131038835 0
    endloop
  endfacet
  facet normal -0.9994645874763657 0.03271908282177688 0
    outer loop
      vertex -87 0 0
      vertex -87 0 3.2
      vertex -86.97644815562464 0.7194344215315737 3.2
    endloop
  endfacet
  facet normal -0.9951847266721962 0.09801714032956658 0
    outer loop
      vertex -86.90589347511191 1.4357881144205673 0
      vertex -86.97644815562464 0.7194344215315737 3.2
      vertex -86.90589347511191 1.4357881144205673 3.2
    endloop
  endfacet
  facet normal -0.9866433320848795 0.1628954733945848 0
    outer loop
      vertex -86.78863808443553 2.145993542177411 0
      vertex -86.90589347511191 1.4357881144205673 3.2
      vertex -86.78863808443553 2.145993542177411 3.2
    endloop
  endfacet
  facet normal -0.9738769792773352 0.22707626303436662 0
    outer loop
      vertex -86.78863808443553 2.145993542177411 0
      vertex -86.78863808443553 2.145993542177411 3.2
      vertex -86.62518408917975 2.847009496127728 3.2
    endloop
  endfacet
  facet normal -0.9569403357322095 0.29028467725446033 0
    outer loop
      vertex -86.41623142444617 3.5358341183347775 0
      vertex -86.62518408917975 2.847009496127728 3.2
      vertex -86.41623142444617 3.5358341183347775 3.2
    endloop
  endfacet
  facet normal -0.9359059267573234 0.3522500479212396 0
    outer loop
      vertex -86.16267485762415 4.2095177560159875 0
      vertex -86.41623142444617 3.5358341183347775 3.2
      vertex -86.16267485762415 4.2095177560159875 3.2
    endloop
  endfacet
  facet normal -0.9108638249211759 0.4127070298043944 0
    outer loop
      vertex -86.16267485762415 4.2095177560159875 0
      vertex -86.16267485762415 4.2095177560159875 3.2
      vertex -85.86560015685957 4.865175592409014 3.2
    endloop
  endfacet
  facet normal -0.8819212643483579 0.47139673682599215 0
    outer loop
      vertex -85.52627944162883 5.5 0
      vertex -85.86560015685957 4.865175592409014 3.2
      vertex -85.52627944162883 5.5 3.2
    endloop
  endfacet
  facet normal 0 0 1
    outer loop
      vertex -87 0 3.2
      vertex -83.4 0 3.2
      vertex -83.38415603196566 0.48398315630305866 3.2
    endloop
  endfacet
  facet normal 0 0 1
    outer loop
      vertex -87 0 3.2
      vertex -83.38415603196566 0.48398315630305866 3.2
      vertex -83.3366919741662 0.9658938224283817 3.2
    endloop
  endfacet
  facet normal 0 0 1
    outer loop
      vertex -87 0 3.2
      vertex -86.90589347511191 1.4357881144205673 3.2
      vertex -86.97644815562464 0.7194344215315737 3.2
    endloop
  endfacet
  facet normal 0 0 1
    outer loop
      vertex -87 0 3.2
      vertex -83.3366919741662 0.9658938224283817 3.2
      vertex -83.2578110749839 1.443668382919349 3.2
    endloop
  endfacet
  facet normal 0 0 1
    outer loop
      vertex -87 0 3.2
      vertex -86.78863808443553 2.145993542177411 3.2
      vertex -86.90589347511191 1.4357881144205673 3.2
    endloop
  endfacet
  facet normal 0 0 1
    outer loop
      vertex -87 0 3.2
      vertex -83.2578110749839 1.443668382919349 3.2
      vertex -83.14785111453911 1.9152609337586535 3.2
    endloop
  endfacet
  facet normal 0 0 1
    outer loop
      vertex -87 0 3.2
      vertex -83.14785111453911 1.9152609337586535 3.2
      vertex -83.00728295826379 2.3786520432433957 3.2
    endloop
  endfacet
  facet normal 0 0 1
    outer loop
      vertex -87 0 3.2
      vertex -83.00728295826379 2.3786520432433957 3.2
      vertex -82.83670854058352 2.8318573995016645 3.2
    endloop
  endfacet
  facet normal 0 0 1
    outer loop
      vertex -87 0 3.2
      vertex -82.83670854058352 2.8318573995016645 3.2
      vertex -82.6368582873419 3.27293630762061 3.2
    endloop
  endfacet
  facet normal 0 0 1
    outer loop
      vertex -87 0 3.2
      vertex -86.16267485762415 4.2095177560159875 3.2
      vertex -86.78863808443553 2.145993542177411 3.2
    endloop
  endfacet
  facet normal 0 0 1
    outer loop
      vertex -87 0 3.2
      vertex -82.6368582873419 3.27293630762061 3.2
      vertex -82.40858798800484 3.7 3.2
    endloop
  endfacet
  facet normal 0 0 1
    outer loop
      vertex -87 0 3.2
      vertex -82.40858798800484 3.7 3.2
      vertex -82.15287513103884 4.111219724345056 3.2
    endloop
  endfacet
  facet normal 0 0 1
    outer loop
      vertex -86.78863808443553 2.145993542177411 3.2
      vertex -86.41623142444617 3.5358341183347775 3.2
      vertex -86.62518408917975 2.847009496127728 3.2
    endloop
  endfacet
  facet normal 0 0 1
    outer loop
      vertex -86.78863808443553 2.145993542177411 3.2
      vertex -86.16267485762415 4.2095177560159875 3.2
      vertex -86.41623142444617 3.5358341183347775 3.2
    endloop
  endfacet
  facet normal 0 0 1
    outer loop
      vertex -87 0 3.2
      vertex -82.15287513103884 4.111219724345056 3.2
      vertex -81.87081471815515 4.504834574664533 3.2
    endloop
  endfacet
  facet normal 0 0 1
    outer loop
      vertex -87 0 3.2
      vertex -81.87081471815515 4.504834574664533 3.2
      vertex -81.56361457534443 4.879159031740509 3.2
    endloop
  endfacet
  facet normal 0 0 1
    outer loop
      vertex -87 0 3.2
      vertex -81.56361457534443 4.879159031740509 3.2
      vertex -81.23259018078045 5.232590180780452 3.2
    endloop
  endfacet
  facet normal 0 0 1
    outer loop
      vertex -87 0 3.2
      vertex -83.77817459305203 7.778174593052023 3.2
      vertex -86.16267485762415 4.2095177560159875 3.2
    endloop
  endfacet
  facet normal 0 0 1
    outer loop
      vertex -87 0 3.2
      vertex -81.23259018078045 5.232590180780452 3.2
      vertex -80.87915903174051 5.563614575344433 3.2
    endloop
  endfacet
  facet normal 0 0 1
    outer loop
      vertex -86.16267485762415 4.2095177560159875 3.2
      vertex -85.52627944162883 5.5 3.2
      vertex -85.86560015685957 4.865175592409014 3.2
    endloop
  endfacet
  facet normal 0 0 1
    outer loop
      vertex -86.16267485762415 4.2095177560159875 3.2
      vertex -85.146165735328 6.111272563215624 3.2
      vertex -85.52627944162883 5.5 3.2
    endloop
  endfacet
  facet normal -0.8492021815265755 0.5280678506503734 0
    outer loop
      vertex -85.146165735328 6.111272563215624 0
      vertex -85.52627944162883 5.5 3.2
      vertex -85.146165735328 6.111272563215624 3.2
    endloop
  endfacet
  facet normal -0.8128466845916107 0.5824776968678086 0
    outer loop
      vertex -85.146165735328 6.111272563215624 0
      vertex -85.146165735328 6.111272563215624 3.2
      vertex -84.72688674320358 6.696375719095927 3.2
    endloop
  endfacet
  facet normal -0.773010453362747 0.6343932841636333 0
    outer loop
      vertex -84.27023788226876 7.252803966100757 0
      vertex -84.72688674320358 6.696375719095927 3.2
      vertex -84.27023788226876 7.252803966100757 3.2
    endloop
  endfacet
  facet normal -0.7298640726978353 0.6835923020228717 0
    outer loop
      vertex -83.77817459305203 7.778174593052023 0
      vertex -84.27023788226876 7.252803966100757 3.2
      vertex -83.77817459305203 7.778174593052023 3.2
    endloop
  endfacet
  facet normal -0.6835923020228667 0.7298640726978399 0
    outer loop
      vertex -83.77817459305203 7.778174593052023 0
      vertex -83.77817459305203 7.778174593052023 3.2
      vertex -83.25280396610076 8.270237882268752 3.2
    endloop
  endfacet
  facet normal -0.6343932841636439 0.7730104533627384 0
    outer loop
      vertex -83.25280396610076 8.270237882268752 0
      vertex -83.25280396610076 8.270237882268752 3.2
      vertex -82.69637571909593 8.726886743203586 3.2
    endloop
  endfacet
  facet normal -0.5824776968678015 0.8128466845916157 0
    outer loop
      vertex -82.11127256321562 9.146165735327997 0
      vertex -82.69637571909593 8.726886743203586 3.2
      vertex -82.11127256321562 9.146165735327997 3.2
    endloop
  endfacet
  facet normal -0.5280678506503698 0.8492021815265778 0
    outer loop
      vertex -82.11127256321562 9.146165735327997 0
      vertex -82.11127256321562 9.146165735327997 3.2
      vertex -81.5 9.526279441628825 3.2
    endloop
  endfacet
  facet normal -0.4713967368259995 0.8819212643483542 0
    outer loop
      vertex -80.86517559240902 9.865600156859571 0
      vertex -81.5 9.526279441628825 3.2
      vertex -80.86517559240902 9.865600156859571 3.2
    endloop
  endfacet
  facet normal -0.4127070298043911 0.9108638249211775 0
    outer loop
      vertex -80.20951775601598 10.162674857624154 0
      vertex -80.86517559240902 9.865600156859571 3.2
      vertex -80.20951775601598 10.162674857624154 3.2
    endloop
  endfacet
  facet normal -0.3522500479212363 0.9359059267573246 0
    outer loop
      vertex -80.20951775601598 10.162674857624154 0
      vertex -80.20951775601598 10.162674857624154 3.2
      vertex -79.53583411833478 10.416231424446163 3.2
    endloop
  endfacet
  facet normal -0.2902846772544598 0.9569403357322096 0
    outer loop
      vertex -78.84700949612773 10.62518408917975 0
      vertex -79.53583411833478 10.416231424446163 3.2
      vertex -78.84700949612773 10.62518408917975 3.2
    endloop
  endfacet
  facet normal -0.22707626303437345 0.9738769792773335 0
    outer loop
      vertex -78.14599354217741 10.788638084435535 0
      vertex -78.84700949612773 10.62518408917975 3.2
      vertex -78.14599354217741 10.788638084435535 3.2
    endloop
  endfacet
  facet normal -0.16289547339458887 0.9866433320848791 0
    outer loop
      vertex -78.14599354217741 10.788638084435535 0
      vertex -78.14599354217741 10.788638084435535 3.2
      vertex -77.43578811442056 10.905893475111915 3.2
    endloop
  endfacet
  facet normal -0.09801714032956019 0.9951847266721969 0
    outer loop
      vertex -76.71943442153157 10.976448155624638 0
      vertex -77.43578811442056 10.905893475111915 3.2
      vertex -76.71943442153157 10.976448155624638 3.2
    endloop
  endfacet
  facet normal -0.03271908282177687 0.9994645874763657 0
    outer loop
      vertex -76 11 0
      vertex -76.71943442153157 10.976448155624638 3.2
      vertex -76 11 3.2
    endloop
  endfacet
  facet normal 0 0 1
    outer loop
      vertex -86.16267485762415 4.2095177560159875 3.2
      vertex -83.77817459305203 7.778174593052023 3.2
      vertex -85.146165735328 6.111272563215624 3.2
    endloop
  endfacet
  facet normal 0 0 1
    outer loop
      vertex -85.146165735328 6.111272563215624 3.2
      vertex -84.27023788226876 7.252803966100757 3.2
      vertex -84.72688674320358 6.696375719095927 3.2
    endloop
  endfacet
  facet normal 0 0 1
    outer loop
      vertex -87 0 3.2
      vertex -76 11 3.2
      vertex -83.77817459305203 7.778174593052023 3.2
    endloop
  endfacet
  facet normal 0 0 1
    outer loop
      vertex -87 0 3.2
      vertex -80.87915903174051 5.563614575344433 3.2
      vertex -76 11 3.2
    endloop
  endfacet
  facet normal 0 0 1
    outer loop
      vertex -85.146165735328 6.111272563215624 3.2
      vertex -83.77817459305203 7.778174593052023 3.2
      vertex -84.27023788226876 7.252803966100757 3.2
    endloop
  endfacet
  facet normal 0 0 1
    outer loop
      vertex -76 11 3.2
      vertex -80.87915903174051 5.563614575344433 3.2
      vertex -80.50483457466453 5.870814718155141 3.2
    endloop
  endfacet
  facet normal 0 0 1
    outer loop
      vertex -76 11 3.2
      vertex -80.50483457466453 5.870814718155141 3.2
      vertex -80.11121972434506 6.152875131038835 3.2
    endloop
  endfacet
  facet normal 0 0 1
    outer loop
      vertex -76 11 3.2
      vertex -80.11121972434506 6.152875131038835 3.2
      vertex -79.7 6.408587988004846 3.2
    endloop
  endfacet
  facet normal 0 0 1
    outer loop
      vertex -76 11 3.2
      vertex -79.7 6.408587988004846 3.2
      vertex -79.27293630762061 6.6368582873418935 3.2
    endloop
  endfacet
  facet normal 0 0 1
    outer loop
      vertex -76 11 3.2
      vertex -79.27293630762061 6.6368582873418935 3.2
      vertex -78.83185739950166 6.836708540583523 3.2
    endloop
  endfacet
  facet normal 0 0 1
    outer loop
      vertex -83.77817459305203 7.778174593052023 3.2
      vertex -82.69637571909593 8.726886743203586 3.2
      vertex -83.25280396610076 8.270237882268752 3.2
    endloop
  endfacet
  facet normal 0 0 1
    outer loop
      vertex -83.77817459305203 7.778174593052023 3.2
      vertex -82.11127256321562 9.146165735327997 3.2
      vertex -82.69637571909593 8.726886743203586 3.2
    endloop
  endfacet
  facet normal 0 0 1
    outer loop
      vertex -83.77817459305203 7.778174593052023 3.2
      vertex -80.20951775601598 10.162674857624154 3.2
      vertex -82.11127256321562 9.146165735327997 3.2
    endloop
  endfacet
  facet normal 0 0 1
    outer loop
      vertex -76 11 3.2
      vertex -78.83185739950166 6.836708540583523 3.2
      vertex -78.37865204324339 7.007282958263782 3.2
    endloop
  endfacet
  facet normal 0 0 1
    outer loop
      vertex -76 11 3.2
      vertex -78.37865204324339 7.007282958263782 3.2
      vertex -77.91526093375866 7.1478511145391055 3.2
    endloop
  endfacet
  facet normal 0 0 1
    outer loop
      vertex -76 11 3.2
      vertex -77.91526093375866 7.1478511145391055 3.2
      vertex -77.44366838291936 7.2578110749839055 3.2
    endloop
  endfacet
  facet normal 0 0 1
    outer loop
      vertex -76 11 3.2
      vertex -77.44366838291936 7.2578110749839055 3.2
      vertex -76.96589382242838 7.336691974166198 3.2
    endloop
  endfacet
  facet normal 0 0 1
    outer loop
      vertex -76 11 3.2
      vertex -76.96589382242838 7.336691974166198 3.2
      vertex -76.48398315630305 7.3841560319656665 3.2
    endloop
  endfacet
  facet normal 0 0 1
    outer loop
      vertex -76 11 3.2
      vertex -76.48398315630305 7.3841560319656665 3.2
      vertex -76 7.4 3.2
    endloop
  endfacet
  facet normal 0 0 1
    outer loop
      vertex -82.11127256321562 9.146165735327997 3.2
      vertex -80.86517559240902 9.865600156859571 3.2
      vertex -81.5 9.526279441628825 3.2
    endloop
  endfacet
  facet normal 0 0 1
    outer loop
      vertex -82.11127256321562 9.146165735327997 3.2
      vertex -80.20951775601598 10.162674857624154 3.2
      vertex -80.86517559240902 9.865600156859571 3.2
    endloop
  endfacet
  facet normal 0 0 1
    outer loop
      vertex -83.77817459305203 7.778174593052023 3.2
      vertex -76 11 3.2
      vertex -80.20951775601598 10.162674857624154 3.2
    endloop
  endfacet
  facet normal 0 0 1
    outer loop
      vertex -80.20951775601598 10.162674857624154 3.2
      vertex -78.84700949612773 10.62518408917975 3.2
      vertex -79.53583411833478 10.416231424446163 3.2
    endloop
  endfacet
  facet normal 0 0 1
    outer loop
      vertex -80.20951775601598 10.162674857624154 3.2
      vertex -78.14599354217741 10.788638084435535 3.2
      vertex -78.84700949612773 10.62518408917975 3.2
    endloop
  endfacet
  facet normal 0 0 1
    outer loop
      vertex -80.20951775601598 10.162674857624154 3.2
      vertex -76 11 3.2
      vertex -78.14599354217741 10.788638084435535 3.2
    endloop
  endfacet
  facet normal 0 0 1
    outer loop
      vertex -78.14599354217741 10.788638084435535 3.2
      vertex -76.71943442153157 10.976448155624638 3.2
      vertex -77.43578811442056 10.905893475111915 3.2
    endloop
  endfacet
  facet normal 0 0 1
    outer loop
      vertex -78.14599354217741 10.788638084435535 3.2
      vertex -76 11 3.2
      vertex -76.71943442153157 10.976448155624638 3.2
    endloop
  endfacet
  facet normal 0 0 1
    outer loop
      vertex -76 11 3.2
      vertex -76 7.4 3.2
      vertex -75.51601684369695 7.3841560319656665 3.2
    endloop
  endfacet
  facet normal 0 0 1
    outer loop
      vertex -68.6 0 3.2
      vertex 68.61584396803434 0.48398315630305866 3.2
      vertex -68.61584396803434 0.48398315630305866 3.2
    endloop
  endfacet
  facet normal 0 0 1
    outer loop
      vertex -68.61584396803434 0.48398315630305866 3.2
      vertex 68.6633080258338 0.9658938224283817 3.2
      vertex -68.6633080258338 0.9658938224283817 3.2
    endloop
  endfacet
  facet normal 0 0 1
    outer loop
      vertex 68.7421889250161 1.443668382919349 3.2
      vertex -68.7421889250161 1.443668382919349 3.2
      vertex -68.6633080258338 0.9658938224283817 3.2
    endloop
  endfacet
  facet normal 0 0 1
    outer loop
      vertex 68.7421889250161 1.443668382919349 3.2
      vertex -68.85214888546089 1.9152609337586535 3.2
      vertex -68.7421889250161 1.443668382919349 3.2
    endloop
  endfacet
  facet normal 0 0 1
    outer loop
      vertex 68.7421889250161 1.443668382919349 3.2
      vertex -68.99271704173621 2.3786520432433957 3.2
      vertex -68.85214888546089 1.9152609337586535 3.2
    endloop
  endfacet
  facet normal 0 0 1
    outer loop
      vertex 68.7421889250161 1.443668382919349 3.2
      vertex -69.16329145941648 2.8318573995016645 3.2
      vertex -68.99271704173621 2.3786520432433957 3.2
    endloop
  endfacet
  facet normal 0 0 1
    outer loop
      vertex 68.7421889250161 1.443668382919349 3.2
      vertex -69.3631417126581 3.27293630762061 3.2
      vertex -69.16329145941648 2.8318573995016645 3.2
    endloop
  endfacet
  facet normal 0 0 1
    outer loop
      vertex 68.7421889250161 1.443668382919349 3.2
      vertex -69.59141201199516 3.7 3.2
      vertex -69.3631417126581 3.27293630762061 3.2
    endloop
  endfacet
  facet normal 0 0 1
    outer loop
      vertex 68.7421889250161 1.443668382919349 3.2
      vertex -69.84712486896116 4.111219724345056 3.2
      vertex -69.59141201199516 3.7 3.2
    endloop
  endfacet
  facet normal 0 0 1
    outer loop
      vertex 68.7421889250161 1.443668382919349 3.2
      vertex -70.12918528184485 4.504834574664533 3.2
      vertex -69.84712486896116 4.111219724345056 3.2
    endloop
  endfacet
  facet normal 0 0 1
    outer loop
      vertex 68.7421889250161 1.443668382919349 3.2
      vertex -70.43638542465557 4.879159031740509 3.2
      vertex -70.12918528184485 4.504834574664533 3.2
    endloop
  endfacet
  facet normal 0 0 1
    outer loop
      vertex 68.7421889250161 1.443668382919349 3.2
      vertex -70.76740981921955 5.232590180780452 3.2
      vertex -70.43638542465557 4.879159031740509 3.2
    endloop
  endfacet
  facet normal 0 0 1
    outer loop
      vertex 68.7421889250161 1.443668382919349 3.2
      vertex -71.12084096825949 5.563614575344433 3.2
      vertex -70.76740981921955 5.232590180780452 3.2
    endloop
  endfacet
  facet normal 0 0 1
    outer loop
      vertex 68.7421889250161 1.443668382919349 3.2
      vertex -75.51601684369695 7.3841560319656665 3.2
      vertex -75.03410617757162 7.336691974166198 3.2
    endloop
  endfacet
  facet normal 0 0 1
    outer loop
      vertex 68.7421889250161 1.443668382919349 3.2
      vertex -71.49516542533547 5.870814718155141 3.2
      vertex -71.12084096825949 5.563614575344433 3.2
    endloop
  endfacet
  facet normal 0 0 1
    outer loop
      vertex 68.7421889250161 1.443668382919349 3.2
      vertex -71.88878027565494 6.152875131038835 3.2
      vertex -71.49516542533547 5.870814718155141 3.2
    endloop
  endfacet
  facet normal 0 0 1
    outer loop
      vertex 68.7421889250161 1.443668382919349 3.2
      vertex -72.3 6.408587988004846 3.2
      vertex -71.88878027565494 6.152875131038835 3.2
    endloop
  endfacet
  facet normal 0 0 1
    outer loop
      vertex 68.7421889250161 1.443668382919349 3.2
      vertex -73.62134795675661 7.007282958263782 3.2
      vertex -73.16814260049834 6.836708540583523 3.2
    endloop
  endfacet
  facet normal 0 0 1
    outer loop
      vertex 68.7421889250161 1.443668382919349 3.2
      vertex -72.72706369237939 6.6368582873418935 3.2
      vertex -72.3 6.408587988004846 3.2
    endloop
  endfacet
  facet normal 0 0 1
    outer loop
      vertex 68.7421889250161 1.443668382919349 3.2
      vertex -73.16814260049834 6.836708540583523 3.2
      vertex -72.72706369237939 6.6368582873418935 3.2
    endloop
  endfacet
  facet normal 0 0 1
    outer loop
      vertex 68.7421889250161 1.443668382919349 3.2
      vertex -74.55633161708064 7.2578110749839055 3.2
      vertex -74.08473906624134 7.1478511145391055 3.2
    endloop
  endfacet
  facet normal 0 0 1
    outer loop
      vertex 68.7421889250161 1.443668382919349 3.2
      vertex -74.08473906624134 7.1478511145391055 3.2
      vertex -73.62134795675661 7.007282958263782 3.2
    endloop
  endfacet
  facet normal 0 0 1
    outer loop
      vertex 68.7421889250161 1.443668382919349 3.2
      vertex -75.03410617757162 7.336691974166198 3.2
      vertex -74.55633161708064 7.2578110749839055 3.2
    endloop
  endfacet
  facet normal 0 1 0
    outer loop
      vertex -76 11 0
      vertex -76 11 3.2
      vertex 76 11 3.2
    endloop
  endfacet
  facet normal 0 0 1
    outer loop
      vertex -76 11 3.2
      vertex -75.51601684369695 7.3841560319656665 3.2
      vertex 68.7421889250161 1.443668382919349 3.2
    endloop
  endfacet
  facet normal 0 0 -1
    outer loop
      vertex -76 -11 0
      vertex 70.43638542465557 -4.879159031740509 0
      vertex 70.76740981921955 -5.232590180780452 0
    endloop
  endfacet
  facet normal 0 0 -1
    outer loop
      vertex -76 -11 0
      vertex 70.12918528184485 -4.504834574664533 0
      vertex 70.43638542465557 -4.879159031740509 0
    endloop
  endfacet
  facet normal 0 0 -1
    outer loop
      vertex -76 -11 0
      vertex 69.84712486896116 -4.111219724345056 0
      vertex 70.12918528184485 -4.504834574664533 0
    endloop
  endfacet
  facet normal 0 0 -1
    outer loop
      vertex -76 -11 0
      vertex 69.59141201199516 -3.7 0
      vertex 69.84712486896116 -4.111219724345056 0
    endloop
  endfacet
  facet normal 0 0 -1
    outer loop
      vertex -76 -11 0
      vertex 69.3631417126581 -3.27293630762061 0
      vertex 69.59141201199516 -3.7 0
    endloop
  endfacet
  facet normal 0 0 -1
    outer loop
      vertex -76 -11 0
      vertex 69.16329145941648 -2.8318573995016645 0
      vertex 69.3631417126581 -3.27293630762061 0
    endloop
  endfacet
  facet normal 0 0 -1
    outer loop
      vertex -76 -11 0
      vertex 76.71943442153157 -10.976448155624638 0
      vertex 76 -11 0
    endloop
  endfacet
  facet normal 0 0 -1
    outer loop
      vertex -76 -11 0
      vertex 72.3 -6.408587988004846 0
      vertex 76.71943442153157 -10.976448155624638 0
    endloop
  endfacet
  facet normal 0 0 -1
    outer loop
      vertex -76 -11 0
      vertex 71.88878027565494 -6.152875131038835 0
      vertex 72.3 -6.408587988004846 0
    endloop
  endfacet
  facet normal 0 0 -1
    outer loop
      vertex -76 -11 0
      vertex 71.49516542533547 -5.870814718155141 0
      vertex 71.88878027565494 -6.152875131038835 0
    endloop
  endfacet
  facet normal 0 0 -1
    outer loop
      vertex -76 -11 0
      vertex 71.12084096825949 -5.563614575344433 0
      vertex 71.49516542533547 -5.870814718155141 0
    endloop
  endfacet
  facet normal 0 0 -1
    outer loop
      vertex -76 -11 0
      vertex 70.76740981921955 -5.232590180780452 0
      vertex 71.12084096825949 -5.563614575344433 0
    endloop
  endfacet
  facet normal 0 -1 0
    outer loop
      vertex -76 -11 0
      vertex 76 -11 0
      vertex 76 -11 3.2
    endloop
  endfacet
  facet normal 0 0 -1
    outer loop
      vertex -76 -11 0
      vertex 68.99271704173621 -2.3786520432433957 0
      vertex 69.16329145941648 -2.8318573995016645 0
    endloop
  endfacet
  facet normal 0 0 -1
    outer loop
      vertex -76 -11 0
      vertex 68.85214888546089 -1.9152609337586535 0
      vertex 68.99271704173621 -2.3786520432433957 0
    endloop
  endfacet
  facet normal 0 0 -1
    outer loop
      vertex -76 -11 0
      vertex 68.7421889250161 -1.443668382919349 0
      vertex 68.85214888546089 -1.9152609337586535 0
    endloop
  endfacet
  facet normal 0 0 -1
    outer loop
      vertex 68.7421889250161 -1.443668382919349 0
      vertex -68.6633080258338 -0.9658938224283817 0
      vertex 68.6633080258338 -0.9658938224283817 0
    endloop
  endfacet
  facet normal 0 0 -1
    outer loop
      vertex -68.61584396803434 -0.48398315630305866 0
      vertex 68.61584396803434 -0.48398315630305866 0
      vertex 68.6633080258338 -0.9658938224283817 0
    endloop
  endfacet
  facet normal 0 0 -1
    outer loop
      vertex -68.6 0 0
      vertex 68.6 0 0
      vertex 68.61584396803434 -0.48398315630305866 0
    endloop
  endfacet
  facet normal 0 0 -1
    outer loop
      vertex 76.71943442153157 -10.976448155624638 0
      vertex 73.16814260049834 -6.836708540583523 0
      vertex 73.62134795675661 -7.007282958263782 0
    endloop
  endfacet
  facet normal 0 0 -1
    outer loop
      vertex 76.71943442153157 -10.976448155624638 0
      vertex 74.55633161708064 -7.2578110749839055 0
      vertex 75.03410617757162 -7.336691974166198 0
    endloop
  endfacet
  facet normal 0 0 -1
    outer loop
      vertex 76.71943442153157 -10.976448155624638 0
      vertex 74.08473906624134 -7.1478511145391055 0
      vertex 74.55633161708064 -7.2578110749839055 0
    endloop
  endfacet
  facet normal 0 0 -1
    outer loop
      vertex 76.71943442153157 -10.976448155624638 0
      vertex 75.03410617757162 -7.336691974166198 0
      vertex 75.51601684369695 -7.3841560319656665 0
    endloop
  endfacet
  facet normal 0 0 -1
    outer loop
      vertex 76.71943442153157 -10.976448155624638 0
      vertex 75.51601684369695 -7.3841560319656665 0
      vertex 76 -7.4 0
    endloop
  endfacet
  facet normal 0 0 -1
    outer loop
      vertex 76.71943442153157 -10.976448155624638 0
      vertex 73.62134795675661 -7.007282958263782 0
      vertex 74.08473906624134 -7.1478511145391055 0
    endloop
  endfacet
  facet normal 0 0 -1
    outer loop
      vertex 76.71943442153157 -10.976448155624638 0
      vertex 78.14599354217741 -10.788638084435535 0
      vertex 77.43578811442056 -10.905893475111915 0
    endloop
  endfacet
  facet normal 0 0 -1
    outer loop
      vertex 76.71943442153157 -10.976448155624638 0
      vertex 80.20951775601598 -10.162674857624154 0
      vertex 78.14599354217741 -10.788638084435535 0
    endloop
  endfacet
  facet normal 0 0 -1
    outer loop
      vertex 78.14599354217741 -10.788638084435535 0
      vertex 80.20951775601598 -10.162674857624154 0
      vertex 78.84700949612773 -10.62518408917975 0
    endloop
  endfacet
  facet normal 0 0 -1
    outer loop
      vertex 78.84700949612773 -10.62518408917975 0
      vertex 80.20951775601598 -10.162674857624154 0
      vertex 79.53583411833478 -10.416231424446163 0
    endloop
  endfacet
  facet normal 0 0 -1
    outer loop
      vertex 76.71943442153157 -10.976448155624638 0
      vertex 83.77817459305203 -7.778174593052023 0
      vertex 80.20951775601598 -10.162674857624154 0
    endloop
  endfacet
  facet normal 0 0 -1
    outer loop
      vertex 80.20951775601598 -10.162674857624154 0
      vertex 82.11127256321562 -9.146165735327997 0
      vertex 80.86517559240902 -9.865600156859571 0
    endloop
  endfacet
  facet normal 0 0 -1
    outer loop
      vertex 80.86517559240902 -9.865600156859571 0
      vertex 82.11127256321562 -9.146165735327997 0
      vertex 81.5 -9.526279441628825 0
    endloop
  endfacet
  facet normal 0 0 -1
    outer loop
      vertex 76.71943442153157 -10.976448155624638 0
      vertex 76 -7.4 0
      vertex 76.48398315630305 -7.3841560319656665 0
    endloop
  endfacet
  facet normal 0 0 -1
    outer loop
      vertex 76.71943442153157 -10.976448155624638 0
      vertex 76.48398315630305 -7.3841560319656665 0
      vertex 76.96589382242838 -7.336691974166198 0
    endloop
  endfacet
  facet normal 0 0 -1
    outer loop
      vertex 76.71943442153157 -10.976448155624638 0
      vertex 76.96589382242838 -7.336691974166198 0
      vertex 77.44366838291936 -7.2578110749839055 0
    endloop
  endfacet
  facet normal 0 0 -1
    outer loop
      vertex 76.71943442153157 -10.976448155624638 0
      vertex 77.44366838291936 -7.2578110749839055 0
      vertex 77.91526093375866 -7.1478511145391055 0
    endloop
  endfacet
  facet normal 0 0 -1
    outer loop
      vertex 76.71943442153157 -10.976448155624638 0
      vertex 77.91526093375866 -7.1478511145391055 0
      vertex 78.37865204324339 -7.007282958263782 0
    endloop
  endfacet
  facet normal 0 0 -1
    outer loop
      vertex 76.71943442153157 -10.976448155624638 0
      vertex 78.37865204324339 -7.007282958263782 0
      vertex 78.83185739950166 -6.836708540583523 0
    endloop
  endfacet
  facet normal 0 0 -1
    outer loop
      vertex 80.20951775601598 -10.162674857624154 0
      vertex 83.77817459305203 -7.778174593052023 0
      vertex 82.11127256321562 -9.146165735327997 0
    endloop
  endfacet
  facet normal 0 0 -1
    outer loop
      vertex 82.11127256321562 -9.146165735327997 0
      vertex 83.77817459305203 -7.778174593052023 0
      vertex 82.69637571909593 -8.726886743203586 0
    endloop
  endfacet
  facet normal 0 0 -1
    outer loop
      vertex 82.69637571909593 -8.726886743203586 0
      vertex 83.77817459305203 -7.778174593052023 0
      vertex 83.25280396610076 -8.270237882268752 0
    endloop
  endfacet
  facet normal 0 0 -1
    outer loop
      vertex 76.71943442153157 -10.976448155624638 0
      vertex 72.72706369237939 -6.6368582873418935 0
      vertex 73.16814260049834 -6.836708540583523 0
    endloop
  endfacet
  facet normal 0 0 -1
    outer loop
      vertex 76.71943442153157 -10.976448155624638 0
      vertex 72.3 -6.408587988004846 0
      vertex 72.72706369237939 -6.6368582873418935 0
    endloop
  endfacet
  facet normal 0 0 -1
    outer loop
      vertex 76.71943442153157 -10.976448155624638 0
      vertex 78.83185739950166 -6.836708540583523 0
      vertex 79.27293630762061 -6.6368582873418935 0
    endloop
  endfacet
  facet normal 0 0 -1
    outer loop
      vertex 76.71943442153157 -10.976448155624638 0
      vertex 79.27293630762061 -6.6368582873418935 0
      vertex 79.7 -6.408587988004846 0
    endloop
  endfacet
  facet normal 0 0 -1
    outer loop
      vertex 76.71943442153157 -10.976448155624638 0
      vertex 79.7 -6.408587988004846 0
      vertex 80.11121972434506 -6.152875131038835 0
    endloop
  endfacet
  facet normal 0 0 -1
    outer loop
      vertex 76.71943442153157 -10.976448155624638 0
      vertex 80.11121972434506 -6.152875131038835 0
      vertex 80.50483457466453 -5.870814718155141 0
    endloop
  endfacet
  facet normal 0 0 -1
    outer loop
      vertex 76.71943442153157 -10.976448155624638 0
      vertex 80.50483457466453 -5.870814718155141 0
      vertex 80.87915903174051 -5.563614575344433 0
    endloop
  endfacet
  facet normal 0 0 -1
    outer loop
      vertex 83.77817459305203 -7.778174593052023 0
      vertex 85.146165735328 -6.111272563215624 0
      vertex 84.27023788226876 -7.252803966100757 0
    endloop
  endfacet
  facet normal 0 0 -1
    outer loop
      vertex 76.71943442153157 -10.976448155624638 0
      vertex 80.87915903174051 -5.563614575344433 0
      vertex 87 0 0
    endloop
  endfacet
  facet normal 0 0 -1
    outer loop
      vertex 76.71943442153157 -10.976448155624638 0
      vertex 87 0 0
      vertex 83.77817459305203 -7.778174593052023 0
    endloop
  endfacet
  facet normal 0 0 -1
    outer loop
      vertex 84.27023788226876 -7.252803966100757 0
      vertex 85.146165735328 -6.111272563215624 0
      vertex 84.72688674320358 -6.696375719095927 0
    endloop
  endfacet
  facet normal 0 0 -1
    outer loop
      vertex 83.77817459305203 -7.778174593052023 0
      vertex 86.16267485762415 -4.2095177560159875 0
      vertex 85.146165735328 -6.111272563215624 0
    endloop
  endfacet
  facet normal 0.03271908282177687 -0.9994645874763657 0
    outer loop
      vertex 76 -11 0
      vertex 76.71943442153157 -10.976448155624638 0
      vertex 76 -11 3.2
    endloop
  endfacet
  facet normal 0.09801714032956019 -0.9951847266721969 0
    outer loop
      vertex 76.71943442153157 -10.976448155624638 0
      vertex 77.43578811442056 -10.905893475111915 0
      vertex 77.43578811442056 -10.905893475111915 3.2
    endloop
  endfacet
  facet normal 0.16289547339458887 -0.9866433320848791 0
    outer loop
      vertex 77.43578811442056 -10.905893475111915 0
      vertex 78.14599354217741 -10.788638084435535 0
      vertex 77.43578811442056 -10.905893475111915 3.2
    endloop
  endfacet
  facet normal 0.22707626303437345 -0.9738769792773335 0
    outer loop
      vertex 78.14599354217741 -10.788638084435535 0
      vertex 78.84700949612773 -10.62518408917975 0
      vertex 78.84700949612773 -10.62518408917975 3.2
    endloop
  endfacet
  facet normal 0.2902846772544598 -0.9569403357322096 0
    outer loop
      vertex 78.84700949612773 -10.62518408917975 0
      vertex 79.53583411833478 -10.416231424446163 0
      vertex 79.53583411833478 -10.416231424446163 3.2
    endloop
  endfacet
  facet normal 0.3522500479212363 -0.9359059267573246 0
    outer loop
      vertex 79.53583411833478 -10.416231424446163 0
      vertex 80.20951775601598 -10.162674857624154 0
      vertex 79.53583411833478 -10.416231424446163 3.2
    endloop
  endfacet
  facet normal 0.4127070298043911 -0.9108638249211775 0
    outer loop
      vertex 80.20951775601598 -10.162674857624154 0
      vertex 80.86517559240902 -9.865600156859571 0
      vertex 80.86517559240902 -9.865600156859571 3.2
    endloop
  endfacet
  facet normal 0.4713967368259995 -0.8819212643483542 0
    outer loop
      vertex 80.86517559240902 -9.865600156859571 0
      vertex 81.5 -9.526279441628825 0
      vertex 81.5 -9.526279441628825 3.2
    endloop
  endfacet
  facet normal 0.5280678506503698 -0.8492021815265778 0
    outer loop
      vertex 81.5 -9.526279441628825 0
      vertex 82.11127256321562 -9.146165735327997 0
      vertex 81.5 -9.526279441628825 3.2
    endloop
  endfacet
  facet normal 0.5824776968678015 -0.8128466845916157 0
    outer loop
      vertex 82.11127256321562 -9.146165735327997 0
      vertex 82.69637571909593 -8.726886743203586 0
      vertex 82.69637571909593 -8.726886743203586 3.2
    endloop
  endfacet
  facet normal 0.6343932841636439 -0.7730104533627384 0
    outer loop
      vertex 82.69637571909593 -8.726886743203586 0
      vertex 83.25280396610076 -8.270237882268752 0
      vertex 83.25280396610076 -8.270237882268752 3.2
    endloop
  endfacet
  facet normal 0.6835923020228667 -0.7298640726978399 0
    outer loop
      vertex 83.25280396610076 -8.270237882268752 0
      vertex 83.77817459305203 -7.778174593052023 0
      vertex 83.25280396610076 -8.270237882268752 3.2
    endloop
  endfacet
  facet normal 0.7298640726978353 -0.6835923020228717 0
    outer loop
      vertex 83.77817459305203 -7.778174593052023 0
      vertex 84.27023788226876 -7.252803966100757 0
      vertex 84.27023788226876 -7.252803966100757 3.2
    endloop
  endfacet
  facet normal 0.773010453362747 -0.6343932841636333 0
    outer loop
      vertex 84.27023788226876 -7.252803966100757 0
      vertex 84.72688674320358 -6.696375719095927 0
      vertex 84.72688674320358 -6.696375719095927 3.2
    endloop
  endfacet
  facet normal 0.8128466845916107 -0.5824776968678086 0
    outer loop
      vertex 84.72688674320358 -6.696375719095927 0
      vertex 85.146165735328 -6.111272563215624 0
      vertex 84.72688674320358 -6.696375719095927 3.2
    endloop
  endfacet
  facet normal 0.8492021815265755 -0.5280678506503734 0
    outer loop
      vertex 85.146165735328 -6.111272563215624 0
      vertex 85.52627944162883 -5.5 0
      vertex 85.52627944162883 -5.5 3.2
    endloop
  endfacet
  facet normal 0 0 -1
    outer loop
      vertex 85.146165735328 -6.111272563215624 0
      vertex 86.16267485762415 -4.2095177560159875 0
      vertex 85.52627944162883 -5.5 0
    endloop
  endfacet
  facet normal 0 0 -1
    outer loop
      vertex 85.52627944162883 -5.5 0
      vertex 86.16267485762415 -4.2095177560159875 0
      vertex 85.86560015685957 -4.865175592409014 0
    endloop
  endfacet
  facet normal 0 0 -1
    outer loop
      vertex 87 0 0
      vertex 80.87915903174051 -5.563614575344433 0
      vertex 81.23259018078045 -5.232590180780452 0
    endloop
  endfacet
  facet normal 0 0 -1
    outer loop
      vertex 83.77817459305203 -7.778174593052023 0
      vertex 87 0 0
      vertex 86.16267485762415 -4.2095177560159875 0
    endloop
  endfacet
  facet normal 0 0 -1
    outer loop
      vertex 87 0 0
      vertex 81.23259018078045 -5.232590180780452 0
      vertex 81.56361457534443 -4.879159031740509 0
    endloop
  endfacet
  facet normal 0 0 -1
    outer loop
      vertex 87 0 0
      vertex 81.56361457534443 -4.879159031740509 0
      vertex 81.87081471815515 -4.504834574664533 0
    endloop
  endfacet
  facet normal 0 0 -1
    outer loop
      vertex 87 0 0
      vertex 81.87081471815515 -4.504834574664533 0
      vertex 82.15287513103884 -4.111219724345056 0
    endloop
  endfacet
  facet normal 0 0 -1
    outer loop
      vertex 86.16267485762415 -4.2095177560159875 0
      vertex 86.78863808443553 -2.145993542177411 0
      vertex 86.41623142444617 -3.5358341183347775 0
    endloop
  endfacet
  facet normal 0 0 -1
    outer loop
      vertex 86.41623142444617 -3.5358341183347775 0
      vertex 86.78863808443553 -2.145993542177411 0
      vertex 86.62518408917975 -2.847009496127728 0
    endloop
  endfacet
  facet normal 0 0 -1
    outer loop
      vertex 87 0 0
      vertex 82.15287513103884 -4.111219724345056 0
      vertex 82.40858798800484 -3.7 0
    endloop
  endfacet
  facet normal 0 0 -1
    outer loop
      vertex 87 0 0
      vertex 82.40858798800484 -3.7 0
      vertex 82.6368582873419 -3.27293630762061 0
    endloop
  endfacet
  facet normal 0 0 -1
    outer loop
      vertex 86.16267485762415 -4.2095177560159875 0
      vertex 87 0 0
      vertex 86.78863808443553 -2.145993542177411 0
    endloop
  endfacet
  facet normal 0 0 -1
    outer loop
      vertex 87 0 0
      vertex 82.6368582873419 -3.27293630762061 0
      vertex 82.83670854058352 -2.8318573995016645 0
    endloop
  endfacet
  facet normal 0 0 -1
    outer loop
      vertex 87 0 0
      vertex 82.83670854058352 -2.8318573995016645 0
      vertex 83.00728295826379 -2.3786520432433957 0
    endloop
  endfacet
  facet normal 0 0 -1
    outer loop
      vertex 87 0 0
      vertex 83.00728295826379 -2.3786520432433957 0
      vertex 83.14785111453911 -1.9152609337586535 0
    endloop
  endfacet
  facet normal 0 0 -1
    outer loop
      vertex 87 0 0
      vertex 83.14785111453911 -1.9152609337586535 0
      vertex 83.2578110749839 -1.443668382919349 0
    endloop
  endfacet
  facet normal 0 0 -1
    outer loop
      vertex 86.78863808443553 -2.145993542177411 0
      vertex 87 0 0
      vertex 86.90589347511191 -1.4357881144205673 0
    endloop
  endfacet
  facet normal 0 0 -1
    outer loop
      vertex 87 0 0
      vertex 83.2578110749839 -1.443668382919349 0
      vertex 83.3366919741662 -0.9658938224283817 0
    endloop
  endfacet
  facet normal 0 0 -1
    outer loop
      vertex 86.90589347511191 -1.4357881144205673 0
      vertex 87 0 0
      vertex 86.97644815562464 -0.7194344215315737 0
    endloop
  endfacet
  facet normal 0 0 -1
    outer loop
      vertex 87 0 0
      vertex 83.3366919741662 -0.9658938224283817 0
      vertex 83.38415603196566 -0.48398315630305866 0
    endloop
  endfacet
  facet normal 0 0 -1
    outer loop
      vertex 87 0 0
      vertex 83.38415603196566 -0.48398315630305866 0
      vertex 83.4 0 0
    endloop
  endfacet
  facet normal 0.8819212643483579 -0.47139673682599215 0
    outer loop
      vertex 85.52627944162883 -5.5 0
      vertex 85.86560015685957 -4.865175592409014 0
      vertex 85.86560015685957 -4.865175592409014 3.2
    endloop
  endfacet
  facet normal 0.9108638249211759 -0.4127070298043944 0
    outer loop
      vertex 85.86560015685957 -4.865175592409014 0
      vertex 86.16267485762415 -4.2095177560159875 0
      vertex 85.86560015685957 -4.865175592409014 3.2
    endloop
  endfacet
  facet normal 0.9359059267573234 -0.3522500479212396 0
    outer loop
      vertex 86.16267485762415 -4.2095177560159875 0
      vertex 86.41623142444617 -3.5358341183347775 0
      vertex 86.41623142444617 -3.5358341183347775 3.2
    endloop
  endfacet
  facet normal 0.9569403357322095 -0.29028467725446033 0
    outer loop
      vertex 86.41623142444617 -3.5358341183347775 0
      vertex 86.62518408917975 -2.847009496127728 0
      vertex 86.62518408917975 -2.847009496127728 3.2
    endloop
  endfacet
  facet normal 0.9738769792773352 -0.22707626303436662 0
    outer loop
      vertex 86.62518408917975 -2.847009496127728 0
      vertex 86.78863808443553 -2.145993542177411 0
      vertex 86.62518408917975 -2.847009496127728 3.2
    endloop
  endfacet
  facet normal 0.9866433320848795 -0.1628954733945848 0
    outer loop
      vertex 86.78863808443553 -2.145993542177411 0
      vertex 86.90589347511191 -1.4357881144205673 0
      vertex 86.90589347511191 -1.4357881144205673 3.2
    endloop
  endfacet
  facet normal 0.9951847266721962 -0.09801714032956658 0
    outer loop
      vertex 86.90589347511191 -1.4357881144205673 0
      vertex 86.97644815562464 -0.7194344215315737 0
      vertex 86.97644815562464 -0.7194344215315737 3.2
    endloop
  endfacet
  facet normal 0.9994645874763657 -0.03271908282177688 0
    outer loop
      vertex 86.97644815562464 -0.7194344215315737 0
      vertex 87 0 0
      vertex 86.97644815562464 -0.7194344215315737 3.2
    endloop
  endfacet
  facet normal 0 0 1
    outer loop
      vertex -76 -11 3.2
      vertex 70.76740981921955 -5.232590180780452 3.2
      vertex 70.43638542465557 -4.879159031740509 3.2
    endloop
  endfacet
  facet normal 0 0 1
    outer loop
      vertex -76 -11 3.2
      vertex 70.43638542465557 -4.879159031740509 3.2
      vertex 70.12918528184485 -4.504834574664533 3.2
    endloop
  endfacet
  facet normal 0 0 1
    outer loop
      vertex -76 -11 3.2
      vertex 70.12918528184485 -4.504834574664533 3.2
      vertex 69.84712486896116 -4.111219724345056 3.2
    endloop
  endfacet
  facet normal 0 0 1
    outer loop
      vertex -76 -11 3.2
      vertex 69.84712486896116 -4.111219724345056 3.2
      vertex 69.59141201199516 -3.7 3.2
    endloop
  endfacet
  facet normal 0 0 1
    outer loop
      vertex -76 -11 3.2
      vertex 69.59141201199516 -3.7 3.2
      vertex 69.3631417126581 -3.27293630762061 3.2
    endloop
  endfacet
  facet normal 0 0 1
    outer loop
      vertex -76 -11 3.2
      vertex 69.3631417126581 -3.27293630762061 3.2
      vertex 69.16329145941648 -2.8318573995016645 3.2
    endloop
  endfacet
  facet normal 0 0 1
    outer loop
      vertex -76 -11 3.2
      vertex 76 -11 3.2
      vertex 76.71943442153157 -10.976448155624638 3.2
    endloop
  endfacet
  facet normal 0 0 1
    outer loop
      vertex -76 -11 3.2
      vertex 76.71943442153157 -10.976448155624638 3.2
      vertex 71.88878027565494 -6.152875131038835 3.2
    endloop
  endfacet
  facet normal 0 0 1
    outer loop
      vertex -76 -11 3.2
      vertex 71.88878027565494 -6.152875131038835 3.2
      vertex 71.49516542533547 -5.870814718155141 3.2
    endloop
  endfacet
  facet normal 0 0 1
    outer loop
      vertex -76 -11 3.2
      vertex 71.49516542533547 -5.870814718155141 3.2
      vertex 71.12084096825949 -5.563614575344433 3.2
    endloop
  endfacet
  facet normal 0 0 1
    outer loop
      vertex -76 -11 3.2
      vertex 71.12084096825949 -5.563614575344433 3.2
      vertex 70.76740981921955 -5.232590180780452 3.2
    endloop
  endfacet
  facet normal 0 0 1
    outer loop
      vertex -76 -11 3.2
      vertex 69.16329145941648 -2.8318573995016645 3.2
      vertex 68.99271704173621 -2.3786520432433957 3.2
    endloop
  endfacet
  facet normal 0 0 1
    outer loop
      vertex -76 -11 3.2
      vertex 68.99271704173621 -2.3786520432433957 3.2
      vertex 68.85214888546089 -1.9152609337586535 3.2
    endloop
  endfacet
  facet normal 0 0 1
    outer loop
      vertex -76 -11 3.2
      vertex 68.85214888546089 -1.9152609337586535 3.2
      vertex 68.7421889250161 -1.443668382919349 3.2
    endloop
  endfacet
  facet normal 0 0 1
    outer loop
      vertex -76 -11 3.2
      vertex 68.7421889250161 -1.443668382919349 3.2
      vertex 68.6633080258338 -0.9658938224283817 3.2
    endloop
  endfacet
  facet normal 0 0 1
    outer loop
      vertex -68.6633080258338 -0.9658938224283817 3.2
      vertex 68.6633080258338 -0.9658938224283817 3.2
      vertex 68.61584396803434 -0.48398315630305866 3.2
    endloop
  endfacet
  facet normal 0 0 1
    outer loop
      vertex -68.61584396803434 -0.48398315630305866 3.2
      vertex 68.61584396803434 -0.48398315630305866 3.2
      vertex 68.6 0 3.2
    endloop
  endfacet
  facet normal 0.03271908282177687 -0.9994645874763657 0
    outer loop
      vertex 76.71943442153157 -10.976448155624638 0
      vertex 76.71943442153157 -10.976448155624638 3.2
      vertex 76 -11 3.2
    endloop
  endfacet
  facet normal 0.09801714032956019 -0.9951847266721969 0
    outer loop
      vertex 76.71943442153157 -10.976448155624638 0
      vertex 77.43578811442056 -10.905893475111915 3.2
      vertex 76.71943442153157 -10.976448155624638 3.2
    endloop
  endfacet
  facet normal 0.16289547339458887 -0.9866433320848791 0
    outer loop
      vertex 78.14599354217741 -10.788638084435535 0
      vertex 78.14599354217741 -10.788638084435535 3.2
      vertex 77.43578811442056 -10.905893475111915 3.2
    endloop
  endfacet
  facet normal 0.22707626303437345 -0.9738769792773335 0
    outer loop
      vertex 78.14599354217741 -10.788638084435535 0
      vertex 78.84700949612773 -10.62518408917975 3.2
      vertex 78.14599354217741 -10.788638084435535 3.2
    endloop
  endfacet
  facet normal 0.2902846772544598 -0.9569403357322096 0
    outer loop
      vertex 78.84700949612773 -10.62518408917975 0
      vertex 79.53583411833478 -10.416231424446163 3.2
      vertex 78.84700949612773 -10.62518408917975 3.2
    endloop
  endfacet
  facet normal 0.3522500479212363 -0.9359059267573246 0
    outer loop
      vertex 80.20951775601598 -10.162674857624154 0
      vertex 80.20951775601598 -10.162674857624154 3.2
      vertex 79.53583411833478 -10.416231424446163 3.2
    endloop
  endfacet
  facet normal 0.4127070298043911 -0.9108638249211775 0
    outer loop
      vertex 80.20951775601598 -10.162674857624154 0
      vertex 80.86517559240902 -9.865600156859571 3.2
      vertex 80.20951775601598 -10.162674857624154 3.2
    endloop
  endfacet
  facet normal 0.4713967368259995 -0.8819212643483542 0
    outer loop
      vertex 80.86517559240902 -9.865600156859571 0
      vertex 81.5 -9.526279441628825 3.2
      vertex 80.86517559240902 -9.865600156859571 3.2
    endloop
  endfacet
  facet normal 0.5280678506503698 -0.8492021815265778 0
    outer loop
      vertex 82.11127256321562 -9.146165735327997 0
      vertex 82.11127256321562 -9.146165735327997 3.2
      vertex 81.5 -9.526279441628825 3.2
    endloop
  endfacet
  facet normal 0.5824776968678015 -0.8128466845916157 0
    outer loop
      vertex 82.11127256321562 -9.146165735327997 0
      vertex 82.69637571909593 -8.726886743203586 3.2
      vertex 82.11127256321562 -9.146165735327997 3.2
    endloop
  endfacet
  facet normal 0.6343932841636439 -0.7730104533627384 0
    outer loop
      vertex 82.69637571909593 -8.726886743203586 0
      vertex 83.25280396610076 -8.270237882268752 3.2
      vertex 82.69637571909593 -8.726886743203586 3.2
    endloop
  endfacet
  facet normal 0.6835923020228667 -0.7298640726978399 0
    outer loop
      vertex 83.77817459305203 -7.778174593052023 0
      vertex 83.77817459305203 -7.778174593052023 3.2
      vertex 83.25280396610076 -8.270237882268752 3.2
    endloop
  endfacet
  facet normal 0.7298640726978353 -0.6835923020228717 0
    outer loop
      vertex 83.77817459305203 -7.778174593052023 0
      vertex 84.27023788226876 -7.252803966100757 3.2
      vertex 83.77817459305203 -7.778174593052023 3.2
    endloop
  endfacet
  facet normal 0.773010453362747 -0.6343932841636333 0
    outer loop
      vertex 84.27023788226876 -7.252803966100757 0
      vertex 84.72688674320358 -6.696375719095927 3.2
      vertex 84.27023788226876 -7.252803966100757 3.2
    endloop
  endfacet
  facet normal 0.8128466845916107 -0.5824776968678086 0
    outer loop
      vertex 85.146165735328 -6.111272563215624 0
      vertex 85.146165735328 -6.111272563215624 3.2
      vertex 84.72688674320358 -6.696375719095927 3.2
    endloop
  endfacet
  facet normal 0.8492021815265755 -0.5280678506503734 0
    outer loop
      vertex 85.146165735328 -6.111272563215624 0
      vertex 85.52627944162883 -5.5 3.2
      vertex 85.146165735328 -6.111272563215624 3.2
    endloop
  endfacet
  facet normal 0 0 1
    outer loop
      vertex 76.71943442153157 -10.976448155624638 3.2
      vertex 73.62134795675661 -7.007282958263782 3.2
      vertex 73.16814260049834 -6.836708540583523 3.2
    endloop
  endfacet
  facet normal 0 0 1
    outer loop
      vertex 76.71943442153157 -10.976448155624638 3.2
      vertex 75.03410617757162 -7.336691974166198 3.2
      vertex 74.55633161708064 -7.2578110749839055 3.2
    endloop
  endfacet
  facet normal 0 0 1
    outer loop
      vertex 76.71943442153157 -10.976448155624638 3.2
      vertex 74.55633161708064 -7.2578110749839055 3.2
      vertex 74.08473906624134 -7.1478511145391055 3.2
    endloop
  endfacet
  facet normal 0 0 1
    outer loop
      vertex 76.71943442153157 -10.976448155624638 3.2
      vertex 75.51601684369695 -7.3841560319656665 3.2
      vertex 75.03410617757162 -7.336691974166198 3.2
    endloop
  endfacet
  facet normal 0 0 1
    outer loop
      vertex 76.71943442153157 -10.976448155624638 3.2
      vertex 76 -7.4 3.2
      vertex 75.51601684369695 -7.3841560319656665 3.2
    endloop
  endfacet
  facet normal 0 0 1
    outer loop
      vertex 76.71943442153157 -10.976448155624638 3.2
      vertex 74.08473906624134 -7.1478511145391055 3.2
      vertex 73.62134795675661 -7.007282958263782 3.2
    endloop
  endfacet
  facet normal 0 0 1
    outer loop
      vertex 76.71943442153157 -10.976448155624638 3.2
      vertex 77.43578811442056 -10.905893475111915 3.2
      vertex 78.14599354217741 -10.788638084435535 3.2
    endloop
  endfacet
  facet normal 0 0 1
    outer loop
      vertex 76.71943442153157 -10.976448155624638 3.2
      vertex 78.14599354217741 -10.788638084435535 3.2
      vertex 80.20951775601598 -10.162674857624154 3.2
    endloop
  endfacet
  facet normal 0 0 1
    outer loop
      vertex 78.14599354217741 -10.788638084435535 3.2
      vertex 78.84700949612773 -10.62518408917975 3.2
      vertex 80.20951775601598 -10.162674857624154 3.2
    endloop
  endfacet
  facet normal 0 0 1
    outer loop
      vertex 78.84700949612773 -10.62518408917975 3.2
      vertex 79.53583411833478 -10.416231424446163 3.2
      vertex 80.20951775601598 -10.162674857624154 3.2
    endloop
  endfacet
  facet normal 0 0 1
    outer loop
      vertex 76.71943442153157 -10.976448155624638 3.2
      vertex 80.20951775601598 -10.162674857624154 3.2
      vertex 83.77817459305203 -7.778174593052023 3.2
    endloop
  endfacet
  facet normal 0 0 1
    outer loop
      vertex 80.20951775601598 -10.162674857624154 3.2
      vertex 80.86517559240902 -9.865600156859571 3.2
      vertex 82.11127256321562 -9.146165735327997 3.2
    endloop
  endfacet
  facet normal 0 0 1
    outer loop
      vertex 80.86517559240902 -9.865600156859571 3.2
      vertex 81.5 -9.526279441628825 3.2
      vertex 82.11127256321562 -9.146165735327997 3.2
    endloop
  endfacet
  facet normal 0 0 1
    outer loop
      vertex 76.71943442153157 -10.976448155624638 3.2
      vertex 76.48398315630305 -7.3841560319656665 3.2
      vertex 76 -7.4 3.2
    endloop
  endfacet
  facet normal 0 0 1
    outer loop
      vertex 76.71943442153157 -10.976448155624638 3.2
      vertex 76.96589382242838 -7.336691974166198 3.2
      vertex 76.48398315630305 -7.3841560319656665 3.2
    endloop
  endfacet
  facet normal 0 0 1
    outer loop
      vertex 76.71943442153157 -10.976448155624638 3.2
      vertex 77.44366838291936 -7.2578110749839055 3.2
      vertex 76.96589382242838 -7.336691974166198 3.2
    endloop
  endfacet
  facet normal 0 0 1
    outer loop
      vertex 76.71943442153157 -10.976448155624638 3.2
      vertex 77.91526093375866 -7.1478511145391055 3.2
      vertex 77.44366838291936 -7.2578110749839055 3.2
    endloop
  endfacet
  facet normal 0 0 1
    outer loop
      vertex 76.71943442153157 -10.976448155624638 3.2
      vertex 78.37865204324339 -7.007282958263782 3.2
      vertex 77.91526093375866 -7.1478511145391055 3.2
    endloop
  endfacet
  facet normal 0 0 1
    outer loop
      vertex 76.71943442153157 -10.976448155624638 3.2
      vertex 78.83185739950166 -6.836708540583523 3.2
      vertex 78.37865204324339 -7.007282958263782 3.2
    endloop
  endfacet
  facet normal 0 0 1
    outer loop
      vertex 80.20951775601598 -10.162674857624154 3.2
      vertex 82.11127256321562 -9.146165735327997 3.2
      vertex 83.77817459305203 -7.778174593052023 3.2
    endloop
  endfacet
  facet normal 0 0 1
    outer loop
      vertex 82.11127256321562 -9.146165735327997 3.2
      vertex 82.69637571909593 -8.726886743203586 3.2
      vertex 83.77817459305203 -7.778174593052023 3.2
    endloop
  endfacet
  facet normal 0 0 1
    outer loop
      vertex 82.69637571909593 -8.726886743203586 3.2
      vertex 83.25280396610076 -8.270237882268752 3.2
      vertex 83.77817459305203 -7.778174593052023 3.2
    endloop
  endfacet
  facet normal 0 0 1
    outer loop
      vertex 76.71943442153157 -10.976448155624638 3.2
      vertex 73.16814260049834 -6.836708540583523 3.2
      vertex 72.72706369237939 -6.6368582873418935 3.2
    endloop
  endfacet
  facet normal 0 0 1
    outer loop
      vertex 76.71943442153157 -10.976448155624638 3.2
      vertex 72.72706369237939 -6.6368582873418935 3.2
      vertex 72.3 -6.408587988004846 3.2
    endloop
  endfacet
  facet normal 0 0 1
    outer loop
      vertex 76.71943442153157 -10.976448155624638 3.2
      vertex 72.3 -6.408587988004846 3.2
      vertex 71.88878027565494 -6.152875131038835 3.2
    endloop
  endfacet
  facet normal 0 0 1
    outer loop
      vertex 76.71943442153157 -10.976448155624638 3.2
      vertex 79.27293630762061 -6.6368582873418935 3.2
      vertex 78.83185739950166 -6.836708540583523 3.2
    endloop
  endfacet
  facet normal 0 0 1
    outer loop
      vertex 76.71943442153157 -10.976448155624638 3.2
      vertex 79.7 -6.408587988004846 3.2
      vertex 79.27293630762061 -6.6368582873418935 3.2
    endloop
  endfacet
  facet normal 0 0 1
    outer loop
      vertex 76.71943442153157 -10.976448155624638 3.2
      vertex 80.11121972434506 -6.152875131038835 3.2
      vertex 79.7 -6.408587988004846 3.2
    endloop
  endfacet
  facet normal 0 0 1
    outer loop
      vertex 76.71943442153157 -10.976448155624638 3.2
      vertex 80.50483457466453 -5.870814718155141 3.2
      vertex 80.11121972434506 -6.152875131038835 3.2
    endloop
  endfacet
  facet normal 0 0 1
    outer loop
      vertex 76.71943442153157 -10.976448155624638 3.2
      vertex 80.87915903174051 -5.563614575344433 3.2
      vertex 80.50483457466453 -5.870814718155141 3.2
    endloop
  endfacet
  facet normal 0 0 1
    outer loop
      vertex 83.77817459305203 -7.778174593052023 3.2
      vertex 84.27023788226876 -7.252803966100757 3.2
      vertex 85.146165735328 -6.111272563215624 3.2
    endloop
  endfacet
  facet normal 0 0 1
    outer loop
      vertex 76.71943442153157 -10.976448155624638 3.2
      vertex 87 0 3.2
      vertex 80.87915903174051 -5.563614575344433 3.2
    endloop
  endfacet
  facet normal 0 0 1
    outer loop
      vertex 76.71943442153157 -10.976448155624638 3.2
      vertex 83.77817459305203 -7.778174593052023 3.2
      vertex 87 0 3.2
    endloop
  endfacet
  facet normal 0 0 1
    outer loop
      vertex 84.27023788226876 -7.252803966100757 3.2
      vertex 84.72688674320358 -6.696375719095927 3.2
      vertex 85.146165735328 -6.111272563215624 3.2
    endloop
  endfacet
  facet normal 0 0 1
    outer loop
      vertex 83.77817459305203 -7.778174593052023 3.2
      vertex 85.146165735328 -6.111272563215624 3.2
      vertex 86.16267485762415 -4.2095177560159875 3.2
    endloop
  endfacet
  facet normal 0.8819212643483579 -0.47139673682599215 0
    outer loop
      vertex 85.52627944162883 -5.5 0
      vertex 85.86560015685957 -4.865175592409014 3.2
      vertex 85.52627944162883 -5.5 3.2
    endloop
  endfacet
  facet normal 0.9108638249211759 -0.4127070298043944 0
    outer loop
      vertex 86.16267485762415 -4.2095177560159875 0
      vertex 86.16267485762415 -4.2095177560159875 3.2
      vertex 85.86560015685957 -4.865175592409014 3.2
    endloop
  endfacet
  facet normal 0.9359059267573234 -0.3522500479212396 0
    outer loop
      vertex 86.16267485762415 -4.2095177560159875 0
      vertex 86.41623142444617 -3.5358341183347775 3.2
      vertex 86.16267485762415 -4.2095177560159875 3.2
    endloop
  endfacet
  facet normal 0.9569403357322095 -0.29028467725446033 0
    outer loop
      vertex 86.41623142444617 -3.5358341183347775 0
      vertex 86.62518408917975 -2.847009496127728 3.2
      vertex 86.41623142444617 -3.5358341183347775 3.2
    endloop
  endfacet
  facet normal 0.9738769792773352 -0.22707626303436662 0
    outer loop
      vertex 86.78863808443553 -2.145993542177411 0
      vertex 86.78863808443553 -2.145993542177411 3.2
      vertex 86.62518408917975 -2.847009496127728 3.2
    endloop
  endfacet
  facet normal 0.9866433320848795 -0.1628954733945848 0
    outer loop
      vertex 86.78863808443553 -2.145993542177411 0
      vertex 86.90589347511191 -1.4357881144205673 3.2
      vertex 86.78863808443553 -2.145993542177411 3.2
    endloop
  endfacet
  facet normal 0.9951847266721962 -0.09801714032956658 0
    outer loop
      vertex 86.90589347511191 -1.4357881144205673 0
      vertex 86.97644815562464 -0.7194344215315737 3.2
      vertex 86.90589347511191 -1.4357881144205673 3.2
    endloop
  endfacet
  facet normal 0.9994645874763657 -0.03271908282177688 0
    outer loop
      vertex 86.97644815562464 -0.7194344215315737 3.2
      vertex 87 0 0
      vertex 87 0 3.2
    endloop
  endfacet
  facet normal 0 0 1
    outer loop
      vertex 85.146165735328 -6.111272563215624 3.2
      vertex 85.52627944162883 -5.5 3.2
      vertex 86.16267485762415 -4.2095177560159875 3.2
    endloop
  endfacet
  facet normal 0 0 1
    outer loop
      vertex 85.52627944162883 -5.5 3.2
      vertex 85.86560015685957 -4.865175592409014 3.2
      vertex 86.16267485762415 -4.2095177560159875 3.2
    endloop
  endfacet
  facet normal 0 0 1
    outer loop
      vertex 87 0 3.2
      vertex 81.23259018078045 -5.232590180780452 3.2
      vertex 80.87915903174051 -5.563614575344433 3.2
    endloop
  endfacet
  facet normal 0 0 1
    outer loop
      vertex 83.77817459305203 -7.778174593052023 3.2
      vertex 86.16267485762415 -4.2095177560159875 3.2
      vertex 87 0 3.2
    endloop
  endfacet
  facet normal 0 0 1
    outer loop
      vertex 87 0 3.2
      vertex 81.56361457534443 -4.879159031740509 3.2
      vertex 81.23259018078045 -5.232590180780452 3.2
    endloop
  endfacet
  facet normal 0 0 1
    outer loop
      vertex 87 0 3.2
      vertex 81.87081471815515 -4.504834574664533 3.2
      vertex 81.56361457534443 -4.879159031740509 3.2
    endloop
  endfacet
  facet normal 0 0 1
    outer loop
      vertex 87 0 3.2
      vertex 82.15287513103884 -4.111219724345056 3.2
      vertex 81.87081471815515 -4.504834574664533 3.2
    endloop
  endfacet
  facet normal 0 0 1
    outer loop
      vertex 86.16267485762415 -4.2095177560159875 3.2
      vertex 86.41623142444617 -3.5358341183347775 3.2
      vertex 86.78863808443553 -2.145993542177411 3.2
    endloop
  endfacet
  facet normal 0 0 1
    outer loop
      vertex 86.41623142444617 -3.5358341183347775 3.2
      vertex 86.62518408917975 -2.847009496127728 3.2
      vertex 86.78863808443553 -2.145993542177411 3.2
    endloop
  endfacet
  facet normal 0 0 1
    outer loop
      vertex 87 0 3.2
      vertex 82.40858798800484 -3.7 3.2
      vertex 82.15287513103884 -4.111219724345056 3.2
    endloop
  endfacet
  facet normal 0 0 1
    outer loop
      vertex 87 0 3.2
      vertex 82.6368582873419 -3.27293630762061 3.2
      vertex 82.40858798800484 -3.7 3.2
    endloop
  endfacet
  facet normal 0 0 1
    outer loop
      vertex 86.16267485762415 -4.2095177560159875 3.2
      vertex 86.78863808443553 -2.145993542177411 3.2
      vertex 87 0 3.2
    endloop
  endfacet
  facet normal 0 0 1
    outer loop
      vertex 87 0 3.2
      vertex 82.83670854058352 -2.8318573995016645 3.2
      vertex 82.6368582873419 -3.27293630762061 3.2
    endloop
  endfacet
  facet normal 0 0 1
    outer loop
      vertex 87 0 3.2
      vertex 83.00728295826379 -2.3786520432433957 3.2
      vertex 82.83670854058352 -2.8318573995016645 3.2
    endloop
  endfacet
  facet normal 0 0 1
    outer loop
      vertex 87 0 3.2
      vertex 83.14785111453911 -1.9152609337586535 3.2
      vertex 83.00728295826379 -2.3786520432433957 3.2
    endloop
  endfacet
  facet normal 0 0 1
    outer loop
      vertex 87 0 3.2
      vertex 83.2578110749839 -1.443668382919349 3.2
      vertex 83.14785111453911 -1.9152609337586535 3.2
    endloop
  endfacet
  facet normal 0 0 1
    outer loop
      vertex 86.78863808443553 -2.145993542177411 3.2
      vertex 86.90589347511191 -1.4357881144205673 3.2
      vertex 87 0 3.2
    endloop
  endfacet
  facet normal 0 0 1
    outer loop
      vertex 87 0 3.2
      vertex 83.3366919741662 -0.9658938224283817 3.2
      vertex 83.2578110749839 -1.443668382919349 3.2
    endloop
  endfacet
  facet normal 0 0 1
    outer loop
      vertex 86.90589347511191 -1.4357881144205673 3.2
      vertex 86.97644815562464 -0.7194344215315737 3.2
      vertex 87 0 3.2
    endloop
  endfacet
  facet normal 0 0 1
    outer loop
      vertex 87 0 3.2
      vertex 83.38415603196566 -0.48398315630305866 3.2
      vertex 83.3366919741662 -0.9658938224283817 3.2
    endloop
  endfacet
  facet normal 0 0 1
    outer loop
      vertex 87 0 3.2
      vertex 83.4 0 3.2
      vertex 83.38415603196566 -0.48398315630305866 3.2
    endloop
  endfacet
  facet normal 0 0 -1
    outer loop
      vertex -76 11 0
      vertex 68.7421889250161 1.443668382919349 0
      vertex 68.6633080258338 0.9658938224283817 0
    endloop
  endfacet
  facet normal 0 0 -1
    outer loop
      vertex -76 11 0
      vertex 68.85214888546089 1.9152609337586535 0
      vertex 68.7421889250161 1.443668382919349 0
    endloop
  endfacet
  facet normal 0 0 -1
    outer loop
      vertex -76 11 0
      vertex 68.99271704173621 2.3786520432433957 0
      vertex 68.85214888546089 1.9152609337586535 0
    endloop
  endfacet
  facet normal 0 0 -1
    outer loop
      vertex -76 11 0
      vertex 69.16329145941648 2.8318573995016645 0
      vertex 68.99271704173621 2.3786520432433957 0
    endloop
  endfacet
  facet normal 0 0 -1
    outer loop
      vertex -68.61584396803434 0.48398315630305866 0
      vertex 68.61584396803434 0.48398315630305866 0
      vertex 68.6 0 0
    endloop
  endfacet
  facet normal 0 0 -1
    outer loop
      vertex -68.6633080258338 0.9658938224283817 0
      vertex 68.6633080258338 0.9658938224283817 0
      vertex 68.61584396803434 0.48398315630305866 0
    endloop
  endfacet
  facet normal 0 0 -1
    outer loop
      vertex -76 11 0
      vertex 69.3631417126581 3.27293630762061 0
      vertex 69.16329145941648 2.8318573995016645 0
    endloop
  endfacet
  facet normal 0 0 -1
    outer loop
      vertex -76 11 0
      vertex 69.59141201199516 3.7 0
      vertex 69.3631417126581 3.27293630762061 0
    endloop
  endfacet
  facet normal 0 0 -1
    outer loop
      vertex -76 11 0
      vertex 69.84712486896116 4.111219724345056 0
      vertex 69.59141201199516 3.7 0
    endloop
  endfacet
  facet normal 0 0 -1
    outer loop
      vertex -76 11 0
      vertex 70.12918528184485 4.504834574664533 0
      vertex 69.84712486896116 4.111219724345056 0
    endloop
  endfacet
  facet normal 0 0 -1
    outer loop
      vertex -76 11 0
      vertex 70.43638542465557 4.879159031740509 0
      vertex 70.12918528184485 4.504834574664533 0
    endloop
  endfacet
  facet normal 0 0 -1
    outer loop
      vertex -76 11 0
      vertex 70.76740981921955 5.232590180780452 0
      vertex 70.43638542465557 4.879159031740509 0
    endloop
  endfacet
  facet normal 0 0 -1
    outer loop
      vertex -76 11 0
      vertex 71.12084096825949 5.563614575344433 0
      vertex 70.76740981921955 5.232590180780452 0
    endloop
  endfacet
  facet normal 0 0 -1
    outer loop
      vertex -76 11 0
      vertex 71.49516542533547 5.870814718155141 0
      vertex 71.12084096825949 5.563614575344433 0
    endloop
  endfacet
  facet normal 0 0 -1
    outer loop
      vertex -76 11 0
      vertex 71.88878027565494 6.152875131038835 0
      vertex 71.49516542533547 5.870814718155141 0
    endloop
  endfacet
  facet normal 0 0 -1
    outer loop
      vertex -76 11 0
      vertex 76.71943442153157 10.976448155624638 0
      vertex 71.88878027565494 6.152875131038835 0
    endloop
  endfacet
  facet normal 0 0 -1
    outer loop
      vertex -76 11 0
      vertex 76 11 0
      vertex 76.71943442153157 10.976448155624638 0
    endloop
  endfacet
  facet normal 0 1 0
    outer loop
      vertex -76 11 0
      vertex 76 11 3.2
      vertex 76 11 0
    endloop
  endfacet
  facet normal 0 0 -1
    outer loop
      vertex 87 0 0
      vertex 83.4 0 0
      vertex 83.38415603196566 0.48398315630305866 0
    endloop
  endfacet
  facet normal 0 0 -1
    outer loop
      vertex 87 0 0
      vertex 83.38415603196566 0.48398315630305866 0
      vertex 83.3366919741662 0.9658938224283817 0
    endloop
  endfacet
  facet normal 0 0 -1
    outer loop
      vertex 87 0 0
      vertex 83.3366919741662 0.9658938224283817 0
      vertex 83.2578110749839 1.443668382919349 0
    endloop
  endfacet
  facet normal 0 0 -1
    outer loop
      vertex 87 0 0
      vertex 83.2578110749839 1.443668382919349 0
      vertex 83.14785111453911 1.9152609337586535 0
    endloop
  endfacet
  facet normal 0 0 -1
    outer loop
      vertex 87 0 0
      vertex 82.83670854058352 2.8318573995016645 0
      vertex 82.6368582873419 3.27293630762061 0
    endloop
  endfacet
  facet normal 0 0 -1
    outer loop
      vertex 87 0 0
      vertex 83.14785111453911 1.9152609337586535 0
      vertex 83.00728295826379 2.3786520432433957 0
    endloop
  endfacet
  facet normal 0 0 -1
    outer loop
      vertex 87 0 0
      vertex 86.41623142444617 3.5358341183347775 0
      vertex 86.97644815562464 0.7194344215315737 0
    endloop
  endfacet
  facet normal 0 0 -1
    outer loop
      vertex 86.97644815562464 0.7194344215315737 0
      vertex 86.78863808443553 2.145993542177411 0
      vertex 86.90589347511191 1.4357881144205673 0
    endloop
  endfacet
  facet normal 0 0 -1
    outer loop
      vertex 87 0 0
      vertex 83.00728295826379 2.3786520432433957 0
      vertex 82.83670854058352 2.8318573995016645 0
    endloop
  endfacet
  facet normal 0 0 -1
    outer loop
      vertex 86.97644815562464 0.7194344215315737 0
      vertex 86.62518408917975 2.847009496127728 0
      vertex 86.78863808443553 2.145993542177411 0
    endloop
  endfacet
  facet normal 0 0 -1
    outer loop
      vertex 87 0 0
      vertex 82.6368582873419 3.27293630762061 0
      vertex 82.40858798800484 3.7 0
    endloop
  endfacet
  facet normal 0 0 -1
    outer loop
      vertex 87 0 0
      vertex 82.40858798800484 3.7 0
      vertex 82.15287513103884 4.111219724345056 0
    endloop
  endfacet
  facet normal 0 0 -1
    outer loop
      vertex 86.97644815562464 0.7194344215315737 0
      vertex 86.41623142444617 3.5358341183347775 0
      vertex 86.62518408917975 2.847009496127728 0
    endloop
  endfacet
  facet normal 0 0 -1
    outer loop
      vertex 87 0 0
      vertex 82.15287513103884 4.111219724345056 0
      vertex 81.87081471815515 4.504834574664533 0
    endloop
  endfacet
  facet normal 0 0 -1
    outer loop
      vertex 87 0 0
      vertex 81.87081471815515 4.504834574664533 0
      vertex 81.56361457534443 4.879159031740509 0
    endloop
  endfacet
  facet normal 0 0 -1
    outer loop
      vertex 87 0 0
      vertex 81.56361457534443 4.879159031740509 0
      vertex 81.23259018078045 5.232590180780452 0
    endloop
  endfacet
  facet normal 0 0 -1
    outer loop
      vertex 87 0 0
      vertex 81.23259018078045 5.232590180780452 0
      vertex 80.87915903174051 5.563614575344433 0
    endloop
  endfacet
  facet normal 0 0 -1
    outer loop
      vertex 87 0 0
      vertex 84.27023788226876 7.252803966100757 0
      vertex 86.41623142444617 3.5358341183347775 0
    endloop
  endfacet
  facet normal 0 0 -1
    outer loop
      vertex 86.41623142444617 3.5358341183347775 0
      vertex 85.52627944162883 5.5 0
      vertex 86.16267485762415 4.2095177560159875 0
    endloop
  endfacet
  facet normal 0 0 -1
    outer loop
      vertex 86.16267485762415 4.2095177560159875 0
      vertex 85.52627944162883 5.5 0
      vertex 85.86560015685957 4.865175592409014 0
    endloop
  endfacet
  facet normal 0 0 -1
    outer loop
      vertex 86.41623142444617 3.5358341183347775 0
      vertex 84.27023788226876 7.252803966100757 0
      vertex 85.52627944162883 5.5 0
    endloop
  endfacet
  facet normal 0.9994645874763657 0.03271908282177688 0
    outer loop
      vertex 87 0 0
      vertex 86.97644815562464 0.7194344215315737 0
      vertex 86.97644815562464 0.7194344215315737 3.2
    endloop
  endfacet
  facet normal 0.9951847266721962 0.09801714032956658 0
    outer loop
      vertex 86.97644815562464 0.7194344215315737 0
      vertex 86.90589347511191 1.4357881144205673 0
      vertex 86.90589347511191 1.4357881144205673 3.2
    endloop
  endfacet
  facet normal 0.9866433320848795 0.1628954733945848 0
    outer loop
      vertex 86.90589347511191 1.4357881144205673 0
      vertex 86.78863808443553 2.145993542177411 0
      vertex 86.78863808443553 2.145993542177411 3.2
    endloop
  endfacet
  facet normal 0.9738769792773352 0.22707626303436662 0
    outer loop
      vertex 86.78863808443553 2.145993542177411 0
      vertex 86.62518408917975 2.847009496127728 0
      vertex 86.62518408917975 2.847009496127728 3.2
    endloop
  endfacet
  facet normal 0.9569403357322095 0.29028467725446033 0
    outer loop
      vertex 86.62518408917975 2.847009496127728 0
      vertex 86.41623142444617 3.5358341183347775 0
      vertex 86.62518408917975 2.847009496127728 3.2
    endloop
  endfacet
  facet normal 0.9359059267573234 0.3522500479212396 0
    outer loop
      vertex 86.41623142444617 3.5358341183347775 0
      vertex 86.16267485762415 4.2095177560159875 0
      vertex 86.16267485762415 4.2095177560159875 3.2
    endloop
  endfacet
  facet normal 0.9108638249211759 0.4127070298043944 0
    outer loop
      vertex 86.16267485762415 4.2095177560159875 0
      vertex 85.86560015685957 4.865175592409014 0
      vertex 85.86560015685957 4.865175592409014 3.2
    endloop
  endfacet
  facet normal 0.8819212643483579 0.47139673682599215 0
    outer loop
      vertex 85.86560015685957 4.865175592409014 0
      vertex 85.52627944162883 5.5 0
      vertex 85.86560015685957 4.865175592409014 3.2
    endloop
  endfacet
  facet normal 0 0 -1
    outer loop
      vertex 76.71943442153157 10.976448155624638 0
      vertex 72.3 6.408587988004846 0
      vertex 71.88878027565494 6.152875131038835 0
    endloop
  endfacet
  facet normal 0 0 -1
    outer loop
      vertex 76.71943442153157 10.976448155624638 0
      vertex 72.72706369237939 6.6368582873418935 0
      vertex 72.3 6.408587988004846 0
    endloop
  endfacet
  facet normal 0 0 -1
    outer loop
      vertex 76.71943442153157 10.976448155624638 0
      vertex 73.16814260049834 6.836708540583523 0
      vertex 72.72706369237939 6.6368582873418935 0
    endloop
  endfacet
  facet normal 0 0 -1
    outer loop
      vertex 87 0 0
      vertex 80.87915903174051 5.563614575344433 0
      vertex 76.71943442153157 10.976448155624638 0
    endloop
  endfacet
  facet normal 0 0 -1
    outer loop
      vertex 87 0 0
      vertex 76.71943442153157 10.976448155624638 0
      vertex 84.27023788226876 7.252803966100757 0
    endloop
  endfacet
  facet normal 0 0 -1
    outer loop
      vertex 85.52627944162883 5.5 0
      vertex 84.27023788226876 7.252803966100757 0
      vertex 85.146165735328 6.111272563215624 0
    endloop
  endfacet
  facet normal 0 0 -1
    outer loop
      vertex 85.146165735328 6.111272563215624 0
      vertex 84.27023788226876 7.252803966100757 0
      vertex 84.72688674320358 6.696375719095927 0
    endloop
  endfacet
  facet normal 0 0 -1
    outer loop
      vertex 76.71943442153157 10.976448155624638 0
      vertex 80.87915903174051 5.563614575344433 0
      vertex 80.50483457466453 5.870814718155141 0
    endloop
  endfacet
  facet normal 0 0 -1
    outer loop
      vertex 76.71943442153157 10.976448155624638 0
      vertex 80.11121972434506 6.152875131038835 0
      vertex 79.7 6.408587988004846 0
    endloop
  endfacet
  facet normal 0 0 -1
    outer loop
      vertex 76.71943442153157 10.976448155624638 0
      vertex 79.7 6.408587988004846 0
      vertex 79.27293630762061 6.6368582873418935 0
    endloop
  endfacet
  facet normal 0 0 -1
    outer loop
      vertex 76.71943442153157 10.976448155624638 0
      vertex 79.27293630762061 6.6368582873418935 0
      vertex 78.83185739950166 6.836708540583523 0
    endloop
  endfacet
  facet normal 0 0 -1
    outer loop
      vertex 76.71943442153157 10.976448155624638 0
      vertex 80.50483457466453 5.870814718155141 0
      vertex 80.11121972434506 6.152875131038835 0
    endloop
  endfacet
  facet normal 0 0 -1
    outer loop
      vertex 84.27023788226876 7.252803966100757 0
      vertex 82.69637571909593 8.726886743203586 0
      vertex 83.77817459305203 7.778174593052023 0
    endloop
  endfacet
  facet normal 0 0 -1
    outer loop
      vertex 76.71943442153157 10.976448155624638 0
      vertex 73.62134795675661 7.007282958263782 0
      vertex 73.16814260049834 6.836708540583523 0
    endloop
  endfacet
  facet normal 0 0 -1
    outer loop
      vertex 76.71943442153157 10.976448155624638 0
      vertex 74.08473906624134 7.1478511145391055 0
      vertex 73.62134795675661 7.007282958263782 0
    endloop
  endfacet
  facet normal 0 0 -1
    outer loop
      vertex 76.71943442153157 10.976448155624638 0
      vertex 74.55633161708064 7.2578110749839055 0
      vertex 74.08473906624134 7.1478511145391055 0
    endloop
  endfacet
  facet normal 0 0 -1
    outer loop
      vertex 76.71943442153157 10.976448155624638 0
      vertex 75.03410617757162 7.336691974166198 0
      vertex 74.55633161708064 7.2578110749839055 0
    endloop
  endfacet
  facet normal 0 0 -1
    outer loop
      vertex 76.71943442153157 10.976448155624638 0
      vertex 75.51601684369695 7.3841560319656665 0
      vertex 75.03410617757162 7.336691974166198 0
    endloop
  endfacet
  facet normal 0 0 -1
    outer loop
      vertex 76.71943442153157 10.976448155624638 0
      vertex 76 7.4 0
      vertex 75.51601684369695 7.3841560319656665 0
    endloop
  endfacet
  facet normal 0 0 -1
    outer loop
      vertex 76.71943442153157 10.976448155624638 0
      vertex 76.48398315630305 7.3841560319656665 0
      vertex 76 7.4 0
    endloop
  endfacet
  facet normal 0 0 -1
    outer loop
      vertex 76.71943442153157 10.976448155624638 0
      vertex 76.96589382242838 7.336691974166198 0
      vertex 76.48398315630305 7.3841560319656665 0
    endloop
  endfacet
  facet normal 0 0 -1
    outer loop
      vertex 76.71943442153157 10.976448155624638 0
      vertex 77.91526093375866 7.1478511145391055 0
      vertex 77.44366838291936 7.2578110749839055 0
    endloop
  endfacet
  facet normal 0 0 -1
    outer loop
      vertex 76.71943442153157 10.976448155624638 0
      vertex 77.44366838291936 7.2578110749839055 0
      vertex 76.96589382242838 7.336691974166198 0
    endloop
  endfacet
  facet normal 0 0 -1
    outer loop
      vertex 76.71943442153157 10.976448155624638 0
      vertex 78.83185739950166 6.836708540583523 0
      vertex 78.37865204324339 7.007282958263782 0
    endloop
  endfacet
  facet normal 0 0 -1
    outer loop
      vertex 76.71943442153157 10.976448155624638 0
      vertex 78.37865204324339 7.007282958263782 0
      vertex 77.91526093375866 7.1478511145391055 0
    endloop
  endfacet
  facet normal 0 0 -1
    outer loop
      vertex 84.27023788226876 7.252803966100757 0
      vertex 76.71943442153157 10.976448155624638 0
      vertex 80.86517559240902 9.865600156859571 0
    endloop
  endfacet
  facet normal 0 0 -1
    outer loop
      vertex 81.5 9.526279441628825 0
      vertex 82.11127256321562 9.146165735327997 0
      vertex 80.86517559240902 9.865600156859571 0
    endloop
  endfacet
  facet normal 0 0 -1
    outer loop
      vertex 83.77817459305203 7.778174593052023 0
      vertex 82.69637571909593 8.726886743203586 0
      vertex 83.25280396610076 8.270237882268752 0
    endloop
  endfacet
  facet normal 0 0 -1
    outer loop
      vertex 84.27023788226876 7.252803966100757 0
      vertex 80.86517559240902 9.865600156859571 0
      vertex 82.69637571909593 8.726886743203586 0
    endloop
  endfacet
  facet normal 0 0 -1
    outer loop
      vertex 82.69637571909593 8.726886743203586 0
      vertex 80.86517559240902 9.865600156859571 0
      vertex 82.11127256321562 9.146165735327997 0
    endloop
  endfacet
  facet normal 0 0 -1
    outer loop
      vertex 80.86517559240902 9.865600156859571 0
      vertex 78.84700949612773 10.62518408917975 0
      vertex 79.53583411833478 10.416231424446163 0
    endloop
  endfacet
  facet normal 0 0 -1
    outer loop
      vertex 80.86517559240902 9.865600156859571 0
      vertex 79.53583411833478 10.416231424446163 0
      vertex 80.20951775601598 10.162674857624154 0
    endloop
  endfacet
  facet normal 0 0 -1
    outer loop
      vertex 80.86517559240902 9.865600156859571 0
      vertex 76.71943442153157 10.976448155624638 0
      vertex 78.84700949612773 10.62518408917975 0
    endloop
  endfacet
  facet normal 0 0 -1
    outer loop
      vertex 76.71943442153157 10.976448155624638 0
      vertex 77.43578811442056 10.905893475111915 0
      vertex 78.14599354217741 10.788638084435535 0
    endloop
  endfacet
  facet normal 0 0 -1
    outer loop
      vertex 76.71943442153157 10.976448155624638 0
      vertex 78.14599354217741 10.788638084435535 0
      vertex 78.84700949612773 10.62518408917975 0
    endloop
  endfacet
  facet normal 0.8492021815265755 0.5280678506503734 0
    outer loop
      vertex 85.52627944162883 5.5 0
      vertex 85.146165735328 6.111272563215624 0
      vertex 85.146165735328 6.111272563215624 3.2
    endloop
  endfacet
  facet normal 0.8128466845916107 0.5824776968678086 0
    outer loop
      vertex 85.146165735328 6.111272563215624 0
      vertex 84.72688674320358 6.696375719095927 0
      vertex 84.72688674320358 6.696375719095927 3.2
    endloop
  endfacet
  facet normal 0.773010453362747 0.6343932841636333 0
    outer loop
      vertex 84.72688674320358 6.696375719095927 0
      vertex 84.27023788226876 7.252803966100757 0
      vertex 84.72688674320358 6.696375719095927 3.2
    endloop
  endfacet
  facet normal 0.7298640726978353 0.6835923020228717 0
    outer loop
      vertex 84.27023788226876 7.252803966100757 0
      vertex 83.77817459305203 7.778174593052023 0
      vertex 83.77817459305203 7.778174593052023 3.2
    endloop
  endfacet
  facet normal 0.6835923020228667 0.7298640726978399 0
    outer loop
      vertex 83.77817459305203 7.778174593052023 0
      vertex 83.25280396610076 8.270237882268752 0
      vertex 83.25280396610076 8.270237882268752 3.2
    endloop
  endfacet
  facet normal 0.6343932841636439 0.7730104533627384 0
    outer loop
      vertex 83.25280396610076 8.270237882268752 0
      vertex 82.69637571909593 8.726886743203586 0
      vertex 83.25280396610076 8.270237882268752 3.2
    endloop
  endfacet
  facet normal 0.5824776968678015 0.8128466845916157 0
    outer loop
      vertex 82.69637571909593 8.726886743203586 0
      vertex 82.11127256321562 9.146165735327997 0
      vertex 82.11127256321562 9.146165735327997 3.2
    endloop
  endfacet
  facet normal 0.5280678506503698 0.8492021815265778 0
    outer loop
      vertex 81.5 9.526279441628825 0
      vertex 81.5 9.526279441628825 3.2
      vertex 82.11127256321562 9.146165735327997 0
    endloop
  endfacet
  facet normal 0.4713967368259995 0.8819212643483542 0
    outer loop
      vertex 81.5 9.526279441628825 0
      vertex 80.86517559240902 9.865600156859571 0
      vertex 81.5 9.526279441628825 3.2
    endloop
  endfacet
  facet normal 0.3522500479212363 0.9359059267573246 0
    outer loop
      vertex 80.20951775601598 10.162674857624154 0
      vertex 79.53583411833478 10.416231424446163 0
      vertex 80.20951775601598 10.162674857624154 3.2
    endloop
  endfacet
  facet normal 0.4127070298043911 0.9108638249211775 0
    outer loop
      vertex 80.86517559240902 9.865600156859571 0
      vertex 80.20951775601598 10.162674857624154 0
      vertex 80.20951775601598 10.162674857624154 3.2
    endloop
  endfacet
  facet normal 0.03271908282177687 0.9994645874763657 0
    outer loop
      vertex 76 11 0
      vertex 76 11 3.2
      vertex 76.71943442153157 10.976448155624638 0
    endloop
  endfacet
  facet normal 0.09801714032956019 0.9951847266721969 0
    outer loop
      vertex 76.71943442153157 10.976448155624638 0
      vertex 77.43578811442056 10.905893475111915 3.2
      vertex 77.43578811442056 10.905893475111915 0
    endloop
  endfacet
  facet normal 0.22707626303437345 0.9738769792773335 0
    outer loop
      vertex 78.14599354217741 10.788638084435535 0
      vertex 78.14599354217741 10.788638084435535 3.2
      vertex 78.84700949612773 10.62518408917975 0
    endloop
  endfacet
  facet normal 0.16289547339458887 0.9866433320848791 0
    outer loop
      vertex 77.43578811442056 10.905893475111915 0
      vertex 77.43578811442056 10.905893475111915 3.2
      vertex 78.14599354217741 10.788638084435535 0
    endloop
  endfacet
  facet normal 0.2902846772544598 0.9569403357322096 0
    outer loop
      vertex 79.53583411833478 10.416231424446163 0
      vertex 78.84700949612773 10.62518408917975 0
      vertex 79.53583411833478 10.416231424446163 3.2
    endloop
  endfacet
  facet normal 0 0 1
    outer loop
      vertex -76 11 3.2
      vertex 68.7421889250161 1.443668382919349 3.2
      vertex 68.85214888546089 1.9152609337586535 3.2
    endloop
  endfacet
  facet normal 0 0 1
    outer loop
      vertex -76 11 3.2
      vertex 68.85214888546089 1.9152609337586535 3.2
      vertex 68.99271704173621 2.3786520432433957 3.2
    endloop
  endfacet
  facet normal 0 0 1
    outer loop
      vertex -76 11 3.2
      vertex 68.99271704173621 2.3786520432433957 3.2
      vertex 69.16329145941648 2.8318573995016645 3.2
    endloop
  endfacet
  facet normal 0 0 1
    outer loop
      vertex -68.6 0 3.2
      vertex 68.6 0 3.2
      vertex 68.61584396803434 0.48398315630305866 3.2
    endloop
  endfacet
  facet normal 0 0 1
    outer loop
      vertex -68.61584396803434 0.48398315630305866 3.2
      vertex 68.61584396803434 0.48398315630305866 3.2
      vertex 68.6633080258338 0.9658938224283817 3.2
    endloop
  endfacet
  facet normal 0 0 1
    outer loop
      vertex 68.7421889250161 1.443668382919349 3.2
      vertex -68.6633080258338 0.9658938224283817 3.2
      vertex 68.6633080258338 0.9658938224283817 3.2
    endloop
  endfacet
  facet normal 0 0 1
    outer loop
      vertex -76 11 3.2
      vertex 69.16329145941648 2.8318573995016645 3.2
      vertex 69.3631417126581 3.27293630762061 3.2
    endloop
  endfacet
  facet normal 0 0 1
    outer loop
      vertex -76 11 3.2
      vertex 69.3631417126581 3.27293630762061 3.2
      vertex 69.59141201199516 3.7 3.2
    endloop
  endfacet
  facet normal 0 0 1
    outer loop
      vertex -76 11 3.2
      vertex 69.59141201199516 3.7 3.2
      vertex 69.84712486896116 4.111219724345056 3.2
    endloop
  endfacet
  facet normal 0 0 1
    outer loop
      vertex -76 11 3.2
      vertex 69.84712486896116 4.111219724345056 3.2
      vertex 70.12918528184485 4.504834574664533 3.2
    endloop
  endfacet
  facet normal 0 0 1
    outer loop
      vertex -76 11 3.2
      vertex 70.12918528184485 4.504834574664533 3.2
      vertex 70.43638542465557 4.879159031740509 3.2
    endloop
  endfacet
  facet normal 0 0 1
    outer loop
      vertex -76 11 3.2
      vertex 70.43638542465557 4.879159031740509 3.2
      vertex 70.76740981921955 5.232590180780452 3.2
    endloop
  endfacet
  facet normal 0 0 1
    outer loop
      vertex -76 11 3.2
      vertex 70.76740981921955 5.232590180780452 3.2
      vertex 71.12084096825949 5.563614575344433 3.2
    endloop
  endfacet
  facet normal 0 0 1
    outer loop
      vertex -76 11 3.2
      vertex 71.12084096825949 5.563614575344433 3.2
      vertex 71.49516542533547 5.870814718155141 3.2
    endloop
  endfacet
  facet normal 0 0 1
    outer loop
      vertex -76 11 3.2
      vertex 71.49516542533547 5.870814718155141 3.2
      vertex 71.88878027565494 6.152875131038835 3.2
    endloop
  endfacet
  facet normal 0 0 1
    outer loop
      vertex -76 11 3.2
      vertex 71.88878027565494 6.152875131038835 3.2
      vertex 72.3 6.408587988004846 3.2
    endloop
  endfacet
  facet normal 0 0 1
    outer loop
      vertex -76 11 3.2
      vertex 72.3 6.408587988004846 3.2
      vertex 76.71943442153157 10.976448155624638 3.2
    endloop
  endfacet
  facet normal 0 0 1
    outer loop
      vertex -76 11 3.2
      vertex 76.71943442153157 10.976448155624638 3.2
      vertex 76 11 3.2
    endloop
  endfacet
  facet normal 0.9994645874763657 0.03271908282177688 0
    outer loop
      vertex 87 0 0
      vertex 86.97644815562464 0.7194344215315737 3.2
      vertex 87 0 3.2
    endloop
  endfacet
  facet normal 0.9951847266721962 0.09801714032956658 0
    outer loop
      vertex 86.97644815562464 0.7194344215315737 0
      vertex 86.90589347511191 1.4357881144205673 3.2
      vertex 86.97644815562464 0.7194344215315737 3.2
    endloop
  endfacet
  facet normal 0.9866433320848795 0.1628954733945848 0
    outer loop
      vertex 86.90589347511191 1.4357881144205673 0
      vertex 86.78863808443553 2.145993542177411 3.2
      vertex 86.90589347511191 1.4357881144205673 3.2
    endloop
  endfacet
  facet normal 0.9738769792773352 0.22707626303436662 0
    outer loop
      vertex 86.78863808443553 2.145993542177411 0
      vertex 86.62518408917975 2.847009496127728 3.2
      vertex 86.78863808443553 2.145993542177411 3.2
    endloop
  endfacet
  facet normal 0.9569403357322095 0.29028467725446033 0
    outer loop
      vertex 86.41623142444617 3.5358341183347775 0
      vertex 86.41623142444617 3.5358341183347775 3.2
      vertex 86.62518408917975 2.847009496127728 3.2
    endloop
  endfacet
  facet normal 0.9359059267573234 0.3522500479212396 0
    outer loop
      vertex 86.41623142444617 3.5358341183347775 0
      vertex 86.16267485762415 4.2095177560159875 3.2
      vertex 86.41623142444617 3.5358341183347775 3.2
    endloop
  endfacet
  facet normal 0.9108638249211759 0.4127070298043944 0
    outer loop
      vertex 86.16267485762415 4.2095177560159875 0
      vertex 85.86560015685957 4.865175592409014 3.2
      vertex 86.16267485762415 4.2095177560159875 3.2
    endloop
  endfacet
  facet normal 0.8819212643483579 0.47139673682599215 0
    outer loop
      vertex 85.52627944162883 5.5 0
      vertex 85.52627944162883 5.5 3.2
      vertex 85.86560015685957 4.865175592409014 3.2
    endloop
  endfacet
  facet normal 0 0 1
    outer loop
      vertex 87 0 3.2
      vertex 83.38415603196566 0.48398315630305866 3.2
      vertex 83.4 0 3.2
    endloop
  endfacet
  facet normal 0 0 1
    outer loop
      vertex 87 0 3.2
      vertex 83.3366919741662 0.9658938224283817 3.2
      vertex 83.38415603196566 0.48398315630305866 3.2
    endloop
  endfacet
  facet normal 0 0 1
    outer loop
      vertex 87 0 3.2
      vertex 83.2578110749839 1.443668382919349 3.2
      vertex 83.3366919741662 0.9658938224283817 3.2
    endloop
  endfacet
  facet normal 0 0 1
    outer loop
      vertex 87 0 3.2
      vertex 86.97644815562464 0.7194344215315737 3.2
      vertex 86.90589347511191 1.4357881144205673 3.2
    endloop
  endfacet
  facet normal 0 0 1
    outer loop
      vertex 87 0 3.2
      vertex 83.14785111453911 1.9152609337586535 3.2
      vertex 83.2578110749839 1.443668382919349 3.2
    endloop
  endfacet
  facet normal 0 0 1
    outer loop
      vertex 87 0 3.2
      vertex 82.6368582873419 3.27293630762061 3.2
      vertex 82.83670854058352 2.8318573995016645 3.2
    endloop
  endfacet
  facet normal 0 0 1
    outer loop
      vertex 87 0 3.2
      vertex 83.00728295826379 2.3786520432433957 3.2
      vertex 83.14785111453911 1.9152609337586535 3.2
    endloop
  endfacet
  facet normal 0 0 1
    outer loop
      vertex 87 0 3.2
      vertex 86.90589347511191 1.4357881144205673 3.2
      vertex 86.41623142444617 3.5358341183347775 3.2
    endloop
  endfacet
  facet normal 0 0 1
    outer loop
      vertex 87 0 3.2
      vertex 82.83670854058352 2.8318573995016645 3.2
      vertex 83.00728295826379 2.3786520432433957 3.2
    endloop
  endfacet
  facet normal 0 0 1
    outer loop
      vertex 87 0 3.2
      vertex 82.40858798800484 3.7 3.2
      vertex 82.6368582873419 3.27293630762061 3.2
    endloop
  endfacet
  facet normal 0 0 1
    outer loop
      vertex 87 0 3.2
      vertex 82.15287513103884 4.111219724345056 3.2
      vertex 82.40858798800484 3.7 3.2
    endloop
  endfacet
  facet normal 0 0 1
    outer loop
      vertex 86.90589347511191 1.4357881144205673 3.2
      vertex 86.78863808443553 2.145993542177411 3.2
      vertex 86.41623142444617 3.5358341183347775 3.2
    endloop
  endfacet
  facet normal 0 0 1
    outer loop
      vertex 87 0 3.2
      vertex 81.87081471815515 4.504834574664533 3.2
      vertex 82.15287513103884 4.111219724345056 3.2
    endloop
  endfacet
  facet normal 0 0 1
    outer loop
      vertex 87 0 3.2
      vertex 81.56361457534443 4.879159031740509 3.2
      vertex 81.87081471815515 4.504834574664533 3.2
    endloop
  endfacet
  facet normal 0 0 1
    outer loop
      vertex 87 0 3.2
      vertex 81.23259018078045 5.232590180780452 3.2
      vertex 81.56361457534443 4.879159031740509 3.2
    endloop
  endfacet
  facet normal 0 0 1
    outer loop
      vertex 86.78863808443553 2.145993542177411 3.2
      vertex 86.62518408917975 2.847009496127728 3.2
      vertex 86.41623142444617 3.5358341183347775 3.2
    endloop
  endfacet
  facet normal 0 0 1
    outer loop
      vertex 87 0 3.2
      vertex 80.87915903174051 5.563614575344433 3.2
      vertex 81.23259018078045 5.232590180780452 3.2
    endloop
  endfacet
  facet normal 0 0 1
    outer loop
      vertex 87 0 3.2
      vertex 86.41623142444617 3.5358341183347775 3.2
      vertex 84.27023788226876 7.252803966100757 3.2
    endloop
  endfacet
  facet normal 0 0 1
    outer loop
      vertex 86.41623142444617 3.5358341183347775 3.2
      vertex 86.16267485762415 4.2095177560159875 3.2
      vertex 85.52627944162883 5.5 3.2
    endloop
  endfacet
  facet normal 0 0 1
    outer loop
      vertex 86.16267485762415 4.2095177560159875 3.2
      vertex 85.86560015685957 4.865175592409014 3.2
      vertex 85.52627944162883 5.5 3.2
    endloop
  endfacet
  facet normal 0 0 1
    outer loop
      vertex 86.41623142444617 3.5358341183347775 3.2
      vertex 85.52627944162883 5.5 3.2
      vertex 84.27023788226876 7.252803966100757 3.2
    endloop
  endfacet
  facet normal 0.8492021815265755 0.5280678506503734 0
    outer loop
      vertex 85.52627944162883 5.5 0
      vertex 85.146165735328 6.111272563215624 3.2
      vertex 85.52627944162883 5.5 3.2
    endloop
  endfacet
  facet normal 0.8128466845916107 0.5824776968678086 0
    outer loop
      vertex 85.146165735328 6.111272563215624 0
      vertex 84.72688674320358 6.696375719095927 3.2
      vertex 85.146165735328 6.111272563215624 3.2
    endloop
  endfacet
  facet normal 0.7298640726978353 0.6835923020228717 0
    outer loop
      vertex 84.27023788226876 7.252803966100757 0
      vertex 83.77817459305203 7.778174593052023 3.2
      vertex 84.27023788226876 7.252803966100757 3.2
    endloop
  endfacet
  facet normal 0.773010453362747 0.6343932841636333 0
    outer loop
      vertex 84.27023788226876 7.252803966100757 0
      vertex 84.27023788226876 7.252803966100757 3.2
      vertex 84.72688674320358 6.696375719095927 3.2
    endloop
  endfacet
  facet normal 0.6835923020228667 0.7298640726978399 0
    outer loop
      vertex 83.77817459305203 7.778174593052023 0
      vertex 83.25280396610076 8.270237882268752 3.2
      vertex 83.77817459305203 7.778174593052023 3.2
    endloop
  endfacet
  facet normal 0.6343932841636439 0.7730104533627384 0
    outer loop
      vertex 82.69637571909593 8.726886743203586 0
      vertex 82.69637571909593 8.726886743203586 3.2
      vertex 83.25280396610076 8.270237882268752 3.2
    endloop
  endfacet
  facet normal 0.5824776968678015 0.8128466845916157 0
    outer loop
      vertex 82.69637571909593 8.726886743203586 0
      vertex 82.11127256321562 9.146165735327997 3.2
      vertex 82.69637571909593 8.726886743203586 3.2
    endloop
  endfacet
  facet normal 0.5280678506503698 0.8492021815265778 0
    outer loop
      vertex 82.11127256321562 9.146165735327997 0
      vertex 81.5 9.526279441628825 3.2
      vertex 82.11127256321562 9.146165735327997 3.2
    endloop
  endfacet
  facet normal 0.4713967368259995 0.8819212643483542 0
    outer loop
      vertex 80.86517559240902 9.865600156859571 0
      vertex 80.86517559240902 9.865600156859571 3.2
      vertex 81.5 9.526279441628825 3.2
    endloop
  endfacet
  facet normal 0.4127070298043911 0.9108638249211775 0
    outer loop
      vertex 80.86517559240902 9.865600156859571 0
      vertex 80.20951775601598 10.162674857624154 3.2
      vertex 80.86517559240902 9.865600156859571 3.2
    endloop
  endfacet
  facet normal 0.03271908282177687 0.9994645874763657 0
    outer loop
      vertex 76.71943442153157 10.976448155624638 0
      vertex 76 11 3.2
      vertex 76.71943442153157 10.976448155624638 3.2
    endloop
  endfacet
  facet normal 0.09801714032956019 0.9951847266721969 0
    outer loop
      vertex 76.71943442153157 10.976448155624638 0
      vertex 76.71943442153157 10.976448155624638 3.2
      vertex 77.43578811442056 10.905893475111915 3.2
    endloop
  endfacet
  facet normal 0.16289547339458887 0.9866433320848791 0
    outer loop
      vertex 78.14599354217741 10.788638084435535 0
      vertex 77.43578811442056 10.905893475111915 3.2
      vertex 78.14599354217741 10.788638084435535 3.2
    endloop
  endfacet
  facet normal 0.22707626303437345 0.9738769792773335 0
    outer loop
      vertex 78.84700949612773 10.62518408917975 0
      vertex 78.14599354217741 10.788638084435535 3.2
      vertex 78.84700949612773 10.62518408917975 3.2
    endloop
  endfacet
  facet normal 0.3522500479212363 0.9359059267573246 0
    outer loop
      vertex 79.53583411833478 10.416231424446163 0
      vertex 79.53583411833478 10.416231424446163 3.2
      vertex 80.20951775601598 10.162674857624154 3.2
    endloop
  endfacet
  facet normal 0.2902846772544598 0.9569403357322096 0
    outer loop
      vertex 78.84700949612773 10.62518408917975 0
      vertex 78.84700949612773 10.62518408917975 3.2
      vertex 79.53583411833478 10.416231424446163 3.2
    endloop
  endfacet
  facet normal 0 0 1
    outer loop
      vertex 76.71943442153157 10.976448155624638 3.2
      vertex 72.3 6.408587988004846 3.2
      vertex 72.72706369237939 6.6368582873418935 3.2
    endloop
  endfacet
  facet normal 0 0 1
    outer loop
      vertex 76.71943442153157 10.976448155624638 3.2
      vertex 72.72706369237939 6.6368582873418935 3.2
      vertex 73.16814260049834 6.836708540583523 3.2
    endloop
  endfacet
  facet normal 0 0 1
    outer loop
      vertex 87 0 3.2
      vertex 76.71943442153157 10.976448155624638 3.2
      vertex 80.87915903174051 5.563614575344433 3.2
    endloop
  endfacet
  facet normal 0 0 1
    outer loop
      vertex 87 0 3.2
      vertex 84.27023788226876 7.252803966100757 3.2
      vertex 76.71943442153157 10.976448155624638 3.2
    endloop
  endfacet
  facet normal 0 0 1
    outer loop
      vertex 85.52627944162883 5.5 3.2
      vertex 85.146165735328 6.111272563215624 3.2
      vertex 84.27023788226876 7.252803966100757 3.2
    endloop
  endfacet
  facet normal 0 0 1
    outer loop
      vertex 85.146165735328 6.111272563215624 3.2
      vertex 84.72688674320358 6.696375719095927 3.2
      vertex 84.27023788226876 7.252803966100757 3.2
    endloop
  endfacet
  facet normal 0 0 1
    outer loop
      vertex 76.71943442153157 10.976448155624638 3.2
      vertex 80.50483457466453 5.870814718155141 3.2
      vertex 80.87915903174051 5.563614575344433 3.2
    endloop
  endfacet
  facet normal 0 0 1
    outer loop
      vertex 76.71943442153157 10.976448155624638 3.2
      vertex 79.7 6.408587988004846 3.2
      vertex 80.11121972434506 6.152875131038835 3.2
    endloop
  endfacet
  facet normal 0 0 1
    outer loop
      vertex 76.71943442153157 10.976448155624638 3.2
      vertex 79.27293630762061 6.6368582873418935 3.2
      vertex 79.7 6.408587988004846 3.2
    endloop
  endfacet
  facet normal 0 0 1
    outer loop
      vertex 76.71943442153157 10.976448155624638 3.2
      vertex 78.83185739950166 6.836708540583523 3.2
      vertex 79.27293630762061 6.6368582873418935 3.2
    endloop
  endfacet
  facet normal 0 0 1
    outer loop
      vertex 76.71943442153157 10.976448155624638 3.2
      vertex 80.11121972434506 6.152875131038835 3.2
      vertex 80.50483457466453 5.870814718155141 3.2
    endloop
  endfacet
  facet normal 0 0 1
    outer loop
      vertex 84.27023788226876 7.252803966100757 3.2
      vertex 83.77817459305203 7.778174593052023 3.2
      vertex 82.69637571909593 8.726886743203586 3.2
    endloop
  endfacet
  facet normal 0 0 1
    outer loop
      vertex 76.71943442153157 10.976448155624638 3.2
      vertex 73.16814260049834 6.836708540583523 3.2
      vertex 73.62134795675661 7.007282958263782 3.2
    endloop
  endfacet
  facet normal 0 0 1
    outer loop
      vertex 76.71943442153157 10.976448155624638 3.2
      vertex 73.62134795675661 7.007282958263782 3.2
      vertex 74.08473906624134 7.1478511145391055 3.2
    endloop
  endfacet
  facet normal 0 0 1
    outer loop
      vertex 76.71943442153157 10.976448155624638 3.2
      vertex 74.08473906624134 7.1478511145391055 3.2
      vertex 74.55633161708064 7.2578110749839055 3.2
    endloop
  endfacet
  facet normal 0 0 1
    outer loop
      vertex 76.71943442153157 10.976448155624638 3.2
      vertex 74.55633161708064 7.2578110749839055 3.2
      vertex 75.03410617757162 7.336691974166198 3.2
    endloop
  endfacet
  facet normal 0 0 1
    outer loop
      vertex 76.71943442153157 10.976448155624638 3.2
      vertex 75.03410617757162 7.336691974166198 3.2
      vertex 75.51601684369695 7.3841560319656665 3.2
    endloop
  endfacet
  facet normal 0 0 1
    outer loop
      vertex 76.71943442153157 10.976448155624638 3.2
      vertex 75.51601684369695 7.3841560319656665 3.2
      vertex 76 7.4 3.2
    endloop
  endfacet
  facet normal 0 0 1
    outer loop
      vertex 76.71943442153157 10.976448155624638 3.2
      vertex 76 7.4 3.2
      vertex 76.48398315630305 7.3841560319656665 3.2
    endloop
  endfacet
  facet normal 0 0 1
    outer loop
      vertex 76.71943442153157 10.976448155624638 3.2
      vertex 76.48398315630305 7.3841560319656665 3.2
      vertex 76.96589382242838 7.336691974166198 3.2
    endloop
  endfacet
  facet normal 0 0 1
    outer loop
      vertex 76.71943442153157 10.976448155624638 3.2
      vertex 77.44366838291936 7.2578110749839055 3.2
      vertex 77.91526093375866 7.1478511145391055 3.2
    endloop
  endfacet
  facet normal 0 0 1
    outer loop
      vertex 76.71943442153157 10.976448155624638 3.2
      vertex 76.96589382242838 7.336691974166198 3.2
      vertex 77.44366838291936 7.2578110749839055 3.2
    endloop
  endfacet
  facet normal 0 0 1
    outer loop
      vertex 76.71943442153157 10.976448155624638 3.2
      vertex 78.37865204324339 7.007282958263782 3.2
      vertex 78.83185739950166 6.836708540583523 3.2
    endloop
  endfacet
  facet normal 0 0 1
    outer loop
      vertex 76.71943442153157 10.976448155624638 3.2
      vertex 77.91526093375866 7.1478511145391055 3.2
      vertex 78.37865204324339 7.007282958263782 3.2
    endloop
  endfacet
  facet normal 0 0 1
    outer loop
      vertex 84.27023788226876 7.252803966100757 3.2
      vertex 80.86517559240902 9.865600156859571 3.2
      vertex 76.71943442153157 10.976448155624638 3.2
    endloop
  endfacet
  facet normal 0 0 1
    outer loop
      vertex 81.5 9.526279441628825 3.2
      vertex 80.86517559240902 9.865600156859571 3.2
      vertex 82.11127256321562 9.146165735327997 3.2
    endloop
  endfacet
  facet normal 0 0 1
    outer loop
      vertex 83.77817459305203 7.778174593052023 3.2
      vertex 83.25280396610076 8.270237882268752 3.2
      vertex 82.69637571909593 8.726886743203586 3.2
    endloop
  endfacet
  facet normal 0 0 1
    outer loop
      vertex 84.27023788226876 7.252803966100757 3.2
      vertex 82.69637571909593 8.726886743203586 3.2
      vertex 80.86517559240902 9.865600156859571 3.2
    endloop
  endfacet
  facet normal 0 0 1
    outer loop
      vertex 82.69637571909593 8.726886743203586 3.2
      vertex 82.11127256321562 9.146165735327997 3.2
      vertex 80.86517559240902 9.865600156859571 3.2
    endloop
  endfacet
  facet normal 0 0 1
    outer loop
      vertex 80.86517559240902 9.865600156859571 3.2
      vertex 80.20951775601598 10.162674857624154 3.2
      vertex 78.84700949612773 10.62518408917975 3.2
    endloop
  endfacet
  facet normal 0 0 1
    outer loop
      vertex 80.86517559240902 9.865600156859571 3.2
      vertex 78.84700949612773 10.62518408917975 3.2
      vertex 76.71943442153157 10.976448155624638 3.2
    endloop
  endfacet
  facet normal 0 0 1
    outer loop
      vertex 76.71943442153157 10.976448155624638 3.2
      vertex 78.14599354217741 10.788638084435535 3.2
      vertex 77.43578811442056 10.905893475111915 3.2
    endloop
  endfacet
  facet normal 0 0 1
    outer loop
      vertex 76.71943442153157 10.976448155624638 3.2
      vertex 78.84700949612773 10.62518408917975 3.2
      vertex 78.14599354217741 10.788638084435535 3.2
    endloop
  endfacet
  facet normal 0 0 1
    outer loop
      vertex 80.20951775601598 10.162674857624154 3.2
      vertex 79.53583411833478 10.416231424446163 3.2
      vertex 78.84700949612773 10.62518408917975 3.2
    endloop
  endfacet
  facet normal 0.09801714032955926 0.9951847266721969 0
    outer loop
      vertex -76.96589382242838 -7.336691974166198 0
      vertex -76.96589382242838 -7.336691974166198 3.2
      vertex -76.48398315630305 -7.3841560319656665 0
    endloop
  endfacet
  facet normal 0.16289547339458813 0.9866433320848792 0
    outer loop
      vertex -77.44366838291936 -7.2578110749839055 0
      vertex -77.44366838291936 -7.2578110749839055 3.2
      vertex -76.96589382242838 -7.336691974166198 0
    endloop
  endfacet
  facet normal 0.03271908282177603 0.9994645874763656 0
    outer loop
      vertex -76.48398315630305 -7.3841560319656665 0
      vertex -76.48398315630305 -7.3841560319656665 3.2
      vertex -76 -7.4 0
    endloop
  endfacet
  facet normal 0.2902846772544681 0.9569403357322072 0
    outer loop
      vertex -78.37865204324339 -7.007282958263782 0
      vertex -78.37865204324339 -7.007282958263782 3.2
      vertex -77.91526093375866 -7.1478511145391055 0
    endloop
  endfacet
  facet normal 0.22707626303437342 0.9738769792773336 0
    outer loop
      vertex -77.91526093375866 -7.1478511145391055 0
      vertex -77.91526093375866 -7.1478511145391055 3.2
      vertex -77.44366838291936 -7.2578110749839055 0
    endloop
  endfacet
  facet normal 0.3522500479212345 0.9359059267573253 0
    outer loop
      vertex -78.83185739950166 -6.836708540583523 0
      vertex -78.83185739950166 -6.836708540583523 3.2
      vertex -78.37865204324339 -7.007282958263782 0
    endloop
  endfacet
  facet normal 0.4127070298043892 0.9108638249211783 0
    outer loop
      vertex -79.27293630762061 -6.6368582873418935 0
      vertex -79.27293630762061 -6.6368582873418935 3.2
      vertex -78.83185739950166 -6.836708540583523 0
    endloop
  endfacet
  facet normal 0.4713967368259972 0.8819212643483552 0
    outer loop
      vertex -79.7 -6.408587988004846 0
      vertex -79.7 -6.408587988004846 3.2
      vertex -79.27293630762061 -6.6368582873418935 0
    endloop
  endfacet
  facet normal 0.5280678506503649 0.849202181526581 0
    outer loop
      vertex -80.11121972434506 -6.152875131038835 0
      vertex -80.11121972434506 -6.152875131038835 3.2
      vertex -79.7 -6.408587988004846 0
    endloop
  endfacet
  facet normal 0.5824776968678114 0.8128466845916086 0
    outer loop
      vertex -80.50483457466453 -5.870814718155141 0
      vertex -80.50483457466453 -5.870814718155141 3.2
      vertex -80.11121972434506 -6.152875131038835 0
    endloop
  endfacet
  facet normal 0.6343932841636374 0.7730104533627437 0
    outer loop
      vertex -80.87915903174051 -5.563614575344433 0
      vertex -80.87915903174051 -5.563614575344433 3.2
      vertex -80.50483457466453 -5.870814718155141 0
    endloop
  endfacet
  facet normal -0.03271908282177603 0.9994645874763656 0
    outer loop
      vertex -76 -7.4 3.2
      vertex -75.51601684369695 -7.3841560319656665 0
      vertex -76 -7.4 0
    endloop
  endfacet
  facet normal -0.09801714032955926 0.9951847266721969 0
    outer loop
      vertex -75.51601684369695 -7.3841560319656665 0
      vertex -75.51601684369695 -7.3841560319656665 3.2
      vertex -75.03410617757162 -7.336691974166198 0
    endloop
  endfacet
  facet normal -0.16289547339458813 0.9866433320848792 0
    outer loop
      vertex -75.03410617757162 -7.336691974166198 0
      vertex -75.03410617757162 -7.336691974166198 3.2
      vertex -74.55633161708064 -7.2578110749839055 0
    endloop
  endfacet
  facet normal -0.22707626303437342 0.9738769792773336 0
    outer loop
      vertex -74.55633161708064 -7.2578110749839055 0
      vertex -74.55633161708064 -7.2578110749839055 3.2
      vertex -74.08473906624134 -7.1478511145391055 0
    endloop
  endfacet
  facet normal -0.2902846772544681 0.9569403357322072 0
    outer loop
      vertex -74.08473906624134 -7.1478511145391055 0
      vertex -74.08473906624134 -7.1478511145391055 3.2
      vertex -73.62134795675661 -7.007282958263782 0
    endloop
  endfacet
  facet normal -0.3522500479212345 0.9359059267573253 0
    outer loop
      vertex -73.62134795675661 -7.007282958263782 0
      vertex -73.62134795675661 -7.007282958263782 3.2
      vertex -73.16814260049834 -6.836708540583523 0
    endloop
  endfacet
  facet normal -0.4127070298043892 0.9108638249211783 0
    outer loop
      vertex -73.16814260049834 -6.836708540583523 0
      vertex -73.16814260049834 -6.836708540583523 3.2
      vertex -72.72706369237939 -6.6368582873418935 0
    endloop
  endfacet
  facet normal -0.4713967368259972 0.8819212643483552 0
    outer loop
      vertex -72.72706369237939 -6.6368582873418935 0
      vertex -72.72706369237939 -6.6368582873418935 3.2
      vertex -72.3 -6.408587988004846 0
    endloop
  endfacet
  facet normal -0.5280678506503649 0.849202181526581 0
    outer loop
      vertex -72.3 -6.408587988004846 0
      vertex -72.3 -6.408587988004846 3.2
      vertex -71.88878027565494 -6.152875131038835 0
    endloop
  endfacet
  facet normal -0.5824776968678114 0.8128466845916086 0
    outer loop
      vertex -71.88878027565494 -6.152875131038835 0
      vertex -71.88878027565494 -6.152875131038835 3.2
      vertex -71.49516542533547 -5.870814718155141 0
    endloop
  endfacet
  facet normal -0.6343932841636374 0.7730104533627437 0
    outer loop
      vertex -71.49516542533547 -5.870814718155141 0
      vertex -71.49516542533547 -5.870814718155141 3.2
      vertex -71.12084096825949 -5.563614575344433 0
    endloop
  endfacet
  facet normal 0.77301045336273 0.634393284163654 0
    outer loop
      vertex -81.56361457534443 -4.879159031740509 0
      vertex -81.87081471815515 -4.504834574664533 0
      vertex -81.87081471815515 -4.504834574664533 3.2
    endloop
  endfacet
  facet normal 0.8128466845916151 0.5824776968678022 0
    outer loop
      vertex -81.87081471815515 -4.504834574664533 0
      vertex -82.15287513103884 -4.111219724345056 0
      vertex -82.15287513103884 -4.111219724345056 3.2
    endloop
  endfacet
  facet normal 0.6835923020228786 0.7298640726978286 0
    outer loop
      vertex -80.87915903174051 -5.563614575344433 0
      vertex -81.23259018078045 -5.232590180780452 0
      vertex -81.23259018078045 -5.232590180780452 3.2
    endloop
  endfacet
  facet normal 0.7298640726978347 0.6835923020228722 0
    outer loop
      vertex -81.23259018078045 -5.232590180780452 0
      vertex -81.56361457534443 -4.879159031740509 0
      vertex -81.56361457534443 -4.879159031740509 3.2
    endloop
  endfacet
  facet normal 0.8492021815265896 0.5280678506503509 0
    outer loop
      vertex -82.15287513103884 -4.111219724345056 0
      vertex -82.40858798800484 -3.7 0
      vertex -82.40858798800484 -3.7 3.2
    endloop
  endfacet
  facet normal 0.8819212643483485 0.47139673682600985 0
    outer loop
      vertex -82.40858798800484 -3.7 0
      vertex -82.6368582873419 -3.27293630762061 0
      vertex -82.6368582873419 -3.27293630762061 3.2
    endloop
  endfacet
  facet normal 0.9108638249211817 0.41270702980438173 0
    outer loop
      vertex -82.6368582873419 -3.27293630762061 0
      vertex -82.83670854058352 -2.8318573995016645 0
      vertex -82.83670854058352 -2.8318573995016645 3.2
    endloop
  endfacet
  facet normal -0.6835923020228786 0.7298640726978286 0
    outer loop
      vertex -71.12084096825949 -5.563614575344433 0
      vertex -71.12084096825949 -5.563614575344433 3.2
      vertex -70.76740981921955 -5.232590180780452 0
    endloop
  endfacet
  facet normal -0.7298640726978347 0.6835923020228722 0
    outer loop
      vertex -70.76740981921955 -5.232590180780452 0
      vertex -70.76740981921955 -5.232590180780452 3.2
      vertex -70.43638542465557 -4.879159031740509 0
    endloop
  endfacet
  facet normal -0.77301045336273 0.634393284163654 0
    outer loop
      vertex -70.12918528184485 -4.504834574664533 0
      vertex -70.43638542465557 -4.879159031740509 0
      vertex -70.43638542465557 -4.879159031740509 3.2
    endloop
  endfacet
  facet normal -0.8128466845916151 0.5824776968678022 0
    outer loop
      vertex -69.84712486896116 -4.111219724345056 0
      vertex -70.12918528184485 -4.504834574664533 0
      vertex -70.12918528184485 -4.504834574664533 3.2
    endloop
  endfacet
  facet normal -0.8492021815265896 0.5280678506503509 0
    outer loop
      vertex -69.59141201199516 -3.7 0
      vertex -69.84712486896116 -4.111219724345056 0
      vertex -69.84712486896116 -4.111219724345056 3.2
    endloop
  endfacet
  facet normal -0.8819212643483485 0.47139673682600985 0
    outer loop
      vertex -69.3631417126581 -3.27293630762061 0
      vertex -69.59141201199516 -3.7 0
      vertex -69.59141201199516 -3.7 3.2
    endloop
  endfacet
  facet normal -0.9108638249211817 0.41270702980438173 0
    outer loop
      vertex -69.16329145941648 -2.8318573995016645 0
      vertex -69.3631417126581 -3.27293630762061 0
      vertex -69.3631417126581 -3.27293630762061 3.2
    endloop
  endfacet
  facet normal 0.9359059267573182 0.3522500479212535 0
    outer loop
      vertex -82.83670854058352 -2.8318573995016645 0
      vertex -83.00728295826379 -2.3786520432433957 0
      vertex -83.00728295826379 -2.3786520432433957 3.2
    endloop
  endfacet
  facet normal 0.95694033573221 0.29028467725445883 0
    outer loop
      vertex -83.00728295826379 -2.3786520432433957 0
      vertex -83.14785111453911 -1.9152609337586535 0
      vertex -83.14785111453911 -1.9152609337586535 3.2
    endloop
  endfacet
  facet normal 0.9738769792773349 0.22707626303436815 0
    outer loop
      vertex -83.14785111453911 -1.9152609337586535 0
      vertex -83.2578110749839 -1.443668382919349 0
      vertex -83.2578110749839 -1.443668382919349 3.2
    endloop
  endfacet
  facet normal 0.986643332084878 0.1628954733945947 0
    outer loop
      vertex -83.2578110749839 -1.443668382919349 0
      vertex -83.3366919741662 -0.9658938224283817 0
      vertex -83.3366919741662 -0.9658938224283817 3.2
    endloop
  endfacet
  facet normal 0.9951847266721989 0.0980171403295407 0
    outer loop
      vertex -83.3366919741662 -0.9658938224283817 0
      vertex -83.38415603196566 -0.48398315630305866 0
      vertex -83.38415603196566 -0.48398315630305866 3.2
    endloop
  endfacet
  facet normal 0.9994645874763648 0.032719082821801394 0
    outer loop
      vertex -83.38415603196566 -0.48398315630305866 0
      vertex -83.4 0 0
      vertex -83.4 0 3.2
    endloop
  endfacet
  facet normal -0.9359059267573182 0.3522500479212535 0
    outer loop
      vertex -68.99271704173621 -2.3786520432433957 0
      vertex -69.16329145941648 -2.8318573995016645 0
      vertex -69.16329145941648 -2.8318573995016645 3.2
    endloop
  endfacet
  facet normal -0.95694033573221 0.29028467725445883 0
    outer loop
      vertex -68.85214888546089 -1.9152609337586535 0
      vertex -68.99271704173621 -2.3786520432433957 0
      vertex -68.99271704173621 -2.3786520432433957 3.2
    endloop
  endfacet
  facet normal -0.9738769792773349 0.22707626303436815 0
    outer loop
      vertex -68.7421889250161 -1.443668382919349 0
      vertex -68.85214888546089 -1.9152609337586535 0
      vertex -68.85214888546089 -1.9152609337586535 3.2
    endloop
  endfacet
  facet normal -0.986643332084878 0.1628954733945947 0
    outer loop
      vertex -68.6633080258338 -0.9658938224283817 0
      vertex -68.7421889250161 -1.443668382919349 0
      vertex -68.7421889250161 -1.443668382919349 3.2
    endloop
  endfacet
  facet normal -0.9951847266721989 0.0980171403295407 0
    outer loop
      vertex -68.61584396803434 -0.48398315630305866 0
      vertex -68.6633080258338 -0.9658938224283817 0
      vertex -68.6633080258338 -0.9658938224283817 3.2
    endloop
  endfacet
  facet normal -0.9994645874763648 0.032719082821801394 0
    outer loop
      vertex -68.61584396803434 -0.48398315630305866 0
      vertex -68.61584396803434 -0.48398315630305866 3.2
      vertex -68.6 0 0
    endloop
  endfacet
  facet normal 0.22707626303437342 0.9738769792773336 0
    outer loop
      vertex -77.44366838291936 -7.2578110749839055 0
      vertex -77.91526093375866 -7.1478511145391055 3.2
      vertex -77.44366838291936 -7.2578110749839055 3.2
    endloop
  endfacet
  facet normal 0.03271908282177603 0.9994645874763656 0
    outer loop
      vertex -76 -7.4 0
      vertex -76.48398315630305 -7.3841560319656665 3.2
      vertex -76 -7.4 3.2
    endloop
  endfacet
  facet normal 0.16289547339458813 0.9866433320848792 0
    outer loop
      vertex -76.96589382242838 -7.336691974166198 0
      vertex -77.44366838291936 -7.2578110749839055 3.2
      vertex -76.96589382242838 -7.336691974166198 3.2
    endloop
  endfacet
  facet normal 0.09801714032955926 0.9951847266721969 0
    outer loop
      vertex -76.48398315630305 -7.3841560319656665 0
      vertex -76.96589382242838 -7.336691974166198 3.2
      vertex -76.48398315630305 -7.3841560319656665 3.2
    endloop
  endfacet
  facet normal 0.2902846772544681 0.9569403357322072 0
    outer loop
      vertex -77.91526093375866 -7.1478511145391055 0
      vertex -78.37865204324339 -7.007282958263782 3.2
      vertex -77.91526093375866 -7.1478511145391055 3.2
    endloop
  endfacet
  facet normal 0.3522500479212345 0.9359059267573253 0
    outer loop
      vertex -78.37865204324339 -7.007282958263782 0
      vertex -78.83185739950166 -6.836708540583523 3.2
      vertex -78.37865204324339 -7.007282958263782 3.2
    endloop
  endfacet
  facet normal 0.4127070298043892 0.9108638249211783 0
    outer loop
      vertex -78.83185739950166 -6.836708540583523 0
      vertex -79.27293630762061 -6.6368582873418935 3.2
      vertex -78.83185739950166 -6.836708540583523 3.2
    endloop
  endfacet
  facet normal 0.4713967368259972 0.8819212643483552 0
    outer loop
      vertex -79.27293630762061 -6.6368582873418935 0
      vertex -79.7 -6.408587988004846 3.2
      vertex -79.27293630762061 -6.6368582873418935 3.2
    endloop
  endfacet
  facet normal 0.5280678506503649 0.849202181526581 0
    outer loop
      vertex -79.7 -6.408587988004846 0
      vertex -80.11121972434506 -6.152875131038835 3.2
      vertex -79.7 -6.408587988004846 3.2
    endloop
  endfacet
  facet normal 0.5824776968678114 0.8128466845916086 0
    outer loop
      vertex -80.11121972434506 -6.152875131038835 0
      vertex -80.50483457466453 -5.870814718155141 3.2
      vertex -80.11121972434506 -6.152875131038835 3.2
    endloop
  endfacet
  facet normal 0.6343932841636374 0.7730104533627437 0
    outer loop
      vertex -80.50483457466453 -5.870814718155141 0
      vertex -80.87915903174051 -5.563614575344433 3.2
      vertex -80.50483457466453 -5.870814718155141 3.2
    endloop
  endfacet
  facet normal -0.03271908282177603 0.9994645874763656 0
    outer loop
      vertex -75.51601684369695 -7.3841560319656665 0
      vertex -76 -7.4 3.2
      vertex -75.51601684369695 -7.3841560319656665 3.2
    endloop
  endfacet
  facet normal -0.09801714032955926 0.9951847266721969 0
    outer loop
      vertex -75.03410617757162 -7.336691974166198 0
      vertex -75.51601684369695 -7.3841560319656665 3.2
      vertex -75.03410617757162 -7.336691974166198 3.2
    endloop
  endfacet
  facet normal -0.16289547339458813 0.9866433320848792 0
    outer loop
      vertex -74.55633161708064 -7.2578110749839055 0
      vertex -75.03410617757162 -7.336691974166198 3.2
      vertex -74.55633161708064 -7.2578110749839055 3.2
    endloop
  endfacet
  facet normal -0.22707626303437342 0.9738769792773336 0
    outer loop
      vertex -74.08473906624134 -7.1478511145391055 0
      vertex -74.55633161708064 -7.2578110749839055 3.2
      vertex -74.08473906624134 -7.1478511145391055 3.2
    endloop
  endfacet
  facet normal -0.2902846772544681 0.9569403357322072 0
    outer loop
      vertex -73.62134795675661 -7.007282958263782 0
      vertex -74.08473906624134 -7.1478511145391055 3.2
      vertex -73.62134795675661 -7.007282958263782 3.2
    endloop
  endfacet
  facet normal -0.3522500479212345 0.9359059267573253 0
    outer loop
      vertex -73.16814260049834 -6.836708540583523 0
      vertex -73.62134795675661 -7.007282958263782 3.2
      vertex -73.16814260049834 -6.836708540583523 3.2
    endloop
  endfacet
  facet normal -0.4127070298043892 0.9108638249211783 0
    outer loop
      vertex -72.72706369237939 -6.6368582873418935 0
      vertex -73.16814260049834 -6.836708540583523 3.2
      vertex -72.72706369237939 -6.6368582873418935 3.2
    endloop
  endfacet
  facet normal -0.4713967368259972 0.8819212643483552 0
    outer loop
      vertex -72.3 -6.408587988004846 0
      vertex -72.72706369237939 -6.6368582873418935 3.2
      vertex -72.3 -6.408587988004846 3.2
    endloop
  endfacet
  facet normal -0.5280678506503649 0.849202181526581 0
    outer loop
      vertex -71.88878027565494 -6.152875131038835 0
      vertex -72.3 -6.408587988004846 3.2
      vertex -71.88878027565494 -6.152875131038835 3.2
    endloop
  endfacet
  facet normal -0.5824776968678114 0.8128466845916086 0
    outer loop
      vertex -71.49516542533547 -5.870814718155141 0
      vertex -71.88878027565494 -6.152875131038835 3.2
      vertex -71.49516542533547 -5.870814718155141 3.2
    endloop
  endfacet
  facet normal -0.6343932841636374 0.7730104533627437 0
    outer loop
      vertex -71.12084096825949 -5.563614575344433 0
      vertex -71.49516542533547 -5.870814718155141 3.2
      vertex -71.12084096825949 -5.563614575344433 3.2
    endloop
  endfacet
  facet normal 0.77301045336273 0.634393284163654 0
    outer loop
      vertex -81.56361457534443 -4.879159031740509 0
      vertex -81.87081471815515 -4.504834574664533 3.2
      vertex -81.56361457534443 -4.879159031740509 3.2
    endloop
  endfacet
  facet normal 0.8128466845916151 0.5824776968678022 0
    outer loop
      vertex -81.87081471815515 -4.504834574664533 0
      vertex -82.15287513103884 -4.111219724345056 3.2
      vertex -81.87081471815515 -4.504834574664533 3.2
    endloop
  endfacet
  facet normal 0.6835923020228786 0.7298640726978286 0
    outer loop
      vertex -80.87915903174051 -5.563614575344433 0
      vertex -81.23259018078045 -5.232590180780452 3.2
      vertex -80.87915903174051 -5.563614575344433 3.2
    endloop
  endfacet
  facet normal 0.7298640726978347 0.6835923020228722 0
    outer loop
      vertex -81.23259018078045 -5.232590180780452 0
      vertex -81.56361457534443 -4.879159031740509 3.2
      vertex -81.23259018078045 -5.232590180780452 3.2
    endloop
  endfacet
  facet normal 0.8492021815265896 0.5280678506503509 0
    outer loop
      vertex -82.15287513103884 -4.111219724345056 0
      vertex -82.40858798800484 -3.7 3.2
      vertex -82.15287513103884 -4.111219724345056 3.2
    endloop
  endfacet
  facet normal 0.8819212643483485 0.47139673682600985 0
    outer loop
      vertex -82.40858798800484 -3.7 0
      vertex -82.6368582873419 -3.27293630762061 3.2
      vertex -82.40858798800484 -3.7 3.2
    endloop
  endfacet
  facet normal 0.9108638249211817 0.41270702980438173 0
    outer loop
      vertex -82.6368582873419 -3.27293630762061 0
      vertex -82.83670854058352 -2.8318573995016645 3.2
      vertex -82.6368582873419 -3.27293630762061 3.2
    endloop
  endfacet
  facet normal -0.6835923020228786 0.7298640726978286 0
    outer loop
      vertex -70.76740981921955 -5.232590180780452 0
      vertex -71.12084096825949 -5.563614575344433 3.2
      vertex -70.76740981921955 -5.232590180780452 3.2
    endloop
  endfacet
  facet normal -0.7298640726978347 0.6835923020228722 0
    outer loop
      vertex -70.43638542465557 -4.879159031740509 0
      vertex -70.76740981921955 -5.232590180780452 3.2
      vertex -70.43638542465557 -4.879159031740509 3.2
    endloop
  endfacet
  facet normal -0.77301045336273 0.634393284163654 0
    outer loop
      vertex -70.12918528184485 -4.504834574664533 0
      vertex -70.43638542465557 -4.879159031740509 3.2
      vertex -70.12918528184485 -4.504834574664533 3.2
    endloop
  endfacet
  facet normal -0.8128466845916151 0.5824776968678022 0
    outer loop
      vertex -69.84712486896116 -4.111219724345056 0
      vertex -70.12918528184485 -4.504834574664533 3.2
      vertex -69.84712486896116 -4.111219724345056 3.2
    endloop
  endfacet
  facet normal -0.8492021815265896 0.5280678506503509 0
    outer loop
      vertex -69.59141201199516 -3.7 0
      vertex -69.84712486896116 -4.111219724345056 3.2
      vertex -69.59141201199516 -3.7 3.2
    endloop
  endfacet
  facet normal -0.8819212643483485 0.47139673682600985 0
    outer loop
      vertex -69.3631417126581 -3.27293630762061 0
      vertex -69.59141201199516 -3.7 3.2
      vertex -69.3631417126581 -3.27293630762061 3.2
    endloop
  endfacet
  facet normal -0.9108638249211817 0.41270702980438173 0
    outer loop
      vertex -69.16329145941648 -2.8318573995016645 0
      vertex -69.3631417126581 -3.27293630762061 3.2
      vertex -69.16329145941648 -2.8318573995016645 3.2
    endloop
  endfacet
  facet normal 0.9359059267573182 0.3522500479212535 0
    outer loop
      vertex -82.83670854058352 -2.8318573995016645 0
      vertex -83.00728295826379 -2.3786520432433957 3.2
      vertex -82.83670854058352 -2.8318573995016645 3.2
    endloop
  endfacet
  facet normal 0.95694033573221 0.29028467725445883 0
    outer loop
      vertex -83.00728295826379 -2.3786520432433957 0
      vertex -83.14785111453911 -1.9152609337586535 3.2
      vertex -83.00728295826379 -2.3786520432433957 3.2
    endloop
  endfacet
  facet normal 0.9738769792773349 0.22707626303436815 0
    outer loop
      vertex -83.14785111453911 -1.9152609337586535 0
      vertex -83.2578110749839 -1.443668382919349 3.2
      vertex -83.14785111453911 -1.9152609337586535 3.2
    endloop
  endfacet
  facet normal 0.986643332084878 0.1628954733945947 0
    outer loop
      vertex -83.2578110749839 -1.443668382919349 0
      vertex -83.3366919741662 -0.9658938224283817 3.2
      vertex -83.2578110749839 -1.443668382919349 3.2
    endloop
  endfacet
  facet normal 0.9951847266721989 0.0980171403295407 0
    outer loop
      vertex -83.3366919741662 -0.9658938224283817 0
      vertex -83.38415603196566 -0.48398315630305866 3.2
      vertex -83.3366919741662 -0.9658938224283817 3.2
    endloop
  endfacet
  facet normal 0.9994645874763648 0.032719082821801394 0
    outer loop
      vertex -83.38415603196566 -0.48398315630305866 0
      vertex -83.4 0 3.2
      vertex -83.38415603196566 -0.48398315630305866 3.2
    endloop
  endfacet
  facet normal -0.9359059267573182 0.3522500479212535 0
    outer loop
      vertex -68.99271704173621 -2.3786520432433957 0
      vertex -69.16329145941648 -2.8318573995016645 3.2
      vertex -68.99271704173621 -2.3786520432433957 3.2
    endloop
  endfacet
  facet normal -0.95694033573221 0.29028467725445883 0
    outer loop
      vertex -68.85214888546089 -1.9152609337586535 0
      vertex -68.99271704173621 -2.3786520432433957 3.2
      vertex -68.85214888546089 -1.9152609337586535 3.2
    endloop
  endfacet
  facet normal -0.9738769792773349 0.22707626303436815 0
    outer loop
      vertex -68.7421889250161 -1.443668382919349 0
      vertex -68.85214888546089 -1.9152609337586535 3.2
      vertex -68.7421889250161 -1.443668382919349 3.2
    endloop
  endfacet
  facet normal -0.986643332084878 0.1628954733945947 0
    outer loop
      vertex -68.6633080258338 -0.9658938224283817 0
      vertex -68.7421889250161 -1.443668382919349 3.2
      vertex -68.6633080258338 -0.9658938224283817 3.2
    endloop
  endfacet
  facet normal -0.9951847266721989 0.0980171403295407 0
    outer loop
      vertex -68.61584396803434 -0.48398315630305866 0
      vertex -68.6633080258338 -0.9658938224283817 3.2
      vertex -68.61584396803434 -0.48398315630305866 3.2
    endloop
  endfacet
  facet normal -0.9994645874763648 0.032719082821801394 0
    outer loop
      vertex -68.6 0 0
      vertex -68.61584396803434 -0.48398315630305866 3.2
      vertex -68.6 0 3.2
    endloop
  endfacet
  facet normal 0.9994645874763648 -0.032719082821801394 0
    outer loop
      vertex -83.4 0 0
      vertex -83.38415603196566 0.48398315630305866 0
      vertex -83.38415603196566 0.48398315630305866 3.2
    endloop
  endfacet
  facet normal 0.9951847266721989 -0.0980171403295407 0
    outer loop
      vertex -83.38415603196566 0.48398315630305866 0
      vertex -83.3366919741662 0.9658938224283817 0
      vertex -83.3366919741662 0.9658938224283817 3.2
    endloop
  endfacet
  facet normal 0.986643332084878 -0.1628954733945947 0
    outer loop
      vertex -83.3366919741662 0.9658938224283817 0
      vertex -83.2578110749839 1.443668382919349 0
      vertex -83.2578110749839 1.443668382919349 3.2
    endloop
  endfacet
  facet normal 0.9738769792773349 -0.22707626303436815 0
    outer loop
      vertex -83.2578110749839 1.443668382919349 0
      vertex -83.14785111453911 1.9152609337586535 0
      vertex -83.14785111453911 1.9152609337586535 3.2
    endloop
  endfacet
  facet normal 0.95694033573221 -0.29028467725445883 0
    outer loop
      vertex -83.14785111453911 1.9152609337586535 0
      vertex -83.00728295826379 2.3786520432433957 0
      vertex -83.00728295826379 2.3786520432433957 3.2
    endloop
  endfacet
  facet normal 0.9359059267573182 -0.3522500479212535 0
    outer loop
      vertex -83.00728295826379 2.3786520432433957 0
      vertex -82.83670854058352 2.8318573995016645 0
      vertex -82.83670854058352 2.8318573995016645 3.2
    endloop
  endfacet
  facet normal -0.9994645874763648 -0.032719082821801394 0
    outer loop
      vertex -68.6 0 0
      vertex -68.6 0 3.2
      vertex -68.61584396803434 0.48398315630305866 0
    endloop
  endfacet
  facet normal -0.9951847266721989 -0.0980171403295407 0
    outer loop
      vertex -68.6633080258338 0.9658938224283817 0
      vertex -68.61584396803434 0.48398315630305866 0
      vertex -68.61584396803434 0.48398315630305866 3.2
    endloop
  endfacet
  facet normal -0.986643332084878 -0.1628954733945947 0
    outer loop
      vertex -68.7421889250161 1.443668382919349 0
      vertex -68.6633080258338 0.9658938224283817 0
      vertex -68.6633080258338 0.9658938224283817 3.2
    endloop
  endfacet
  facet normal -0.9738769792773349 -0.22707626303436815 0
    outer loop
      vertex -68.85214888546089 1.9152609337586535 0
      vertex -68.7421889250161 1.443668382919349 0
      vertex -68.7421889250161 1.443668382919349 3.2
    endloop
  endfacet
  facet normal -0.95694033573221 -0.29028467725445883 0
    outer loop
      vertex -68.99271704173621 2.3786520432433957 0
      vertex -68.85214888546089 1.9152609337586535 0
      vertex -68.85214888546089 1.9152609337586535 3.2
    endloop
  endfacet
  facet normal -0.9359059267573182 -0.3522500479212535 0
    outer loop
      vertex -69.16329145941648 2.8318573995016645 0
      vertex -68.99271704173621 2.3786520432433957 0
      vertex -68.99271704173621 2.3786520432433957 3.2
    endloop
  endfacet
  facet normal 0.9108638249211817 -0.41270702980438173 0
    outer loop
      vertex -82.83670854058352 2.8318573995016645 0
      vertex -82.6368582873419 3.27293630762061 0
      vertex -82.6368582873419 3.27293630762061 3.2
    endloop
  endfacet
  facet normal 0.8819212643483485 -0.47139673682600985 0
    outer loop
      vertex -82.6368582873419 3.27293630762061 0
      vertex -82.40858798800484 3.7 0
      vertex -82.40858798800484 3.7 3.2
    endloop
  endfacet
  facet normal 0.8492021815265896 -0.5280678506503509 0
    outer loop
      vertex -82.40858798800484 3.7 0
      vertex -82.15287513103884 4.111219724345056 0
      vertex -82.15287513103884 4.111219724345056 3.2
    endloop
  endfacet
  facet normal 0.8128466845916151 -0.5824776968678022 0
    outer loop
      vertex -82.15287513103884 4.111219724345056 0
      vertex -81.87081471815515 4.504834574664533 0
      vertex -81.87081471815515 4.504834574664533 3.2
    endloop
  endfacet
  facet normal 0.77301045336273 -0.634393284163654 0
    outer loop
      vertex -81.87081471815515 4.504834574664533 0
      vertex -81.56361457534443 4.879159031740509 0
      vertex -81.56361457534443 4.879159031740509 3.2
    endloop
  endfacet
  facet normal 0.7298640726978347 -0.6835923020228722 0
    outer loop
      vertex -81.56361457534443 4.879159031740509 0
      vertex -81.23259018078045 5.232590180780452 0
      vertex -81.23259018078045 5.232590180780452 3.2
    endloop
  endfacet
  facet normal 0.6835923020228786 -0.7298640726978286 0
    outer loop
      vertex -80.87915903174051 5.563614575344433 0
      vertex -80.87915903174051 5.563614575344433 3.2
      vertex -81.23259018078045 5.232590180780452 0
    endloop
  endfacet
  facet normal -0.9108638249211817 -0.41270702980438173 0
    outer loop
      vertex -69.3631417126581 3.27293630762061 0
      vertex -69.16329145941648 2.8318573995016645 0
      vertex -69.16329145941648 2.8318573995016645 3.2
    endloop
  endfacet
  facet normal -0.8819212643483485 -0.47139673682600985 0
    outer loop
      vertex -69.59141201199516 3.7 0
      vertex -69.3631417126581 3.27293630762061 0
      vertex -69.3631417126581 3.27293630762061 3.2
    endloop
  endfacet
  facet normal -0.8492021815265896 -0.5280678506503509 0
    outer loop
      vertex -69.84712486896116 4.111219724345056 0
      vertex -69.59141201199516 3.7 0
      vertex -69.59141201199516 3.7 3.2
    endloop
  endfacet
  facet normal -0.6835923020228786 -0.7298640726978286 0
    outer loop
      vertex -70.76740981921955 5.232590180780452 0
      vertex -70.76740981921955 5.232590180780452 3.2
      vertex -71.12084096825949 5.563614575344433 0
    endloop
  endfacet
  facet normal -0.8128466845916151 -0.5824776968678022 0
    outer loop
      vertex -70.12918528184485 4.504834574664533 0
      vertex -69.84712486896116 4.111219724345056 0
      vertex -69.84712486896116 4.111219724345056 3.2
    endloop
  endfacet
  facet normal -0.77301045336273 -0.634393284163654 0
    outer loop
      vertex -70.43638542465557 4.879159031740509 0
      vertex -70.12918528184485 4.504834574664533 0
      vertex -70.12918528184485 4.504834574664533 3.2
    endloop
  endfacet
  facet normal -0.7298640726978347 -0.6835923020228722 0
    outer loop
      vertex -70.76740981921955 5.232590180780452 0
      vertex -70.43638542465557 4.879159031740509 0
      vertex -70.43638542465557 4.879159031740509 3.2
    endloop
  endfacet
  facet normal 0.6343932841636374 -0.7730104533627437 0
    outer loop
      vertex -80.50483457466453 5.870814718155141 0
      vertex -80.50483457466453 5.870814718155141 3.2
      vertex -80.87915903174051 5.563614575344433 0
    endloop
  endfacet
  facet normal 0.5824776968678114 -0.8128466845916086 0
    outer loop
      vertex -80.11121972434506 6.152875131038835 0
      vertex -80.11121972434506 6.152875131038835 3.2
      vertex -80.50483457466453 5.870814718155141 0
    endloop
  endfacet
  facet normal 0.5280678506503649 -0.849202181526581 0
    outer loop
      vertex -79.7 6.408587988004846 0
      vertex -79.7 6.408587988004846 3.2
      vertex -80.11121972434506 6.152875131038835 0
    endloop
  endfacet
  facet normal 0.4713967368259972 -0.8819212643483552 0
    outer loop
      vertex -79.27293630762061 6.6368582873418935 0
      vertex -79.27293630762061 6.6368582873418935 3.2
      vertex -79.7 6.408587988004846 0
    endloop
  endfacet
  facet normal 0.4127070298043892 -0.9108638249211783 0
    outer loop
      vertex -78.83185739950166 6.836708540583523 0
      vertex -78.83185739950166 6.836708540583523 3.2
      vertex -79.27293630762061 6.6368582873418935 0
    endloop
  endfacet
  facet normal 0.3522500479212345 -0.9359059267573253 0
    outer loop
      vertex -78.37865204324339 7.007282958263782 0
      vertex -78.37865204324339 7.007282958263782 3.2
      vertex -78.83185739950166 6.836708540583523 0
    endloop
  endfacet
  facet normal 0.2902846772544681 -0.9569403357322072 0
    outer loop
      vertex -77.91526093375866 7.1478511145391055 0
      vertex -77.91526093375866 7.1478511145391055 3.2
      vertex -78.37865204324339 7.007282958263782 0
    endloop
  endfacet
  facet normal 0.22707626303437342 -0.9738769792773336 0
    outer loop
      vertex -77.44366838291936 7.2578110749839055 0
      vertex -77.44366838291936 7.2578110749839055 3.2
      vertex -77.91526093375866 7.1478511145391055 0
    endloop
  endfacet
  facet normal 0.16289547339458813 -0.9866433320848792 0
    outer loop
      vertex -76.96589382242838 7.336691974166198 0
      vertex -76.96589382242838 7.336691974166198 3.2
      vertex -77.44366838291936 7.2578110749839055 0
    endloop
  endfacet
  facet normal 0.09801714032955926 -0.9951847266721969 0
    outer loop
      vertex -76.48398315630305 7.3841560319656665 0
      vertex -76.48398315630305 7.3841560319656665 3.2
      vertex -76.96589382242838 7.336691974166198 0
    endloop
  endfacet
  facet normal 0.03271908282177603 -0.9994645874763656 0
    outer loop
      vertex -76 7.4 0
      vertex -76 7.4 3.2
      vertex -76.48398315630305 7.3841560319656665 0
    endloop
  endfacet
  facet normal -0.6343932841636374 -0.7730104533627437 0
    outer loop
      vertex -71.12084096825949 5.563614575344433 0
      vertex -71.12084096825949 5.563614575344433 3.2
      vertex -71.49516542533547 5.870814718155141 0
    endloop
  endfacet
  facet normal -0.5824776968678114 -0.8128466845916086 0
    outer loop
      vertex -71.49516542533547 5.870814718155141 0
      vertex -71.49516542533547 5.870814718155141 3.2
      vertex -71.88878027565494 6.152875131038835 0
    endloop
  endfacet
  facet normal -0.4713967368259972 -0.8819212643483552 0
    outer loop
      vertex -72.3 6.408587988004846 0
      vertex -72.3 6.408587988004846 3.2
      vertex -72.72706369237939 6.6368582873418935 0
    endloop
  endfacet
  facet normal -0.5280678506503649 -0.849202181526581 0
    outer loop
      vertex -71.88878027565494 6.152875131038835 0
      vertex -71.88878027565494 6.152875131038835 3.2
      vertex -72.3 6.408587988004846 0
    endloop
  endfacet
  facet normal -0.4127070298043892 -0.9108638249211783 0
    outer loop
      vertex -72.72706369237939 6.6368582873418935 0
      vertex -72.72706369237939 6.6368582873418935 3.2
      vertex -73.16814260049834 6.836708540583523 0
    endloop
  endfacet
  facet normal -0.22707626303437342 -0.9738769792773336 0
    outer loop
      vertex -74.08473906624134 7.1478511145391055 0
      vertex -74.08473906624134 7.1478511145391055 3.2
      vertex -74.55633161708064 7.2578110749839055 0
    endloop
  endfacet
  facet normal -0.2902846772544681 -0.9569403357322072 0
    outer loop
      vertex -73.62134795675661 7.007282958263782 0
      vertex -73.62134795675661 7.007282958263782 3.2
      vertex -74.08473906624134 7.1478511145391055 0
    endloop
  endfacet
  facet normal -0.03271908282177603 -0.9994645874763656 0
    outer loop
      vertex -75.51601684369695 7.3841560319656665 0
      vertex -75.51601684369695 7.3841560319656665 3.2
      vertex -76 7.4 0
    endloop
  endfacet
  facet normal -0.09801714032955926 -0.9951847266721969 0
    outer loop
      vertex -75.03410617757162 7.336691974166198 0
      vertex -75.03410617757162 7.336691974166198 3.2
      vertex -75.51601684369695 7.3841560319656665 0
    endloop
  endfacet
  facet normal -0.16289547339458813 -0.9866433320848792 0
    outer loop
      vertex -74.55633161708064 7.2578110749839055 0
      vertex -74.55633161708064 7.2578110749839055 3.2
      vertex -75.03410617757162 7.336691974166198 0
    endloop
  endfacet
  facet normal -0.3522500479212345 -0.9359059267573253 0
    outer loop
      vertex -73.16814260049834 6.836708540583523 0
      vertex -73.16814260049834 6.836708540583523 3.2
      vertex -73.62134795675661 7.007282958263782 0
    endloop
  endfacet
  facet normal 0.9994645874763648 -0.032719082821801394 0
    outer loop
      vertex -83.4 0 0
      vertex -83.38415603196566 0.48398315630305866 3.2
      vertex -83.4 0 3.2
    endloop
  endfacet
  facet normal 0.9951847266721989 -0.0980171403295407 0
    outer loop
      vertex -83.38415603196566 0.48398315630305866 0
      vertex -83.3366919741662 0.9658938224283817 3.2
      vertex -83.38415603196566 0.48398315630305866 3.2
    endloop
  endfacet
  facet normal 0.986643332084878 -0.1628954733945947 0
    outer loop
      vertex -83.3366919741662 0.9658938224283817 0
      vertex -83.2578110749839 1.443668382919349 3.2
      vertex -83.3366919741662 0.9658938224283817 3.2
    endloop
  endfacet
  facet normal 0.9738769792773349 -0.22707626303436815 0
    outer loop
      vertex -83.2578110749839 1.443668382919349 0
      vertex -83.14785111453911 1.9152609337586535 3.2
      vertex -83.2578110749839 1.443668382919349 3.2
    endloop
  endfacet
  facet normal 0.95694033573221 -0.29028467725445883 0
    outer loop
      vertex -83.14785111453911 1.9152609337586535 0
      vertex -83.00728295826379 2.3786520432433957 3.2
      vertex -83.14785111453911 1.9152609337586535 3.2
    endloop
  endfacet
  facet normal 0.9359059267573182 -0.3522500479212535 0
    outer loop
      vertex -83.00728295826379 2.3786520432433957 0
      vertex -82.83670854058352 2.8318573995016645 3.2
      vertex -83.00728295826379 2.3786520432433957 3.2
    endloop
  endfacet
  facet normal -0.9994645874763648 -0.032719082821801394 0
    outer loop
      vertex -68.61584396803434 0.48398315630305866 0
      vertex -68.6 0 3.2
      vertex -68.61584396803434 0.48398315630305866 3.2
    endloop
  endfacet
  facet normal -0.9951847266721989 -0.0980171403295407 0
    outer loop
      vertex -68.6633080258338 0.9658938224283817 0
      vertex -68.61584396803434 0.48398315630305866 3.2
      vertex -68.6633080258338 0.9658938224283817 3.2
    endloop
  endfacet
  facet normal -0.986643332084878 -0.1628954733945947 0
    outer loop
      vertex -68.7421889250161 1.443668382919349 0
      vertex -68.6633080258338 0.9658938224283817 3.2
      vertex -68.7421889250161 1.443668382919349 3.2
    endloop
  endfacet
  facet normal -0.9738769792773349 -0.22707626303436815 0
    outer loop
      vertex -68.85214888546089 1.9152609337586535 0
      vertex -68.7421889250161 1.443668382919349 3.2
      vertex -68.85214888546089 1.9152609337586535 3.2
    endloop
  endfacet
  facet normal -0.95694033573221 -0.29028467725445883 0
    outer loop
      vertex -68.99271704173621 2.3786520432433957 0
      vertex -68.85214888546089 1.9152609337586535 3.2
      vertex -68.99271704173621 2.3786520432433957 3.2
    endloop
  endfacet
  facet normal -0.9359059267573182 -0.3522500479212535 0
    outer loop
      vertex -69.16329145941648 2.8318573995016645 0
      vertex -68.99271704173621 2.3786520432433957 3.2
      vertex -69.16329145941648 2.8318573995016645 3.2
    endloop
  endfacet
  facet normal 0.9108638249211817 -0.41270702980438173 0
    outer loop
      vertex -82.83670854058352 2.8318573995016645 0
      vertex -82.6368582873419 3.27293630762061 3.2
      vertex -82.83670854058352 2.8318573995016645 3.2
    endloop
  endfacet
  facet normal 0.8819212643483485 -0.47139673682600985 0
    outer loop
      vertex -82.6368582873419 3.27293630762061 0
      vertex -82.40858798800484 3.7 3.2
      vertex -82.6368582873419 3.27293630762061 3.2
    endloop
  endfacet
  facet normal 0.8492021815265896 -0.5280678506503509 0
    outer loop
      vertex -82.40858798800484 3.7 0
      vertex -82.15287513103884 4.111219724345056 3.2
      vertex -82.40858798800484 3.7 3.2
    endloop
  endfacet
  facet normal 0.8128466845916151 -0.5824776968678022 0
    outer loop
      vertex -82.15287513103884 4.111219724345056 0
      vertex -81.87081471815515 4.504834574664533 3.2
      vertex -82.15287513103884 4.111219724345056 3.2
    endloop
  endfacet
  facet normal 0.77301045336273 -0.634393284163654 0
    outer loop
      vertex -81.87081471815515 4.504834574664533 0
      vertex -81.56361457534443 4.879159031740509 3.2
      vertex -81.87081471815515 4.504834574664533 3.2
    endloop
  endfacet
  facet normal 0.7298640726978347 -0.6835923020228722 0
    outer loop
      vertex -81.56361457534443 4.879159031740509 0
      vertex -81.23259018078045 5.232590180780452 3.2
      vertex -81.56361457534443 4.879159031740509 3.2
    endloop
  endfacet
  facet normal 0.6835923020228786 -0.7298640726978286 0
    outer loop
      vertex -81.23259018078045 5.232590180780452 0
      vertex -80.87915903174051 5.563614575344433 3.2
      vertex -81.23259018078045 5.232590180780452 3.2
    endloop
  endfacet
  facet normal -0.9108638249211817 -0.41270702980438173 0
    outer loop
      vertex -69.3631417126581 3.27293630762061 0
      vertex -69.16329145941648 2.8318573995016645 3.2
      vertex -69.3631417126581 3.27293630762061 3.2
    endloop
  endfacet
  facet normal -0.8819212643483485 -0.47139673682600985 0
    outer loop
      vertex -69.59141201199516 3.7 0
      vertex -69.3631417126581 3.27293630762061 3.2
      vertex -69.59141201199516 3.7 3.2
    endloop
  endfacet
  facet normal -0.8492021815265896 -0.5280678506503509 0
    outer loop
      vertex -69.84712486896116 4.111219724345056 0
      vertex -69.59141201199516 3.7 3.2
      vertex -69.84712486896116 4.111219724345056 3.2
    endloop
  endfacet
  facet normal -0.6835923020228786 -0.7298640726978286 0
    outer loop
      vertex -71.12084096825949 5.563614575344433 0
      vertex -70.76740981921955 5.232590180780452 3.2
      vertex -71.12084096825949 5.563614575344433 3.2
    endloop
  endfacet
  facet normal -0.8128466845916151 -0.5824776968678022 0
    outer loop
      vertex -70.12918528184485 4.504834574664533 0
      vertex -69.84712486896116 4.111219724345056 3.2
      vertex -70.12918528184485 4.504834574664533 3.2
    endloop
  endfacet
  facet normal -0.77301045336273 -0.634393284163654 0
    outer loop
      vertex -70.43638542465557 4.879159031740509 0
      vertex -70.12918528184485 4.504834574664533 3.2
      vertex -70.43638542465557 4.879159031740509 3.2
    endloop
  endfacet
  facet normal -0.7298640726978347 -0.6835923020228722 0
    outer loop
      vertex -70.76740981921955 5.232590180780452 0
      vertex -70.43638542465557 4.879159031740509 3.2
      vertex -70.76740981921955 5.232590180780452 3.2
    endloop
  endfacet
  facet normal 0.6343932841636374 -0.7730104533627437 0
    outer loop
      vertex -80.87915903174051 5.563614575344433 0
      vertex -80.50483457466453 5.870814718155141 3.2
      vertex -80.87915903174051 5.563614575344433 3.2
    endloop
  endfacet
  facet normal 0.5824776968678114 -0.8128466845916086 0
    outer loop
      vertex -80.50483457466453 5.870814718155141 0
      vertex -80.11121972434506 6.152875131038835 3.2
      vertex -80.50483457466453 5.870814718155141 3.2
    endloop
  endfacet
  facet normal 0.5280678506503649 -0.849202181526581 0
    outer loop
      vertex -80.11121972434506 6.152875131038835 0
      vertex -79.7 6.408587988004846 3.2
      vertex -80.11121972434506 6.152875131038835 3.2
    endloop
  endfacet
  facet normal 0.4713967368259972 -0.8819212643483552 0
    outer loop
      vertex -79.7 6.408587988004846 0
      vertex -79.27293630762061 6.6368582873418935 3.2
      vertex -79.7 6.408587988004846 3.2
    endloop
  endfacet
  facet normal 0.4127070298043892 -0.9108638249211783 0
    outer loop
      vertex -79.27293630762061 6.6368582873418935 0
      vertex -78.83185739950166 6.836708540583523 3.2
      vertex -79.27293630762061 6.6368582873418935 3.2
    endloop
  endfacet
  facet normal 0.3522500479212345 -0.9359059267573253 0
    outer loop
      vertex -78.83185739950166 6.836708540583523 0
      vertex -78.37865204324339 7.007282958263782 3.2
      vertex -78.83185739950166 6.836708540583523 3.2
    endloop
  endfacet
  facet normal 0.2902846772544681 -0.9569403357322072 0
    outer loop
      vertex -78.37865204324339 7.007282958263782 0
      vertex -77.91526093375866 7.1478511145391055 3.2
      vertex -78.37865204324339 7.007282958263782 3.2
    endloop
  endfacet
  facet normal 0.22707626303437342 -0.9738769792773336 0
    outer loop
      vertex -77.91526093375866 7.1478511145391055 0
      vertex -77.44366838291936 7.2578110749839055 3.2
      vertex -77.91526093375866 7.1478511145391055 3.2
    endloop
  endfacet
  facet normal 0.16289547339458813 -0.9866433320848792 0
    outer loop
      vertex -77.44366838291936 7.2578110749839055 0
      vertex -76.96589382242838 7.336691974166198 3.2
      vertex -77.44366838291936 7.2578110749839055 3.2
    endloop
  endfacet
  facet normal 0.09801714032955926 -0.9951847266721969 0
    outer loop
      vertex -76.96589382242838 7.336691974166198 0
      vertex -76.48398315630305 7.3841560319656665 3.2
      vertex -76.96589382242838 7.336691974166198 3.2
    endloop
  endfacet
  facet normal 0.03271908282177603 -0.9994645874763656 0
    outer loop
      vertex -76.48398315630305 7.3841560319656665 0
      vertex -76 7.4 3.2
      vertex -76.48398315630305 7.3841560319656665 3.2
    endloop
  endfacet
  facet normal -0.6343932841636374 -0.7730104533627437 0
    outer loop
      vertex -71.49516542533547 5.870814718155141 0
      vertex -71.12084096825949 5.563614575344433 3.2
      vertex -71.49516542533547 5.870814718155141 3.2
    endloop
  endfacet
  facet normal -0.5824776968678114 -0.8128466845916086 0
    outer loop
      vertex -71.88878027565494 6.152875131038835 0
      vertex -71.49516542533547 5.870814718155141 3.2
      vertex -71.88878027565494 6.152875131038835 3.2
    endloop
  endfacet
  facet normal -0.5280678506503649 -0.849202181526581 0
    outer loop
      vertex -72.3 6.408587988004846 0
      vertex -71.88878027565494 6.152875131038835 3.2
      vertex -72.3 6.408587988004846 3.2
    endloop
  endfacet
  facet normal -0.4713967368259972 -0.8819212643483552 0
    outer loop
      vertex -72.72706369237939 6.6368582873418935 0
      vertex -72.3 6.408587988004846 3.2
      vertex -72.72706369237939 6.6368582873418935 3.2
    endloop
  endfacet
  facet normal -0.4127070298043892 -0.9108638249211783 0
    outer loop
      vertex -73.16814260049834 6.836708540583523 0
      vertex -72.72706369237939 6.6368582873418935 3.2
      vertex -73.16814260049834 6.836708540583523 3.2
    endloop
  endfacet
  facet normal -0.3522500479212345 -0.9359059267573253 0
    outer loop
      vertex -73.62134795675661 7.007282958263782 0
      vertex -73.16814260049834 6.836708540583523 3.2
      vertex -73.62134795675661 7.007282958263782 3.2
    endloop
  endfacet
  facet normal -0.2902846772544681 -0.9569403357322072 0
    outer loop
      vertex -74.08473906624134 7.1478511145391055 0
      vertex -73.62134795675661 7.007282958263782 3.2
      vertex -74.08473906624134 7.1478511145391055 3.2
    endloop
  endfacet
  facet normal -0.09801714032955926 -0.9951847266721969 0
    outer loop
      vertex -75.51601684369695 7.3841560319656665 0
      vertex -75.03410617757162 7.336691974166198 3.2
      vertex -75.51601684369695 7.3841560319656665 3.2
    endloop
  endfacet
  facet normal -0.16289547339458813 -0.9866433320848792 0
    outer loop
      vertex -75.03410617757162 7.336691974166198 0
      vertex -74.55633161708064 7.2578110749839055 3.2
      vertex -75.03410617757162 7.336691974166198 3.2
    endloop
  endfacet
  facet normal -0.03271908282177603 -0.9994645874763656 0
    outer loop
      vertex -76 7.4 0
      vertex -75.51601684369695 7.3841560319656665 3.2
      vertex -76 7.4 3.2
    endloop
  endfacet
  facet normal -0.22707626303437342 -0.9738769792773336 0
    outer loop
      vertex -74.55633161708064 7.2578110749839055 0
      vertex -74.08473906624134 7.1478511145391055 3.2
      vertex -74.55633161708064 7.2578110749839055 3.2
    endloop
  endfacet
  facet normal 0.3522500479212345 0.9359059267573253 0
    outer loop
      vertex 73.16814260049834 -6.836708540583523 0
      vertex 73.16814260049834 -6.836708540583523 3.2
      vertex 73.62134795675661 -7.007282958263782 0
    endloop
  endfacet
  facet normal 0.16289547339458813 0.9866433320848792 0
    outer loop
      vertex 74.55633161708064 -7.2578110749839055 0
      vertex 74.55633161708064 -7.2578110749839055 3.2
      vertex 75.03410617757162 -7.336691974166198 0
    endloop
  endfacet
  facet normal 0.09801714032955926 0.9951847266721969 0
    outer loop
      vertex 75.03410617757162 -7.336691974166198 0
      vertex 75.03410617757162 -7.336691974166198 3.2
      vertex 75.51601684369695 -7.3841560319656665 0
    endloop
  endfacet
  facet normal 0.03271908282177603 0.9994645874763656 0
    outer loop
      vertex 75.51601684369695 -7.3841560319656665 0
      vertex 75.51601684369695 -7.3841560319656665 3.2
      vertex 76 -7.4 0
    endloop
  endfacet
  facet normal 0.2902846772544681 0.9569403357322072 0
    outer loop
      vertex 73.62134795675661 -7.007282958263782 0
      vertex 73.62134795675661 -7.007282958263782 3.2
      vertex 74.08473906624134 -7.1478511145391055 0
    endloop
  endfacet
  facet normal 0.22707626303437342 0.9738769792773336 0
    outer loop
      vertex 74.08473906624134 -7.1478511145391055 0
      vertex 74.08473906624134 -7.1478511145391055 3.2
      vertex 74.55633161708064 -7.2578110749839055 0
    endloop
  endfacet
  facet normal 0.4127070298043892 0.9108638249211783 0
    outer loop
      vertex 72.72706369237939 -6.6368582873418935 0
      vertex 72.72706369237939 -6.6368582873418935 3.2
      vertex 73.16814260049834 -6.836708540583523 0
    endloop
  endfacet
  facet normal 0.5280678506503649 0.849202181526581 0
    outer loop
      vertex 71.88878027565494 -6.152875131038835 0
      vertex 71.88878027565494 -6.152875131038835 3.2
      vertex 72.3 -6.408587988004846 0
    endloop
  endfacet
  facet normal 0.4713967368259972 0.8819212643483552 0
    outer loop
      vertex 72.3 -6.408587988004846 0
      vertex 72.3 -6.408587988004846 3.2
      vertex 72.72706369237939 -6.6368582873418935 0
    endloop
  endfacet
  facet normal 0.5824776968678114 0.8128466845916086 0
    outer loop
      vertex 71.49516542533547 -5.870814718155141 0
      vertex 71.49516542533547 -5.870814718155141 3.2
      vertex 71.88878027565494 -6.152875131038835 0
    endloop
  endfacet
  facet normal 0.6343932841636374 0.7730104533627437 0
    outer loop
      vertex 71.12084096825949 -5.563614575344433 0
      vertex 71.12084096825949 -5.563614575344433 3.2
      vertex 71.49516542533547 -5.870814718155141 0
    endloop
  endfacet
  facet normal -0.03271908282177603 0.9994645874763656 0
    outer loop
      vertex 76 -7.4 0
      vertex 76 -7.4 3.2
      vertex 76.48398315630305 -7.3841560319656665 0
    endloop
  endfacet
  facet normal -0.09801714032955926 0.9951847266721969 0
    outer loop
      vertex 76.48398315630305 -7.3841560319656665 0
      vertex 76.48398315630305 -7.3841560319656665 3.2
      vertex 76.96589382242838 -7.336691974166198 0
    endloop
  endfacet
  facet normal -0.16289547339458813 0.9866433320848792 0
    outer loop
      vertex 76.96589382242838 -7.336691974166198 0
      vertex 76.96589382242838 -7.336691974166198 3.2
      vertex 77.44366838291936 -7.2578110749839055 0
    endloop
  endfacet
  facet normal -0.22707626303437342 0.9738769792773336 0
    outer loop
      vertex 77.44366838291936 -7.2578110749839055 0
      vertex 77.44366838291936 -7.2578110749839055 3.2
      vertex 77.91526093375866 -7.1478511145391055 0
    endloop
  endfacet
  facet normal -0.2902846772544681 0.9569403357322072 0
    outer loop
      vertex 77.91526093375866 -7.1478511145391055 0
      vertex 77.91526093375866 -7.1478511145391055 3.2
      vertex 78.37865204324339 -7.007282958263782 0
    endloop
  endfacet
  facet normal -0.3522500479212345 0.9359059267573253 0
    outer loop
      vertex 78.37865204324339 -7.007282958263782 0
      vertex 78.37865204324339 -7.007282958263782 3.2
      vertex 78.83185739950166 -6.836708540583523 0
    endloop
  endfacet
  facet normal -0.4127070298043892 0.9108638249211783 0
    outer loop
      vertex 78.83185739950166 -6.836708540583523 0
      vertex 78.83185739950166 -6.836708540583523 3.2
      vertex 79.27293630762061 -6.6368582873418935 0
    endloop
  endfacet
  facet normal -0.4713967368259972 0.8819212643483552 0
    outer loop
      vertex 79.27293630762061 -6.6368582873418935 0
      vertex 79.27293630762061 -6.6368582873418935 3.2
      vertex 79.7 -6.408587988004846 0
    endloop
  endfacet
  facet normal -0.5280678506503649 0.849202181526581 0
    outer loop
      vertex 79.7 -6.408587988004846 0
      vertex 79.7 -6.408587988004846 3.2
      vertex 80.11121972434506 -6.152875131038835 0
    endloop
  endfacet
  facet normal -0.5824776968678114 0.8128466845916086 0
    outer loop
      vertex 80.11121972434506 -6.152875131038835 0
      vertex 80.11121972434506 -6.152875131038835 3.2
      vertex 80.50483457466453 -5.870814718155141 0
    endloop
  endfacet
  facet normal -0.6343932841636374 0.7730104533627437 0
    outer loop
      vertex 80.50483457466453 -5.870814718155141 0
      vertex 80.50483457466453 -5.870814718155141 3.2
      vertex 80.87915903174051 -5.563614575344433 0
    endloop
  endfacet
  facet normal 0.7298640726978347 0.6835923020228722 0
    outer loop
      vertex 70.76740981921955 -5.232590180780452 0
      vertex 70.43638542465557 -4.879159031740509 0
      vertex 70.43638542465557 -4.879159031740509 3.2
    endloop
  endfacet
  facet normal 0.77301045336273 0.634393284163654 0
    outer loop
      vertex 70.43638542465557 -4.879159031740509 0
      vertex 70.12918528184485 -4.504834574664533 0
      vertex 70.12918528184485 -4.504834574664533 3.2
    endloop
  endfacet
  facet normal 0.8128466845916151 0.5824776968678022 0
    outer loop
      vertex 70.12918528184485 -4.504834574664533 0
      vertex 69.84712486896116 -4.111219724345056 0
      vertex 69.84712486896116 -4.111219724345056 3.2
    endloop
  endfacet
  facet normal 0.6835923020228786 0.7298640726978286 0
    outer loop
      vertex 71.12084096825949 -5.563614575344433 0
      vertex 70.76740981921955 -5.232590180780452 0
      vertex 70.76740981921955 -5.232590180780452 3.2
    endloop
  endfacet
  facet normal 0.8492021815265896 0.5280678506503509 0
    outer loop
      vertex 69.84712486896116 -4.111219724345056 0
      vertex 69.59141201199516 -3.7 0
      vertex 69.59141201199516 -3.7 3.2
    endloop
  endfacet
  facet normal 0.8819212643483485 0.47139673682600985 0
    outer loop
      vertex 69.59141201199516 -3.7 0
      vertex 69.3631417126581 -3.27293630762061 0
      vertex 69.3631417126581 -3.27293630762061 3.2
    endloop
  endfacet
  facet normal 0.9108638249211817 0.41270702980438173 0
    outer loop
      vertex 69.3631417126581 -3.27293630762061 0
      vertex 69.16329145941648 -2.8318573995016645 0
      vertex 69.16329145941648 -2.8318573995016645 3.2
    endloop
  endfacet
  facet normal -0.6835923020228786 0.7298640726978286 0
    outer loop
      vertex 80.87915903174051 -5.563614575344433 0
      vertex 80.87915903174051 -5.563614575344433 3.2
      vertex 81.23259018078045 -5.232590180780452 0
    endloop
  endfacet
  facet normal -0.7298640726978347 0.6835923020228722 0
    outer loop
      vertex 81.23259018078045 -5.232590180780452 0
      vertex 81.23259018078045 -5.232590180780452 3.2
      vertex 81.56361457534443 -4.879159031740509 0
    endloop
  endfacet
  facet normal -0.77301045336273 0.634393284163654 0
    outer loop
      vertex 81.87081471815515 -4.504834574664533 0
      vertex 81.56361457534443 -4.879159031740509 0
      vertex 81.56361457534443 -4.879159031740509 3.2
    endloop
  endfacet
  facet normal -0.8128466845916151 0.5824776968678022 0
    outer loop
      vertex 82.15287513103884 -4.111219724345056 0
      vertex 81.87081471815515 -4.504834574664533 0
      vertex 81.87081471815515 -4.504834574664533 3.2
    endloop
  endfacet
  facet normal -0.8492021815265896 0.5280678506503509 0
    outer loop
      vertex 82.40858798800484 -3.7 0
      vertex 82.15287513103884 -4.111219724345056 0
      vertex 82.15287513103884 -4.111219724345056 3.2
    endloop
  endfacet
  facet normal -0.8819212643483485 0.47139673682600985 0
    outer loop
      vertex 82.6368582873419 -3.27293630762061 0
      vertex 82.40858798800484 -3.7 0
      vertex 82.40858798800484 -3.7 3.2
    endloop
  endfacet
  facet normal -0.9108638249211817 0.41270702980438173 0
    outer loop
      vertex 82.83670854058352 -2.8318573995016645 0
      vertex 82.6368582873419 -3.27293630762061 0
      vertex 82.6368582873419 -3.27293630762061 3.2
    endloop
  endfacet
  facet normal 0.9359059267573182 0.3522500479212535 0
    outer loop
      vertex 69.16329145941648 -2.8318573995016645 0
      vertex 68.99271704173621 -2.3786520432433957 0
      vertex 68.99271704173621 -2.3786520432433957 3.2
    endloop
  endfacet
  facet normal 0.95694033573221 0.29028467725445883 0
    outer loop
      vertex 68.99271704173621 -2.3786520432433957 0
      vertex 68.85214888546089 -1.9152609337586535 0
      vertex 68.85214888546089 -1.9152609337586535 3.2
    endloop
  endfacet
  facet normal 0.9738769792773349 0.22707626303436815 0
    outer loop
      vertex 68.85214888546089 -1.9152609337586535 0
      vertex 68.7421889250161 -1.443668382919349 0
      vertex 68.7421889250161 -1.443668382919349 3.2
    endloop
  endfacet
  facet normal 0.986643332084878 0.1628954733945947 0
    outer loop
      vertex 68.7421889250161 -1.443668382919349 0
      vertex 68.6633080258338 -0.9658938224283817 0
      vertex 68.6633080258338 -0.9658938224283817 3.2
    endloop
  endfacet
  facet normal 0.9951847266721989 0.0980171403295407 0
    outer loop
      vertex 68.6633080258338 -0.9658938224283817 0
      vertex 68.61584396803434 -0.48398315630305866 0
      vertex 68.61584396803434 -0.48398315630305866 3.2
    endloop
  endfacet
  facet normal 0.9994645874763648 0.032719082821801394 0
    outer loop
      vertex 68.61584396803434 -0.48398315630305866 0
      vertex 68.6 0 0
      vertex 68.6 0 3.2
    endloop
  endfacet
  facet normal -0.9359059267573182 0.3522500479212535 0
    outer loop
      vertex 83.00728295826379 -2.3786520432433957 0
      vertex 82.83670854058352 -2.8318573995016645 0
      vertex 82.83670854058352 -2.8318573995016645 3.2
    endloop
  endfacet
  facet normal -0.95694033573221 0.29028467725445883 0
    outer loop
      vertex 83.14785111453911 -1.9152609337586535 0
      vertex 83.00728295826379 -2.3786520432433957 0
      vertex 83.00728295826379 -2.3786520432433957 3.2
    endloop
  endfacet
  facet normal -0.9738769792773349 0.22707626303436815 0
    outer loop
      vertex 83.2578110749839 -1.443668382919349 0
      vertex 83.14785111453911 -1.9152609337586535 0
      vertex 83.14785111453911 -1.9152609337586535 3.2
    endloop
  endfacet
  facet normal -0.986643332084878 0.1628954733945947 0
    outer loop
      vertex 83.3366919741662 -0.9658938224283817 0
      vertex 83.2578110749839 -1.443668382919349 0
      vertex 83.2578110749839 -1.443668382919349 3.2
    endloop
  endfacet
  facet normal -0.9951847266721989 0.0980171403295407 0
    outer loop
      vertex 83.38415603196566 -0.48398315630305866 0
      vertex 83.3366919741662 -0.9658938224283817 0
      vertex 83.3366919741662 -0.9658938224283817 3.2
    endloop
  endfacet
  facet normal -0.9994645874763648 0.032719082821801394 0
    outer loop
      vertex 83.4 0 0
      vertex 83.38415603196566 -0.48398315630305866 0
      vertex 83.38415603196566 -0.48398315630305866 3.2
    endloop
  endfacet
  facet normal 0.22707626303437342 0.9738769792773336 0
    outer loop
      vertex 74.55633161708064 -7.2578110749839055 0
      vertex 74.08473906624134 -7.1478511145391055 3.2
      vertex 74.55633161708064 -7.2578110749839055 3.2
    endloop
  endfacet
  facet normal 0.03271908282177603 0.9994645874763656 0
    outer loop
      vertex 76 -7.4 0
      vertex 75.51601684369695 -7.3841560319656665 3.2
      vertex 76 -7.4 3.2
    endloop
  endfacet
  facet normal 0.16289547339458813 0.9866433320848792 0
    outer loop
      vertex 75.03410617757162 -7.336691974166198 0
      vertex 74.55633161708064 -7.2578110749839055 3.2
      vertex 75.03410617757162 -7.336691974166198 3.2
    endloop
  endfacet
  facet normal 0.09801714032955926 0.9951847266721969 0
    outer loop
      vertex 75.51601684369695 -7.3841560319656665 0
      vertex 75.03410617757162 -7.336691974166198 3.2
      vertex 75.51601684369695 -7.3841560319656665 3.2
    endloop
  endfacet
  facet normal 0.2902846772544681 0.9569403357322072 0
    outer loop
      vertex 74.08473906624134 -7.1478511145391055 0
      vertex 73.62134795675661 -7.007282958263782 3.2
      vertex 74.08473906624134 -7.1478511145391055 3.2
    endloop
  endfacet
  facet normal 0.3522500479212345 0.9359059267573253 0
    outer loop
      vertex 73.62134795675661 -7.007282958263782 0
      vertex 73.16814260049834 -6.836708540583523 3.2
      vertex 73.62134795675661 -7.007282958263782 3.2
    endloop
  endfacet
  facet normal 0.4127070298043892 0.9108638249211783 0
    outer loop
      vertex 73.16814260049834 -6.836708540583523 0
      vertex 72.72706369237939 -6.6368582873418935 3.2
      vertex 73.16814260049834 -6.836708540583523 3.2
    endloop
  endfacet
  facet normal 0.4713967368259972 0.8819212643483552 0
    outer loop
      vertex 72.72706369237939 -6.6368582873418935 0
      vertex 72.3 -6.408587988004846 3.2
      vertex 72.72706369237939 -6.6368582873418935 3.2
    endloop
  endfacet
  facet normal 0.5280678506503649 0.849202181526581 0
    outer loop
      vertex 72.3 -6.408587988004846 0
      vertex 71.88878027565494 -6.152875131038835 3.2
      vertex 72.3 -6.408587988004846 3.2
    endloop
  endfacet
  facet normal 0.5824776968678114 0.8128466845916086 0
    outer loop
      vertex 71.88878027565494 -6.152875131038835 0
      vertex 71.49516542533547 -5.870814718155141 3.2
      vertex 71.88878027565494 -6.152875131038835 3.2
    endloop
  endfacet
  facet normal 0.6343932841636374 0.7730104533627437 0
    outer loop
      vertex 71.49516542533547 -5.870814718155141 0
      vertex 71.12084096825949 -5.563614575344433 3.2
      vertex 71.49516542533547 -5.870814718155141 3.2
    endloop
  endfacet
  facet normal -0.03271908282177603 0.9994645874763656 0
    outer loop
      vertex 76.48398315630305 -7.3841560319656665 0
      vertex 76 -7.4 3.2
      vertex 76.48398315630305 -7.3841560319656665 3.2
    endloop
  endfacet
  facet normal -0.09801714032955926 0.9951847266721969 0
    outer loop
      vertex 76.96589382242838 -7.336691974166198 0
      vertex 76.48398315630305 -7.3841560319656665 3.2
      vertex 76.96589382242838 -7.336691974166198 3.2
    endloop
  endfacet
  facet normal -0.16289547339458813 0.9866433320848792 0
    outer loop
      vertex 77.44366838291936 -7.2578110749839055 0
      vertex 76.96589382242838 -7.336691974166198 3.2
      vertex 77.44366838291936 -7.2578110749839055 3.2
    endloop
  endfacet
  facet normal -0.22707626303437342 0.9738769792773336 0
    outer loop
      vertex 77.91526093375866 -7.1478511145391055 0
      vertex 77.44366838291936 -7.2578110749839055 3.2
      vertex 77.91526093375866 -7.1478511145391055 3.2
    endloop
  endfacet
  facet normal -0.2902846772544681 0.9569403357322072 0
    outer loop
      vertex 78.37865204324339 -7.007282958263782 0
      vertex 77.91526093375866 -7.1478511145391055 3.2
      vertex 78.37865204324339 -7.007282958263782 3.2
    endloop
  endfacet
  facet normal -0.3522500479212345 0.9359059267573253 0
    outer loop
      vertex 78.83185739950166 -6.836708540583523 0
      vertex 78.37865204324339 -7.007282958263782 3.2
      vertex 78.83185739950166 -6.836708540583523 3.2
    endloop
  endfacet
  facet normal -0.4127070298043892 0.9108638249211783 0
    outer loop
      vertex 79.27293630762061 -6.6368582873418935 0
      vertex 78.83185739950166 -6.836708540583523 3.2
      vertex 79.27293630762061 -6.6368582873418935 3.2
    endloop
  endfacet
  facet normal -0.4713967368259972 0.8819212643483552 0
    outer loop
      vertex 79.7 -6.408587988004846 0
      vertex 79.27293630762061 -6.6368582873418935 3.2
      vertex 79.7 -6.408587988004846 3.2
    endloop
  endfacet
  facet normal -0.5280678506503649 0.849202181526581 0
    outer loop
      vertex 80.11121972434506 -6.152875131038835 0
      vertex 79.7 -6.408587988004846 3.2
      vertex 80.11121972434506 -6.152875131038835 3.2
    endloop
  endfacet
  facet normal -0.5824776968678114 0.8128466845916086 0
    outer loop
      vertex 80.50483457466453 -5.870814718155141 0
      vertex 80.11121972434506 -6.152875131038835 3.2
      vertex 80.50483457466453 -5.870814718155141 3.2
    endloop
  endfacet
  facet normal -0.6343932841636374 0.7730104533627437 0
    outer loop
      vertex 80.87915903174051 -5.563614575344433 0
      vertex 80.50483457466453 -5.870814718155141 3.2
      vertex 80.87915903174051 -5.563614575344433 3.2
    endloop
  endfacet
  facet normal 0.7298640726978347 0.6835923020228722 0
    outer loop
      vertex 70.76740981921955 -5.232590180780452 0
      vertex 70.43638542465557 -4.879159031740509 3.2
      vertex 70.76740981921955 -5.232590180780452 3.2
    endloop
  endfacet
  facet normal 0.77301045336273 0.634393284163654 0
    outer loop
      vertex 70.43638542465557 -4.879159031740509 0
      vertex 70.12918528184485 -4.504834574664533 3.2
      vertex 70.43638542465557 -4.879159031740509 3.2
    endloop
  endfacet
  facet normal 0.8128466845916151 0.5824776968678022 0
    outer loop
      vertex 70.12918528184485 -4.504834574664533 0
      vertex 69.84712486896116 -4.111219724345056 3.2
      vertex 70.12918528184485 -4.504834574664533 3.2
    endloop
  endfacet
  facet normal 0.6835923020228786 0.7298640726978286 0
    outer loop
      vertex 71.12084096825949 -5.563614575344433 0
      vertex 70.76740981921955 -5.232590180780452 3.2
      vertex 71.12084096825949 -5.563614575344433 3.2
    endloop
  endfacet
  facet normal 0.8492021815265896 0.5280678506503509 0
    outer loop
      vertex 69.84712486896116 -4.111219724345056 0
      vertex 69.59141201199516 -3.7 3.2
      vertex 69.84712486896116 -4.111219724345056 3.2
    endloop
  endfacet
  facet normal 0.8819212643483485 0.47139673682600985 0
    outer loop
      vertex 69.59141201199516 -3.7 0
      vertex 69.3631417126581 -3.27293630762061 3.2
      vertex 69.59141201199516 -3.7 3.2
    endloop
  endfacet
  facet normal 0.9108638249211817 0.41270702980438173 0
    outer loop
      vertex 69.3631417126581 -3.27293630762061 0
      vertex 69.16329145941648 -2.8318573995016645 3.2
      vertex 69.3631417126581 -3.27293630762061 3.2
    endloop
  endfacet
  facet normal -0.6835923020228786 0.7298640726978286 0
    outer loop
      vertex 81.23259018078045 -5.232590180780452 0
      vertex 80.87915903174051 -5.563614575344433 3.2
      vertex 81.23259018078045 -5.232590180780452 3.2
    endloop
  endfacet
  facet normal -0.7298640726978347 0.6835923020228722 0
    outer loop
      vertex 81.56361457534443 -4.879159031740509 0
      vertex 81.23259018078045 -5.232590180780452 3.2
      vertex 81.56361457534443 -4.879159031740509 3.2
    endloop
  endfacet
  facet normal -0.77301045336273 0.634393284163654 0
    outer loop
      vertex 81.87081471815515 -4.504834574664533 0
      vertex 81.56361457534443 -4.879159031740509 3.2
      vertex 81.87081471815515 -4.504834574664533 3.2
    endloop
  endfacet
  facet normal -0.8128466845916151 0.5824776968678022 0
    outer loop
      vertex 82.15287513103884 -4.111219724345056 0
      vertex 81.87081471815515 -4.504834574664533 3.2
      vertex 82.15287513103884 -4.111219724345056 3.2
    endloop
  endfacet
  facet normal -0.8492021815265896 0.5280678506503509 0
    outer loop
      vertex 82.40858798800484 -3.7 0
      vertex 82.15287513103884 -4.111219724345056 3.2
      vertex 82.40858798800484 -3.7 3.2
    endloop
  endfacet
  facet normal -0.8819212643483485 0.47139673682600985 0
    outer loop
      vertex 82.6368582873419 -3.27293630762061 0
      vertex 82.40858798800484 -3.7 3.2
      vertex 82.6368582873419 -3.27293630762061 3.2
    endloop
  endfacet
  facet normal -0.9108638249211817 0.41270702980438173 0
    outer loop
      vertex 82.83670854058352 -2.8318573995016645 0
      vertex 82.6368582873419 -3.27293630762061 3.2
      vertex 82.83670854058352 -2.8318573995016645 3.2
    endloop
  endfacet
  facet normal 0.9359059267573182 0.3522500479212535 0
    outer loop
      vertex 69.16329145941648 -2.8318573995016645 0
      vertex 68.99271704173621 -2.3786520432433957 3.2
      vertex 69.16329145941648 -2.8318573995016645 3.2
    endloop
  endfacet
  facet normal 0.95694033573221 0.29028467725445883 0
    outer loop
      vertex 68.99271704173621 -2.3786520432433957 0
      vertex 68.85214888546089 -1.9152609337586535 3.2
      vertex 68.99271704173621 -2.3786520432433957 3.2
    endloop
  endfacet
  facet normal 0.9738769792773349 0.22707626303436815 0
    outer loop
      vertex 68.85214888546089 -1.9152609337586535 0
      vertex 68.7421889250161 -1.443668382919349 3.2
      vertex 68.85214888546089 -1.9152609337586535 3.2
    endloop
  endfacet
  facet normal 0.986643332084878 0.1628954733945947 0
    outer loop
      vertex 68.6633080258338 -0.9658938224283817 3.2
      vertex 68.7421889250161 -1.443668382919349 3.2
      vertex 68.7421889250161 -1.443668382919349 0
    endloop
  endfacet
  facet normal 0.9951847266721989 0.0980171403295407 0
    outer loop
      vertex 68.6633080258338 -0.9658938224283817 0
      vertex 68.61584396803434 -0.48398315630305866 3.2
      vertex 68.6633080258338 -0.9658938224283817 3.2
    endloop
  endfacet
  facet normal 0.9994645874763648 0.032719082821801394 0
    outer loop
      vertex 68.61584396803434 -0.48398315630305866 0
      vertex 68.6 0 3.2
      vertex 68.61584396803434 -0.48398315630305866 3.2
    endloop
  endfacet
  facet normal -0.9359059267573182 0.3522500479212535 0
    outer loop
      vertex 83.00728295826379 -2.3786520432433957 0
      vertex 82.83670854058352 -2.8318573995016645 3.2
      vertex 83.00728295826379 -2.3786520432433957 3.2
    endloop
  endfacet
  facet normal -0.95694033573221 0.29028467725445883 0
    outer loop
      vertex 83.14785111453911 -1.9152609337586535 0
      vertex 83.00728295826379 -2.3786520432433957 3.2
      vertex 83.14785111453911 -1.9152609337586535 3.2
    endloop
  endfacet
  facet normal -0.9738769792773349 0.22707626303436815 0
    outer loop
      vertex 83.2578110749839 -1.443668382919349 0
      vertex 83.14785111453911 -1.9152609337586535 3.2
      vertex 83.2578110749839 -1.443668382919349 3.2
    endloop
  endfacet
  facet normal -0.986643332084878 0.1628954733945947 0
    outer loop
      vertex 83.3366919741662 -0.9658938224283817 0
      vertex 83.2578110749839 -1.443668382919349 3.2
      vertex 83.3366919741662 -0.9658938224283817 3.2
    endloop
  endfacet
  facet normal -0.9951847266721989 0.0980171403295407 0
    outer loop
      vertex 83.38415603196566 -0.48398315630305866 0
      vertex 83.3366919741662 -0.9658938224283817 3.2
      vertex 83.38415603196566 -0.48398315630305866 3.2
    endloop
  endfacet
  facet normal -0.9994645874763648 0.032719082821801394 0
    outer loop
      vertex 83.38415603196566 -0.48398315630305866 3.2
      vertex 83.4 0 3.2
      vertex 83.4 0 0
    endloop
  endfacet
  facet normal 0.9994645874763648 -0.032719082821801394 0
    outer loop
      vertex 68.6 0 0
      vertex 68.61584396803434 0.48398315630305866 0
      vertex 68.61584396803434 0.48398315630305866 3.2
    endloop
  endfacet
  facet normal 0.9951847266721989 -0.0980171403295407 0
    outer loop
      vertex 68.61584396803434 0.48398315630305866 0
      vertex 68.6633080258338 0.9658938224283817 0
      vertex 68.6633080258338 0.9658938224283817 3.2
    endloop
  endfacet
  facet normal 0.986643332084878 -0.1628954733945947 0
    outer loop
      vertex 68.6633080258338 0.9658938224283817 0
      vertex 68.7421889250161 1.443668382919349 0
      vertex 68.7421889250161 1.443668382919349 3.2
    endloop
  endfacet
  facet normal 0.9738769792773349 -0.22707626303436815 0
    outer loop
      vertex 68.7421889250161 1.443668382919349 0
      vertex 68.85214888546089 1.9152609337586535 0
      vertex 68.85214888546089 1.9152609337586535 3.2
    endloop
  endfacet
  facet normal 0.95694033573221 -0.29028467725445883 0
    outer loop
      vertex 68.85214888546089 1.9152609337586535 0
      vertex 68.99271704173621 2.3786520432433957 0
      vertex 68.99271704173621 2.3786520432433957 3.2
    endloop
  endfacet
  facet normal 0.9359059267573182 -0.3522500479212535 0
    outer loop
      vertex 68.99271704173621 2.3786520432433957 0
      vertex 69.16329145941648 2.8318573995016645 0
      vertex 69.16329145941648 2.8318573995016645 3.2
    endloop
  endfacet
  facet normal -0.9994645874763648 -0.032719082821801394 0
    outer loop
      vertex 83.38415603196566 0.48398315630305866 0
      vertex 83.4 0 0
      vertex 83.4 0 3.2
    endloop
  endfacet
  facet normal -0.9951847266721989 -0.0980171403295407 0
    outer loop
      vertex 83.3366919741662 0.9658938224283817 0
      vertex 83.38415603196566 0.48398315630305866 0
      vertex 83.38415603196566 0.48398315630305866 3.2
    endloop
  endfacet
  facet normal -0.986643332084878 -0.1628954733945947 0
    outer loop
      vertex 83.2578110749839 1.443668382919349 0
      vertex 83.3366919741662 0.9658938224283817 0
      vertex 83.3366919741662 0.9658938224283817 3.2
    endloop
  endfacet
  facet normal -0.9738769792773349 -0.22707626303436815 0
    outer loop
      vertex 83.14785111453911 1.9152609337586535 0
      vertex 83.2578110749839 1.443668382919349 0
      vertex 83.2578110749839 1.443668382919349 3.2
    endloop
  endfacet
  facet normal -0.95694033573221 -0.29028467725445883 0
    outer loop
      vertex 83.00728295826379 2.3786520432433957 0
      vertex 83.14785111453911 1.9152609337586535 0
      vertex 83.14785111453911 1.9152609337586535 3.2
    endloop
  endfacet
  facet normal -0.9359059267573182 -0.3522500479212535 0
    outer loop
      vertex 82.83670854058352 2.8318573995016645 0
      vertex 83.00728295826379 2.3786520432433957 0
      vertex 83.00728295826379 2.3786520432433957 3.2
    endloop
  endfacet
  facet normal 0.9108638249211817 -0.41270702980438173 0
    outer loop
      vertex 69.16329145941648 2.8318573995016645 0
      vertex 69.3631417126581 3.27293630762061 0
      vertex 69.3631417126581 3.27293630762061 3.2
    endloop
  endfacet
  facet normal 0.8819212643483485 -0.47139673682600985 0
    outer loop
      vertex 69.3631417126581 3.27293630762061 0
      vertex 69.59141201199516 3.7 0
      vertex 69.59141201199516 3.7 3.2
    endloop
  endfacet
  facet normal 0.8492021815265896 -0.5280678506503509 0
    outer loop
      vertex 69.59141201199516 3.7 0
      vertex 69.84712486896116 4.111219724345056 0
      vertex 69.84712486896116 4.111219724345056 3.2
    endloop
  endfacet
  facet normal 0.8128466845916151 -0.5824776968678022 0
    outer loop
      vertex 69.84712486896116 4.111219724345056 0
      vertex 70.12918528184485 4.504834574664533 0
      vertex 70.12918528184485 4.504834574664533 3.2
    endloop
  endfacet
  facet normal 0.77301045336273 -0.634393284163654 0
    outer loop
      vertex 70.12918528184485 4.504834574664533 0
      vertex 70.43638542465557 4.879159031740509 0
      vertex 70.43638542465557 4.879159031740509 3.2
    endloop
  endfacet
  facet normal 0.7298640726978347 -0.6835923020228722 0
    outer loop
      vertex 70.43638542465557 4.879159031740509 0
      vertex 70.76740981921955 5.232590180780452 0
      vertex 70.76740981921955 5.232590180780452 3.2
    endloop
  endfacet
  facet normal 0.6835923020228786 -0.7298640726978286 0
    outer loop
      vertex 71.12084096825949 5.563614575344433 0
      vertex 71.12084096825949 5.563614575344433 3.2
      vertex 70.76740981921955 5.232590180780452 0
    endloop
  endfacet
  facet normal -0.9108638249211817 -0.41270702980438173 0
    outer loop
      vertex 82.6368582873419 3.27293630762061 0
      vertex 82.83670854058352 2.8318573995016645 0
      vertex 82.83670854058352 2.8318573995016645 3.2
    endloop
  endfacet
  facet normal -0.8819212643483485 -0.47139673682600985 0
    outer loop
      vertex 82.40858798800484 3.7 0
      vertex 82.6368582873419 3.27293630762061 0
      vertex 82.6368582873419 3.27293630762061 3.2
    endloop
  endfacet
  facet normal -0.8492021815265896 -0.5280678506503509 0
    outer loop
      vertex 82.15287513103884 4.111219724345056 0
      vertex 82.40858798800484 3.7 0
      vertex 82.40858798800484 3.7 3.2
    endloop
  endfacet
  facet normal -0.7298640726978347 -0.6835923020228722 0
    outer loop
      vertex 81.23259018078045 5.232590180780452 0
      vertex 81.56361457534443 4.879159031740509 0
      vertex 81.56361457534443 4.879159031740509 3.2
    endloop
  endfacet
  facet normal -0.6835923020228786 -0.7298640726978286 0
    outer loop
      vertex 81.23259018078045 5.232590180780452 0
      vertex 81.23259018078045 5.232590180780452 3.2
      vertex 80.87915903174051 5.563614575344433 0
    endloop
  endfacet
  facet normal -0.8128466845916151 -0.5824776968678022 0
    outer loop
      vertex 81.87081471815515 4.504834574664533 0
      vertex 82.15287513103884 4.111219724345056 0
      vertex 82.15287513103884 4.111219724345056 3.2
    endloop
  endfacet
  facet normal -0.77301045336273 -0.634393284163654 0
    outer loop
      vertex 81.56361457534443 4.879159031740509 0
      vertex 81.87081471815515 4.504834574664533 0
      vertex 81.87081471815515 4.504834574664533 3.2
    endloop
  endfacet
  facet normal 0.6343932841636374 -0.7730104533627437 0
    outer loop
      vertex 71.49516542533547 5.870814718155141 0
      vertex 71.49516542533547 5.870814718155141 3.2
      vertex 71.12084096825949 5.563614575344433 0
    endloop
  endfacet
  facet normal 0.5824776968678114 -0.8128466845916086 0
    outer loop
      vertex 71.88878027565494 6.152875131038835 0
      vertex 71.88878027565494 6.152875131038835 3.2
      vertex 71.49516542533547 5.870814718155141 0
    endloop
  endfacet
  facet normal 0.5280678506503649 -0.849202181526581 0
    outer loop
      vertex 72.3 6.408587988004846 0
      vertex 72.3 6.408587988004846 3.2
      vertex 71.88878027565494 6.152875131038835 0
    endloop
  endfacet
  facet normal 0.4713967368259972 -0.8819212643483552 0
    outer loop
      vertex 72.72706369237939 6.6368582873418935 0
      vertex 72.72706369237939 6.6368582873418935 3.2
      vertex 72.3 6.408587988004846 0
    endloop
  endfacet
  facet normal 0.4127070298043892 -0.9108638249211783 0
    outer loop
      vertex 73.16814260049834 6.836708540583523 0
      vertex 73.16814260049834 6.836708540583523 3.2
      vertex 72.72706369237939 6.6368582873418935 0
    endloop
  endfacet
  facet normal 0.3522500479212345 -0.9359059267573253 0
    outer loop
      vertex 73.62134795675661 7.007282958263782 0
      vertex 73.62134795675661 7.007282958263782 3.2
      vertex 73.16814260049834 6.836708540583523 0
    endloop
  endfacet
  facet normal 0.2902846772544681 -0.9569403357322072 0
    outer loop
      vertex 74.08473906624134 7.1478511145391055 0
      vertex 74.08473906624134 7.1478511145391055 3.2
      vertex 73.62134795675661 7.007282958263782 0
    endloop
  endfacet
  facet normal 0.22707626303437342 -0.9738769792773336 0
    outer loop
      vertex 74.55633161708064 7.2578110749839055 0
      vertex 74.55633161708064 7.2578110749839055 3.2
      vertex 74.08473906624134 7.1478511145391055 0
    endloop
  endfacet
  facet normal 0.16289547339458813 -0.9866433320848792 0
    outer loop
      vertex 75.03410617757162 7.336691974166198 0
      vertex 75.03410617757162 7.336691974166198 3.2
      vertex 74.55633161708064 7.2578110749839055 0
    endloop
  endfacet
  facet normal 0.09801714032955926 -0.9951847266721969 0
    outer loop
      vertex 75.51601684369695 7.3841560319656665 0
      vertex 75.51601684369695 7.3841560319656665 3.2
      vertex 75.03410617757162 7.336691974166198 0
    endloop
  endfacet
  facet normal 0.03271908282177603 -0.9994645874763656 0
    outer loop
      vertex 76 7.4 0
      vertex 76 7.4 3.2
      vertex 75.51601684369695 7.3841560319656665 0
    endloop
  endfacet
  facet normal -0.6343932841636374 -0.7730104533627437 0
    outer loop
      vertex 80.87915903174051 5.563614575344433 0
      vertex 80.87915903174051 5.563614575344433 3.2
      vertex 80.50483457466453 5.870814718155141 0
    endloop
  endfacet
  facet normal -0.5824776968678114 -0.8128466845916086 0
    outer loop
      vertex 80.50483457466453 5.870814718155141 0
      vertex 80.50483457466453 5.870814718155141 3.2
      vertex 80.11121972434506 6.152875131038835 0
    endloop
  endfacet
  facet normal -0.5280678506503649 -0.849202181526581 0
    outer loop
      vertex 80.11121972434506 6.152875131038835 0
      vertex 80.11121972434506 6.152875131038835 3.2
      vertex 79.7 6.408587988004846 0
    endloop
  endfacet
  facet normal -0.4713967368259972 -0.8819212643483552 0
    outer loop
      vertex 79.7 6.408587988004846 0
      vertex 79.7 6.408587988004846 3.2
      vertex 79.27293630762061 6.6368582873418935 0
    endloop
  endfacet
  facet normal -0.4127070298043892 -0.9108638249211783 0
    outer loop
      vertex 79.27293630762061 6.6368582873418935 0
      vertex 79.27293630762061 6.6368582873418935 3.2
      vertex 78.83185739950166 6.836708540583523 0
    endloop
  endfacet
  facet normal -0.3522500479212345 -0.9359059267573253 0
    outer loop
      vertex 78.83185739950166 6.836708540583523 0
      vertex 78.83185739950166 6.836708540583523 3.2
      vertex 78.37865204324339 7.007282958263782 0
    endloop
  endfacet
  facet normal -0.22707626303437342 -0.9738769792773336 0
    outer loop
      vertex 77.91526093375866 7.1478511145391055 0
      vertex 77.91526093375866 7.1478511145391055 3.2
      vertex 77.44366838291936 7.2578110749839055 0
    endloop
  endfacet
  facet normal -0.2902846772544681 -0.9569403357322072 0
    outer loop
      vertex 78.37865204324339 7.007282958263782 0
      vertex 78.37865204324339 7.007282958263782 3.2
      vertex 77.91526093375866 7.1478511145391055 0
    endloop
  endfacet
  facet normal -0.03271908282177603 -0.9994645874763656 0
    outer loop
      vertex 76.48398315630305 7.3841560319656665 0
      vertex 76.48398315630305 7.3841560319656665 3.2
      vertex 76 7.4 0
    endloop
  endfacet
  facet normal -0.16289547339458813 -0.9866433320848792 0
    outer loop
      vertex 77.44366838291936 7.2578110749839055 0
      vertex 77.44366838291936 7.2578110749839055 3.2
      vertex 76.96589382242838 7.336691974166198 0
    endloop
  endfacet
  facet normal -0.09801714032955926 -0.9951847266721969 0
    outer loop
      vertex 76.96589382242838 7.336691974166198 0
      vertex 76.96589382242838 7.336691974166198 3.2
      vertex 76.48398315630305 7.3841560319656665 0
    endloop
  endfacet
  facet normal 0.9994645874763648 -0.032719082821801394 0
    outer loop
      vertex 68.6 0 0
      vertex 68.61584396803434 0.48398315630305866 3.2
      vertex 68.6 0 3.2
    endloop
  endfacet
  facet normal 0.9951847266721989 -0.0980171403295407 0
    outer loop
      vertex 68.61584396803434 0.48398315630305866 0
      vertex 68.6633080258338 0.9658938224283817 3.2
      vertex 68.61584396803434 0.48398315630305866 3.2
    endloop
  endfacet
  facet normal 0.986643332084878 -0.1628954733945947 0
    outer loop
      vertex 68.7421889250161 1.443668382919349 3.2
      vertex 68.6633080258338 0.9658938224283817 3.2
      vertex 68.6633080258338 0.9658938224283817 0
    endloop
  endfacet
  facet normal 0.9738769792773349 -0.22707626303436815 0
    outer loop
      vertex 68.7421889250161 1.443668382919349 0
      vertex 68.85214888546089 1.9152609337586535 3.2
      vertex 68.7421889250161 1.443668382919349 3.2
    endloop
  endfacet
  facet normal 0.95694033573221 -0.29028467725445883 0
    outer loop
      vertex 68.85214888546089 1.9152609337586535 0
      vertex 68.99271704173621 2.3786520432433957 3.2
      vertex 68.85214888546089 1.9152609337586535 3.2
    endloop
  endfacet
  facet normal 0.9359059267573182 -0.3522500479212535 0
    outer loop
      vertex 68.99271704173621 2.3786520432433957 0
      vertex 69.16329145941648 2.8318573995016645 3.2
      vertex 68.99271704173621 2.3786520432433957 3.2
    endloop
  endfacet
  facet normal -0.9994645874763648 -0.032719082821801394 0
    outer loop
      vertex 83.4 0 3.2
      vertex 83.38415603196566 0.48398315630305866 3.2
      vertex 83.38415603196566 0.48398315630305866 0
    endloop
  endfacet
  facet normal -0.9951847266721989 -0.0980171403295407 0
    outer loop
      vertex 83.3366919741662 0.9658938224283817 0
      vertex 83.38415603196566 0.48398315630305866 3.2
      vertex 83.3366919741662 0.9658938224283817 3.2
    endloop
  endfacet
  facet normal -0.986643332084878 -0.1628954733945947 0
    outer loop
      vertex 83.2578110749839 1.443668382919349 0
      vertex 83.3366919741662 0.9658938224283817 3.2
      vertex 83.2578110749839 1.443668382919349 3.2
    endloop
  endfacet
  facet normal -0.9738769792773349 -0.22707626303436815 0
    outer loop
      vertex 83.14785111453911 1.9152609337586535 0
      vertex 83.2578110749839 1.443668382919349 3.2
      vertex 83.14785111453911 1.9152609337586535 3.2
    endloop
  endfacet
  facet normal -0.95694033573221 -0.29028467725445883 0
    outer loop
      vertex 83.00728295826379 2.3786520432433957 0
      vertex 83.14785111453911 1.9152609337586535 3.2
      vertex 83.00728295826379 2.3786520432433957 3.2
    endloop
  endfacet
  facet normal -0.9359059267573182 -0.3522500479212535 0
    outer loop
      vertex 82.83670854058352 2.8318573995016645 0
      vertex 83.00728295826379 2.3786520432433957 3.2
      vertex 82.83670854058352 2.8318573995016645 3.2
    endloop
  endfacet
  facet normal 0.9108638249211817 -0.41270702980438173 0
    outer loop
      vertex 69.16329145941648 2.8318573995016645 0
      vertex 69.3631417126581 3.27293630762061 3.2
      vertex 69.16329145941648 2.8318573995016645 3.2
    endloop
  endfacet
  facet normal 0.8819212643483485 -0.47139673682600985 0
    outer loop
      vertex 69.3631417126581 3.27293630762061 0
      vertex 69.59141201199516 3.7 3.2
      vertex 69.3631417126581 3.27293630762061 3.2
    endloop
  endfacet
  facet normal 0.8492021815265896 -0.5280678506503509 0
    outer loop
      vertex 69.59141201199516 3.7 0
      vertex 69.84712486896116 4.111219724345056 3.2
      vertex 69.59141201199516 3.7 3.2
    endloop
  endfacet
  facet normal 0.8128466845916151 -0.5824776968678022 0
    outer loop
      vertex 69.84712486896116 4.111219724345056 0
      vertex 70.12918528184485 4.504834574664533 3.2
      vertex 69.84712486896116 4.111219724345056 3.2
    endloop
  endfacet
  facet normal 0.77301045336273 -0.634393284163654 0
    outer loop
      vertex 70.12918528184485 4.504834574664533 0
      vertex 70.43638542465557 4.879159031740509 3.2
      vertex 70.12918528184485 4.504834574664533 3.2
    endloop
  endfacet
  facet normal 0.7298640726978347 -0.6835923020228722 0
    outer loop
      vertex 70.43638542465557 4.879159031740509 0
      vertex 70.76740981921955 5.232590180780452 3.2
      vertex 70.43638542465557 4.879159031740509 3.2
    endloop
  endfacet
  facet normal 0.6835923020228786 -0.7298640726978286 0
    outer loop
      vertex 70.76740981921955 5.232590180780452 0
      vertex 71.12084096825949 5.563614575344433 3.2
      vertex 70.76740981921955 5.232590180780452 3.2
    endloop
  endfacet
  facet normal -0.9108638249211817 -0.41270702980438173 0
    outer loop
      vertex 82.6368582873419 3.27293630762061 0
      vertex 82.83670854058352 2.8318573995016645 3.2
      vertex 82.6368582873419 3.27293630762061 3.2
    endloop
  endfacet
  facet normal -0.8819212643483485 -0.47139673682600985 0
    outer loop
      vertex 82.40858798800484 3.7 0
      vertex 82.6368582873419 3.27293630762061 3.2
      vertex 82.40858798800484 3.7 3.2
    endloop
  endfacet
  facet normal -0.8492021815265896 -0.5280678506503509 0
    outer loop
      vertex 82.15287513103884 4.111219724345056 0
      vertex 82.40858798800484 3.7 3.2
      vertex 82.15287513103884 4.111219724345056 3.2
    endloop
  endfacet
  facet normal -0.7298640726978347 -0.6835923020228722 0
    outer loop
      vertex 81.23259018078045 5.232590180780452 0
      vertex 81.56361457534443 4.879159031740509 3.2
      vertex 81.23259018078045 5.232590180780452 3.2
    endloop
  endfacet
  facet normal -0.6835923020228786 -0.7298640726978286 0
    outer loop
      vertex 80.87915903174051 5.563614575344433 0
      vertex 81.23259018078045 5.232590180780452 3.2
      vertex 80.87915903174051 5.563614575344433 3.2
    endloop
  endfacet
  facet normal -0.8128466845916151 -0.5824776968678022 0
    outer loop
      vertex 81.87081471815515 4.504834574664533 0
      vertex 82.15287513103884 4.111219724345056 3.2
      vertex 81.87081471815515 4.504834574664533 3.2
    endloop
  endfacet
  facet normal -0.77301045336273 -0.634393284163654 0
    outer loop
      vertex 81.56361457534443 4.879159031740509 0
      vertex 81.87081471815515 4.504834574664533 3.2
      vertex 81.56361457534443 4.879159031740509 3.2
    endloop
  endfacet
  facet normal 0.6343932841636374 -0.7730104533627437 0
    outer loop
      vertex 71.12084096825949 5.563614575344433 0
      vertex 71.49516542533547 5.870814718155141 3.2
      vertex 71.12084096825949 5.563614575344433 3.2
    endloop
  endfacet
  facet normal 0.5824776968678114 -0.8128466845916086 0
    outer loop
      vertex 71.49516542533547 5.870814718155141 0
      vertex 71.88878027565494 6.152875131038835 3.2
      vertex 71.49516542533547 5.870814718155141 3.2
    endloop
  endfacet
  facet normal 0.5280678506503649 -0.849202181526581 0
    outer loop
      vertex 71.88878027565494 6.152875131038835 0
      vertex 72.3 6.408587988004846 3.2
      vertex 71.88878027565494 6.152875131038835 3.2
    endloop
  endfacet
  facet normal 0.4713967368259972 -0.8819212643483552 0
    outer loop
      vertex 72.3 6.408587988004846 0
      vertex 72.72706369237939 6.6368582873418935 3.2
      vertex 72.3 6.408587988004846 3.2
    endloop
  endfacet
  facet normal 0.4127070298043892 -0.9108638249211783 0
    outer loop
      vertex 72.72706369237939 6.6368582873418935 0
      vertex 73.16814260049834 6.836708540583523 3.2
      vertex 72.72706369237939 6.6368582873418935 3.2
    endloop
  endfacet
  facet normal 0.3522500479212345 -0.9359059267573253 0
    outer loop
      vertex 73.16814260049834 6.836708540583523 0
      vertex 73.62134795675661 7.007282958263782 3.2
      vertex 73.16814260049834 6.836708540583523 3.2
    endloop
  endfacet
  facet normal 0.2902846772544681 -0.9569403357322072 0
    outer loop
      vertex 73.62134795675661 7.007282958263782 0
      vertex 74.08473906624134 7.1478511145391055 3.2
      vertex 73.62134795675661 7.007282958263782 3.2
    endloop
  endfacet
  facet normal 0.22707626303437342 -0.9738769792773336 0
    outer loop
      vertex 74.08473906624134 7.1478511145391055 0
      vertex 74.55633161708064 7.2578110749839055 3.2
      vertex 74.08473906624134 7.1478511145391055 3.2
    endloop
  endfacet
  facet normal 0.16289547339458813 -0.9866433320848792 0
    outer loop
      vertex 74.55633161708064 7.2578110749839055 0
      vertex 75.03410617757162 7.336691974166198 3.2
      vertex 74.55633161708064 7.2578110749839055 3.2
    endloop
  endfacet
  facet normal 0.09801714032955926 -0.9951847266721969 0
    outer loop
      vertex 75.03410617757162 7.336691974166198 0
      vertex 75.51601684369695 7.3841560319656665 3.2
      vertex 75.03410617757162 7.336691974166198 3.2
    endloop
  endfacet
  facet normal 0.03271908282177603 -0.9994645874763656 0
    outer loop
      vertex 75.51601684369695 7.3841560319656665 0
      vertex 76 7.4 3.2
      vertex 75.51601684369695 7.3841560319656665 3.2
    endloop
  endfacet
  facet normal -0.6343932841636374 -0.7730104533627437 0
    outer loop
      vertex 80.50483457466453 5.870814718155141 0
      vertex 80.87915903174051 5.563614575344433 3.2
      vertex 80.50483457466453 5.870814718155141 3.2
    endloop
  endfacet
  facet normal -0.5824776968678114 -0.8128466845916086 0
    outer loop
      vertex 80.11121972434506 6.152875131038835 0
      vertex 80.50483457466453 5.870814718155141 3.2
      vertex 80.11121972434506 6.152875131038835 3.2
    endloop
  endfacet
  facet normal -0.5280678506503649 -0.849202181526581 0
    outer loop
      vertex 79.7 6.408587988004846 0
      vertex 80.11121972434506 6.152875131038835 3.2
      vertex 79.7 6.408587988004846 3.2
    endloop
  endfacet
  facet normal -0.4713967368259972 -0.8819212643483552 0
    outer loop
      vertex 79.27293630762061 6.6368582873418935 0
      vertex 79.7 6.408587988004846 3.2
      vertex 79.27293630762061 6.6368582873418935 3.2
    endloop
  endfacet
  facet normal -0.4127070298043892 -0.9108638249211783 0
    outer loop
      vertex 78.83185739950166 6.836708540583523 0
      vertex 79.27293630762061 6.6368582873418935 3.2
      vertex 78.83185739950166 6.836708540583523 3.2
    endloop
  endfacet
  facet normal -0.3522500479212345 -0.9359059267573253 0
    outer loop
      vertex 78.37865204324339 7.007282958263782 0
      vertex 78.83185739950166 6.836708540583523 3.2
      vertex 78.37865204324339 7.007282958263782 3.2
    endloop
  endfacet
  facet normal -0.2902846772544681 -0.9569403357322072 0
    outer loop
      vertex 77.91526093375866 7.1478511145391055 0
      vertex 78.37865204324339 7.007282958263782 3.2
      vertex 77.91526093375866 7.1478511145391055 3.2
    endloop
  endfacet
  facet normal -0.09801714032955926 -0.9951847266721969 0
    outer loop
      vertex 76.48398315630305 7.3841560319656665 0
      vertex 76.96589382242838 7.336691974166198 3.2
      vertex 76.48398315630305 7.3841560319656665 3.2
    endloop
  endfacet
  facet normal -0.16289547339458813 -0.9866433320848792 0
    outer loop
      vertex 76.96589382242838 7.336691974166198 0
      vertex 77.44366838291936 7.2578110749839055 3.2
      vertex 76.96589382242838 7.336691974166198 3.2
    endloop
  endfacet
  facet normal -0.03271908282177603 -0.9994645874763656 0
    outer loop
      vertex 76 7.4 0
      vertex 76.48398315630305 7.3841560319656665 3.2
      vertex 76 7.4 3.2
    endloop
  endfacet
  facet normal -0.22707626303437342 -0.9738769792773336 0
    outer loop
      vertex 77.44366838291936 7.2578110749839055 0
      vertex 77.91526093375866 7.1478511145391055 3.2
      vertex 77.44366838291936 7.2578110749839055 3.2
    endloop
  endfacet
endsolid OpenSCAD_Model
