solid OpenSCAD_Model
  facet normal 0 0 -1
    outer loop
      vertex 15.714411267638209 9.271521465778312 1.98
      vertex 16.009589822590353 9.356931643485984 1.98
      vertex 15.747450606524946 9.192226180732211 1.98
    endloop
  endfacet
  facet normal 0 0 -1
    outer loop
      vertex 15.747450606524946 9.192226180732211 1.98
      vertex 16.033934058249 9.301135191619357 1.98
      vertex 15.788830013573172 9.119826132357082 1.98
    endloop
  endfacet
  facet normal 0 0 -1
    outer loop
      vertex 15.788830013573172 9.119826132357082 1.98
      vertex 16.06382470726967 9.250538648962936 1.98
      vertex 15.838549488782885 9.054321328103503 1.98
    endloop
  endfacet
  facet normal 0 0 -1
    outer loop
      vertex 15.838549488782885 9.054321328103503 1.98
      vertex 16.080849939584734 9.227190339863261 1.98
      vertex 15.896609039604666 8.995711760520896 1.98
    endloop
  endfacet
  facet normal 0 0 -1
    outer loop
      vertex 15.747450606524946 9.192226180732211 1.98
      vertex 16.009589822590353 9.356931643485984 1.98
      vertex 16.02106864154339 9.328383432626685 1.98
    endloop
  endfacet
  facet normal 0 0 -1
    outer loop
      vertex 15.747450606524946 9.192226180732211 1.98
      vertex 16.02106864154339 9.328383432626685 1.98
      vertex 16.033934058249 9.301135191619357 1.98
    endloop
  endfacet
  facet normal 0 0 -1
    outer loop
      vertex 15.689711996912958 9.357712002396545 1.98
      vertex 15.990792000293734 9.417927997112235 1.98
      vertex 15.714411267638209 9.271521465778312 1.98
    endloop
  endfacet
  facet normal 0 0 -1
    outer loop
      vertex 15.714411267638209 9.271521465778312 1.98
      vertex 15.990792000293734 9.417927997112235 1.98
      vertex 15.999497608840468 9.386779831647834 1.98
    endloop
  endfacet
  facet normal 0 0 -1
    outer loop
      vertex 15.714411267638209 9.271521465778312 1.98
      vertex 15.999497608840468 9.386779831647834 1.98
      vertex 16.009589822590353 9.356931643485984 1.98
    endloop
  endfacet
  facet normal 0 0 -1
    outer loop
      vertex 15.788830013573172 9.119826132357082 1.98
      vertex 16.033934058249 9.301135191619357 1.98
      vertex 16.04818608015776 9.275186935365161 1.98
    endloop
  endfacet
  facet normal 0 0 -1
    outer loop
      vertex 15.788830013573172 9.119826132357082 1.98
      vertex 16.04818608015776 9.275186935365161 1.98
      vertex 16.06382470726967 9.250538648962936 1.98
    endloop
  endfacet
  facet normal 0 0 -1
    outer loop
      vertex 15.896609039604666 8.995711760520896 1.98
      vertex 16.119060212373736 9.184393653571567 1.98
      vertex 15.963008666038515 8.943997444510421 1.98
    endloop
  endfacet
  facet normal 0 0 -1
    outer loop
      vertex 15.838549488782885 9.054321328103503 1.98
      vertex 16.06382470726967 9.250538648962936 1.98
      vertex 16.080849939584734 9.227190339863261 1.98
    endloop
  endfacet
  facet normal 0 0 -1
    outer loop
      vertex 15.896609039604666 8.995711760520896 1.98
      vertex 16.080849939584734 9.227190339863261 1.98
      vertex 16.09926177710295 9.205142015516719 1.98
    endloop
  endfacet
  facet normal 0 0 -1
    outer loop
      vertex 15.896609039604666 8.995711760520896 1.98
      vertex 16.09926177710295 9.205142015516719 1.98
      vertex 16.119060212373736 9.184393653571567 1.98
    endloop
  endfacet
  facet normal 0 0 -1
    outer loop
      vertex 15.963008666038515 8.943997444510421 1.98
      vertex 16.162816898524763 9.146796876490077 1.98
      vertex 16.03774835318327 8.899178365170917 1.98
    endloop
  endfacet
  facet normal 0 0 -1
    outer loop
      vertex 15.963008666038515 8.943997444510421 1.98
      vertex 16.119060212373736 9.184393653571567 1.98
      vertex 16.140245252847674 9.164945276379546 1.98
    endloop
  endfacet
  facet normal 0 0 -1
    outer loop
      vertex 15.963008666038515 8.943997444510421 1.98
      vertex 16.140245252847674 9.164945276379546 1.98
      vertex 16.162816898524763 9.146796876490077 1.98
    endloop
  endfacet
  facet normal 0 0 -1
    outer loop
      vertex 15.803491884469988 10.426793986856898 1.98
      vertex 16.10513865351677 10.476012589335403 1.98
      vertex 15.80629903227091 10.408917965292892 1.98
    endloop
  endfacet
  facet normal 0 0 -1
    outer loop
      vertex 15.803491884469988 10.426793986856898 1.98
      vertex 15.801195123791697 10.44501680314537 1.98
      vertex 16.10513865351677 10.476012589335403 1.98
    endloop
  endfacet
  facet normal 0 0 -1
    outer loop
      vertex 15.822631524503233 10.340881796479186 1.98
      vertex 16.11610011905432 10.434336947202643 1.98
      vertex 15.827990630269053 10.32473974108692 1.98
    endloop
  endfacet
  facet normal 0 0 -1
    outer loop
      vertex 15.809616567194464 10.391388731002769 1.98
      vertex 16.108128139376642 10.461687290966472 1.98
      vertex 15.813444496691229 10.37420629888769 1.98
    endloop
  endfacet
  facet normal 0 0 -1
    outer loop
      vertex 15.817782813310625 10.357370654046496 1.98
      vertex 15.813444496691229 10.37420629888769 1.98
      vertex 16.11178196370602 10.447795407772025 1.98
    endloop
  endfacet
  facet normal 0 0 -1
    outer loop
      vertex 15.80629903227091 10.408917965292892 1.98
      vertex 16.108128139376642 10.461687290966472 1.98
      vertex 15.809616567194464 10.391388731002769 1.98
    endloop
  endfacet
  facet normal 0 0 -1
    outer loop
      vertex 15.817782813310625 10.357370654046496 1.98
      vertex 16.11610011905432 10.434336947202643 1.98
      vertex 15.822631524503233 10.340881796479186 1.98
    endloop
  endfacet
  facet normal 0 0 -1
    outer loop
      vertex 15.833860115706923 10.30894447296854 1.98
      vertex 16.121082605421545 10.421311901807746 1.98
      vertex 15.840240003168585 10.293495999574622 1.98
    endloop
  endfacet
  facet normal 0 0 -1
    outer loop
      vertex 15.827990630269053 10.32473974108692 1.98
      vertex 16.121082605421545 10.421311901807746 1.98
      vertex 15.833860115706923 10.30894447296854 1.98
    endloop
  endfacet
  facet normal 0 0 -1
    outer loop
      vertex 15.847101444005968 10.2783737275004 1.98
      vertex 16.126729422807696 10.408720286488494 1.98
      vertex 15.854415619373324 10.26354967981573 1.98
    endloop
  endfacet
  facet normal 0 0 -1
    outer loop
      vertex 15.840240003168585 10.293495999574622 1.98
      vertex 16.126729422807696 10.408720286488494 1.98
      vertex 15.847101444005968 10.2783737275004 1.98
    endloop
  endfacet
  facet normal 0 0 -1
    outer loop
      vertex 15.799408757686617 10.463586414158305 1.98
      vertex 15.798132778704169 10.482502819895705 1.98
      vertex 16.101152659952643 10.505963453948459 1.98
    endloop
  endfacet
  facet normal 0 0 -1
    outer loop
      vertex 15.799408757686617 10.463586414158305 1.98
      vertex 16.102813491225245 10.490771310329398 1.98
      vertex 15.801195123791697 10.44501680314537 1.98
    endloop
  endfacet
  facet normal 0 0 -1
    outer loop
      vertex 15.798132778704169 10.482502819895705 1.98
      vertex 15.797367194294932 10.50176601290699 1.98
      vertex 16.101152659952643 10.505963453948459 1.98
    endloop
  endfacet
  facet normal 0 0 -1
    outer loop
      vertex 15.797367194294932 10.50176601290699 1.98
      vertex 15.797111997008326 10.521376000642737 1.98
      vertex 16.100156167149546 10.521589020192584 1.98
    endloop
  endfacet
  facet normal 0 0 -1
    outer loop
      vertex 15.797111997008326 10.521376000642737 1.98
      vertex 15.798445777595045 10.56589599877592 1.98
      vertex 16.099823997914793 10.537648001611194 1.98
    endloop
  endfacet
  facet normal 0 0 -1
    outer loop
      vertex 15.798445777595045 10.56589599877592 1.98
      vertex 15.802447097003462 10.608817228972873 1.98
      vertex 16.100681038200857 10.564910294413528 1.98
    endloop
  endfacet
  facet normal 0 0 -1
    outer loop
      vertex 15.802447097003462 10.608817228972873 1.98
      vertex 15.809115977585318 10.650139691233596 1.98
      vertex 16.10325216650963 10.591113181710204 1.98
    endloop
  endfacet
  facet normal 0 0 -1
    outer loop
      vertex 15.809115977585318 10.650139691233596 1.98
      vertex 15.818452404439451 10.68986338555809 1.98
      vertex 16.10753737539053 10.616256663501224 1.98
    endloop
  endfacet
  facet normal 0 0 -1
    outer loop
      vertex 15.818452404439451 10.68986338555809 1.98
      vertex 15.830456377565863 10.727988304495772 1.98
      vertex 16.11353666484356 10.640340732336005 1.98
    endloop
  endfacet
  facet normal 0 0 -1
    outer loop
      vertex 15.830456377565863 10.727988304495772 1.98
      vertex 15.845127904415133 10.764514462947806 1.98
      vertex 16.11353666484356 10.640340732336005 1.98
    endloop
  endfacet
  facet normal 0 0 -1
    outer loop
      vertex 15.845127904415133 10.764514462947806 1.98
      vertex 15.862466984987261 10.79944184601303 1.98
      vertex 16.12125003486872 10.66336539566513 1.98
    endloop
  endfacet
  facet normal 0 0 -1
    outer loop
      vertex 15.879074552655222 10.22086689054962 1.98
      vertex 16.14001605063677 10.384837301373443 1.98
      vertex 15.888199666142466 10.207235740423164 1.98
    endloop
  endfacet
  facet normal 0 0 -1
    outer loop
      vertex 15.888199666142466 10.207235740423164 1.98
      vertex 16.147655861079695 10.373545939028224 1.98
      vertex 15.897777514159682 10.19390281468626 1.98
    endloop
  endfacet
  facet normal 0 0 -1
    outer loop
      vertex 15.897777514159682 10.19390281468626 1.98
      vertex 16.147655861079695 10.373545939028224 1.98
      vertex 15.90780809670687 10.180868120789489 1.98
    endloop
  endfacet
  facet normal 0 0 -1
    outer loop
      vertex 15.854415619373324 10.26354967981573 1.98
      vertex 16.13304057121277 10.396562086343726 1.98
      vertex 15.862182529270651 10.249023856520614 1.98
    endloop
  endfacet
  facet normal 0 0 -1
    outer loop
      vertex 15.862182529270651 10.249023856520614 1.98
      vertex 16.13304057121277 10.396562086343726 1.98
      vertex 15.870402181148531 10.23479625761505 1.98
    endloop
  endfacet
  facet normal 0 0 -1
    outer loop
      vertex 15.870402181148531 10.23479625761505 1.98
      vertex 16.14001605063677 10.384837301373443 1.98
      vertex 15.879074552655222 10.22086689054962 1.98
    endloop
  endfacet
  facet normal 0 0 -1
    outer loop
      vertex 15.90780809670687 10.180868120789489 1.98
      vertex 16.155960002541544 10.36268799930807 1.98
      vertex 15.918291406333449 10.16813164383169 1.98
    endloop
  endfacet
  facet normal 0 0 -1
    outer loop
      vertex 15.918291406333449 10.16813164383169 1.98
      vertex 16.155960002541544 10.36268799930807 1.98
      vertex 15.92922745794058 10.155693398714027 1.98
    endloop
  endfacet
  facet normal 0 0 -1
    outer loop
      vertex 15.92922745794058 10.155693398714027 1.98
      vertex 16.16489368081093 10.352171884775123 1.98
      vertex 15.940616236627104 10.143553370535335 1.98
    endloop
  endfacet
  facet normal 0 0 -1
    outer loop
      vertex 15.940616236627104 10.143553370535335 1.98
      vertex 16.16489368081093 10.352171884775123 1.98
      vertex 15.9524577498436 10.131711574196776 1.98
    endloop
  endfacet
  facet normal 0 0 -1
    outer loop
      vertex 15.80629903227091 10.408917965292892 1.98
      vertex 16.10513865351677 10.476012589335403 1.98
      vertex 16.108128139376642 10.461687290966472 1.98
    endloop
  endfacet
  facet normal 0 0 -1
    outer loop
      vertex 15.817782813310625 10.357370654046496 1.98
      vertex 16.11178196370602 10.447795407772025 1.98
      vertex 16.11610011905432 10.434336947202643 1.98
    endloop
  endfacet
  facet normal 0 0 -1
    outer loop
      vertex 15.813444496691229 10.37420629888769 1.98
      vertex 16.108128139376642 10.461687290966472 1.98
      vertex 16.11178196370602 10.447795407772025 1.98
    endloop
  endfacet
  facet normal 0 0 -1
    outer loop
      vertex 15.827990630269053 10.32473974108692 1.98
      vertex 16.11610011905432 10.434336947202643 1.98
      vertex 16.121082605421545 10.421311901807746 1.98
    endloop
  endfacet
  facet normal 0 0 -1
    outer loop
      vertex 15.862466984987261 10.79944184601303 1.98
      vertex 15.882473611831667 10.832770461142024 1.98
      vertex 16.130677492916586 10.685330653488597 1.98
    endloop
  endfacet
  facet normal 0 0 -1
    outer loop
      vertex 15.882473611831667 10.832770461142024 1.98
      vertex 15.905147784948351 10.864500308334788 1.98
      vertex 16.14181903153658 10.706236498355826 1.98
    endloop
  endfacet
  facet normal 0 0 -1
    outer loop
      vertex 15.799408757686617 10.463586414158305 1.98
      vertex 16.101152659952643 10.505963453948459 1.98
      vertex 16.102813491225245 10.490771310329398 1.98
    endloop
  endfacet
  facet normal 0 0 -1
    outer loop
      vertex 15.797367194294932 10.50176601290699 1.98
      vertex 16.100156167149546 10.521589020192584 1.98
      vertex 16.101152659952643 10.505963453948459 1.98
    endloop
  endfacet
  facet normal 0 0 -1
    outer loop
      vertex 15.801195123791697 10.44501680314537 1.98
      vertex 16.102813491225245 10.490771310329398 1.98
      vertex 16.10513865351677 10.476012589335403 1.98
    endloop
  endfacet
  facet normal 0 0 -1
    outer loop
      vertex 15.797111997008326 10.521376000642737 1.98
      vertex 16.099823997914793 10.537648001611194 1.98
      vertex 16.100156167149546 10.521589020192584 1.98
    endloop
  endfacet
  facet normal 0 0 -1
    outer loop
      vertex 15.798445777595045 10.56589599877592 1.98
      vertex 16.100681038200857 10.564910294413528 1.98
      vertex 16.099823997914793 10.537648001611194 1.98
    endloop
  endfacet
  facet normal 0 0 -1
    outer loop
      vertex 15.802447097003462 10.608817228972873 1.98
      vertex 16.10325216650963 10.591113181710204 1.98
      vertex 16.100681038200857 10.564910294413528 1.98
    endloop
  endfacet
  facet normal 0 0 -1
    outer loop
      vertex 15.809115977585318 10.650139691233596 1.98
      vertex 16.10753737539053 10.616256663501224 1.98
      vertex 16.10325216650963 10.591113181710204 1.98
    endloop
  endfacet
  facet normal 0 0 -1
    outer loop
      vertex 15.818452404439451 10.68986338555809 1.98
      vertex 16.11353666484356 10.640340732336005 1.98
      vertex 16.10753737539053 10.616256663501224 1.98
    endloop
  endfacet
  facet normal 0 0 -1
    outer loop
      vertex 15.905147784948351 10.864500308334788 1.98
      vertex 15.930489511787894 10.894631387591323 1.98
      vertex 16.154674650728705 10.726082937717399 1.98
    endloop
  endfacet
  facet normal 0 0 -1
    outer loop
      vertex 15.845127904415133 10.764514462947806 1.98
      vertex 16.12125003486872 10.66336539566513 1.98
      vertex 16.11353666484356 10.640340732336005 1.98
    endloop
  endfacet
  facet normal 0 0 -1
    outer loop
      vertex 15.9524577498436 10.131711574196776 1.98
      vertex 16.174414725601675 10.341905990540942 1.98
      vertex 15.964751997590067 10.120168002247771 1.98
    endloop
  endfacet
  facet normal 0 0 -1
    outer loop
      vertex 15.964751997590067 10.120168002247771 1.98
      vertex 16.184523122012617 10.331890316605529 1.98
      vertex 15.97762395590544 10.108859026730022 1.98
    endloop
  endfacet
  facet normal 0 0 -1
    outer loop
      vertex 15.97762395590544 10.108859026730022 1.98
      vertex 16.184523122012617 10.331890316605529 1.98
      vertex 15.991198578476908 10.0977136585116 1.98
    endloop
  endfacet
  facet normal 0 0 -1
    outer loop
      vertex 15.991198578476908 10.0977136585116 1.98
      vertex 16.195218884944918 10.322124877870044 1.98
      vertex 16.005475880205633 10.086731882691344 1.98
    endloop
  endfacet
  facet normal 0 0 -1
    outer loop
      vertex 15.854415619373324 10.26354967981573 1.98
      vertex 16.126729422807696 10.408720286488494 1.98
      vertex 16.13304057121277 10.396562086343726 1.98
    endloop
  endfacet
  facet normal 0 0 -1
    outer loop
      vertex 15.840240003168585 10.293495999574622 1.98
      vertex 16.121082605421545 10.421311901807746 1.98
      vertex 16.126729422807696 10.408720286488494 1.98
    endloop
  endfacet
  facet normal 0 0 -1
    outer loop
      vertex 15.870402181148531 10.23479625761505 1.98
      vertex 16.13304057121277 10.396562086343726 1.98
      vertex 16.14001605063677 10.384837301373443 1.98
    endloop
  endfacet
  facet normal 0 0 -1
    outer loop
      vertex 15.888199666142466 10.207235740423164 1.98
      vertex 16.14001605063677 10.384837301373443 1.98
      vertex 16.147655861079695 10.373545939028224 1.98
    endloop
  endfacet
  facet normal 0 0 -1
    outer loop
      vertex 16.020455861091616 10.075913706719836 1.98
      vertex 16.005475880205633 10.086731882691344 1.98
      vertex 16.195218884944918 10.322124877870044 1.98
    endloop
  endfacet
  facet normal 0 0 -1
    outer loop
      vertex 16.020455861091616 10.075913706719836 1.98
      vertex 16.206502014398577 10.312609659433326 1.98
      vertex 16.036138506233694 10.065259123146495 1.98
    endloop
  endfacet
  facet normal 0 0 -1
    outer loop
      vertex 16.036138506233694 10.065259123146495 1.98
      vertex 16.218372495472433 10.303344661295375 1.98
      vertex 16.05252383798361 10.0547681394219 1.98
    endloop
  endfacet
  facet normal 0 0 -1
    outer loop
      vertex 15.9524577498436 10.131711574196776 1.98
      vertex 16.16489368081093 10.352171884775123 1.98
      vertex 16.174414725601675 10.341905990540942 1.98
    endloop
  endfacet
  facet normal 0 0 -1
    outer loop
      vertex 15.964751997590067 10.120168002247771 1.98
      vertex 16.174414725601675 10.341905990540942 1.98
      vertex 16.184523122012617 10.331890316605529 1.98
    endloop
  endfacet
  facet normal 0 0 -1
    outer loop
      vertex 15.90780809670687 10.180868120789489 1.98
      vertex 16.147655861079695 10.373545939028224 1.98
      vertex 16.155960002541544 10.36268799930807 1.98
    endloop
  endfacet
  facet normal 0 0 -1
    outer loop
      vertex 15.92922745794058 10.155693398714027 1.98
      vertex 16.155960002541544 10.36268799930807 1.98
      vertex 16.16489368081093 10.352171884775123 1.98
    endloop
  endfacet
  facet normal 0 0 -1
    outer loop
      vertex 15.862466984987261 10.79944184601303 1.98
      vertex 16.130677492916586 10.685330653488597 1.98
      vertex 16.12125003486872 10.66336539566513 1.98
    endloop
  endfacet
  facet normal 0 0 -1
    outer loop
      vertex 15.882473611831667 10.832770461142024 1.98
      vertex 16.14181903153658 10.706236498355826 1.98
      vertex 16.130677492916586 10.685330653488597 1.98
    endloop
  endfacet
  facet normal 0 0 -1
    outer loop
      vertex 15.905147784948351 10.864500308334788 1.98
      vertex 16.154674650728705 10.726082937717399 1.98
      vertex 16.14181903153658 10.706236498355826 1.98
    endloop
  endfacet
  facet normal 0 0 -1
    outer loop
      vertex 15.958498792350294 10.923163691461047 1.98
      vertex 16.169244357943537 10.744869964122733 1.98
      vertex 16.154674650728705 10.726082937717399 1.98
    endloop
  endfacet
  facet normal 0 0 -1
    outer loop
      vertex 15.930489511787894 10.894631387591323 1.98
      vertex 15.958498792350294 10.923163691461047 1.98
      vertex 16.154674650728705 10.726082937717399 1.98
    endloop
  endfacet
  facet normal 0 0 -1
    outer loop
      vertex 15.958498792350294 10.923163691461047 1.98
      vertex 15.989175619184973 10.950097227394542 1.98
      vertex 16.169244357943537 10.744869964122733 1.98
    endloop
  endfacet
  facet normal 0 0 -1
    outer loop
      vertex 15.989175619184973 10.950097227394542 1.98
      vertex 16.02251999974251 10.975432002842387 1.98
      vertex 16.185528145730498 10.76259758502241 1.98
    endloop
  endfacet
  facet normal 0 0 -1
    outer loop
      vertex 16.02251999974251 10.975432002842387 1.98
      vertex 16.05834901481867 10.999027268886527 1.98
      vertex 16.203526014089586 10.77926580041643 1.98
    endloop
  endfacet
  facet normal -0.9230784242075446 -0.38461178188209 0
    outer loop
      vertex 15.714411267638209 9.271521465778312 1.98
      vertex 15.747450606524946 9.192226180732211 1.98
      vertex 15.714411267638209 9.271521465778312 2.5
    endloop
  endfacet
  facet normal -0.8682020677678163 -0.4962108115747662 0
    outer loop
      vertex 15.747450606524946 9.192226180732211 1.98
      vertex 15.788830013573172 9.119826132357082 1.98
      vertex 15.747450606524946 9.192226180732211 2.5
    endloop
  endfacet
  facet normal -0.9613073931243528 -0.27547794090355204 0
    outer loop
      vertex 15.689711996912958 9.357712002396545 1.98
      vertex 15.714411267638209 9.271521465778312 1.98
      vertex 15.689711996912958 9.357712002396545 2.5
    endloop
  endfacet
  facet normal -0.7965379841721018 -0.6045884879577552 0
    outer loop
      vertex 15.788830013573172 9.119826132357082 1.98
      vertex 15.838549488782885 9.054321328103503 1.98
      vertex 15.788830013573172 9.119826132357082 2.5
    endloop
  endfacet
  facet normal -0.7104324215110926 -0.7037654257392054 0
    outer loop
      vertex 15.838549488782885 9.054321328103503 1.98
      vertex 15.896609039604666 8.995711760520896 1.98
      vertex 15.838549488782885 9.054321328103503 2.5
    endloop
  endfacet
  facet normal -0.6144599107011136 -0.788948045273692 0
    outer loop
      vertex 15.896609039604666 8.995711760520896 1.98
      vertex 15.963008666038515 8.943997444510421 1.98
      vertex 15.896609039604666 8.995711760520896 2.5
    endloop
  endfacet
  facet normal -0.19611611647231625 0.9805806794240935 0
    outer loop
      vertex 15.689711996912958 9.357712002396545 1.98
      vertex 15.990792000293734 9.417927997112235 2.5
      vertex 15.990792000293734 9.417927997112235 1.98
    endloop
  endfacet
  facet normal -0.5142870607673137 -0.8576181079754074 0
    outer loop
      vertex 15.963008666038515 8.943997444510421 1.98
      vertex 16.03774835318327 8.899178365170917 1.98
      vertex 15.963008666038515 8.943997444510421 2.5
    endloop
  endfacet
  facet normal -0.41525716827259934 -0.9097040640770063 0
    outer loop
      vertex 16.03774835318327 8.899178365170917 1.98
      vertex 16.120828115940096 8.861254529952964 1.98
      vertex 16.03774835318327 8.899178365170917 2.5
    endloop
  endfacet
  facet normal 0.9042718157667106 0.42695723815152303 0
    outer loop
      vertex 16.02106864154339 9.328383432626685 1.98
      vertex 16.033934058249 9.301135191619357 2.5
      vertex 16.033934058249 9.301135191619357 1.98
    endloop
  endfacet
  facet normal 0.8764941719689815 0.48141247024190126 0
    outer loop
      vertex 16.033934058249 9.301135191619357 1.98
      vertex 16.04818608015776 9.275186935365161 2.5
      vertex 16.04818608015776 9.275186935365161 1.98
    endloop
  endfacet
  facet normal 0.8443845071441333 0.5357376261706462 0
    outer loop
      vertex 16.04818608015776 9.275186935365161 1.98
      vertex 16.06382470726967 9.250538648962936 2.5
      vertex 16.06382470726967 9.250538648962936 1.98
    endloop
  endfacet
  facet normal 0.8080005515925459 0.589181728014491 0
    outer loop
      vertex 16.06382470726967 9.250538648962936 1.98
      vertex 16.080849939584734 9.227190339863261 2.5
      vertex 16.080849939584734 9.227190339863261 1.98
    endloop
  endfacet
  facet normal 0.7675662715522436 0.6409695927073199 0
    outer loop
      vertex 16.080849939584734 9.227190339863261 1.98
      vertex 16.09926177710295 9.205142015516719 2.5
      vertex 16.09926177710295 9.205142015516719 1.98
    endloop
  endfacet
  facet normal 0.9630913806548151 0.26917465056799417 0
    outer loop
      vertex 15.990792000293734 9.417927997112235 1.98
      vertex 15.999497608840468 9.386779831647834 2.5
      vertex 15.999497608840468 9.386779831647834 1.98
    endloop
  endfacet
  facet normal 0.9473147127406696 0.3203042850557305 0
    outer loop
      vertex 15.999497608840468 9.386779831647834 1.98
      vertex 16.009589822590353 9.356931643485984 2.5
      vertex 16.009589822590353 9.356931643485984 1.98
    endloop
  endfacet
  facet normal 0.9278080008049497 0.3730580566645391 0
    outer loop
      vertex 16.02106864154339 9.328383432626685 1.98
      vertex 16.009589822590353 9.356931643485984 1.98
      vertex 16.02106864154339 9.328383432626685 2.5
    endloop
  endfacet
  facet normal -0.5854656883230229 -0.8106971862517157 0
    outer loop
      vertex 16.020455861091616 10.075913706719836 1.98
      vertex 16.005475880205633 10.086731882691344 2.5
      vertex 16.005475880205633 10.086731882691344 1.98
    endloop
  endfacet
  facet normal -0.5619631871522174 -0.8271622430247417 0
    outer loop
      vertex 16.020455861091616 10.075913706719836 1.98
      vertex 16.036138506233694 10.065259123146495 1.98
      vertex 16.020455861091616 10.075913706719836 2.5
    endloop
  endfacet
  facet normal -0.539213079799944 -0.8421693740410293 0
    outer loop
      vertex 16.036138506233694 10.065259123146495 1.98
      vertex 16.05252383798361 10.0547681394219 1.98
      vertex 16.036138506233694 10.065259123146495 2.5
    endloop
  endfacet
  facet normal -0.5172398819354364 -0.8558404667549996 0
    outer loop
      vertex 16.05252383798361 10.0547681394219 1.98
      vertex 16.069611833989622 10.044440755546054 1.98
      vertex 16.05252383798361 10.0547681394219 2.5
    endloop
  endfacet
  facet normal -0.49605372274732273 -0.8682918312114437 0
    outer loop
      vertex 16.069611833989622 10.044440755546054 1.98
      vertex 16.08740250915289 10.034276971518954 1.98
      vertex 16.069611833989622 10.044440755546054 2.5
    endloop
  endfacet
  facet normal -0.47565645991482175 -0.8796311341359511 0
    outer loop
      vertex 16.08740250915289 10.034276971518954 1.98
      vertex 16.105895856022837 10.024276779890021 1.98
      vertex 16.08740250915289 10.034276971518954 2.5
    endloop
  endfacet
  facet normal -0.9954048067559826 -0.09575630886309779 0
    outer loop
      vertex 15.799408757686617 10.463586414158305 1.98
      vertex 15.801195123791697 10.44501680314537 1.98
      vertex 15.799408757686617 10.463586414158305 2.5
    endloop
  endfacet
  facet normal -0.9921506524097219 -0.1250483223516545 0
    outer loop
      vertex 15.803491884469988 10.426793986856898 1.98
      vertex 15.801195123791697 10.44501680314537 2.5
      vertex 15.801195123791697 10.44501680314537 1.98
    endloop
  endfacet
  facet normal -0.9878935723940737 -0.1551331351532451 0
    outer loop
      vertex 15.803491884469988 10.426793986856898 1.98
      vertex 15.80629903227091 10.408917965292892 1.98
      vertex 15.803491884469988 10.426793986856898 2.5
    endloop
  endfacet
  facet normal -0.9683658557124158 -0.24953470598367786 0
    outer loop
      vertex 15.817782813310625 10.357370654046496 1.98
      vertex 15.813444496691229 10.37420629888769 2.5
      vertex 15.813444496691229 10.37420629888769 1.98
    endloop
  endfacet
  facet normal -0.9593805070919174 -0.2821153002090732 0
    outer loop
      vertex 15.817782813310625 10.357370654046496 1.98
      vertex 15.822631524503233 10.340881796479186 1.98
      vertex 15.817782813310625 10.357370654046496 2.5
    endloop
  endfacet
  facet normal -0.9490632349036464 -0.31508566478693734 0
    outer loop
      vertex 15.822631524503233 10.340881796479186 1.98
      vertex 15.827990630269053 10.32473974108692 1.98
      vertex 15.822631524503233 10.340881796479186 2.5
    endloop
  endfacet
  facet normal -0.9760713022388012 -0.21745071383155068 0
    outer loop
      vertex 15.809616567194464 10.391388731002769 1.98
      vertex 15.813444496691229 10.37420629888769 1.98
      vertex 15.809616567194464 10.391388731002769 2.5
    endloop
  endfacet
  facet normal -0.9825580264551581 -0.18595624390846616 0
    outer loop
      vertex 15.80629903227091 10.408917965292892 1.98
      vertex 15.809616567194464 10.391388731002769 1.98
      vertex 15.80629903227091 10.408917965292892 2.5
    endloop
  endfacet
  facet normal -0.8967823967727008 -0.4424718441196121 0
    outer loop
      vertex 15.847101444005968 10.2783737275004 1.98
      vertex 15.854415619373324 10.26354967981573 1.98
      vertex 15.847101444005968 10.2783737275004 2.5
    endloop
  endfacet
  facet normal -0.881853221269876 -0.4715240143788471 0
    outer loop
      vertex 15.854415619373324 10.26354967981573 1.98
      vertex 15.862182529270651 10.249023856520614 1.98
      vertex 15.854415619373324 10.26354967981573 2.5
    endloop
  endfacet
  facet normal -0.8658845440918225 -0.5002438968172391 0
    outer loop
      vertex 15.862182529270651 10.249023856520614 1.98
      vertex 15.870402181148531 10.23479625761505 1.98
      vertex 15.862182529270651 10.249023856520614 2.5
    endloop
  endfacet
  facet normal -0.9373735128786075 -0.34832584939050865 0
    outer loop
      vertex 15.827990630269053 10.32473974108692 1.98
      vertex 15.833860115706923 10.30894447296854 1.98
      vertex 15.827990630269053 10.32473974108692 2.5
    endloop
  endfacet
  facet normal -0.9242826144547599 -0.38170885320709225 0
    outer loop
      vertex 15.833860115706923 10.30894447296854 1.98
      vertex 15.840240003168585 10.293495999574622 1.98
      vertex 15.833860115706923 10.30894447296854 2.5
    endloop
  endfacet
  facet normal -0.9106457330480637 -0.4131880309028256 0
    outer loop
      vertex 15.840240003168585 10.293495999574622 1.98
      vertex 15.847101444005968 10.2783737275004 1.98
      vertex 15.840240003168585 10.293495999574622 2.5
    endloop
  endfacet
  facet normal -0.9977327424222592 -0.06730062925826 0
    outer loop
      vertex 15.799408757686617 10.463586414158305 1.98
      vertex 15.798132778704169 10.482502819895705 2.5
      vertex 15.798132778704169 10.482502819895705 1.98
    endloop
  endfacet
  facet normal -0.9992111662245176 -0.039712029565857204 0
    outer loop
      vertex 15.798132778704169 10.482502819895705 1.98
      vertex 15.797367194294932 10.50176601290699 2.5
      vertex 15.797367194294932 10.50176601290699 1.98
    endloop
  endfacet
  facet normal -0.9999153333635385 -0.013012536435439377 0
    outer loop
      vertex 15.797367194294932 10.50176601290699 1.98
      vertex 15.797111997008326 10.521376000642737 2.5
      vertex 15.797111997008326 10.521376000642737 1.98
    endloop
  endfacet
  facet normal -0.999551527019549 0.029945698069803944 0
    outer loop
      vertex 15.797111997008326 10.521376000642737 1.98
      vertex 15.798445777595045 10.56589599877592 2.5
      vertex 15.798445777595045 10.56589599877592 1.98
    endloop
  endfacet
  facet normal -0.9956826968269087 0.09282223461808148 0
    outer loop
      vertex 15.798445777595045 10.56589599877592 1.98
      vertex 15.802447097003462 10.608817228972873 2.5
      vertex 15.802447097003462 10.608817228972873 1.98
    endloop
  endfacet
  facet normal -0.9872262165422855 0.15932481718679126 0
    outer loop
      vertex 15.802447097003462 10.608817228972873 1.98
      vertex 15.809115977585318 10.650139691233596 2.5
      vertex 15.809115977585318 10.650139691233596 1.98
    endloop
  endfacet
  facet normal -0.9734735497332491 0.22879958035308393 0
    outer loop
      vertex 15.809115977585318 10.650139691233596 1.98
      vertex 15.818452404439451 10.68986338555809 2.5
      vertex 15.818452404439451 10.68986338555809 1.98
    endloop
  endfacet
  facet normal -0.9538371835467433 0.30032420362604184 0
    outer loop
      vertex 15.818452404439451 10.68986338555809 1.98
      vertex 15.830456377565863 10.727988304495772 2.5
      vertex 15.830456377565863 10.727988304495772 1.98
    endloop
  endfacet
  facet normal -0.9279407943383193 0.37272762468425785 0
    outer loop
      vertex 15.830456377565863 10.727988304495772 1.98
      vertex 15.845127904415133 10.764514462947806 2.5
      vertex 15.845127904415133 10.764514462947806 1.98
    endloop
  endfacet
  facet normal -0.8957017810611644 0.4446552815427451 0
    outer loop
      vertex 15.845127904415133 10.764514462947806 1.98
      vertex 15.862466984987261 10.79944184601303 2.5
      vertex 15.862466984987261 10.79944184601303 1.98
    endloop
  endfacet
  facet normal -0.8489141531323707 -0.5285307565426536 0
    outer loop
      vertex 15.870402181148531 10.23479625761505 1.98
      vertex 15.879074552655222 10.22086689054962 1.98
      vertex 15.870402181148531 10.23479625761505 2.5
    endloop
  endfacet
  facet normal -0.8309885883877702 -0.5562894623928274 0
    outer loop
      vertex 15.879074552655222 10.22086689054962 1.98
      vertex 15.888199666142466 10.207235740423164 1.98
      vertex 15.879074552655222 10.22086689054962 2.5
    endloop
  endfacet
  facet normal -0.8121652404681776 -0.5834274780769819 0
    outer loop
      vertex 15.888199666142466 10.207235740423164 1.98
      vertex 15.897777514159682 10.19390281468626 1.98
      vertex 15.888199666142466 10.207235740423164 2.5
    endloop
  endfacet
  facet normal -0.7925095306578903 -0.6098595279377131 0
    outer loop
      vertex 15.897777514159682 10.19390281468626 1.98
      vertex 15.90780809670687 10.180868120789489 1.98
      vertex 15.897777514159682 10.19390281468626 2.5
    endloop
  endfacet
  facet normal -0.7720954221771255 -0.6355066160577139 0
    outer loop
      vertex 15.90780809670687 10.180868120789489 1.98
      vertex 15.918291406333449 10.16813164383169 1.98
      vertex 15.90780809670687 10.180868120789489 2.5
    endloop
  endfacet
  facet normal -0.751001032675713 -0.6603010290163209 0
    outer loop
      vertex 15.918291406333449 10.16813164383169 1.98
      vertex 15.92922745794058 10.155693398714027 1.98
      vertex 15.918291406333449 10.16813164383169 2.5
    endloop
  endfacet
  facet normal -0.7293122837735323 -0.6841809649040486 0
    outer loop
      vertex 15.92922745794058 10.155693398714027 1.98
      vertex 15.940616236627104 10.143553370535335 1.98
      vertex 15.92922745794058 10.155693398714027 2.5
    endloop
  endfacet
  facet normal -0.7071152342422032 -0.7070983280298391 0
    outer loop
      vertex 15.940616236627104 10.143553370535335 1.98
      vertex 15.9524577498436 10.131711574196776 1.98
      vertex 15.940616236627104 10.143553370535335 2.5
    endloop
  endfacet
  facet normal -0.8573855674800311 0.5146746435146626 0
    outer loop
      vertex 15.862466984987261 10.79944184601303 1.98
      vertex 15.882473611831667 10.832770461142024 2.5
      vertex 15.882473611831667 10.832770461142024 1.98
    endloop
  endfacet
  facet normal -0.813612216285977 0.5814079131816323 0
    outer loop
      vertex 15.882473611831667 10.832770461142024 1.98
      vertex 15.905147784948351 10.864500308334788 2.5
      vertex 15.905147784948351 10.864500308334788 1.98
    endloop
  endfacet
  facet normal -0.7653091805334584 0.6436628451225116 0
    outer loop
      vertex 15.905147784948351 10.864500308334788 1.98
      vertex 15.930489511787894 10.894631387591323 2.5
      vertex 15.930489511787894 10.894631387591323 1.98
    endloop
  endfacet
  facet normal -0.6844999921473002 -0.729012867342097 0
    outer loop
      vertex 15.9524577498436 10.131711574196776 1.98
      vertex 15.964751997590067 10.120168002247771 1.98
      vertex 15.9524577498436 10.131711574196776 2.5
    endloop
  endfacet
  facet normal -0.6600241928547865 -0.7512443443024298 0
    outer loop
      vertex 15.964751997590067 10.120168002247771 1.98
      vertex 15.97762395590544 10.108859026730022 1.98
      vertex 15.964751997590067 10.120168002247771 2.5
    endloop
  endfacet
  facet normal -0.6345621295131615 -0.7728718547001965 0
    outer loop
      vertex 15.97762395590544 10.108859026730022 1.98
      vertex 15.991198578476908 10.0977136585116 1.98
      vertex 15.97762395590544 10.108859026730022 2.5
    endloop
  endfacet
  facet normal -0.6096841137921736 -0.7926444861282088 0
    outer loop
      vertex 15.991198578476908 10.0977136585116 1.98
      vertex 16.005475880205633 10.086731882691344 1.98
      vertex 15.991198578476908 10.0977136585116 2.5
    endloop
  endfacet
  facet normal 0.9979726694881274 0.06364393886884429 0
    outer loop
      vertex 16.101152659952643 10.505963453948459 1.98
      vertex 16.100156167149546 10.521589020192584 1.98
      vertex 16.101152659952643 10.505963453948459 2.5
    endloop
  endfacet
  facet normal 0.9940774148692 0.10867425291654123 0
    outer loop
      vertex 16.102813491225245 10.490771310329398 1.98
      vertex 16.101152659952643 10.505963453948459 1.98
      vertex 16.102813491225245 10.490771310329398 2.5
    endloop
  endfacet
  facet normal 0.9878161339402343 0.1556254655490839 0
    outer loop
      vertex 16.102813491225245 10.490771310329398 1.98
      vertex 16.10513865351677 10.476012589335403 2.5
      vertex 16.10513865351677 10.476012589335403 1.98
    endloop
  endfacet
  facet normal 0.9789114786784885 0.20428489153996474 0
    outer loop
      vertex 16.108128139376642 10.461687290966472 1.98
      vertex 16.10513865351677 10.476012589335403 1.98
      vertex 16.108128139376642 10.461687290966472 2.5
    endloop
  endfacet
  facet normal 0.9997861479117146 0.020679904348310275 0
    outer loop
      vertex 16.100156167149546 10.521589020192584 1.98
      vertex 16.099823997914793 10.537648001611194 1.98
      vertex 16.100156167149546 10.521589020192584 2.5
    endloop
  endfacet
  facet normal 0.9995062285602552 -0.03142131552394033 0
    outer loop
      vertex 16.099823997914793 10.537648001611194 1.98
      vertex 16.100681038200857 10.564910294413528 1.98
      vertex 16.099823997914793 10.537648001611194 2.5
    endloop
  endfacet
  facet normal 0.9952203419510486 -0.09765485634026559 0
    outer loop
      vertex 16.100681038200857 10.564910294413528 1.98
      vertex 16.10325216650963 10.591113181710204 1.98
      vertex 16.100681038200857 10.564910294413528 2.5
    endloop
  endfacet
  facet normal 0.9857856894369638 -0.16800766203149825 0
    outer loop
      vertex 16.10325216650963 10.591113181710204 1.98
      vertex 16.10753737539053 10.616256663501224 1.98
      vertex 16.10325216650963 10.591113181710204 2.5
    endloop
  endfacet
  facet normal -0.7136171592607025 0.7005359020126557 0
    outer loop
      vertex 15.930489511787894 10.894631387591323 1.98
      vertex 15.958498792350294 10.923163691461047 2.5
      vertex 15.958498792350294 10.923163691461047 1.98
    endloop
  endfacet
  facet normal -0.6597705420417607 0.7514671196093156 0
    outer loop
      vertex 15.958498792350294 10.923163691461047 1.98
      vertex 15.989175619184973 10.950097227394542 2.5
      vertex 15.989175619184973 10.950097227394542 1.98
    endloop
  endfacet
  facet normal -0.6049780063773005 0.7962421816255071 0
    outer loop
      vertex 15.989175619184973 10.950097227394542 1.98
      vertex 16.02251999974251 10.975432002842387 2.5
      vertex 16.02251999974251 10.975432002842387 1.98
    endloop
  endfacet
  facet normal -0.5499994922867221 0.8351649887802697 0
    outer loop
      vertex 16.02251999974251 10.975432002842387 1.98
      vertex 16.05834901481867 10.999027268886527 2.5
      vertex 16.05834901481867 10.999027268886527 1.98
    endloop
  endfacet
  facet normal -0.49474048272320004 0.8690407670269648 0
    outer loop
      vertex 16.05834901481867 10.999027268886527 1.98
      vertex 16.09647976011038 11.020734907984695 2.5
      vertex 16.09647976011038 11.020734907984695 1.98
    endloop
  endfacet
  facet normal 0 0 -1
    outer loop
      vertex 16.03774835318327 8.899178365170917 1.98
      vertex 16.212119998037817 9.114400001168212 1.98
      vertex 16.120828115940096 8.861254529952964 1.98
    endloop
  endfacet
  facet normal 0 0 -1
    outer loop
      vertex 16.03774835318327 8.899178365170917 1.98
      vertex 16.162816898524763 9.146796876490077 1.98
      vertex 16.186775149405005 9.129948446452579 1.98
    endloop
  endfacet
  facet normal 0 0 -1
    outer loop
      vertex 16.03774835318327 8.899178365170917 1.98
      vertex 16.186775149405005 9.129948446452579 1.98
      vertex 16.212119998037817 9.114400001168212 1.98
    endloop
  endfacet
  facet normal 0 0 -1
    outer loop
      vertex 16.120828115940096 8.861254529952964 1.98
      vertex 16.267092214524748 9.086895147263965 1.98
      vertex 16.21224795430899 8.830225938856563 1.98
    endloop
  endfacet
  facet normal 0 0 -1
    outer loop
      vertex 16.120828115940096 8.861254529952964 1.98
      vertex 16.212119998037817 9.114400001168212 1.98
      vertex 16.238883973658087 9.10007455378767 1.98
    endloop
  endfacet
  facet normal 0 0 -1
    outer loop
      vertex 16.120828115940096 8.861254529952964 1.98
      vertex 16.238883973658087 9.10007455378767 1.98
      vertex 16.267092214524748 9.086895147263965 1.98
    endloop
  endfacet
  facet normal 0 0 -1
    outer loop
      vertex 16.21224795430899 8.830225938856563 1.98
      vertex 16.267092214524748 9.086895147263965 1.98
      vertex 16.29674471318722 9.074861774146518 1.98
    endloop
  endfacet
  facet normal 0 0 -1
    outer loop
      vertex 16.165591949224474 9.995257796645125 1.98
      vertex 16.301929989457133 10.253009417951068 1.98
      vertex 16.186895997822287 9.985911996960601 1.98
    endloop
  endfacet
  facet normal 0 0 -1
    outer loop
      vertex 16.186895997822287 9.985911996960601 1.98
      vertex 16.317911998927595 10.24549599915739 1.98
      vertex 16.209330321848395 9.97664799720045 1.98
    endloop
  endfacet
  facet normal 0 0 -1
    outer loop
      vertex 16.209330321848395 9.97664799720045 1.98
      vertex 16.33543001264334 10.237981298863849 1.98
      vertex 16.233315126597883 9.9673839974403 1.98
    endloop
  endfacet
  facet normal 0 0 -1
    outer loop
      vertex 16.21224795430899 8.830225938856563 1.98
      vertex 16.327841469645502 9.063974434435329 1.98
      vertex 16.31200786083937 8.806092591881713 1.98
    endloop
  endfacet
  facet normal 0 0 -1
    outer loop
      vertex 16.21224795430899 8.830225938856563 1.98
      vertex 16.29674471318722 9.074861774146518 1.98
      vertex 16.327841469645502 9.063974434435329 1.98
    endloop
  endfacet
  facet normal 0 0 -1
    outer loop
      vertex 16.31200786083937 8.806092591881713 1.98
      vertex 16.327841469645502 9.063974434435329 1.98
      vertex 16.360382483899595 9.054233135580978 1.98
    endloop
  endfacet
  facet normal 0 0 -1
    outer loop
      vertex 16.31200786083937 8.806092591881713 1.98
      vertex 16.39436776340008 9.045637870132884 1.98
      vertex 16.420107835531237 8.788854481577834 1.98
    endloop
  endfacet
  facet normal 0 0 -1
    outer loop
      vertex 16.31200786083937 8.806092591881713 1.98
      vertex 16.360382483899595 9.054233135580978 1.98
      vertex 16.39436776340008 9.045637870132884 1.98
    endloop
  endfacet
  facet normal 0 0 -1
    outer loop
      vertex 16.420107835531237 8.788854481577834 1.98
      vertex 16.39436776340008 9.045637870132884 1.98
      vertex 16.429797300696375 9.038188638091048 1.98
    endloop
  endfacet
  facet normal 0 0 -1
    outer loop
      vertex 16.233315126597883 9.9673839974403 1.98
      vertex 16.355432660877707 10.230206439197024 1.98
      vertex 16.258850412070753 9.958119997680148 1.98
    endloop
  endfacet
  facet normal 0 0 -1
    outer loop
      vertex 16.258850412070753 9.958119997680148 1.98
      vertex 16.377919951081278 10.222171405255756 1.98
      vertex 16.285936185717585 9.948855997919997 1.98
    endloop
  endfacet
  facet normal 0 0 -1
    outer loop
      vertex 16.285936185717585 9.948855997919997 1.98
      vertex 16.377919951081278 10.222171405255756 1.98
      vertex 16.314572447538378 9.939591998159846 1.98
    endloop
  endfacet
  facet normal 0 0 -1
    outer loop
      vertex 16.314572447538378 9.939591998159846 1.98
      vertex 16.402891883254053 10.213876211941203 1.98
      vertex 16.344759197533133 9.930327998399695 1.98
    endloop
  endfacet
  facet normal 0 0 -1
    outer loop
      vertex 16.344759197533133 9.930327998399695 1.98
      vertex 16.430348449945452 10.205320851802787 1.98
      vertex 16.37649642825127 9.921063998639545 1.98
    endloop
  endfacet
  facet normal 0 0 -1
    outer loop
      vertex 16.37649642825127 9.921063998639545 1.98
      vertex 16.460289658606055 10.196505324840507 1.98
      vertex 16.409784139692785 9.911799998879394 1.98
    endloop
  endfacet
  facet normal 0 0 -1
    outer loop
      vertex 16.420107835531237 8.788854481577834 1.98
      vertex 16.46667110323906 9.03188544690605 1.98
      vertex 16.504989156126978 9.02672828167673 1.98
    endloop
  endfacet
  facet normal 0 0 -1
    outer loop
      vertex 16.420107835531237 8.788854481577834 1.98
      vertex 16.504989156126978 9.02672828167673 1.98
      vertex 16.536547878384592 8.778511622846088 1.98
    endloop
  endfacet
  facet normal 0 0 -1
    outer loop
      vertex 16.420107835531237 8.788854481577834 1.98
      vertex 16.429797300696375 9.038188638091048 1.98
      vertex 16.46667110323906 9.03188544690605 1.98
    endloop
  endfacet
  facet normal 0 0 -1
    outer loop
      vertex 16.504989156126978 9.02672828167673 1.98
      vertex 16.544751481711867 9.022717157304248 1.98
      vertex 16.536547878384592 8.778511622846088 1.98
    endloop
  endfacet
  facet normal 0 0 -1
    outer loop
      vertex 16.536547878384592 8.778511622846088 1.98
      vertex 16.544751481711867 9.022717157304248 1.98
      vertex 16.585958057641985 9.019852073788604 1.98
    endloop
  endfacet
  facet normal 0 0 -1
    outer loop
      vertex 16.536547878384592 8.778511622846088 1.98
      vertex 16.585958057641985 9.019852073788604 1.98
      vertex 16.628608898818495 9.018133016228637 1.98
    endloop
  endfacet
  facet normal 0 0 -1
    outer loop
      vertex 16.409784139692785 9.911799998879394 1.98
      vertex 16.49271550178528 10.187429631054362 1.98
      vertex 16.444622346758845 9.902535999119243 1.98
    endloop
  endfacet
  facet normal 0 0 -1
    outer loop
      vertex 16.444622346758845 9.902535999119243 1.98
      vertex 16.52762598693371 10.178093777894935 1.98
      vertex 16.481011027097704 9.893271999359092 1.98
    endloop
  endfacet
  facet normal 0 0 -1
    outer loop
      vertex 16.481011027097704 9.893271999359092 1.98
      vertex 16.565021114051344 10.168497750461063 1.98
      vertex 16.518950203061106 9.884007999598941 1.98
    endloop
  endfacet
  facet normal 0 0 -1
    outer loop
      vertex 16.481011027097704 9.893271999359092 1.98
      vertex 16.52762598693371 10.178093777894935 1.98
      vertex 16.565021114051344 10.168497750461063 1.98
    endloop
  endfacet
  facet normal 0 0 -1
    outer loop
      vertex 16.518950203061106 9.884007999598941 1.98
      vertex 16.6049008756876 10.158641563653907 1.98
      vertex 16.55843985974789 9.87474399983879 1.98
    endloop
  endfacet
  facet normal 0 0 -1
    outer loop
      vertex 16.518950203061106 9.884007999598941 1.98
      vertex 16.565021114051344 10.168497750461063 1.98
      vertex 16.6049008756876 10.158641563653907 1.98
    endloop
  endfacet
  facet normal 0 0 -1
    outer loop
      vertex 16.536547878384592 8.778511622846088 1.98
      vertex 16.628608898818495 9.018133016228637 1.98
      vertex 16.661327996850016 8.775064000785312 1.98
    endloop
  endfacet
  facet normal 0 0 -1
    outer loop
      vertex 16.628608898818495 9.018133016228637 1.98
      vertex 16.672703997790816 9.017559999525508 1.98
      vertex 16.661327996850016 8.775064000785312 1.98
    endloop
  endfacet
  facet normal 0 0 -1
    outer loop
      vertex 16.661327996850016 8.775064000785312 1.98
      vertex 16.672703997790816 9.017559999525508 1.98
      vertex 16.729485304653647 8.776094438433608 1.98
    endloop
  endfacet
  facet normal 0 0 -1
    outer loop
      vertex 16.729485304653647 8.776094438433608 1.98
      vertex 16.672703997790816 9.017559999525508 1.98
      vertex 16.71821382045746 9.018171505928 1.98
    endloop
  endfacet
  facet normal 0 0 -1
    outer loop
      vertex 16.729485304653647 8.776094438433608 1.98
      vertex 16.71821382045746 9.018171505928 1.98
      vertex 16.762095907330515 9.020006010234317 1.98
    endloop
  endfacet
  facet normal 0 0 -1
    outer loop
      vertex 16.55843985974789 9.87474399983879 1.98
      vertex 16.647265279293062 10.148525210022887 1.98
      vertex 16.599479997158053 9.86548000007864 1.98
    endloop
  endfacet
  facet normal 0 0 -1
    outer loop
      vertex 16.55843985974789 9.87474399983879 1.98
      vertex 16.6049008756876 10.158641563653907 1.98
      vertex 16.647265279293062 10.148525210022887 1.98
    endloop
  endfacet
  facet normal 0 0 -1
    outer loop
      vertex 16.599479997158053 9.86548000007864 1.98
      vertex 16.692114317417147 10.138148689568004 1.98
      vertex 16.62335318475962 9.859999904334506 1.98
    endloop
  endfacet
  facet normal 0 0 -1
    outer loop
      vertex 16.599479997158053 9.86548000007864 1.98
      vertex 16.647265279293062 10.148525210022887 1.98
      vertex 16.692114317417147 10.138148689568004 1.98
    endloop
  endfacet
  facet normal 0 0 -1
    outer loop
      vertex 16.62335318475962 9.859999904334506 1.98
      vertex 16.692114317417147 10.138148689568004 1.98
      vertex 16.646898889541628 9.854577468633613 1.98
    endloop
  endfacet
  facet normal 0 0 -1
    outer loop
      vertex 16.646898889541628 9.854577468633613 1.98
      vertex 16.739447997510435 10.127512002289256 1.98
      vertex 16.67011711150408 9.849212685525378 1.98
    endloop
  endfacet
  facet normal 0 0 -1
    outer loop
      vertex 16.67011711150408 9.849212685525378 1.98
      vertex 16.739447997510435 10.127512002289256 1.98
      vertex 16.693007858097555 9.843905562460384 1.98
    endloop
  endfacet
  facet normal 0 0 -1
    outer loop
      vertex 16.646898889541628 9.854577468633613 1.98
      vertex 16.692114317417147 10.138148689568004 1.98
      vertex 16.739447997510435 10.127512002289256 1.98
    endloop
  endfacet
  facet normal 0 0 -1
    outer loop
      vertex 16.693007858097555 9.843905562460384 1.98
      vertex 16.771973253786566 10.119982534944972 1.98
      vertex 16.715571121871474 9.838656091988048 1.98
    endloop
  endfacet
  facet normal 0 0 -1
    outer loop
      vertex 16.693007858097555 9.843905562460384 1.98
      vertex 16.739447997510435 10.127512002289256 1.98
      vertex 16.755715312063696 10.123752096593341 1.98
    endloop
  endfacet
  facet normal 0 0 -1
    outer loop
      vertex 16.715571121871474 9.838656091988048 1.98
      vertex 16.788221822679045 10.116203309893569 1.98
      vertex 16.737806910276415 9.833464281558951 1.98
    endloop
  endfacet
  facet normal 0 0 -1
    outer loop
      vertex 16.693007858097555 9.843905562460384 1.98
      vertex 16.755715312063696 10.123752096593341 1.98
      vertex 16.771973253786566 10.119982534944972 1.98
    endloop
  endfacet
  facet normal 0 0 -1
    outer loop
      vertex 16.05252383798361 10.0547681394219 1.98
      vertex 16.230830343067648 10.294329890906772 1.98
      vertex 16.069611833989622 10.044440755546054 1.98
    endloop
  endfacet
  facet normal 0 0 -1
    outer loop
      vertex 15.991198578476908 10.0977136585116 1.98
      vertex 16.184523122012617 10.331890316605529 1.98
      vertex 16.195218884944918 10.322124877870044 1.98
    endloop
  endfacet
  facet normal 0 0 -1
    outer loop
      vertex 16.069611833989622 10.044440755546054 1.98
      vertex 16.230830343067648 10.294329890906772 1.98
      vertex 16.08740250915289 10.034276971518954 1.98
    endloop
  endfacet
  facet normal 0 0 -1
    outer loop
      vertex 16.08740250915289 10.034276971518954 1.98
      vertex 16.24387554973364 10.285565348267516 1.98
      vertex 16.105895856022837 10.024276779890021 1.98
    endloop
  endfacet
  facet normal 0 0 -1
    outer loop
      vertex 16.020455861091616 10.075913706719836 1.98
      vertex 16.195218884944918 10.322124877870044 1.98
      vertex 16.206502014398577 10.312609659433326 1.98
    endloop
  endfacet
  facet normal 0 0 -1
    outer loop
      vertex 16.105895856022837 10.024276779890021 1.98
      vertex 16.25750811547041 10.277051025927028 1.98
      vertex 16.12509188205004 10.014440188109836 1.98
    endloop
  endfacet
  facet normal 0 0 -1
    outer loop
      vertex 16.036138506233694 10.065259123146495 1.98
      vertex 16.206502014398577 10.312609659433326 1.98
      vertex 16.218372495472433 10.303344661295375 1.98
    endloop
  endfacet
  facet normal 0 0 -1
    outer loop
      vertex 16.05252383798361 10.0547681394219 1.98
      vertex 16.218372495472433 10.303344661295375 1.98
      vertex 16.230830343067648 10.294329890906772 1.98
    endloop
  endfacet
  facet normal 0 0 -1
    outer loop
      vertex 16.12509188205004 10.014440188109836 1.98
      vertex 16.27172804772854 10.268786931335887 1.98
      vertex 16.14499057978392 10.004767196178397 1.98
    endloop
  endfacet
  facet normal 0 0 -1
    outer loop
      vertex 16.08740250915289 10.034276971518954 1.98
      vertex 16.230830343067648 10.294329890906772 1.98
      vertex 16.24387554973364 10.285565348267516 1.98
    endloop
  endfacet
  facet normal 0 0 -1
    outer loop
      vertex 15.989175619184973 10.950097227394542 1.98
      vertex 16.185528145730498 10.76259758502241 1.98
      vertex 16.169244357943537 10.744869964122733 1.98
    endloop
  endfacet
  facet normal 0 0 -1
    outer loop
      vertex 16.02251999974251 10.975432002842387 1.98
      vertex 16.203526014089586 10.77926580041643 1.98
      vertex 16.185528145730498 10.76259758502241 1.98
    endloop
  endfacet
  facet normal 0 0 -1
    outer loop
      vertex 16.14499057978392 10.004767196178397 1.98
      vertex 16.286535339057448 10.260773064494094 1.98
      vertex 16.165591949224474 9.995257796645125 1.98
    endloop
  endfacet
  facet normal 0 0 -1
    outer loop
      vertex 16.105895856022837 10.024276779890021 1.98
      vertex 16.24387554973364 10.285565348267516 1.98
      vertex 16.25750811547041 10.277051025927028 1.98
    endloop
  endfacet
  facet normal 0 0 -1
    outer loop
      vertex 16.12509188205004 10.014440188109836 1.98
      vertex 16.25750811547041 10.277051025927028 1.98
      vertex 16.27172804772854 10.268786931335887 1.98
    endloop
  endfacet
  facet normal 0 0 -1
    outer loop
      vertex 16.14499057978392 10.004767196178397 1.98
      vertex 16.27172804772854 10.268786931335887 1.98
      vertex 16.286535339057448 10.260773064494094 1.98
    endloop
  endfacet
  facet normal 0 0 -1
    outer loop
      vertex 16.165591949224474 9.995257796645125 1.98
      vertex 16.286535339057448 10.260773064494094 1.98
      vertex 16.301929989457133 10.253009417951068 1.98
    endloop
  endfacet
  facet normal 0 0 -1
    outer loop
      vertex 16.186895997822287 9.985911996960601 1.98
      vertex 16.301929989457133 10.253009417951068 1.98
      vertex 16.317911998927595 10.24549599915739 1.98
    endloop
  endfacet
  facet normal 0 0 -1
    outer loop
      vertex 16.05834901481867 10.999027268886527 1.98
      vertex 16.09647976011038 11.020734907984695 1.98
      vertex 16.223237963020804 10.794874602854213 1.98
    endloop
  endfacet
  facet normal 0 0 -1
    outer loop
      vertex 16.05834901481867 10.999027268886527 1.98
      vertex 16.223237963020804 10.794874602854213 1.98
      vertex 16.203526014089586 10.77926580041643 1.98
    endloop
  endfacet
  facet normal 0 0 -1
    outer loop
      vertex 16.09647976011038 11.020734907984695 1.98
      vertex 16.13691223561764 11.04055493503805 1.98
      vertex 16.24466399997473 10.809423999786338 1.98
    endloop
  endfacet
  facet normal 0 0 -1
    outer loop
      vertex 16.09647976011038 11.020734907984695 1.98
      vertex 16.24466399997473 10.809423999786338 1.98
      vertex 16.223237963020804 10.794874602854213 1.98
    endloop
  endfacet
  facet normal 0 0 -1
    outer loop
      vertex 16.13691223561764 11.04055493503805 1.98
      vertex 16.17964644134045 11.058487335145434 1.98
      vertex 16.26772104352713 10.822908023297748 1.98
    endloop
  endfacet
  facet normal 0 0 -1
    outer loop
      vertex 16.13691223561764 11.04055493503805 1.98
      vertex 16.26772104352713 10.822908023297748 1.98
      vertex 16.24466399997473 10.809423999786338 1.98
    endloop
  endfacet
  facet normal 0 0 -1
    outer loop
      vertex 16.26772104352713 10.822908023297748 1.98
      vertex 16.17964644134045 11.058487335145434 1.98
      vertex 16.292318628728392 10.835313321948012 1.98
    endloop
  endfacet
  facet normal 0 0 -1
    outer loop
      vertex 16.17964644134045 11.058487335145434 1.98
      vertex 16.224682369828226 11.074532115757426 1.98
      vertex 16.292318628728392 10.835313321948012 1.98
    endloop
  endfacet
  facet normal 0 0 -1
    outer loop
      vertex 16.209330321848395 9.97664799720045 1.98
      vertex 16.317911998927595 10.24549599915739 1.98
      vertex 16.33543001264334 10.237981298863849 1.98
    endloop
  endfacet
  facet normal 0 0 -1
    outer loop
      vertex 16.233315126597883 9.9673839974403 1.98
      vertex 16.33543001264334 10.237981298863849 1.98
      vertex 16.355432660877707 10.230206439197024 1.98
    endloop
  endfacet
  facet normal 0 0 -1
    outer loop
      vertex 16.258850412070753 9.958119997680148 1.98
      vertex 16.355432660877707 10.230206439197024 1.98
      vertex 16.377919951081278 10.222171405255756 1.98
    endloop
  endfacet
  facet normal 0 0 -1
    outer loop
      vertex 16.314572447538378 9.939591998159846 1.98
      vertex 16.377919951081278 10.222171405255756 1.98
      vertex 16.402891883254053 10.213876211941203 1.98
    endloop
  endfacet
  facet normal 0 0 -1
    outer loop
      vertex 16.344759197533133 9.930327998399695 1.98
      vertex 16.402891883254053 10.213876211941203 1.98
      vertex 16.430348449945452 10.205320851802787 1.98
    endloop
  endfacet
  facet normal 0 0 -1
    outer loop
      vertex 16.37649642825127 9.921063998639545 1.98
      vertex 16.430348449945452 10.205320851802787 1.98
      vertex 16.460289658606055 10.196505324840507 1.98
    endloop
  endfacet
  facet normal 0 0 -1
    outer loop
      vertex 16.224682369828226 11.074532115757426 1.98
      vertex 16.31845675557852 10.846639903187713 1.98
      vertex 16.292318628728392 10.835313321948012 1.98
    endloop
  endfacet
  facet normal 0 0 -1
    outer loop
      vertex 16.224682369828226 11.074532115757426 1.98
      vertex 16.272020021080973 11.088689276874026 1.98
      vertex 16.346135431528094 10.856887767016849 1.98
    endloop
  endfacet
  facet normal 0 0 -1
    outer loop
      vertex 16.224682369828226 11.074532115757426 1.98
      vertex 16.346135431528094 10.856887767016849 1.98
      vertex 16.31845675557852 10.846639903187713 1.98
    endloop
  endfacet
  facet normal 0 0 -1
    outer loop
      vertex 16.272020021080973 11.088689276874026 1.98
      vertex 16.32165940999985 11.100958818495235 1.98
      vertex 16.375354649126532 10.866056898534259 1.98
    endloop
  endfacet
  facet normal 0 0 -1
    outer loop
      vertex 16.272020021080973 11.088689276874026 1.98
      vertex 16.375354649126532 10.866056898534259 1.98
      vertex 16.346135431528094 10.856887767016849 1.98
    endloop
  endfacet
  facet normal 0 0 -1
    outer loop
      vertex 16.32165940999985 11.100958818495235 1.98
      vertex 16.406114415824415 10.874147312641105 1.98
      vertex 16.375354649126532 10.866056898534259 1.98
    endloop
  endfacet
  facet normal 0 0 -1
    outer loop
      vertex 16.32165940999985 11.100958818495235 1.98
      vertex 16.373600521683695 11.11134073317047 1.98
      vertex 16.406114415824415 10.874147312641105 1.98
    endloop
  endfacet
  facet normal 0 0 -1
    outer loop
      vertex 16.373600521683695 11.11134073317047 1.98
      vertex 16.438414724171164 10.881159009337386 1.98
      vertex 16.406114415824415 10.874147312641105 1.98
    endloop
  endfacet
  facet normal 0 0 -1
    outer loop
      vertex 16.373600521683695 11.11134073317047 1.98
      vertex 16.42784336358309 11.119835028350314 1.98
      vertex 16.438414724171164 10.881159009337386 1.98
    endloop
  endfacet
  facet normal 0 0 -1
    outer loop
      vertex 16.409784139692785 9.911799998879394 1.98
      vertex 16.460289658606055 10.196505324840507 1.98
      vertex 16.49271550178528 10.187429631054362 1.98
    endloop
  endfacet
  facet normal 0 0 -1
    outer loop
      vertex 16.444622346758845 9.902535999119243 1.98
      vertex 16.49271550178528 10.187429631054362 1.98
      vertex 16.52762598693371 10.178093777894935 1.98
    endloop
  endfacet
  facet normal 0 0 -1
    outer loop
      vertex 16.438414724171164 10.881159009337386 1.98
      vertex 16.42784336358309 11.119835028350314 1.98
      vertex 16.472255574166777 10.887091973721942 1.98
    endloop
  endfacet
  facet normal 0 0 -1
    outer loop
      vertex 16.42784336358309 11.119835028350314 1.98
      vertex 16.507636973261835 10.891946228146514 1.98
      vertex 16.472255574166777 10.887091973721942 1.98
    endloop
  endfacet
  facet normal 0 0 -1
    outer loop
      vertex 16.42784336358309 11.119835028350314 1.98
      vertex 16.484387928247454 11.126441704034766 1.98
      vertex 16.507636973261835 10.891946228146514 1.98
    endloop
  endfacet
  facet normal 0 0 -1
    outer loop
      vertex 16.507636973261835 10.891946228146514 1.98
      vertex 16.484387928247454 11.126441704034766 1.98
      vertex 16.54455891400576 10.89572175025936 1.98
    endloop
  endfacet
  facet normal 0 0 -1
    outer loop
      vertex 16.484387928247454 11.126441704034766 1.98
      vertex 16.543234223127367 11.131160760223827 1.98
      vertex 16.54455891400576 10.89572175025936 1.98
    endloop
  endfacet
  facet normal 0 0 -1
    outer loop
      vertex 16.54455891400576 10.89572175025936 1.98
      vertex 16.543234223127367 11.131160760223827 1.98
      vertex 16.583021396398546 10.898418554961642 1.98
    endloop
  endfacet
  facet normal 0 0 -1
    outer loop
      vertex 16.543234223127367 11.131160760223827 1.98
      vertex 16.60438224822283 11.133992189466914 1.98
      vertex 16.583021396398546 10.898418554961642 1.98
    endloop
  endfacet
  facet normal 0 0 -1
    outer loop
      vertex 16.583021396398546 10.898418554961642 1.98
      vertex 16.60438224822283 11.133992189466914 1.98
      vertex 16.62302442789078 10.90003664225336 1.98
    endloop
  endfacet
  facet normal 0 0 -1
    outer loop
      vertex 16.62302442789078 10.90003664225336 1.98
      vertex 16.667832003533842 11.13493599921461 1.98
      vertex 16.664568001031878 10.900575997233352 1.98
    endloop
  endfacet
  facet normal 0 0 -1
    outer loop
      vertex 16.60438224822283 11.133992189466914 1.98
      vertex 16.667832003533842 11.13493599921461 1.98
      vertex 16.62302442789078 10.90003664225336 1.98
    endloop
  endfacet
  facet normal 0 0 -1
    outer loop
      vertex 16.664568001031878 10.900575997233352 1.98
      vertex 16.667832003533842 11.13493599921461 1.98
      vertex 16.70248160660267 10.900089608430823 1.98
    endloop
  endfacet
  facet normal 0 0 -1
    outer loop
      vertex 16.667832003533842 11.13493599921461 1.98
      vertex 16.726836071908476 11.134228067398032 1.98
      vertex 16.70248160660267 10.900089608430823 1.98
    endloop
  endfacet
  facet normal 0 0 -1
    outer loop
      vertex 16.70248160660267 10.900089608430823 1.98
      vertex 16.726836071908476 11.134228067398032 1.98
      vertex 16.739104898273947 10.898630434572658 1.98
    endloop
  endfacet
  facet normal 0 0 -1
    outer loop
      vertex 16.726836071908476 11.134228067398032 1.98
      vertex 16.783663669228556 11.13210428684946 1.98
      vertex 16.739104898273947 10.898630434572658 1.98
    endloop
  endfacet
  facet normal 0 0 -1
    outer loop
      vertex 16.729485304653647 8.776094438433608 1.98
      vertex 16.762095907330515 9.020006010234317 1.98
      vertex 16.795244590938093 8.779185751378497 1.98
    endloop
  endfacet
  facet normal 0 0 -1
    outer loop
      vertex 16.795244590938093 8.779185751378497 1.98
      vertex 16.762095907330515 9.020006010234317 1.98
      vertex 16.8043502509594 9.023063527345618 1.98
    endloop
  endfacet
  facet normal 0 0 -1
    outer loop
      vertex 16.795244590938093 8.779185751378497 1.98
      vertex 16.8043502509594 9.023063527345618 1.98
      vertex 16.858605870604517 8.784337939619979 1.98
    endloop
  endfacet
  facet normal 0 0 -1
    outer loop
      vertex 16.8043502509594 9.023063527345618 1.98
      vertex 16.84497685134411 9.027344049811324 1.98
      vertex 16.858605870604517 8.784337939619979 1.98
    endloop
  endfacet
  facet normal 0 0 -1
    outer loop
      vertex 16.858605870604517 8.784337939619979 1.98
      vertex 16.84497685134411 9.027344049811324 1.98
      vertex 16.919569136202337 8.791551003158053 1.98
    endloop
  endfacet
  facet normal 0 0 -1
    outer loop
      vertex 16.84497685134411 9.027344049811324 1.98
      vertex 16.883975715935232 9.032847577631435 1.98
      vertex 16.919569136202337 8.791551003158053 1.98
    endloop
  endfacet
  facet normal 0 0 -1
    outer loop
      vertex 16.919569136202337 8.791551003158053 1.98
      vertex 16.883975715935232 9.032847577631435 1.98
      vertex 16.921346837282183 9.039574103355369 1.98
    endloop
  endfacet
  facet normal 0 0 -1
    outer loop
      vertex 16.737806910276415 9.833464281558951 1.98
      vertex 16.804461018741133 10.112414436340293 1.98
      vertex 16.7597152158618 9.828330131173095 1.98
    endloop
  endfacet
  facet normal 0 0 -1
    outer loop
      vertex 16.715571121871474 9.838656091988048 1.98
      vertex 16.771973253786566 10.119982534944972 1.98
      vertex 16.788221822679045 10.116203309893569 1.98
    endloop
  endfacet
  facet normal 0 0 -1
    outer loop
      vertex 16.737806910276415 9.833464281558951 1.98
      vertex 16.788221822679045 10.116203309893569 1.98
      vertex 16.804461018741133 10.112414436340293 1.98
    endloop
  endfacet
  facet normal 0 0 -1
    outer loop
      vertex 16.7597152158618 9.828330131173095 1.98
      vertex 16.836911292374136 10.1048077139258 1.98
      vertex 16.781296046078207 9.823253633379897 1.98
    endloop
  endfacet
  facet normal 0 0 -1
    outer loop
      vertex 16.781296046078207 9.823253633379897 1.98
      vertex 16.85312236994505 10.100989872515163 1.98
      vertex 16.802549393475058 9.81823479562994 1.98
    endloop
  endfacet
  facet normal 0 0 -1
    outer loop
      vertex 16.7597152158618 9.828330131173095 1.98
      vertex 16.804461018741133 10.112414436340293 1.98
      vertex 16.82069084197283 10.108615906834563 1.98
    endloop
  endfacet
  facet normal 0 0 -1
    outer loop
      vertex 16.7597152158618 9.828330131173095 1.98
      vertex 16.82069084197283 10.108615906834563 1.98
      vertex 16.836911292374136 10.1048077139258 1.98
    endloop
  endfacet
  facet normal 0 0 -1
    outer loop
      vertex 16.781296046078207 9.823253633379897 1.98
      vertex 16.836911292374136 10.1048077139258 1.98
      vertex 16.85312236994505 10.100989872515163 1.98
    endloop
  endfacet
  facet normal 0 0 -1
    outer loop
      vertex 16.802549393475058 9.81823479562994 1.98
      vertex 16.88551639914513 10.093325206935367 1.98
      vertex 16.823475265502932 9.81327361047264 1.98
    endloop
  endfacet
  facet normal 0 0 -1
    outer loop
      vertex 16.802549393475058 9.81823479562994 1.98
      vertex 16.85312236994505 10.100989872515163 1.98
      vertex 16.869324074685576 10.097162367701491 1.98
    endloop
  endfacet
  facet normal 0 0 -1
    outer loop
      vertex 16.802549393475058 9.81823479562994 1.98
      vertex 16.869324074685576 10.097162367701491 1.98
      vertex 16.88551639914513 10.093325206935367 1.98
    endloop
  endfacet
  facet normal 0 0 -1
    outer loop
      vertex 16.823475265502932 9.81327361047264 1.98
      vertex 16.90169935822487 10.089478390216788 1.98
      vertex 16.84407365471125 9.80837008535858 1.98
    endloop
  endfacet
  facet normal 0 0 -1
    outer loop
      vertex 16.823475265502932 9.81327361047264 1.98
      vertex 16.88551639914513 10.093325206935367 1.98
      vertex 16.90169935822487 10.089478390216788 1.98
    endloop
  endfacet
  facet normal 0 0 -1
    outer loop
      vertex 16.86434456855059 9.80352421283718 1.98
      vertex 16.934037157893183 10.08175578892227 1.98
      vertex 16.884287999570372 9.79873600035902 1.98
    endloop
  endfacet
  facet normal 0 0 -1
    outer loop
      vertex 16.84407365471125 9.80837008535858 1.98
      vertex 16.917872944474222 10.085621917545756 1.98
      vertex 16.86434456855059 9.80352421283718 1.98
    endloop
  endfacet
  facet normal 0 0 -1
    outer loop
      vertex 16.84407365471125 9.80837008535858 1.98
      vertex 16.90169935822487 10.089478390216788 1.98
      vertex 16.917872944474222 10.085621917545756 1.98
    endloop
  endfacet
  facet normal 0 0 -1
    outer loop
      vertex 16.86434456855059 9.80352421283718 1.98
      vertex 16.917872944474222 10.085621917545756 1.98
      vertex 16.934037157893183 10.08175578892227 1.98
    endloop
  endfacet
  facet normal 0 0 -1
    outer loop
      vertex 16.919569136202337 8.791551003158053 1.98
      vertex 16.921346837282183 9.039574103355369 1.98
      vertex 16.978134387731554 8.800824949443301 1.98
    endloop
  endfacet
  facet normal 0 0 -1
    outer loop
      vertex 16.978134387731554 8.800824949443301 1.98
      vertex 16.957090222835543 9.047523641884288 1.98
      vertex 17.034301632642748 8.812159763574561 1.98
    endloop
  endfacet
  facet normal 0 0 -1
    outer loop
      vertex 16.921346837282183 9.039574103355369 1.98
      vertex 16.957090222835543 9.047523641884288 1.98
      vertex 16.978134387731554 8.800824949443301 1.98
    endloop
  endfacet
  facet normal 0 0 -1
    outer loop
      vertex 16.991205872595312 9.056696185767612 1.98
      vertex 17.08807086348534 8.825555453002414 1.98
      vertex 17.034301632642748 8.812159763574561 1.98
    endloop
  endfacet
  facet normal 0 0 -1
    outer loop
      vertex 16.957090222835543 9.047523641884288 1.98
      vertex 16.991205872595312 9.056696185767612 1.98
      vertex 17.034301632642748 8.812159763574561 1.98
    endloop
  endfacet
  facet normal 0 0 -1
    outer loop
      vertex 16.991205872595312 9.056696185767612 1.98
      vertex 17.02369377166033 9.06709174245592 1.98
      vertex 17.08807086348534 8.825555453002414 1.98
    endloop
  endfacet
  facet normal 0 0 -1
    outer loop
      vertex 17.02369377166033 9.06709174245592 1.98
      vertex 17.054553942382338 9.078710297048053 1.98
      vertex 17.139442080259325 8.84101202517744 1.98
    endloop
  endfacet
  facet normal 0 0 -1
    outer loop
      vertex 16.884287999570372 9.79873600035902 1.98
      vertex 16.966289186477663 10.073941582739314 1.98
      vertex 16.90385580956936 9.793893540203532 1.98
    endloop
  endfacet
  facet normal 0 0 -1
    outer loop
      vertex 16.90385580956936 9.793893540203532 1.98
      vertex 16.982280427217486 10.069887572824916 1.98
      vertex 16.92299986034632 9.788877541124782 1.98
    endloop
  endfacet
  facet normal 0 0 -1
    outer loop
      vertex 16.884287999570372 9.79873600035902 1.98
      vertex 16.934037157893183 10.08175578892227 1.98
      vertex 16.950191998481753 10.077879996895751 1.98
    endloop
  endfacet
  facet normal 0 0 -1
    outer loop
      vertex 16.884287999570372 9.79873600035902 1.98
      vertex 16.950191998481753 10.077879996895751 1.98
      vertex 16.966289186477663 10.073941582739314 1.98
    endloop
  endfacet
  facet normal 0 0 -1
    outer loop
      vertex 16.90385580956936 9.793893540203532 1.98
      vertex 16.966289186477663 10.073941582739314 1.98
      vertex 16.982280427217486 10.069887572824916 1.98
    endloop
  endfacet
  facet normal 0 0 -1
    outer loop
      vertex 16.92299986034632 9.788877541124782 1.98
      vertex 17.013945089280607 10.061432758271655 1.98
      vertex 16.941720144450667 9.783688003122768 1.98
    endloop
  endfacet
  facet normal 0 0 -1
    outer loop
      vertex 16.941720144450667 9.783688003122768 1.98
      vertex 17.029618510603907 10.057031953632793 1.98
      vertex 16.960016661882403 9.77832492619749 1.98
    endloop
  endfacet
  facet normal 0 0 -1
    outer loop
      vertex 16.92299986034632 9.788877541124782 1.98
      vertex 16.982280427217486 10.069887572824916 1.98
      vertex 16.9981657281518 10.065717967152557 1.98
    endloop
  endfacet
  facet normal 0 0 -1
    outer loop
      vertex 16.92299986034632 9.788877541124782 1.98
      vertex 16.9981657281518 10.065717967152557 1.98
      vertex 17.013945089280607 10.061432758271655 1.98
    endloop
  endfacet
  facet normal 0 0 -1
    outer loop
      vertex 16.960016661882403 9.77832492619749 1.98
      vertex 17.045185984671118 10.052515553235969 1.98
      vertex 16.977889420092108 9.772788310348949 1.98
    endloop
  endfacet
  facet normal 0 0 -1
    outer loop
      vertex 16.977889420092108 9.772788310348949 1.98
      vertex 17.076003120839598 10.043135950267276 1.98
      vertex 16.995338411629202 9.767078155577144 1.98
    endloop
  endfacet
  facet normal 0 0 -1
    outer loop
      vertex 16.995338411629202 9.767078155577144 1.98
      vertex 17.091252782940867 10.038272755145988 1.98
      vertex 17.012363643944266 9.761194461882075 1.98
    endloop
  endfacet
  facet normal 0 0 -1
    outer loop
      vertex 16.941720144450667 9.783688003122768 1.98
      vertex 17.013945089280607 10.061432758271655 1.98
      vertex 17.029618510603907 10.057031953632793 1.98
    endloop
  endfacet
  facet normal 0 0 -1
    outer loop
      vertex 16.960016661882403 9.77832492619749 1.98
      vertex 17.029618510603907 10.057031953632793 1.98
      vertex 17.045185984671118 10.052515553235969 1.98
    endloop
  endfacet
  facet normal 0 0 -1
    outer loop
      vertex 16.977889420092108 9.772788310348949 1.98
      vertex 17.045185984671118 10.052515553235969 1.98
      vertex 17.060647526383402 10.047883549630603 1.98
    endloop
  endfacet
  facet normal 0 0 -1
    outer loop
      vertex 17.012363643944266 9.761194461882075 1.98
      vertex 17.12143427282572 10.028199577629527 1.98
      vertex 17.028965109586718 9.755137229263743 1.98
    endloop
  endfacet
  facet normal 0 0 -1
    outer loop
      vertex 17.028965109586718 9.755137229263743 1.98
      vertex 17.136366108059885 10.022989587783774 1.98
      vertex 17.04514281600714 9.748906465172729 1.98
    endloop
  endfacet
  facet normal 0 0 -1
    outer loop
      vertex 16.977889420092108 9.772788310348949 1.98
      vertex 17.060647526383402 10.047883549630603 1.98
      vertex 17.076003120839598 10.043135950267276 1.98
    endloop
  endfacet
  facet normal 0 0 -1
    outer loop
      vertex 16.995338411629202 9.767078155577144 1.98
      vertex 17.076003120839598 10.043135950267276 1.98
      vertex 17.091252782940867 10.038272755145988 1.98
    endloop
  endfacet
  facet normal 0 0 -1
    outer loop
      vertex 17.012363643944266 9.761194461882075 1.98
      vertex 17.091252782940867 10.038272755145988 1.98
      vertex 17.106396497786047 10.033293964266738 1.98
    endloop
  endfacet
  facet normal 0 0 -1
    outer loop
      vertex 17.02369377166033 9.06709174245592 1.98
      vertex 17.139442080259325 8.84101202517744 1.98
      vertex 17.08807086348534 8.825555453002414 1.98
    endloop
  endfacet
  facet normal 0 0 -1
    outer loop
      vertex 17.054553942382338 9.078710297048053 1.98
      vertex 17.18841529041529 8.858529465198478 1.98
      vertex 17.139442080259325 8.84101202517744 1.98
    endloop
  endfacet
  facet normal 0 0 -1
    outer loop
      vertex 17.054553942382338 9.078710297048053 1.98
      vertex 17.083786369860174 9.09155185699459 1.98
      vertex 17.18841529041529 8.858529465198478 1.98
    endloop
  endfacet
  facet normal 0 0 -1
    outer loop
      vertex 17.083786369860174 9.09155185699459 1.98
      vertex 17.11139105409384 9.105616429746112 1.98
      vertex 17.18841529041529 8.858529465198478 1.98
    endloop
  endfacet
  facet normal 0 0 -1
    outer loop
      vertex 17.11139105409384 9.105616429746112 1.98
      vertex 17.23499048650265 8.87810778796669 1.98
      vertex 17.18841529041529 8.858529465198478 1.98
    endloop
  endfacet
  facet normal 0 0 -1
    outer loop
      vertex 17.11139105409384 9.105616429746112 1.98
      vertex 17.137368002533915 9.120904000401458 1.98
      vertex 17.23499048650265 8.87810778796669 1.98
    endloop
  endfacet
  facet normal 0 0 -1
    outer loop
      vertex 17.137368002533915 9.120904000401458 1.98
      vertex 17.161563263833525 9.137376094162425 1.98
      vertex 17.279167668521406 8.899746978580913 1.98
    endloop
  endfacet
  facet normal 0 0 -1
    outer loop
      vertex 17.137368002533915 9.120904000401458 1.98
      vertex 17.279167668521406 8.899746978580913 1.98
      vertex 17.23499048650265 8.87810778796669 1.98
    endloop
  endfacet
  facet normal 0 0 -1
    outer loop
      vertex 17.161563263833525 9.137376094162425 1.98
      vertex 17.183822908997538 9.15499422132965 1.98
      vertex 17.32094684392214 8.92344705194231 1.98
    endloop
  endfacet
  facet normal 0 0 -1
    outer loop
      vertex 17.04514281600714 9.748906465172729 1.98
      vertex 17.151192003488543 10.01766400218006 1.98
      vertex 17.06089675575495 9.74250215470787 1.98
    endloop
  endfacet
  facet normal 0 0 -1
    outer loop
      vertex 17.06089675575495 9.74250215470787 1.98
      vertex 17.180448712408545 10.006608093082866 1.98
      vertex 17.07622693628073 9.735924305319747 1.98
    endloop
  endfacet
  facet normal 0 0 -1
    outer loop
      vertex 17.012363643944266 9.761194461882075 1.98
      vertex 17.106396497786047 10.033293964266738 1.98
      vertex 17.12143427282572 10.028199577629527 1.98
    endloop
  endfacet
  facet normal 0 0 -1
    outer loop
      vertex 17.028965109586718 9.755137229263743 1.98
      vertex 17.12143427282572 10.028199577629527 1.98
      vertex 17.136366108059885 10.022989587783774 1.98
    endloop
  endfacet
  facet normal 0 0 -1
    outer loop
      vertex 17.04514281600714 9.748906465172729 1.98
      vertex 17.136366108059885 10.022989587783774 1.98
      vertex 17.151192003488543 10.01766400218006 1.98
    endloop
  endfacet
  facet normal 0 0 -1
    outer loop
      vertex 17.07622693628073 9.735924305319747 1.98
      vertex 17.194860213994982 10.000863293111285 1.98
      vertex 17.091133350133898 9.729172924458942 1.98
    endloop
  endfacet
  facet normal 0 0 -1
    outer loop
      vertex 17.091133350133898 9.729172924458942 1.98
      vertex 17.22324951142073 9.988939979970416 1.98
      vertex 17.105615997314455 9.722247997224292 1.98
    endloop
  endfacet
  facet normal 0 0 -1
    outer loop
      vertex 17.105615997314455 9.722247997224292 1.98
      vertex 17.23722731471062 9.982761466801128 1.98
      vertex 17.11964477747679 9.715095432400664 1.98
    endloop
  endfacet
  facet normal 0 0 -1
    outer loop
      vertex 17.06089675575495 9.74250215470787 1.98
      vertex 17.151192003488543 10.01766400218006 1.98
      vertex 17.165892639756205 10.012208329439124 1.98
    endloop
  endfacet
  facet normal 0 0 -1
    outer loop
      vertex 17.06089675575495 9.74250215470787 1.98
      vertex 17.165892639756205 10.012208329439124 1.98
      vertex 17.180448712408545 10.006608093082866 1.98
    endloop
  endfacet
  facet normal 0 0 -1
    outer loop
      vertex 17.07622693628073 9.735924305319747 1.98
      vertex 17.180448712408545 10.006608093082866 1.98
      vertex 17.194860213994982 10.000863293111285 1.98
    endloop
  endfacet
  facet normal 0 0 -1
    outer loop
      vertex 17.11964477747679 9.715095432400664 1.98
      vertex 17.26474920809269 9.969970742166003 1.98
      vertex 17.133182199299338 9.707653725445232 1.98
    endloop
  endfacet
  facet normal 0 0 -1
    outer loop
      vertex 17.1462282627821 9.699922891259154 1.98
      vertex 17.133182199299338 9.707653725445232 1.98
      vertex 17.278293298184874 9.963358530700168 1.98
    endloop
  endfacet
  facet normal 0 0 -1
    outer loop
      vertex 17.091133350133898 9.729172924458942 1.98
      vertex 17.194860213994982 10.000863293111285 1.98
      vertex 17.209127144515517 9.994973914623221 1.98
    endloop
  endfacet
  facet normal 0 0 -1
    outer loop
      vertex 17.091133350133898 9.729172924458942 1.98
      vertex 17.209127144515517 9.994973914623221 1.98
      vertex 17.22324951142073 9.988939979970416 1.98
    endloop
  endfacet
  facet normal 0 0 -1
    outer loop
      vertex 17.105615997314455 9.722247997224292 1.98
      vertex 17.22324951142073 9.988939979970416 1.98
      vertex 17.23722731471062 9.982761466801128 1.98
    endloop
  endfacet
  facet normal 0 0 -1
    outer loop
      vertex 17.1462282627821 9.699922891259154 1.98
      vertex 17.304947787523272 9.949700402021369 1.98
      vertex 17.158782960474493 9.691902914941272 1.98
    endloop
  endfacet
  facet normal 0 0 -1
    outer loop
      vertex 17.11964477747679 9.715095432400664 1.98
      vertex 17.23722731471062 9.982761466801128 1.98
      vertex 17.251060546934607 9.976438390016517 1.98
    endloop
  endfacet
  facet normal 0 0 -1
    outer loop
      vertex 17.11964477747679 9.715095432400664 1.98
      vertex 17.251060546934607 9.976438390016517 1.98
      vertex 17.26474920809269 9.969970742166003 1.98
    endloop
  endfacet
  facet normal 0 0 -1
    outer loop
      vertex 17.158782960474493 9.691902914941272 1.98
      vertex 17.318058179318907 9.942654484808406 1.98
      vertex 17.17084629237652 9.683593796491584 1.98
    endloop
  endfacet
  facet normal 0 0 -1
    outer loop
      vertex 17.17084629237652 9.683593796491584 1.98
      vertex 17.343791151046755 9.928079524934253 1.98
      vertex 17.18241827338934 9.674995550811252 1.98
    endloop
  endfacet
  facet normal 0 0 -1
    outer loop
      vertex 17.133182199299338 9.707653725445232 1.98
      vertex 17.26474920809269 9.969970742166003 1.98
      vertex 17.278293298184874 9.963358530700168 1.98
    endloop
  endfacet
  facet normal 0 0 -1
    outer loop
      vertex 17.161563263833525 9.137376094162425 1.98
      vertex 17.32094684392214 8.92344705194231 1.98
      vertex 17.279167668521406 8.899746978580913 1.98
    endloop
  endfacet
  facet normal 0 0 -1
    outer loop
      vertex 17.183822908997538 9.15499422132965 1.98
      vertex 17.204146938025954 9.173758389353713 1.98
      vertex 17.36032799780369 8.949208000600299 1.98
    endloop
  endfacet
  facet normal 0 0 -1
    outer loop
      vertex 17.204146938025954 9.173758389353713 1.98
      vertex 17.22253533601761 9.193668590784034 1.98
      vertex 17.397045159339907 8.976846771240195 1.98
    endloop
  endfacet
  facet normal 0 0 -1
    outer loop
      vertex 17.183822908997538 9.15499422132965 1.98
      vertex 17.36032799780369 8.949208000600299 1.98
      vertex 17.32094684392214 8.92344705194231 1.98
    endloop
  endfacet
  facet normal 0 0 -1
    outer loop
      vertex 17.22253533601761 9.193668590784034 1.98
      vertex 17.23898811787367 9.214724825620612 1.98
      vertex 17.430824944376948 9.006180310547313 1.98
    endloop
  endfacet
  facet normal 0 0 -1
    outer loop
      vertex 17.204146938025954 9.173758389353713 1.98
      vertex 17.397045159339907 8.976846771240195 1.98
      vertex 17.36032799780369 8.949208000600299 1.98
    endloop
  endfacet
  facet normal 0 0 -1
    outer loop
      vertex 17.22253533601761 9.193668590784034 1.98
      vertex 17.430824944376948 9.006180310547313 1.98
      vertex 17.397045159339907 8.976846771240195 1.98
    endloop
  endfacet
  facet normal 0 0 -1
    outer loop
      vertex 17.23898811787367 9.214724825620612 1.98
      vertex 17.253505276143553 9.236927101314029 1.98
      vertex 17.489572399854662 9.069931695163211 1.98
    endloop
  endfacet
  facet normal 0 0 -1
    outer loop
      vertex 17.253505276143553 9.236927101314029 1.98
      vertex 17.266086818277838 9.260275410413703 1.98
      vertex 17.514540070295336 9.104349540471992 1.98
    endloop
  endfacet
  facet normal 0 0 -1
    outer loop
      vertex 17.23898811787367 9.214724825620612 1.98
      vertex 17.461667360365393 9.037208618521651 1.98
      vertex 17.430824944376948 9.006180310547313 1.98
    endloop
  endfacet
  facet normal 0 0 -1
    outer loop
      vertex 17.266086818277838 9.260275410413703 1.98
      vertex 17.276732736825945 9.284769752919635 1.98
      vertex 17.536570364236834 9.140462154447993 1.98
    endloop
  endfacet
  facet normal 0 0 -1
    outer loop
      vertex 17.276732736825945 9.284769752919635 1.98
      vertex 17.285443031787874 9.310410128831824 1.98
      vertex 17.555663289129736 9.178269537091216 1.98
    endloop
  endfacet
  facet normal 0 0 -1
    outer loop
      vertex 17.285443031787874 9.310410128831824 1.98
      vertex 17.292217703163626 9.337196545600852 1.98
      vertex 17.585037016868593 9.258968615829906 1.98
    endloop
  endfacet
  facet normal 0 0 -1
    outer loop
      vertex 17.223792569339277 9.637711198925933 1.98
      vertex 17.446988025307657 9.850333588123283 1.98
      vertex 17.232907736301424 9.627667264938315 1.98
    endloop
  endfacet
  facet normal 0 0 -1
    outer loop
      vertex 17.232907736301424 9.627667264938315 1.98
      vertex 17.467058838903906 9.830297985970935 1.98
      vertex 17.241531552374365 9.617334203720054 1.98
    endloop
  endfacet
  facet normal 0 0 -1
    outer loop
      vertex 17.18241827338934 9.674995550811252 1.98
      vertex 17.368544945120814 9.912558199763259 1.98
      vertex 17.193498888611796 9.666108162999114 1.98
    endloop
  endfacet
  facet normal 0 0 -1
    outer loop
      vertex 17.1462282627821 9.699922891259154 1.98
      vertex 17.278293298184874 9.963358530700168 1.98
      vertex 17.291692832112314 9.95660174816843 1.98
    endloop
  endfacet
  facet normal 0 0 -1
    outer loop
      vertex 17.1462282627821 9.699922891259154 1.98
      vertex 17.291692832112314 9.95660174816843 1.98
      vertex 17.304947787523272 9.949700402021369 1.98
    endloop
  endfacet
  facet normal 0 0 -1
    outer loop
      vertex 17.193498888611796 9.666108162999114 1.98
      vertex 17.392258079349997 9.896033706068954 1.98
      vertex 17.204088145494463 9.656931647956332 1.98
    endloop
  endfacet
  facet normal 0 0 -1
    outer loop
      vertex 17.204088145494463 9.656931647956332 1.98
      vertex 17.403724403679373 9.887395264506301 1.98
      vertex 17.214186036586764 9.647465990781745 1.98
    endloop
  endfacet
  facet normal 0 0 -1
    outer loop
      vertex 17.158782960474493 9.691902914941272 1.98
      vertex 17.304947787523272 9.949700402021369 1.98
      vertex 17.318058179318907 9.942654484808406 1.98
    endloop
  endfacet
  facet normal 0 0 -1
    outer loop
      vertex 17.17084629237652 9.683593796491584 1.98
      vertex 17.318058179318907 9.942654484808406 1.98
      vertex 17.33102400004864 9.93546399652954 1.98
    endloop
  endfacet
  facet normal 0 0 -1
    outer loop
      vertex 17.214186036586764 9.647465990781745 1.98
      vertex 17.425876544415953 9.869366014301738 1.98
      vertex 17.223792569339277 9.637711198925933 1.98
    endloop
  endfacet
  facet normal 0 0 -1
    outer loop
      vertex 17.17084629237652 9.683593796491584 1.98
      vertex 17.33102400004864 9.93546399652954 1.98
      vertex 17.343791151046755 9.928079524934253 1.98
    endloop
  endfacet
  facet normal 0 0 -1
    outer loop
      vertex 17.18241827338934 9.674995550811252 1.98
      vertex 17.343791151046755 9.928079524934253 1.98
      vertex 17.356298127770426 9.920444259345492 1.98
    endloop
  endfacet
  facet normal 0 0 -1
    outer loop
      vertex 17.18241827338934 9.674995550811252 1.98
      vertex 17.356298127770426 9.920444259345492 1.98
      vertex 17.368544945120814 9.912558199763259 1.98
    endloop
  endfacet
  facet normal 0 0 -1
    outer loop
      vertex 17.193498888611796 9.666108162999114 1.98
      vertex 17.368544945120814 9.912558199763259 1.98
      vertex 17.380531595647337 9.904421346187553 1.98
    endloop
  endfacet
  facet normal 0 0 -1
    outer loop
      vertex 17.241531552374365 9.617334203720054 1.98
      vertex 17.48606016635895 9.809243882000407 1.98
      vertex 17.24966400265694 9.606712000369987 1.98
    endloop
  endfacet
  facet normal 0 0 -1
    outer loop
      vertex 17.24966400265694 9.606712000369987 1.98
      vertex 17.512221725285055 9.77553041458126 1.98
      vertex 17.257247434556486 9.595694864094218 1.98
    endloop
  endfacet
  facet normal 0 0 -1
    outer loop
      vertex 17.257247434556486 9.595694864094218 1.98
      vertex 17.528073655068876 9.75161051183935 1.98
      vertex 17.264224188029768 9.584176996648273 1.98
    endloop
  endfacet
  facet normal 0 0 -1
    outer loop
      vertex 17.292217703163626 9.337196545600852 1.98
      vertex 17.29705675840378 9.365128995776137 1.98
      vertex 17.59531781971455 9.301860304474792 1.98
    endloop
  endfacet
  facet normal 0 0 -1
    outer loop
      vertex 17.270594270527365 9.572158390581569 1.98
      vertex 17.55596364438534 9.700304472744426 1.98
      vertex 17.276357682049277 9.559639053344688 1.98
    endloop
  endfacet
  facet normal 0 0 -1
    outer loop
      vertex 17.276357682049277 9.559639053344688 1.98
      vertex 17.568001703917982 9.67291834384199 1.98
      vertex 17.281514415144922 9.546618984937629 1.98
    endloop
  endfacet
  facet normal 0 0 -1
    outer loop
      vertex 17.264224188029768 9.584176996648273 1.98
      vertex 17.542654292285444 9.726535195410213 1.98
      vertex 17.270594270527365 9.572158390581569 1.98
    endloop
  endfacet
  facet normal 0 0 -1
    outer loop
      vertex 17.281514415144922 9.546618984937629 1.98
      vertex 17.578720332682135 9.644328521490058 1.98
      vertex 17.286064469814303 9.533098177909812 1.98
    endloop
  endfacet
  facet normal 0 0 -1
    outer loop
      vertex 17.286064469814303 9.533098177909812 1.98
      vertex 17.587830671668055 9.614245304763278 1.98
      vertex 17.29000786095858 9.519076639711818 1.98
    endloop
  endfacet
  facet normal 0 0 -1
    outer loop
      vertex 17.293344566226008 9.504554370343646 1.98
      vertex 17.29000786095858 9.519076639711818 1.98
      vertex 17.595284590125086 9.582620398998221 1.98
    endloop
  endfacet
  facet normal 0 0 -1
    outer loop
      vertex 17.193498888611796 9.666108162999114 1.98
      vertex 17.380531595647337 9.904421346187553 1.98
      vertex 17.392258079349997 9.896033706068954 1.98
    endloop
  endfacet
  facet normal 0 0 -1
    outer loop
      vertex 17.204088145494463 9.656931647956332 1.98
      vertex 17.392258079349997 9.896033706068954 1.98
      vertex 17.403724403679373 9.887395264506301 1.98
    endloop
  endfacet
  facet normal 0 0 -1
    outer loop
      vertex 17.214186036586764 9.647465990781745 1.98
      vertex 17.414930553734305 9.878506036400756 1.98
      vertex 17.425876544415953 9.869366014301738 1.98
    endloop
  endfacet
  facet normal 0 0 -1
    outer loop
      vertex 17.214186036586764 9.647465990781745 1.98
      vertex 17.403724403679373 9.887395264506301 1.98
      vertex 17.414930553734305 9.878506036400756 1.98
    endloop
  endfacet
  facet normal 0 0 -1
    outer loop
      vertex 17.223792569339277 9.637711198925933 1.98
      vertex 17.425876544415953 9.869366014301738 1.98
      vertex 17.436562368273737 9.859975198209247 1.98
    endloop
  endfacet
  facet normal 0 0 -1
    outer loop
      vertex 17.223792569339277 9.637711198925933 1.98
      vertex 17.436562368273737 9.859975198209247 1.98
      vertex 17.446988025307657 9.850333588123283 1.98
    endloop
  endfacet
  facet normal 0 0 -1
    outer loop
      vertex 17.232907736301424 9.627667264938315 1.98
      vertex 17.446988025307657 9.850333588123283 1.98
      vertex 17.457153515517714 9.840441184043845 1.98
    endloop
  endfacet
  facet normal 0 0 -1
    outer loop
      vertex 17.232907736301424 9.627667264938315 1.98
      vertex 17.457153515517714 9.840441184043845 1.98
      vertex 17.467058838903906 9.830297985970935 1.98
    endloop
  endfacet
  facet normal 0 0 -1
    outer loop
      vertex 17.241531552374365 9.617334203720054 1.98
      vertex 17.467058838903906 9.830297985970935 1.98
      vertex 17.476704002916815 9.819904001355132 1.98
    endloop
  endfacet
  facet normal 0 0 -1
    outer loop
      vertex 16.739104898273947 10.898630434572658 1.98
      vertex 16.783663669228556 11.13210428684946 1.98
      vertex 16.774437868595125 10.896198483109435 1.98
    endloop
  endfacet
  facet normal 0 0 -1
    outer loop
      vertex 16.774437868595125 10.896198483109435 1.98
      vertex 16.83831479549408 11.128564642667731 1.98
      vertex 16.808480517566206 10.892793754041156 1.98
    endloop
  endfacet
  facet normal 0 0 -1
    outer loop
      vertex 16.808480517566206 10.892793754041156 1.98
      vertex 16.83831479549408 11.128564642667731 1.98
      vertex 16.84123285263777 10.88841623991724 1.98
    endloop
  endfacet
  facet normal 0 0 -1
    outer loop
      vertex 16.774437868595125 10.896198483109435 1.98
      vertex 16.783663669228556 11.13210428684946 1.98
      vertex 16.83831479549408 11.128564642667731 1.98
    endloop
  endfacet
  facet normal 0 0 -1
    outer loop
      vertex 16.84123285263777 10.88841623991724 1.98
      vertex 16.890789443254473 11.123609134852847 1.98
      vertex 16.872694866359236 10.883065940737685 1.98
    endloop
  endfacet
  facet normal 0 0 -1
    outer loop
      vertex 16.84123285263777 10.88841623991724 1.98
      vertex 16.83831479549408 11.128564642667731 1.98
      vertex 16.890789443254473 11.123609134852847 1.98
    endloop
  endfacet
  facet normal 0 0 -1
    outer loop
      vertex 16.872694866359236 10.883065940737685 1.98
      vertex 16.94108761996031 11.117237778305968 1.98
      vertex 16.902866558730604 10.876742863953075 1.98
    endloop
  endfacet
  facet normal 0 0 -1
    outer loop
      vertex 16.872694866359236 10.883065940737685 1.98
      vertex 16.890789443254473 11.123609134852847 1.98
      vertex 16.94108761996031 11.117237778305968 1.98
    endloop
  endfacet
  facet normal 0 0 -1
    outer loop
      vertex 16.902866558730604 10.876742863953075 1.98
      vertex 16.989209325611593 11.109450558125934 1.98
      vertex 16.931747929751875 10.869447009563407 1.98
    endloop
  endfacet
  facet normal 0 0 -1
    outer loop
      vertex 16.902866558730604 10.876742863953075 1.98
      vertex 16.94108761996031 11.117237778305968 1.98
      vertex 16.989209325611593 11.109450558125934 1.98
    endloop
  endfacet
  facet normal 0 0 -1
    outer loop
      vertex 16.931747929751875 10.869447009563407 1.98
      vertex 16.989209325611593 11.109450558125934 1.98
      vertex 16.95933897942305 10.861178370118102 1.98
    endloop
  endfacet
  facet normal 0 0 -1
    outer loop
      vertex 16.95933897942305 10.861178370118102 1.98
      vertex 17.035154552757742 11.100247481763324 1.98
      vertex 16.985639715194704 10.85193694561716 1.98
    endloop
  endfacet
  facet normal 0 0 -1
    outer loop
      vertex 16.95933897942305 10.861178370118102 1.98
      vertex 16.989209325611593 11.109450558125934 1.98
      vertex 17.035154552757742 11.100247481763324 1.98
    endloop
  endfacet
  facet normal 0 0 -1
    outer loop
      vertex 17.010650129616263 10.841722743511161 1.98
      vertex 16.985639715194704 10.85193694561716 1.98
      vertex 17.078923316299917 11.089628541767558 1.98
    endloop
  endfacet
  facet normal 0 0 -1
    outer loop
      vertex 16.985639715194704 10.85193694561716 1.98
      vertex 17.035154552757742 11.100247481763324 1.98
      vertex 17.078923316299917 11.089628541767558 1.98
    endloop
  endfacet
  facet normal 0 0 -1
    outer loop
      vertex 17.010650129616263 10.841722743511161 1.98
      vertex 17.120515601336958 11.077593753039798 1.98
      vertex 17.034370222687723 10.830535763800105 1.98
    endloop
  endfacet
  facet normal 0 0 -1
    outer loop
      vertex 17.010650129616263 10.841722743511161 1.98
      vertex 17.078923316299917 11.089628541767558 1.98
      vertex 17.120515601336958 11.077593753039798 1.98
    endloop
  endfacet
  facet normal 0 0 -1
    outer loop
      vertex 17.1172995954752 10.775117630064448 1.98
      vertex 17.296186366677286 10.995896899998149 1.98
      vertex 17.135308684408667 10.758328849375209 1.98
    endloop
  endfacet
  facet normal 0 0 -1
    outer loop
      vertex 17.135308684408667 10.758328849375209 1.98
      vertex 17.353928381204607 10.951118865907153 1.98
      vertex 17.15223905593157 10.740355411469897 1.98
    endloop
  endfacet
  facet normal 0 0 -1
    outer loop
      vertex 17.15223905593157 10.740355411469897 1.98
      vertex 17.38060402274132 10.92573993086811 1.98
      vertex 17.168090695142748 10.721197301447353 1.98
    endloop
  endfacet
  facet normal 0 0 -1
    outer loop
      vertex 17.034370222687723 10.830535763800105 1.98
      vertex 17.159931407868864 11.064143100678882 1.98
      vertex 17.056800001859667 10.818375999033412 1.98
    endloop
  endfacet
  facet normal 0 0 -1
    outer loop
      vertex 17.056800001859667 10.818375999033412 1.98
      vertex 17.197170743346216 11.04927659213539 1.98
      vertex 17.07804525792599 10.80514120489355 1.98
    endloop
  endfacet
  facet normal 0 0 -1
    outer loop
      vertex 17.034370222687723 10.830535763800105 1.98
      vertex 17.120515601336958 11.077593753039798 1.98
      vertex 17.159931407868864 11.064143100678882 1.98
    endloop
  endfacet
  facet normal 0 0 -1
    outer loop
      vertex 17.07804525792599 10.80514120489355 1.98
      vertex 17.232233607769015 11.032994227409324 1.98
      vertex 17.098211789131167 10.790721753537616 1.98
    endloop
  endfacet
  facet normal 0 0 -1
    outer loop
      vertex 17.056800001859667 10.818375999033412 1.98
      vertex 17.159931407868864 11.064143100678882 1.98
      vertex 17.197170743346216 11.04927659213539 1.98
    endloop
  endfacet
  facet normal 0 0 -1
    outer loop
      vertex 17.098211789131167 10.790721753537616 1.98
      vertex 17.26512000113726 11.015295999050101 1.98
      vertex 17.1172995954752 10.775117630064448 1.98
    endloop
  endfacet
  facet normal 0 0 -1
    outer loop
      vertex 17.07804525792599 10.80514120489355 1.98
      vertex 17.197170743346216 11.04927659213539 1.98
      vertex 17.232233607769015 11.032994227409324 1.98
    endloop
  endfacet
  facet normal 0 0 -1
    outer loop
      vertex 17.098211789131167 10.790721753537616 1.98
      vertex 17.232233607769015 11.032994227409324 1.98
      vertex 17.26512000113726 11.015295999050101 1.98
    endloop
  endfacet
  facet normal 0 0 -1
    outer loop
      vertex 17.1172995954752 10.775117630064448 1.98
      vertex 17.26512000113726 11.015295999050101 1.98
      vertex 17.296186366677286 10.995896899998149 1.98
    endloop
  endfacet
  facet normal 0 0 -1
    outer loop
      vertex 17.168090695142748 10.721197301447353 1.98
      vertex 17.405816094577315 10.89836771965023 1.98
      vertex 17.182863624393942 10.700854534208736 1.98
    endloop
  endfacet
  facet normal 0 0 -1
    outer loop
      vertex 17.182863624393942 10.700854534208736 1.98
      vertex 17.42956458926201 10.869002224802932 1.98
      vertex 17.19655782133341 10.679327102303466 1.98
    endloop
  endfacet
  facet normal 0 0 -1
    outer loop
      vertex 17.19655782133341 10.679327102303466 1.98
      vertex 17.47267086207867 10.804291406571826 1.98
      vertex 17.209173300862314 10.656615005731544 1.98
    endloop
  endfacet
  facet normal 0 0 -1
    outer loop
      vertex 17.209173300862314 10.656615005731544 1.98
      vertex 17.49202864021063 10.768946083188018 1.98
      vertex 17.220710055530073 10.63271825194355 1.98
    endloop
  endfacet
  facet normal 0 0 -1
    outer loop
      vertex 17.231168092787268 10.607636826038322 1.98
      vertex 17.52635346502066 10.69227560043331 1.98
      vertex 17.240547405183317 10.581370742917022 1.98
    endloop
  endfacet
  facet normal 0 0 -1
    outer loop
      vertex 17.240547405183317 10.581370742917022 1.98
      vertex 17.541320519149306 10.650950441062411 1.98
      vertex 17.248848000168802 10.55392000257965 1.98
    endloop
  endfacet
  facet normal 0 0 -1
    outer loop
      vertex 17.220710055530073 10.63271825194355 1.98
      vertex 17.509922841191294 10.731607476174792 1.98
      vertex 17.231168092787268 10.607636826038322 1.98
    endloop
  endfacet
  facet normal 0 0 -1
    outer loop
      vertex 17.182863624393942 10.700854534208736 1.98
      vertex 17.405816094577315 10.89836771965023 1.98
      vertex 17.42956458926201 10.869002224802932 1.98
    endloop
  endfacet
  facet normal 0 0 -1
    outer loop
      vertex 17.19655782133341 10.679327102303466 1.98
      vertex 17.42956458926201 10.869002224802932 1.98
      vertex 17.45184951424599 10.837643453776797 1.98
    endloop
  endfacet
  facet normal 0 0 -1
    outer loop
      vertex 17.19655782133341 10.679327102303466 1.98
      vertex 17.45184951424599 10.837643453776797 1.98
      vertex 17.47267086207867 10.804291406571826 1.98
    endloop
  endfacet
  facet normal 0 0 -1
    outer loop
      vertex 17.209173300862314 10.656615005731544 1.98
      vertex 17.47267086207867 10.804291406571826 1.98
      vertex 17.49202864021063 10.768946083188018 1.98
    endloop
  endfacet
  facet normal 0 0 -1
    outer loop
      vertex 17.135308684408667 10.758328849375209 1.98
      vertex 17.296186366677286 10.995896899998149 1.98
      vertex 17.325789162516596 10.97450451731678 1.98
    endloop
  endfacet
  facet normal 0 0 -1
    outer loop
      vertex 17.135308684408667 10.758328849375209 1.98
      vertex 17.325789162516596 10.97450451731678 1.98
      vertex 17.353928381204607 10.951118865907153 1.98
    endloop
  endfacet
  facet normal 0 0 -1
    outer loop
      vertex 17.15223905593157 10.740355411469897 1.98
      vertex 17.353928381204607 10.951118865907153 1.98
      vertex 17.38060402274132 10.92573993086811 1.98
    endloop
  endfacet
  facet normal 0 0 -1
    outer loop
      vertex 17.168090695142748 10.721197301447353 1.98
      vertex 17.38060402274132 10.92573993086811 1.98
      vertex 17.405816094577315 10.89836771965023 1.98
    endloop
  endfacet
  facet normal -0.32139987625835903 -0.9469435672420566 0
    outer loop
      vertex 16.120828115940096 8.861254529952964 1.98
      vertex 16.21224795430899 8.830225938856563 1.98
      vertex 16.120828115940096 8.861254529952964 2.5
    endloop
  endfacet
  facet normal 0.7234742961735257 0.6903513183707422 0
    outer loop
      vertex 16.09926177710295 9.205142015516719 1.98
      vertex 16.119060212373736 9.184393653571567 2.5
      vertex 16.119060212373736 9.184393653571567 1.98
    endloop
  endfacet
  facet normal 0.676267810221465 0.7366558551034972 0
    outer loop
      vertex 16.119060212373736 9.184393653571567 1.98
      vertex 16.140245252847674 9.164945276379546 2.5
      vertex 16.140245252847674 9.164945276379546 1.98
    endloop
  endfacet
  facet normal 0.5752403763235905 0.817984418829047 0
    outer loop
      vertex 16.162816898524763 9.146796876490077 1.98
      vertex 16.186775149405005 9.129948446452579 2.5
      vertex 16.186775149405005 9.129948446452579 1.98
    endloop
  endfacet
  facet normal 0.6266107490000207 0.7793323868784313 0
    outer loop
      vertex 16.140245252847674 9.164945276379546 1.98
      vertex 16.162816898524763 9.146796876490077 2.5
      vertex 16.162816898524763 9.146796876490077 1.98
    endloop
  endfacet
  facet normal -0.23513185581556198 -0.9719634820201476 0
    outer loop
      vertex 16.21224795430899 8.830225938856563 1.98
      vertex 16.31200786083937 8.806092591881713 1.98
      vertex 16.21224795430899 8.830225938856563 2.5
    endloop
  endfacet
  facet normal 0.5229166456937671 0.8523838229673175 0
    outer loop
      vertex 16.186775149405005 9.129948446452579 1.98
      vertex 16.212119998037817 9.114400001168212 2.5
      vertex 16.212119998037817 9.114400001168212 1.98
    endloop
  endfacet
  facet normal 0.4719040771626046 0.8816498976109 0
    outer loop
      vertex 16.212119998037817 9.114400001168212 1.98
      vertex 16.238883973658087 9.10007455378767 2.5
      vertex 16.238883973658087 9.10007455378767 1.98
    endloop
  endfacet
  facet normal 0.4232958259903132 0.90599152518066 0
    outer loop
      vertex 16.238883973658087 9.10007455378767 1.98
      vertex 16.267092214524748 9.086895147263965 2.5
      vertex 16.267092214524748 9.086895147263965 1.98
    endloop
  endfacet
  facet normal -0.4560404299179932 -0.8899590587663075 0
    outer loop
      vertex 16.105895856022837 10.024276779890021 1.98
      vertex 16.12509188205004 10.014440188109836 1.98
      vertex 16.105895856022837 10.024276779890021 2.5
    endloop
  endfacet
  facet normal -0.4371932138047204 -0.8993676077128306 0
    outer loop
      vertex 16.12509188205004 10.014440188109836 1.98
      vertex 16.14499057978392 10.004767196178397 1.98
      vertex 16.12509188205004 10.014440188109836 2.5
    endloop
  endfacet
  facet normal -0.41909724084347644 -0.9079413542280059 0
    outer loop
      vertex 16.14499057978392 10.004767196178397 1.98
      vertex 16.165591949224474 9.995257796645125 1.98
      vertex 16.14499057978392 10.004767196178397 2.5
    endloop
  endfacet
  facet normal -0.4017306643480098 -0.9157578682831541 0
    outer loop
      vertex 16.165591949224474 9.995257796645125 1.98
      vertex 16.186895997822287 9.985911996960601 1.98
      vertex 16.165591949224474 9.995257796645125 2.5
    endloop
  endfacet
  facet normal -0.38167739171682546 -0.9242956067472359 0
    outer loop
      vertex 16.186895997822287 9.985911996960601 1.98
      vertex 16.209330321848395 9.97664799720045 1.98
      vertex 16.186895997822287 9.985911996960601 2.5
    endloop
  endfacet
  facet normal -0.36030260615143966 -0.9328354795999563 0
    outer loop
      vertex 16.209330321848395 9.97664799720045 1.98
      vertex 16.233315126597883 9.9673839974403 1.98
      vertex 16.209330321848395 9.97664799720045 2.5
    endloop
  endfacet
  facet normal -0.34104200587712236 -0.9400480574030825 0
    outer loop
      vertex 16.233315126597883 9.9673839974403 1.98
      vertex 16.258850412070753 9.958119997680148 1.98
      vertex 16.233315126597883 9.9673839974403 2.5
    endloop
  endfacet
  facet normal -0.323619316784274 -0.9461873692900787 0
    outer loop
      vertex 16.258850412070753 9.958119997680148 1.98
      vertex 16.285936185717585 9.948855997919997 1.98
      vertex 16.258850412070753 9.958119997680148 2.5
    endloop
  endfacet
  facet normal -0.15747487767617574 -0.9875229936061607 0
    outer loop
      vertex 16.31200786083937 8.806092591881713 1.98
      vertex 16.420107835531237 8.788854481577834 1.98
      vertex 16.31200786083937 8.806092591881713 2.5
    endloop
  endfacet
  facet normal 0.3760295534864083 0.9266076704327525 0
    outer loop
      vertex 16.267092214524748 9.086895147263965 1.98
      vertex 16.29674471318722 9.074861774146518 2.5
      vertex 16.29674471318722 9.074861774146518 1.98
    endloop
  endfacet
  facet normal 0.330444382204183 0.9438254659997769 0
    outer loop
      vertex 16.29674471318722 9.074861774146518 1.98
      vertex 16.327841469645502 9.063974434435329 2.5
      vertex 16.327841469645502 9.063974434435329 1.98
    endloop
  endfacet
  facet normal 0.28678050265843236 0.9579963169527203 0
    outer loop
      vertex 16.327841469645502 9.063974434435329 1.98
      vertex 16.360382483899595 9.054233135580978 2.5
      vertex 16.360382483899595 9.054233135580978 1.98
    endloop
  endfacet
  facet normal 0.24519123567420587 0.9694747330119318 0
    outer loop
      vertex 16.360382483899595 9.054233135580978 1.98
      vertex 16.39436776340008 9.045637870132884 2.5
      vertex 16.39436776340008 9.045637870132884 1.98
    endloop
  endfacet
  facet normal 0.2057560911402564 0.9786033062271364 0
    outer loop
      vertex 16.39436776340008 9.045637870132884 1.98
      vertex 16.429797300696375 9.038188638091048 2.5
      vertex 16.429797300696375 9.038188638091048 1.98
    endloop
  endfacet
  facet normal -0.3078000379347333 -0.9514510689716928 0
    outer loop
      vertex 16.285936185717585 9.948855997919997 1.98
      vertex 16.314572447538378 9.939591998159846 1.98
      vertex 16.285936185717585 9.948855997919997 2.5
    endloop
  endfacet
  facet normal -0.2933847577251349 -0.9559944476483971 0
    outer loop
      vertex 16.314572447538378 9.939591998159846 1.98
      vertex 16.344759197533133 9.930327998399695 1.98
      vertex 16.314572447538378 9.939591998159846 2.5
    endloop
  endfacet
  facet normal -0.28020369071267337 -0.9599405667597325 0
    outer loop
      vertex 16.344759197533133 9.930327998399695 1.98
      vertex 16.37649642825127 9.921063998639545 1.98
      vertex 16.344759197533133 9.930327998399695 2.5
    endloop
  endfacet
  facet normal -0.26811169297352994 -0.963387834722272 0
    outer loop
      vertex 16.37649642825127 9.921063998639545 1.98
      vertex 16.409784139692785 9.911799998879394 1.98
      vertex 16.37649642825127 9.921063998639545 2.5
    endloop
  endfacet
  facet normal -0.25698433826647726 -0.9664155679032393 0
    outer loop
      vertex 16.409784139692785 9.911799998879394 1.98
      vertex 16.444622346758845 9.902535999119243 1.98
      vertex 16.409784139692785 9.911799998879394 2.5
    endloop
  endfacet
  facet normal -0.08847726111625691 -0.9960781968627592 0
    outer loop
      vertex 16.420107835531237 8.788854481577834 1.98
      vertex 16.536547878384592 8.778511622846088 1.98
      vertex 16.420107835531237 8.788854481577834 2.5
    endloop
  endfacet
  facet normal 0.16849552705108878 0.9857024182600831 0
    outer loop
      vertex 16.429797300696375 9.038188638091048 1.98
      vertex 16.46667110323906 9.03188544690605 2.5
      vertex 16.46667110323906 9.03188544690605 1.98
    endloop
  endfacet
  facet normal 0.1333857395292413 0.9910641979661243 0
    outer loop
      vertex 16.46667110323906 9.03188544690605 1.98
      vertex 16.504989156126978 9.02672828167673 2.5
      vertex 16.504989156126978 9.02672828167673 1.98
    endloop
  endfacet
  facet normal -0.027619038271563815 -0.9996185215995919 0
    outer loop
      vertex 16.536547878384592 8.778511622846088 1.98
      vertex 16.661327996850016 8.775064000785312 1.98
      vertex 16.536547878384592 8.778511622846088 2.5
    endloop
  endfacet
  facet normal 0.10036811542435675 0.9949503713282201 0
    outer loop
      vertex 16.504989156126978 9.02672828167673 1.98
      vertex 16.544751481711867 9.022717157304248 2.5
      vertex 16.544751481711867 9.022717157304248 1.98
    endloop
  endfacet
  facet normal 0.06936230438462511 0.9975915350134316 0
    outer loop
      vertex 16.544751481711867 9.022717157304248 1.98
      vertex 16.585958057641985 9.019852073788604 2.5
      vertex 16.585958057641985 9.019852073788604 1.98
    endloop
  endfacet
  facet normal -0.246714960779893 -0.9690880910048248 0
    outer loop
      vertex 16.444622346758845 9.902535999119243 1.98
      vertex 16.481011027097704 9.893271999359092 1.98
      vertex 16.444622346758845 9.902535999119243 2.5
    endloop
  endfacet
  facet normal -0.23721095571129186 -0.9714581630160589 0
    outer loop
      vertex 16.481011027097704 9.893271999359092 1.98
      vertex 16.518950203061106 9.884007999598941 1.98
      vertex 16.481011027097704 9.893271999359092 2.5
    endloop
  endfacet
  facet normal -0.22839256825255647 -0.9735691217201793 0
    outer loop
      vertex 16.518950203061106 9.884007999598941 1.98
      vertex 16.55843985974789 9.87474399983879 1.98
      vertex 16.518950203061106 9.884007999598941 2.5
    endloop
  endfacet
  facet normal -0.22019012941131444 -0.9754569733770058 0
    outer loop
      vertex 16.55843985974789 9.87474399983879 1.98
      vertex 16.599479997158053 9.86548000007864 1.98
      vertex 16.55843985974789 9.87474399983879 2.5
    endloop
  endfacet
  facet normal 0.040272662578724534 0.9991887272426668 0
    outer loop
      vertex 16.585958057641985 9.019852073788604 1.98
      vertex 16.628608898818495 9.018133016228637 2.5
      vertex 16.628608898818495 9.018133016228637 1.98
    endloop
  endfacet
  facet normal 0.012993923129468914 0.9999155754170976 0
    outer loop
      vertex 16.628608898818495 9.018133016228637 1.98
      vertex 16.672703997790816 9.017559999525508 2.5
      vertex 16.672703997790816 9.017559999525508 1.98
    endloop
  endfacet
  facet normal 0.015116792876530276 -0.9998857347582912 0
    outer loop
      vertex 16.661327996850016 8.775064000785312 1.98
      vertex 16.729485304653647 8.776094438433608 1.98
      vertex 16.661327996850016 8.775064000785312 2.5
    endloop
  endfacet
  facet normal 0.046957669871346926 -0.998896880183462 0
    outer loop
      vertex 16.729485304653647 8.776094438433608 1.98
      vertex 16.795244590938093 8.779185751378497 1.98
      vertex 16.729485304653647 8.776094438433608 2.5
    endloop
  endfacet
  facet normal -0.013435587552983 0.9999097384199767 0
    outer loop
      vertex 16.672703997790816 9.017559999525508 1.98
      vertex 16.71821382045746 9.018171505928 2.5
      vertex 16.71821382045746 9.018171505928 1.98
    endloop
  endfacet
  facet normal -0.04176882796928937 0.999127301703878 0
    outer loop
      vertex 16.71821382045746 9.018171505928 1.98
      vertex 16.762095907330515 9.020006010234317 2.5
      vertex 16.762095907330515 9.020006010234317 1.98
    endloop
  endfacet
  facet normal -0.22373132988073968 -0.9746508564762028 0
    outer loop
      vertex 16.599479997158053 9.86548000007864 1.98
      vertex 16.62335318475962 9.859999904334506 1.98
      vertex 16.599479997158053 9.86548000007864 2.5
    endloop
  endfacet
  facet normal -0.22441983631197462 -0.9744925536245551 0
    outer loop
      vertex 16.62335318475962 9.859999904334506 1.98
      vertex 16.646898889541628 9.854577468633613 1.98
      vertex 16.62335318475962 9.859999904334506 2.5
    endloop
  endfacet
  facet normal -0.22512771144411609 -0.9743292634114685 0
    outer loop
      vertex 16.646898889541628 9.854577468633613 1.98
      vertex 16.67011711150408 9.849212685525378 1.98
      vertex 16.646898889541628 9.854577468633613 2.5
    endloop
  endfacet
  facet normal -0.22585509836431827 -0.9741609079319721 0
    outer loop
      vertex 16.67011711150408 9.849212685525378 1.98
      vertex 16.693007858097555 9.843905562460384 1.98
      vertex 16.67011711150408 9.849212685525378 2.5
    endloop
  endfacet
  facet normal -0.22660358127110355 -0.9739870722730924 0
    outer loop
      vertex 16.693007858097555 9.843905562460384 1.98
      vertex 16.715571121871474 9.838656091988048 1.98
      vertex 16.693007858097555 9.843905562460384 2.5
    endloop
  endfacet
  facet normal -0.2273733102677889 -0.9738076698085038 0
    outer loop
      vertex 16.715571121871474 9.838656091988048 1.98
      vertex 16.737806910276415 9.833464281558951 1.98
      vertex 16.715571121871474 9.838656091988048 2.5
    endloop
  endfacet
  facet normal -0.22816567868478452 -0.9736223205485338 0
    outer loop
      vertex 16.737806910276415 9.833464281558951 1.98
      vertex 16.7597152158618 9.828330131173095 1.98
      vertex 16.737806910276415 9.833464281558951 2.5
    endloop
  endfacet
  facet normal 0.9671076725057765 0.2543673520333535 0
    outer loop
      vertex 16.108128139376642 10.461687290966472 1.98
      vertex 16.11178196370602 10.447795407772025 2.5
      vertex 16.11178196370602 10.447795407772025 1.98
    endloop
  endfacet
  facet normal 0.9521887561611228 0.30551034784493625 0
    outer loop
      vertex 16.11178196370602 10.447795407772025 1.98
      vertex 16.11610011905432 10.434336947202643 2.5
      vertex 16.11610011905432 10.434336947202643 1.98
    endloop
  endfacet
  facet normal 0.9124470972665276 0.40919469044684326 0
    outer loop
      vertex 16.121082605421545 10.421311901807746 1.98
      vertex 16.126729422807696 10.408720286488494 2.5
      vertex 16.126729422807696 10.408720286488494 1.98
    endloop
  endfacet
  facet normal 0.9339962810528227 0.3572827269537342 0
    outer loop
      vertex 16.11610011905432 10.434336947202643 1.98
      vertex 16.121082605421545 10.421311901807746 2.5
      vertex 16.121082605421545 10.421311901807746 1.98
    endloop
  endfacet
  facet normal 0.8875487114981044 0.46071388596183477 0
    outer loop
      vertex 16.126729422807696 10.408720286488494 1.98
      vertex 16.13304057121277 10.396562086343726 2.5
      vertex 16.13304057121277 10.396562086343726 1.98
    endloop
  endfacet
  facet normal 0.859407526467176 0.5112912119835136 0
    outer loop
      vertex 16.13304057121277 10.396562086343726 1.98
      vertex 16.14001605063677 10.384837301373443 2.5
      vertex 16.14001605063677 10.384837301373443 1.98
    endloop
  endfacet
  facet normal 0.8282311242571179 0.5603866565254659 0
    outer loop
      vertex 16.14001605063677 10.384837301373443 1.98
      vertex 16.147655861079695 10.373545939028224 2.5
      vertex 16.147655861079695 10.373545939028224 1.98
    endloop
  endfacet
  facet normal 0.7943221401037909 0.6074967800251566 0
    outer loop
      vertex 16.155960002541544 10.36268799930807 1.98
      vertex 16.147655861079695 10.373545939028224 1.98
      vertex 16.155960002541544 10.36268799930807 2.5
    endloop
  endfacet
  facet normal 0.7621187831366808 0.6474372250575843 0
    outer loop
      vertex 16.155960002541544 10.36268799930807 1.98
      vertex 16.16489368081093 10.352171884775123 2.5
      vertex 16.16489368081093 10.352171884775123 1.98
    endloop
  endfacet
  facet normal 0.733205444295421 0.6800071885322643 0
    outer loop
      vertex 16.16489368081093 10.352171884775123 1.98
      vertex 16.174414725601675 10.341905990540942 2.5
      vertex 16.174414725601675 10.341905990540942 1.98
    endloop
  endfacet
  facet normal 0.7038412867942712 0.7103572643422353 0
    outer loop
      vertex 16.174414725601675 10.341905990540942 1.98
      vertex 16.184523122012617 10.331890316605529 2.5
      vertex 16.184523122012617 10.331890316605529 1.98
    endloop
  endfacet
  facet normal 0.9703481296144436 -0.24171162022904677 0
    outer loop
      vertex 16.10753737539053 10.616256663501224 1.98
      vertex 16.11353666484356 10.640340732336005 1.98
      vertex 16.10753737539053 10.616256663501224 2.5
    endloop
  endfacet
  facet normal 0.9482067905032376 -0.31765371466984216 0
    outer loop
      vertex 16.11353666484356 10.640340732336005 1.98
      vertex 16.12125003486872 10.66336539566513 1.98
      vertex 16.11353666484356 10.640340732336005 2.5
    endloop
  endfacet
  facet normal 0.9189362275057369 -0.39440614825015646 0
    outer loop
      vertex 16.12125003486872 10.66336539566513 1.98
      vertex 16.130677492916586 10.685330653488597 1.98
      vertex 16.12125003486872 10.66336539566513 2.5
    endloop
  endfacet
  facet normal 0.8824974222676706 -0.4703172330362951 0
    outer loop
      vertex 16.130677492916586 10.685330653488597 1.98
      vertex 16.14181903153658 10.706236498355826 1.98
      vertex 16.130677492916586 10.685330653488597 2.5
    endloop
  endfacet
  facet normal 0.8393037716790738 -0.5436627436612531 0
    outer loop
      vertex 16.14181903153658 10.706236498355826 1.98
      vertex 16.154674650728705 10.726082937717399 1.98
      vertex 16.14181903153658 10.706236498355826 2.5
    endloop
  endfacet
  facet normal 0.7902162053650185 -0.6128281559935957 0
    outer loop
      vertex 16.154674650728705 10.726082937717399 1.98
      vertex 16.169244357943537 10.744869964122733 1.98
      vertex 16.154674650728705 10.726082937717399 2.5
    endloop
  endfacet
  facet normal 0.7364611802923844 -0.6764798074756909 0
    outer loop
      vertex 16.169244357943537 10.744869964122733 1.98
      vertex 16.185528145730498 10.76259758502241 1.98
      vertex 16.169244357943537 10.744869964122733 2.5
    endloop
  endfacet
  facet normal 0.6742596545114696 0.7384943590157433 0
    outer loop
      vertex 16.184523122012617 10.331890316605529 1.98
      vertex 16.195218884944918 10.322124877870044 2.5
      vertex 16.195218884944918 10.322124877870044 1.98
    endloop
  endfacet
  facet normal 0.6446761195960533 0.7644558200593251 0
    outer loop
      vertex 16.195218884944918 10.322124877870044 1.98
      vertex 16.206502014398577 10.312609659433326 2.5
      vertex 16.206502014398577 10.312609659433326 1.98
    endloop
  endfacet
  facet normal 0.6152804472659207 0.7883082970591194 0
    outer loop
      vertex 16.206502014398577 10.312609659433326 1.98
      vertex 16.218372495472433 10.303344661295375 2.5
      vertex 16.218372495472433 10.303344661295375 1.98
    endloop
  endfacet
  facet normal 0.5862354891562674 0.8101406984306564 0
    outer loop
      vertex 16.218372495472433 10.303344661295375 1.98
      vertex 16.230830343067648 10.294329890906772 2.5
      vertex 16.230830343067648 10.294329890906772 1.98
    endloop
  endfacet
  facet normal 0.502470134704898 0.8645945660999967 0
    outer loop
      vertex 16.27172804772854 10.268786931335887 1.98
      vertex 16.25750811547041 10.277051025927028 1.98
      vertex 16.27172804772854 10.268786931335887 2.5
    endloop
  endfacet
  facet normal 0.5576805619080214 0.830055655284604 0
    outer loop
      vertex 16.230830343067648 10.294329890906772 1.98
      vertex 16.24387554973364 10.285565348267516 2.5
      vertex 16.24387554973364 10.285565348267516 1.98
    endloop
  endfacet
  facet normal 0.5297290766918524 0.8481669088730104 0
    outer loop
      vertex 16.24387554973364 10.285565348267516 1.98
      vertex 16.25750811547041 10.277051025927028 2.5
      vertex 16.25750811547041 10.277051025927028 1.98
    endloop
  endfacet
  facet normal 0.6794853397474914 -0.7336890847411023 0
    outer loop
      vertex 16.185528145730498 10.76259758502241 1.98
      vertex 16.203526014089586 10.77926580041643 1.98
      vertex 16.185528145730498 10.76259758502241 2.5
    endloop
  endfacet
  facet normal 0.6207887444610889 -0.7839778917485013 0
    outer loop
      vertex 16.203526014089586 10.77926580041643 1.98
      vertex 16.223237963020804 10.794874602854213 1.98
      vertex 16.203526014089586 10.77926580041643 2.5
    endloop
  endfacet
  facet normal 0.5617737096314571 -0.8272909398554484 0
    outer loop
      vertex 16.223237963020804 10.794874602854213 1.98
      vertex 16.24466399997473 10.809423999786338 1.98
      vertex 16.223237963020804 10.794874602854213 2.5
    endloop
  endfacet
  facet normal 0.5048227316822572 -0.8632230358238037 0
    outer loop
      vertex 16.24466399997473 10.809423999786338 1.98
      vertex 16.26772104352713 10.822908023297748 1.98
      vertex 16.24466399997473 10.809423999786338 2.5
    endloop
  endfacet
  facet normal -0.44016054953589984 0.8979190891345694 0
    outer loop
      vertex 16.09647976011038 11.020734907984695 1.98
      vertex 16.13691223561764 11.04055493503805 2.5
      vertex 16.13691223561764 11.04055493503805 1.98
    endloop
  endfacet
  facet normal -0.3869396089500737 0.9221050585619646 0
    outer loop
      vertex 16.13691223561764 11.04055493503805 1.98
      vertex 16.17964644134045 11.058487335145434 2.5
      vertex 16.17964644134045 11.058487335145434 1.98
    endloop
  endfacet
  facet normal -0.3356039272653043 0.9420031868333059 0
    outer loop
      vertex 16.17964644134045 11.058487335145434 1.98
      vertex 16.224682369828226 11.074532115757426 2.5
      vertex 16.224682369828226 11.074532115757426 1.98
    endloop
  endfacet
  facet normal -0.2865282960064548 0.9580717799766557 0
    outer loop
      vertex 16.224682369828226 11.074532115757426 1.98
      vertex 16.272020021080973 11.088689276874026 2.5
      vertex 16.272020021080973 11.088689276874026 1.98
    endloop
  endfacet
  facet normal 0.47597318798827554 0.8794597911879074 0
    outer loop
      vertex 16.27172804772854 10.268786931335887 1.98
      vertex 16.286535339057448 10.260773064494094 2.5
      vertex 16.286535339057448 10.260773064494094 1.98
    endloop
  endfacet
  facet normal 0.4502882366553985 0.8928832532474622 0
    outer loop
      vertex 16.286535339057448 10.260773064494094 1.98
      vertex 16.301929989457133 10.253009417951068 2.5
      vertex 16.301929989457133 10.253009417951068 1.98
    endloop
  endfacet
  facet normal 0.4254480694922769 0.9049828397076347 0
    outer loop
      vertex 16.301929989457133 10.253009417951068 1.98
      vertex 16.317911998927595 10.24549599915739 2.5
      vertex 16.317911998927595 10.24549599915739 1.98
    endloop
  endfacet
  facet normal 0.39422863906137723 0.9190123939010911 0
    outer loop
      vertex 16.317911998927595 10.24549599915739 1.98
      vertex 16.33543001264334 10.237981298863849 2.5
      vertex 16.33543001264334 10.237981298863849 1.98
    endloop
  endfacet
  facet normal 0.36228645808105897 0.9320668014102214 0
    outer loop
      vertex 16.33543001264334 10.237981298863849 1.98
      vertex 16.355432660877707 10.230206439197024 2.5
      vertex 16.355432660877707 10.230206439197024 1.98
    endloop
  endfacet
  facet normal 0.4503037987544862 -0.8928754049850848 0
    outer loop
      vertex 16.26772104352713 10.822908023297748 1.98
      vertex 16.292318628728392 10.835313321948012 1.98
      vertex 16.26772104352713 10.822908023297748 2.5
    endloop
  endfacet
  facet normal 0.39760919921404186 -0.9175548619566943 0
    outer loop
      vertex 16.292318628728392 10.835313321948012 1.98
      vertex 16.31845675557852 10.846639903187713 1.98
      vertex 16.292318628728392 10.835313321948012 2.5
    endloop
  endfacet
  facet normal 0.33647970919265974 0.941690716372219 0
    outer loop
      vertex 16.355432660877707 10.230206439197024 1.98
      vertex 16.377919951081278 10.222171405255756 2.5
      vertex 16.377919951081278 10.222171405255756 1.98
    endloop
  endfacet
  facet normal 0.3152430998992355 0.9490109525005076 0
    outer loop
      vertex 16.377919951081278 10.222171405255756 1.98
      vertex 16.402891883254053 10.213876211941203 2.5
      vertex 16.402891883254053 10.213876211941203 1.98
    endloop
  endfacet
  facet normal 0.29748872585840735 0.9547253311749622 0
    outer loop
      vertex 16.402891883254053 10.213876211941203 1.98
      vertex 16.430348449945452 10.205320851802787 2.5
      vertex 16.430348449945452 10.205320851802787 1.98
    endloop
  endfacet
  facet normal -0.23995225229431666 0.9707846911745593 0
    outer loop
      vertex 16.272020021080973 11.088689276874026 1.98
      vertex 16.32165940999985 11.100958818495235 2.5
      vertex 16.32165940999985 11.100958818495235 1.98
    endloop
  endfacet
  facet normal 0.34721014440318054 -0.937787350961572 0
    outer loop
      vertex 16.31845675557852 10.846639903187713 1.98
      vertex 16.346135431528094 10.856887767016849 1.98
      vertex 16.31845675557852 10.846639903187713 2.5
    endloop
  endfacet
  facet normal 0.2994089879814508 -0.9541248649500356 0
    outer loop
      vertex 16.346135431528094 10.856887767016849 1.98
      vertex 16.375354649126532 10.866056898534259 1.98
      vertex 16.346135431528094 10.856887767016849 2.5
    endloop
  endfacet
  facet normal 0.2543679952031595 -0.9671075033398951 0
    outer loop
      vertex 16.375354649126532 10.866056898534259 1.98
      vertex 16.406114415824415 10.874147312641105 1.98
      vertex 16.375354649126532 10.866056898534259 2.5
    endloop
  endfacet
  facet normal -0.19600163069412269 0.9806035696270154 0
    outer loop
      vertex 16.32165940999985 11.100958818495235 1.98
      vertex 16.373600521683695 11.11134073317047 2.5
      vertex 16.373600521683695 11.11134073317047 1.98
    endloop
  endfacet
  facet normal 0.2121375771781384 -0.9772398110745331 0
    outer loop
      vertex 16.406114415824415 10.874147312641105 1.98
      vertex 16.438414724171164 10.881159009337386 1.98
      vertex 16.406114415824415 10.874147312641105 2.5
    endloop
  endfacet
  facet normal -0.15471203640679165 0.9879596073680662 0
    outer loop
      vertex 16.373600521683695 11.11134073317047 1.98
      vertex 16.42784336358309 11.119835028350314 2.5
      vertex 16.42784336358309 11.119835028350314 1.98
    endloop
  endfacet
  facet normal 0.28244023081749203 0.9592848982527358 0
    outer loop
      vertex 16.430348449945452 10.205320851802787 1.98
      vertex 16.460289658606055 10.196505324840507 2.5
      vertex 16.460289658606055 10.196505324840507 1.98
    endloop
  endfacet
  facet normal 0.26953237193959695 0.9629913293880765 0
    outer loop
      vertex 16.460289658606055 10.196505324840507 1.98
      vertex 16.49271550178528 10.187429631054362 2.5
      vertex 16.49271550178528 10.187429631054362 1.98
    endloop
  endfacet
  facet normal 0.25834438695505174 0.9660528855755354 0
    outer loop
      vertex 16.49271550178528 10.187429631054362 1.98
      vertex 16.52762598693371 10.178093777894935 2.5
      vertex 16.52762598693371 10.178093777894935 1.98
    endloop
  endfacet
  facet normal 0.24855843748882217 0.9686169021615901 0
    outer loop
      vertex 16.52762598693371 10.178093777894935 1.98
      vertex 16.565021114051344 10.168497750461063 2.5
      vertex 16.565021114051344 10.168497750461063 1.98
    endloop
  endfacet
  facet normal 0.17268577068291713 -0.9849769665345718 0
    outer loop
      vertex 16.438414724171164 10.881159009337386 1.98
      vertex 16.472255574166777 10.887091973721942 1.98
      vertex 16.438414724171164 10.881159009337386 2.5
    endloop
  endfacet
  facet normal -0.11605069980129279 0.9932432909794208 0
    outer loop
      vertex 16.42784336358309 11.119835028350314 1.98
      vertex 16.484387928247454 11.126441704034766 2.5
      vertex 16.484387928247454 11.126441704034766 1.98
    endloop
  endfacet
  facet normal 0.13592461295096536 -0.9907191830151117 0
    outer loop
      vertex 16.472255574166777 10.887091973721942 1.98
      vertex 16.507636973261835 10.891946228146514 1.98
      vertex 16.472255574166777 10.887091973721942 2.5
    endloop
  endfacet
  facet normal 0.10172640416095274 -0.9948124138230697 0
    outer loop
      vertex 16.507636973261835 10.891946228146514 1.98
      vertex 16.54455891400576 10.89572175025936 1.98
      vertex 16.507636973261835 10.891946228146514 2.5
    endloop
  endfacet
  facet normal -0.07993630007800957 0.9967999738813391 0
    outer loop
      vertex 16.484387928247454 11.126441704034766 1.98
      vertex 16.543234223127367 11.131160760223827 2.5
      vertex 16.543234223127367 11.131160760223827 1.98
    endloop
  endfacet
  facet normal 0.06994348622564882 -0.9975509554577162 0
    outer loop
      vertex 16.54455891400576 10.89572175025936 1.98
      vertex 16.583021396398546 10.898418554961642 1.98
      vertex 16.54455891400576 10.89572175025936 2.5
    endloop
  endfacet
  facet normal -0.04625494718542056 0.9989296671242045 0
    outer loop
      vertex 16.543234223127367 11.131160760223827 1.98
      vertex 16.60438224822283 11.133992189466914 2.5
      vertex 16.60438224822283 11.133992189466914 1.98
    endloop
  endfacet
  facet normal 0.23992854107268458 0.9707905516529984 0
    outer loop
      vertex 16.565021114051344 10.168497750461063 1.98
      vertex 16.6049008756876 10.158641563653907 2.5
      vertex 16.6049008756876 10.158641563653907 1.98
    endloop
  endfacet
  facet normal 0.23226341187620433 0.9726529224258902 0
    outer loop
      vertex 16.6049008756876 10.158641563653907 1.98
      vertex 16.647265279293062 10.148525210022887 2.5
      vertex 16.647265279293062 10.148525210022887 1.98
    endloop
  endfacet
  facet normal 0.2254110283374478 0.9742637570513718 0
    outer loop
      vertex 16.647265279293062 10.148525210022887 1.98
      vertex 16.692114317417147 10.138148689568004 2.5
      vertex 16.692114317417147 10.138148689568004 1.98
    endloop
  endfacet
  facet normal 0.21924946961628541 0.9756688321725654 0
    outer loop
      vertex 16.692114317417147 10.138148689568004 1.98
      vertex 16.739447997510435 10.127512002289256 2.5
      vertex 16.739447997510435 10.127512002289256 1.98
    endloop
  endfacet
  facet normal 0.22519557068868318 0.9743135814214018 0
    outer loop
      vertex 16.739447997510435 10.127512002289256 1.98
      vertex 16.755715312063696 10.123752096593341 2.5
      vertex 16.755715312063696 10.123752096593341 1.98
    endloop
  endfacet
  facet normal 0.04041606728491004 -0.9991829369566023 0
    outer loop
      vertex 16.583021396398546 10.898418554961642 1.98
      vertex 16.62302442789078 10.90003664225336 1.98
      vertex 16.583021396398546 10.898418554961642 2.5
    endloop
  endfacet
  facet normal 0.01298178007970052 -0.9999157331425296 0
    outer loop
      vertex 16.62302442789078 10.90003664225336 1.98
      vertex 16.664568001031878 10.900575997233352 1.98
      vertex 16.62302442789078 10.90003664225336 2.5
    endloop
  endfacet
  facet normal -0.014873270121437973 0.9998893868003074 0
    outer loop
      vertex 16.60438224822283 11.133992189466914 1.98
      vertex 16.667832003533842 11.13493599921461 2.5
      vertex 16.667832003533842 11.13493599921461 1.98
    endloop
  endfacet
  facet normal -0.01282781669589365 -0.9999177201744235 0
    outer loop
      vertex 16.664568001031878 10.900575997233352 1.98
      vertex 16.70248160660267 10.900089608430823 1.98
      vertex 16.664568001031878 10.900575997233352 2.5
    endloop
  endfacet
  facet normal 0.011997153540965123 0.9999280315637293 0
    outer loop
      vertex 16.667832003533842 11.13493599921461 1.98
      vertex 16.726836071908476 11.134228067398032 2.5
      vertex 16.726836071908476 11.134228067398032 1.98
    endloop
  endfacet
  facet normal -0.03981119631488374 -0.9992072200739834 0
    outer loop
      vertex 16.70248160660267 10.900089608430823 1.98
      vertex 16.739104898273947 10.898630434572658 1.98
      vertex 16.70248160660267 10.900089608430823 2.5
    endloop
  endfacet
  facet normal -0.06866705913297856 -0.9976396318260558 0
    outer loop
      vertex 16.739104898273947 10.898630434572658 1.98
      vertex 16.774437868595125 10.896198483109435 1.98
      vertex 16.739104898273947 10.898630434572658 2.5
    endloop
  endfacet
  facet normal 0.08104695853916276 -0.9967102841405578 0
    outer loop
      vertex 16.795244590938093 8.779185751378497 1.98
      vertex 16.858605870604517 8.784337939619979 1.98
      vertex 16.795244590938093 8.779185751378497 2.5
    endloop
  endfacet
  facet normal -0.07217113438620179 0.9973922635359715 0
    outer loop
      vertex 16.762095907330515 9.020006010234317 1.98
      vertex 16.8043502509594 9.023063527345618 2.5
      vertex 16.8043502509594 9.023063527345618 1.98
    endloop
  endfacet
  facet normal -0.10478255183211334 0.9944951567662613 0
    outer loop
      vertex 16.8043502509594 9.023063527345618 1.98
      vertex 16.84497685134411 9.027344049811324 2.5
      vertex 16.84497685134411 9.027344049811324 1.98
    endloop
  endfacet
  facet normal 0.11749861027577213 -0.993073046952369 0
    outer loop
      vertex 16.858605870604517 8.784337939619979 1.98
      vertex 16.919569136202337 8.791551003158053 1.98
      vertex 16.858605870604517 8.784337939619979 2.5
    endloop
  endfacet
  facet normal -0.13973565404595878 0.9901888441041679 0
    outer loop
      vertex 16.84497685134411 9.027344049811324 1.98
      vertex 16.883975715935232 9.032847577631435 2.5
      vertex 16.883975715935232 9.032847577631435 1.98
    endloop
  endfacet
  facet normal -0.17714595481965817 0.9841845917768839 0
    outer loop
      vertex 16.883975715935232 9.032847577631435 1.98
      vertex 16.921346837282183 9.039574103355369 2.5
      vertex 16.921346837282183 9.039574103355369 1.98
    endloop
  endfacet
  facet normal -0.228981864617506 -0.973430688686303 0
    outer loop
      vertex 16.7597152158618 9.828330131173095 1.98
      vertex 16.781296046078207 9.823253633379897 1.98
      vertex 16.7597152158618 9.828330131173095 2.5
    endloop
  endfacet
  facet normal -0.22982245036816493 -0.9732325730814667 0
    outer loop
      vertex 16.781296046078207 9.823253633379897 1.98
      vertex 16.802549393475058 9.81823479562994 1.98
      vertex 16.781296046078207 9.823253633379897 2.5
    endloop
  endfacet
  facet normal -0.23068905771598203 -0.9730275220414437 0
    outer loop
      vertex 16.802549393475058 9.81823479562994 1.98
      vertex 16.823475265502932 9.81327361047264 1.98
      vertex 16.802549393475058 9.81823479562994 2.5
    endloop
  endfacet
  facet normal -0.23158239107830283 -0.9728152939497076 0
    outer loop
      vertex 16.823475265502932 9.81327361047264 1.98
      vertex 16.84407365471125 9.80837008535858 1.98
      vertex 16.823475265502932 9.81327361047264 2.5
    endloop
  endfacet
  facet normal -0.23250423173926535 -0.9725953846401564 0
    outer loop
      vertex 16.84407365471125 9.80837008535858 1.98
      vertex 16.86434456855059 9.80352421283718 1.98
      vertex 16.84407365471125 9.80837008535858 2.5
    endloop
  endfacet
  facet normal -0.23345542763224514 -0.9723675042436607 0
    outer loop
      vertex 16.86434456855059 9.80352421283718 1.98
      vertex 16.884287999570372 9.79873600035902 1.98
      vertex 16.86434456855059 9.80352421283718 2.5
    endloop
  endfacet
  facet normal -0.24022415118486992 -0.9707174445674235 0
    outer loop
      vertex 16.884287999570372 9.79873600035902 1.98
      vertex 16.90385580956936 9.793893540203532 1.98
      vertex 16.884287999570372 9.79873600035902 2.5
    endloop
  endfacet
  facet normal -0.25345779419566666 -0.9673464459858563 0
    outer loop
      vertex 16.90385580956936 9.793893540203532 1.98
      vertex 16.92299986034632 9.788877541124782 1.98
      vertex 16.90385580956936 9.793893540203532 2.5
    endloop
  endfacet
  facet normal 0.15640356293192098 -0.9876932345127208 0
    outer loop
      vertex 16.919569136202337 8.791551003158053 1.98
      vertex 16.978134387731554 8.800824949443301 1.98
      vertex 16.919569136202337 8.791551003158053 2.5
    endloop
  endfacet
  facet normal -0.21710127995133666 0.9761490840253303 0
    outer loop
      vertex 16.921346837282183 9.039574103355369 1.98
      vertex 16.957090222835543 9.047523641884288 2.5
      vertex 16.957090222835543 9.047523641884288 1.98
    endloop
  endfacet
  facet normal -0.25964515481484185 0.9657040921427106 0
    outer loop
      vertex 16.957090222835543 9.047523641884288 1.98
      vertex 16.991205872595312 9.056696185767612 2.5
      vertex 16.991205872595312 9.056696185767612 1.98
    endloop
  endfacet
  facet normal 0.1978168395444532 -0.980239000444608 0
    outer loop
      vertex 16.978134387731554 8.800824949443301 1.98
      vertex 17.034301632642748 8.812159763574561 1.98
      vertex 16.978134387731554 8.800824949443301 2.5
    endloop
  endfacet
  facet normal 0.24174374060220719 -0.9703401279343511 0
    outer loop
      vertex 17.034301632642748 8.812159763574561 1.98
      vertex 17.08807086348534 8.825555453002414 1.98
      vertex 17.034301632642748 8.812159763574561 2.5
    endloop
  endfacet
  facet normal -0.30476054197418934 0.952429006307346 0
    outer loop
      vertex 16.991205872595312 9.056696185767612 1.98
      vertex 17.02369377166033 9.06709174245592 2.5
      vertex 17.02369377166033 9.06709174245592 1.98
    endloop
  endfacet
  facet normal -0.3523459073194073 0.9358698422298176 0
    outer loop
      vertex 17.02369377166033 9.06709174245592 1.98
      vertex 17.054553942382338 9.078710297048053 2.5
      vertex 17.054553942382338 9.078710297048053 1.98
    endloop
  endfacet
  facet normal -0.40219516608464345 0.9155539571091078 0
    outer loop
      vertex 17.054553942382338 9.078710297048053 1.98
      vertex 17.083786369860174 9.09155185699459 2.5
      vertex 17.083786369860174 9.09155185699459 1.98
    endloop
  endfacet
  facet normal -0.2671400850555404 -0.963657706323422 0
    outer loop
      vertex 16.92299986034632 9.788877541124782 1.98
      vertex 16.941720144450667 9.783688003122768 1.98
      vertex 16.92299986034632 9.788877541124782 2.5
    endloop
  endfacet
  facet normal -0.281285145924203 -0.9596242320212636 0
    outer loop
      vertex 16.941720144450667 9.783688003122768 1.98
      vertex 16.960016661882403 9.77832492619749 1.98
      vertex 16.941720144450667 9.783688003122768 2.5
    endloop
  endfacet
  facet normal 0.2326172208125166 0.9725683670475104 0
    outer loop
      vertex 16.917872944474222 10.085621917545756 1.98
      vertex 16.934037157893183 10.08175578892227 2.5
      vertex 16.934037157893183 10.08175578892227 1.98
    endloop
  endfacet
  facet normal 0.23329499499008377 0.9724060084720665 0
    outer loop
      vertex 16.934037157893183 10.08175578892227 1.98
      vertex 16.950191998481753 10.077879996895751 2.5
      vertex 16.950191998481753 10.077879996895751 1.98
    endloop
  endfacet
  facet normal -0.29590669144670534 -0.9552168497032831 0
    outer loop
      vertex 16.960016661882403 9.77832492619749 1.98
      vertex 16.977889420092108 9.772788310348949 1.98
      vertex 16.960016661882403 9.77832492619749 2.5
    endloop
  endfacet
  facet normal -0.31101818674148923 -0.9504039601748492 0
    outer loop
      vertex 16.977889420092108 9.772788310348949 1.98
      vertex 16.995338411629202 9.767078155577144 1.98
      vertex 16.977889420092108 9.772788310348949 2.5
    endloop
  endfacet
  facet normal 0.23765499501470314 0.9713496298164537 0
    outer loop
      vertex 16.950191998481753 10.077879996895751 1.98
      vertex 16.966289186477663 10.073941582739314 2.5
      vertex 16.966289186477663 10.073941582739314 1.98
    endloop
  endfacet
  facet normal 0.24574054991157906 0.9693356395641063 0
    outer loop
      vertex 16.966289186477663 10.073941582739314 1.98
      vertex 16.982280427217486 10.069887572824916 2.5
      vertex 16.982280427217486 10.069887572824916 1.98
    endloop
  endfacet
  facet normal 0.25388184688915255 0.9672352391327319 0
    outer loop
      vertex 16.982280427217486 10.069887572824916 1.98
      vertex 16.9981657281518 10.065717967152557 2.5
      vertex 16.9981657281518 10.065717967152557 1.98
    endloop
  endfacet
  facet normal -0.3266318318802001 -0.9451516525947488 0
    outer loop
      vertex 16.995338411629202 9.767078155577144 1.98
      vertex 17.012363643944266 9.761194461882075 1.98
      vertex 16.995338411629202 9.767078155577144 2.5
    endloop
  endfacet
  facet normal -0.342759218826372 -0.9394232900612668 0
    outer loop
      vertex 17.012363643944266 9.761194461882075 1.98
      vertex 17.028965109586718 9.755137229263743 1.98
      vertex 17.012363643944266 9.761194461882075 2.5
    endloop
  endfacet
  facet normal 0.2620781923142291 0.9650466419367024 0
    outer loop
      vertex 16.9981657281518 10.065717967152557 1.98
      vertex 17.013945089280607 10.061432758271655 2.5
      vertex 17.013945089280607 10.061432758271655 1.98
    endloop
  endfacet
  facet normal 0.27032743813873383 0.9627684437025079 0
    outer loop
      vertex 17.013945089280607 10.061432758271655 1.98
      vertex 17.029618510603907 10.057031953632793 2.5
      vertex 17.029618510603907 10.057031953632793 1.98
    endloop
  endfacet
  facet normal -0.3594096464817077 -0.9331798894189125 0
    outer loop
      vertex 17.028965109586718 9.755137229263743 1.98
      vertex 17.04514281600714 9.748906465172729 1.98
      vertex 17.028965109586718 9.755137229263743 2.5
    endloop
  endfacet
  facet normal -0.3765926796869674 -0.926378947087092 0
    outer loop
      vertex 17.04514281600714 9.748906465172729 1.98
      vertex 17.06089675575495 9.74250215470787 1.98
      vertex 17.04514281600714 9.748906465172729 2.5
    endloop
  endfacet
  facet normal -0.39431286601807525 -0.9189762585032387 0
    outer loop
      vertex 17.06089675575495 9.74250215470787 1.98
      vertex 17.07622693628073 9.735924305319747 1.98
      vertex 17.06089675575495 9.74250215470787 2.5
    endloop
  endfacet
  facet normal 0.27862875406015947 0.9603988845322984 0
    outer loop
      vertex 17.029618510603907 10.057031953632793 1.98
      vertex 17.045185984671118 10.052515553235969 2.5
      vertex 17.045185984671118 10.052515553235969 1.98
    endloop
  endfacet
  facet normal 0.2869807373278243 0.9579363530020031 0
    outer loop
      vertex 17.045185984671118 10.052515553235969 1.98
      vertex 17.060647526383402 10.047883549630603 2.5
      vertex 17.060647526383402 10.047883549630603 1.98
    endloop
  endfacet
  facet normal 0.2953815021715653 0.9553793844200688 0
    outer loop
      vertex 17.060647526383402 10.047883549630603 1.98
      vertex 17.076003120839598 10.043135950267276 2.5
      vertex 17.076003120839598 10.043135950267276 1.98
    endloop
  endfacet
  facet normal 0.28812090348158154 -0.9575940397563871 0
    outer loop
      vertex 17.08807086348534 8.825555453002414 1.98
      vertex 17.139442080259325 8.84101202517744 1.98
      vertex 17.08807086348534 8.825555453002414 2.5
    endloop
  endfacet
  facet normal -0.45397214210584785 0.8910158776317221 0
    outer loop
      vertex 17.083786369860174 9.09155185699459 1.98
      vertex 17.11139105409384 9.105616429746112 2.5
      vertex 17.11139105409384 9.105616429746112 1.98
    endloop
  endfacet
  facet normal -0.5071929671341308 0.8618325209051213 0
    outer loop
      vertex 17.11139105409384 9.105616429746112 1.98
      vertex 17.137368002533915 9.120904000401458 2.5
      vertex 17.137368002533915 9.120904000401458 1.98
    endloop
  endfacet
  facet normal -0.5627611989851569 0.8266195212531511 0
    outer loop
      vertex 17.137368002533915 9.120904000401458 1.98
      vertex 17.161563263833525 9.137376094162425 2.5
      vertex 17.161563263833525 9.137376094162425 1.98
    endloop
  endfacet
  facet normal 0.3367968792136591 -0.9415773266980997 0
    outer loop
      vertex 17.139442080259325 8.84101202517744 1.98
      vertex 17.18841529041529 8.858529465198478 1.98
      vertex 17.139442080259325 8.84101202517744 2.5
    endloop
  endfacet
  facet normal 0.3875141249836196 -0.9218637659319189 0
    outer loop
      vertex 17.18841529041529 8.858529465198478 1.98
      vertex 17.23499048650265 8.87810778796669 1.98
      vertex 17.18841529041529 8.858529465198478 2.5
    endloop
  endfacet
  facet normal -0.6206143325538321 0.7841159673343998 0
    outer loop
      vertex 17.161563263833525 9.137376094162425 1.98
      vertex 17.183822908997538 9.15499422132965 2.5
      vertex 17.183822908997538 9.15499422132965 1.98
    endloop
  endfacet
  facet normal -0.6783489220742158 0.7347399131126262 0
    outer loop
      vertex 17.183822908997538 9.15499422132965 1.98
      vertex 17.204146938025954 9.173758389353713 2.5
      vertex 17.204146938025954 9.173758389353713 1.98
    endloop
  endfacet
  facet normal -0.7346241118661363 0.6784743283757246 0
    outer loop
      vertex 17.204146938025954 9.173758389353713 1.98
      vertex 17.22253533601761 9.193668590784034 2.5
      vertex 17.22253533601761 9.193668590784034 1.98
    endloop
  endfacet
  facet normal -0.7879771969878814 0.6157044234266322 0
    outer loop
      vertex 17.22253533601761 9.193668590784034 1.98
      vertex 17.23898811787367 9.214724825620612 2.5
      vertex 17.23898811787367 9.214724825620612 1.98
    endloop
  endfacet
  facet normal -0.5097942693904068 -0.8602963459742818 0
    outer loop
      vertex 17.1462282627821 9.699922891259154 1.98
      vertex 17.133182199299338 9.707653725445232 2.5
      vertex 17.133182199299338 9.707653725445232 1.98
    endloop
  endfacet
  facet normal -0.5383377692208735 -0.8427291654086106 0
    outer loop
      vertex 17.1462282627821 9.699922891259154 1.98
      vertex 17.158782960474493 9.691902914941272 1.98
      vertex 17.1462282627821 9.699922891259154 2.5
    endloop
  endfacet
  facet normal -0.4125738144028514 -0.9109241722937653 0
    outer loop
      vertex 17.07622693628073 9.735924305319747 1.98
      vertex 17.091133350133898 9.729172924458942 1.98
      vertex 17.07622693628073 9.735924305319747 2.5
    endloop
  endfacet
  facet normal -0.4313766007477833 -0.9021719505323182 0
    outer loop
      vertex 17.091133350133898 9.729172924458942 1.98
      vertex 17.105615997314455 9.722247997224292 1.98
      vertex 17.091133350133898 9.729172924458942 2.5
    endloop
  endfacet
  facet normal -0.4542195890899182 -0.8908897602324238 0
    outer loop
      vertex 17.105615997314455 9.722247997224292 1.98
      vertex 17.11964477747679 9.715095432400664 1.98
      vertex 17.105615997314455 9.722247997224292 2.5
    endloop
  endfacet
  facet normal 0.30382933782472876 0.9527264735888191 0
    outer loop
      vertex 17.076003120839598 10.043135950267276 1.98
      vertex 17.091252782940867 10.038272755145988 2.5
      vertex 17.091252782940867 10.038272755145988 1.98
    endloop
  endfacet
  facet normal 0.31232307410920573 0.9499759456844028 0
    outer loop
      vertex 17.091252782940867 10.038272755145988 1.98
      vertex 17.106396497786047 10.033293964266738 2.5
      vertex 17.106396497786047 10.033293964266738 1.98
    endloop
  endfacet
  facet normal -0.4817261511626106 -0.8763218103448399 0
    outer loop
      vertex 17.11964477747679 9.715095432400664 1.98
      vertex 17.133182199299338 9.707653725445232 1.98
      vertex 17.11964477747679 9.715095432400664 2.5
    endloop
  endfacet
  facet normal 0.3208605230140292 0.9471264565891736 0
    outer loop
      vertex 17.106396497786047 10.033293964266738 1.98
      vertex 17.12143427282572 10.028199577629527 2.5
      vertex 17.12143427282572 10.028199577629527 1.98
    endloop
  endfacet
  facet normal 0.32944037267519993 0.9441763822780282 0
    outer loop
      vertex 17.12143427282572 10.028199577629527 1.98
      vertex 17.136366108059885 10.022989587783774 2.5
      vertex 17.136366108059885 10.022989587783774 1.98
    endloop
  endfacet
  facet normal 0.3380598325155903 0.9411246196118404 0
    outer loop
      vertex 17.136366108059885 10.022989587783774 1.98
      vertex 17.151192003488543 10.01766400218006 2.5
      vertex 17.151192003488543 10.01766400218006 1.98
    endloop
  endfacet
  facet normal -0.5672507495807766 -0.8235451336144529 0
    outer loop
      vertex 17.158782960474493 9.691902914941272 1.98
      vertex 17.17084629237652 9.683593796491584 1.98
      vertex 17.158782960474493 9.691902914941272 2.5
    endloop
  endfacet
  facet normal -0.5964096809272182 -0.802680193163064 0
    outer loop
      vertex 17.17084629237652 9.683593796491584 1.98
      vertex 17.18241827338934 9.674995550811252 1.98
      vertex 17.17084629237652 9.683593796491584 2.5
    endloop
  endfacet
  facet normal -0.6256773980270273 -0.7800819146718688 0
    outer loop
      vertex 17.18241827338934 9.674995550811252 1.98
      vertex 17.193498888611796 9.666108162999114 1.98
      vertex 17.18241827338934 9.674995550811252 2.5
    endloop
  endfacet
  facet normal -0.6548962659497639 -0.7557187842346226 0
    outer loop
      vertex 17.193498888611796 9.666108162999114 1.98
      vertex 17.204088145494463 9.656931647956332 1.98
      vertex 17.193498888611796 9.666108162999114 2.5
    endloop
  endfacet
  facet normal -0.6838982242164767 -0.7295774248930335 0
    outer loop
      vertex 17.204088145494463 9.656931647956332 1.98
      vertex 17.214186036586764 9.647465990781745 1.98
      vertex 17.204088145494463 9.656931647956332 2.5
    endloop
  endfacet
  facet normal -0.7125005534195509 -0.7016715480741926 0
    outer loop
      vertex 17.214186036586764 9.647465990781745 1.98
      vertex 17.223792569339277 9.637711198925933 1.98
      vertex 17.214186036586764 9.647465990781745 2.5
    endloop
  endfacet
  facet normal -0.7405152893132687 -0.6720395124494436 0
    outer loop
      vertex 17.223792569339277 9.637711198925933 1.98
      vertex 17.232907736301424 9.627667264938315 1.98
      vertex 17.223792569339277 9.637711198925933 2.5
    endloop
  endfacet
  facet normal 0.34793076162276615 0.9375202318438797 0
    outer loop
      vertex 17.151192003488543 10.01766400218006 1.98
      vertex 17.165892639756205 10.012208329439124 2.5
      vertex 17.165892639756205 10.012208329439124 1.98
    endloop
  endfacet
  facet normal 0.35907664986467924 0.933308073211605 0
    outer loop
      vertex 17.165892639756205 10.012208329439124 1.98
      vertex 17.180448712408545 10.006608093082866 2.5
      vertex 17.180448712408545 10.006608093082866 1.98
    endloop
  endfacet
  facet normal 0.370290171577533 0.9289161365984989 0
    outer loop
      vertex 17.180448712408545 10.006608093082866 1.98
      vertex 17.194860213994982 10.000863293111285 2.5
      vertex 17.194860213994982 10.000863293111285 1.98
    endloop
  endfacet
  facet normal 0.3815673118316129 0.924341055315405 0
    outer loop
      vertex 17.194860213994982 10.000863293111285 1.98
      vertex 17.209127144515517 9.994973914623221 2.5
      vertex 17.209127144515517 9.994973914623221 1.98
    endloop
  endfacet
  facet normal 0.39290089419059154 0.9195808215400283 0
    outer loop
      vertex 17.209127144515517 9.994973914623221 1.98
      vertex 17.22324951142073 9.988939979970416 2.5
      vertex 17.22324951142073 9.988939979970416 1.98
    endloop
  endfacet
  facet normal 0.40428836455808514 0.9146315751617964 0
    outer loop
      vertex 17.22324951142073 9.988939979970416 1.98
      vertex 17.23722731471062 9.982761466801128 2.5
      vertex 17.23722731471062 9.982761466801128 1.98
    endloop
  endfacet
  facet normal 0.4398901916979194 -0.8980515682565048 0
    outer loop
      vertex 17.23499048650265 8.87810778796669 1.98
      vertex 17.279167668521406 8.899746978580913 1.98
      vertex 17.23499048650265 8.87810778796669 2.5
    endloop
  endfacet
  facet normal 0.4934097533384879 -0.8697969966092389 0
    outer loop
      vertex 17.279167668521406 8.899746978580913 1.98
      vertex 17.32094684392214 8.92344705194231 1.98
      vertex 17.279167668521406 8.899746978580913 2.5
    endloop
  endfacet
  facet normal -0.8369646808781083 0.5472569076426594 0
    outer loop
      vertex 17.23898811787367 9.214724825620612 1.98
      vertex 17.253505276143553 9.236927101314029 2.5
      vertex 17.253505276143553 9.236927101314029 1.98
    endloop
  endfacet
  facet normal -0.8803234950223783 0.4743738442532268 0
    outer loop
      vertex 17.253505276143553 9.236927101314029 1.98
      vertex 17.266086818277838 9.260275410413703 2.5
      vertex 17.266086818277838 9.260275410413703 1.98
    endloop
  endfacet
  facet normal -0.9171220142187075 0.3986065867938219 0
    outer loop
      vertex 17.266086818277838 9.260275410413703 1.98
      vertex 17.276732736825945 9.284769752919635 2.5
      vertex 17.276732736825945 9.284769752919635 1.98
    endloop
  endfacet
  facet normal -0.9468563665957169 0.32165668194078806 0
    outer loop
      vertex 17.276732736825945 9.284769752919635 1.98
      vertex 17.285443031787874 9.310410128831824 2.5
      vertex 17.285443031787874 9.310410128831824 1.98
    endloop
  endfacet
  facet normal -0.9694740399695898 0.245193975915075 0
    outer loop
      vertex 17.285443031787874 9.310410128831824 1.98
      vertex 17.292217703163626 9.337196545600852 2.5
      vertex 17.292217703163626 9.337196545600852 1.98
    endloop
  endfacet
  facet normal 0.5474240047709888 -0.8368553990986092 0
    outer loop
      vertex 17.32094684392214 8.92344705194231 1.98
      vertex 17.36032799780369 8.949208000600299 1.98
      vertex 17.32094684392214 8.92344705194231 2.5
    endloop
  endfacet
  facet normal 0.6014042050452911 -0.7989449180975129 0
    outer loop
      vertex 17.36032799780369 8.949208000600299 1.98
      vertex 17.397045159339907 8.976846771240195 1.98
      vertex 17.36032799780369 8.949208000600299 2.5
    endloop
  endfacet
  facet normal -0.8237223907747669 -0.5669933182466105 0
    outer loop
      vertex 17.24966400265694 9.606712000369987 1.98
      vertex 17.257247434556486 9.595694864094218 1.98
      vertex 17.24966400265694 9.606712000369987 2.5
    endloop
  endfacet
  facet normal -0.7677485311094452 -0.6407512723196804 0
    outer loop
      vertex 17.232907736301424 9.627667264938315 1.98
      vertex 17.241531552374365 9.617334203720054 1.98
      vertex 17.232907736301424 9.627667264938315 2.5
    endloop
  endfacet
  facet normal -0.794011838253344 -0.6079022953678868 0
    outer loop
      vertex 17.241531552374365 9.617334203720054 1.98
      vertex 17.24966400265694 9.606712000369987 1.98
      vertex 17.241531552374365 9.617334203720054 2.5
    endloop
  endfacet
  facet normal -0.8553219743698811 -0.5180968250819613 0
    outer loop
      vertex 17.257247434556486 9.595694864094218 1.98
      vertex 17.264224188029768 9.584176996648273 1.98
      vertex 17.257247434556486 9.595694864094218 2.5
    endloop
  endfacet
  facet normal -0.8835661686829441 -0.46830633730384547 0
    outer loop
      vertex 17.264224188029768 9.584176996648273 1.98
      vertex 17.270594270527365 9.572158390581569 1.98
      vertex 17.264224188029768 9.584176996648273 2.5
    endloop
  endfacet
  facet normal -0.9083659982566109 -0.4181760552820675 0
    outer loop
      vertex 17.270594270527365 9.572158390581569 1.98
      vertex 17.276357682049277 9.559639053344688 1.98
      vertex 17.270594270527365 9.572158390581569 2.5
    endloop
  endfacet
  facet normal -0.9853232688346233 0.17069872844591613 0
    outer loop
      vertex 17.292217703163626 9.337196545600852 1.98
      vertex 17.29705675840378 9.365128995776137 2.5
      vertex 17.29705675840378 9.365128995776137 1.98
    endloop
  endfacet
  facet normal -0.9746052510326093 -0.22392991014972652 0
    outer loop
      vertex 17.293344566226008 9.504554370343646 1.98
      vertex 17.29000786095858 9.519076639711818 2.5
      vertex 17.29000786095858 9.519076639711818 1.98
    endloop
  endfacet
  facet normal -0.9838862933902512 -0.17879530664643334 0
    outer loop
      vertex 17.293344566226008 9.504554370343646 1.98
      vertex 17.296074600517752 9.489531362354716 1.98
      vertex 17.293344566226008 9.504554370343646 2.5
    endloop
  endfacet
  facet normal -0.9950521430724236 0.09935407675066488 0
    outer loop
      vertex 17.29705675840378 9.365128995776137 1.98
      vertex 17.299960190057757 9.39420747935768 2.5
      vertex 17.299960190057757 9.39420747935768 1.98
    endloop
  endfacet
  facet normal -0.9994877335296813 0.032004226653686796 0
    outer loop
      vertex 17.299960190057757 9.39420747935768 1.98
      vertex 17.300927998125555 9.424431996345481 2.5
      vertex 17.300927998125555 9.424431996345481 1.98
    endloop
  endfacet
  facet normal -0.9955507482575334 -0.09422689448276084 0
    outer loop
      vertex 17.299714648723604 9.457983145415744 1.98
      vertex 17.29819796383381 9.47400762319561 2.5
      vertex 17.29819796383381 9.47400762319561 1.98
    endloop
  endfacet
  facet normal -0.9984871838223046 -0.0549849410530129 0
    outer loop
      vertex 17.300624662637713 9.441457943916282 1.98
      vertex 17.299714648723604 9.457983145415744 2.5
      vertex 17.299714648723604 9.457983145415744 1.98
    endloop
  endfacet
  facet normal -0.9998413315816094 -0.017813243980651917 0
    outer loop
      vertex 17.300927998125555 9.424431996345481 1.98
      vertex 17.300624662637713 9.441457943916282 2.5
      vertex 17.300624662637713 9.441457943916282 1.98
    endloop
  endfacet
  facet normal -0.9907746339706842 -0.13551983131725312 0
    outer loop
      vertex 17.29819796383381 9.47400762319561 1.98
      vertex 17.296074600517752 9.489531362354716 2.5
      vertex 17.296074600517752 9.489531362354716 1.98
    endloop
  endfacet
  facet normal -0.9297343597279724 -0.36823093343880997 0
    outer loop
      vertex 17.276357682049277 9.559639053344688 1.98
      vertex 17.281514415144922 9.546618984937629 1.98
      vertex 17.276357682049277 9.559639053344688 2.5
    endloop
  endfacet
  facet normal -0.9477726399029208 -0.3189467401486467 0
    outer loop
      vertex 17.281514415144922 9.546618984937629 1.98
      vertex 17.286064469814303 9.533098177909812 1.98
      vertex 17.281514415144922 9.546618984937629 2.5
    endloop
  endfacet
  facet normal -0.9626539189612655 -0.27073498537964613 0
    outer loop
      vertex 17.286064469814303 9.533098177909812 1.98
      vertex 17.29000786095858 9.519076639711818 1.98
      vertex 17.286064469814303 9.533098177909812 2.5
    endloop
  endfacet
  facet normal 0.4157224256341798 0.9094915419204478 0
    outer loop
      vertex 17.23722731471062 9.982761466801128 1.98
      vertex 17.251060546934607 9.976438390016517 2.5
      vertex 17.251060546934607 9.976438390016517 1.98
    endloop
  endfacet
  facet normal 0.42719844904292836 0.90415788728259 0
    outer loop
      vertex 17.251060546934607 9.976438390016517 1.98
      vertex 17.26474920809269 9.969970742166003 2.5
      vertex 17.26474920809269 9.969970742166003 1.98
    endloop
  endfacet
  facet normal 0.4387097145590949 0.8986288368127731 0
    outer loop
      vertex 17.26474920809269 9.969970742166003 1.98
      vertex 17.278293298184874 9.963358530700168 2.5
      vertex 17.278293298184874 9.963358530700168 1.98
    endloop
  endfacet
  facet normal 0.4502504820739165 0.892902292186668 0
    outer loop
      vertex 17.278293298184874 9.963358530700168 1.98
      vertex 17.291692832112314 9.95660174816843 2.5
      vertex 17.291692832112314 9.95660174816843 1.98
    endloop
  endfacet
  facet normal 0.4618145868448708 0.8869764863722721 0
    outer loop
      vertex 17.291692832112314 9.95660174816843 1.98
      vertex 17.304947787523272 9.949700402021369 2.5
      vertex 17.304947787523272 9.949700402021369 1.98
    endloop
  endfacet
  facet normal 0.47339524019640783 0.880850127183612 0
    outer loop
      vertex 17.304947787523272 9.949700402021369 1.98
      vertex 17.318058179318907 9.942654484808406 2.5
      vertex 17.318058179318907 9.942654484808406 1.98
    endloop
  endfacet
  facet normal 0.4849858847989392 0.8745219788809142 0
    outer loop
      vertex 17.318058179318907 9.942654484808406 1.98
      vertex 17.33102400004864 9.93546399652954 2.5
      vertex 17.33102400004864 9.93546399652954 1.98
    endloop
  endfacet
  facet normal 0.5006788891759721 0.8656330919815362 0
    outer loop
      vertex 17.33102400004864 9.93546399652954 1.98
      vertex 17.343791151046755 9.928079524934253 2.5
      vertex 17.343791151046755 9.928079524934253 1.98
    endloop
  endfacet
  facet normal 0.5210580765767849 0.8535212245949724 0
    outer loop
      vertex 17.343791151046755 9.928079524934253 1.98
      vertex 17.356298127770426 9.920444259345492 2.5
      vertex 17.356298127770426 9.920444259345492 1.98
    endloop
  endfacet
  facet normal 0.5413940643834032 0.8407689736487779 0
    outer loop
      vertex 17.356298127770426 9.920444259345492 1.98
      vertex 17.368544945120814 9.912558199763259 2.5
      vertex 17.368544945120814 9.912558199763259 1.98
    endloop
  endfacet
  facet normal 0.5616457968883065 0.8273777848345333 0
    outer loop
      vertex 17.368544945120814 9.912558199763259 1.98
      vertex 17.380531595647337 9.904421346187553 2.5
      vertex 17.380531595647337 9.904421346187553 1.98
    endloop
  endfacet
  facet normal 0.5817699289358299 0.8133533978449954 0
    outer loop
      vertex 17.392258079349997 9.896033706068954 1.98
      vertex 17.380531595647337 9.904421346187553 1.98
      vertex 17.392258079349997 9.896033706068954 2.5
    endloop
  endfacet
  facet normal 0.22586797320827923 0.9741579228640416 0
    outer loop
      vertex 16.755715312063696 10.123752096593341 1.98
      vertex 16.771973253786566 10.119982534944972 2.5
      vertex 16.771973253786566 10.119982534944972 1.98
    endloop
  endfacet
  facet normal 0.2265412519259926 0.974001571444217 0
    outer loop
      vertex 16.771973253786566 10.119982534944972 1.98
      vertex 16.788221822679045 10.116203309893569 2.5
      vertex 16.788221822679045 10.116203309893569 1.98
    endloop
  endfacet
  facet normal 0.22721413522157818 0.9738448217018512 0
    outer loop
      vertex 16.788221822679045 10.116203309893569 1.98
      vertex 16.804461018741133 10.112414436340293 2.5
      vertex 16.804461018741133 10.112414436340293 1.98
    endloop
  endfacet
  facet normal 0.2278878936450319 0.9736873768977548 0
    outer loop
      vertex 16.804461018741133 10.112414436340293 1.98
      vertex 16.82069084197283 10.108615906834563 2.5
      vertex 16.82069084197283 10.108615906834563 1.98
    endloop
  endfacet
  facet normal 0.2285625267727402 0.9735292349771837 0
    outer loop
      vertex 16.82069084197283 10.108615906834563 1.98
      vertex 16.836911292374136 10.1048077139258 2.5
      vertex 16.836911292374136 10.1048077139258 1.98
    endloop
  endfacet
  facet normal 0.22923676262091897 0.9733706933450793 0
    outer loop
      vertex 16.836911292374136 10.1048077139258 1.98
      vertex 16.85312236994505 10.100989872515163 2.5
      vertex 16.85312236994505 10.100989872515163 1.98
    endloop
  endfacet
  facet normal 0.22991229596771298 0.9732113522574911 0
    outer loop
      vertex 16.85312236994505 10.100989872515163 1.98
      vertex 16.869324074685576 10.097162367701491 2.5
      vertex 16.869324074685576 10.097162367701491 1.98
    endloop
  endfacet
  facet normal 0.2305879551672939 0.9730514862697481 0
    outer loop
      vertex 16.869324074685576 10.097162367701491 1.98
      vertex 16.88551639914513 10.093325206935367 2.5
      vertex 16.88551639914513 10.093325206935367 1.98
    endloop
  endfacet
  facet normal 0.23126386213683167 0.972891065880223 0
    outer loop
      vertex 16.88551639914513 10.093325206935367 1.98
      vertex 16.90169935822487 10.089478390216788 2.5
      vertex 16.90169935822487 10.089478390216788 1.98
    endloop
  endfacet
  facet normal 0.23194031769302442 0.972730018570651 0
    outer loop
      vertex 16.917872944474222 10.085621917545756 1.98
      vertex 16.90169935822487 10.089478390216788 1.98
      vertex 16.917872944474222 10.085621917545756 2.5
    endloop
  endfacet
  facet normal -0.09951715198580628 -0.9950358468219292 0
    outer loop
      vertex 16.774437868595125 10.896198483109435 1.98
      vertex 16.808480517566206 10.892793754041156 1.98
      vertex 16.774437868595125 10.896198483109435 2.5
    endloop
  endfacet
  facet normal 0.037346273055059054 0.9993023846108329 0
    outer loop
      vertex 16.726836071908476 11.134228067398032 1.98
      vertex 16.783663669228556 11.13210428684946 2.5
      vertex 16.783663669228556 11.13210428684946 1.98
    endloop
  endfacet
  facet normal -0.13247699909338032 -0.9911860797606131 0
    outer loop
      vertex 16.808480517566206 10.892793754041156 1.98
      vertex 16.84123285263777 10.88841623991724 1.98
      vertex 16.808480517566206 10.892793754041156 2.5
    endloop
  endfacet
  facet normal 0.06463257911927103 0.9979091289873999 0
    outer loop
      vertex 16.783663669228556 11.13210428684946 1.98
      vertex 16.83831479549408 11.128564642667731 2.5
      vertex 16.83831479549408 11.128564642667731 1.98
    endloop
  endfacet
  facet normal -0.1676489973657469 -0.9858467495925823 0
    outer loop
      vertex 16.84123285263777 10.88841623991724 1.98
      vertex 16.872694866359236 10.883065940737685 1.98
      vertex 16.84123285263777 10.88841623991724 2.5
    endloop
  endfacet
  facet normal -0.20511398667092393 -0.9787380918672574 0
    outer loop
      vertex 16.872694866359236 10.883065940737685 1.98
      vertex 16.902866558730604 10.876742863953075 1.98
      vertex 16.872694866359236 10.883065940737685 2.5
    endloop
  endfacet
  facet normal -0.2449206928328863 -0.9695431162265343 0
    outer loop
      vertex 16.902866558730604 10.876742863953075 1.98
      vertex 16.931747929751875 10.869447009563407 1.98
      vertex 16.902866558730604 10.876742863953075 2.5
    endloop
  endfacet
  facet normal 0.09401792346337294 0.9955705048200431 0
    outer loop
      vertex 16.83831479549408 11.128564642667731 1.98
      vertex 16.890789443254473 11.123609134852847 2.5
      vertex 16.890789443254473 11.123609134852847 1.98
    endloop
  endfacet
  facet normal -0.42656429621015046 -0.9044572412219049 0
    outer loop
      vertex 17.010650129616263 10.841722743511161 1.98
      vertex 17.034370222687723 10.830535763800105 1.98
      vertex 17.010650129616263 10.841722743511161 2.5
    endloop
  endfacet
  facet normal -0.4765952748989684 -0.8791228264264198 0
    outer loop
      vertex 17.034370222687723 10.830535763800105 1.98
      vertex 17.056800001859667 10.818375999033412 1.98
      vertex 17.034370222687723 10.830535763800105 2.5
    endloop
  endfacet
  facet normal -0.5287489095471969 -0.8487782929909614 0
    outer loop
      vertex 17.056800001859667 10.818375999033412 1.98
      vertex 17.07804525792599 10.80514120489355 1.98
      vertex 17.056800001859667 10.818375999033412 2.5
    endloop
  endfacet
  facet normal -0.28707154750614083 -0.9579091431928342 0
    outer loop
      vertex 16.931747929751875 10.869447009563407 1.98
      vertex 16.95933897942305 10.861178370118102 1.98
      vertex 16.931747929751875 10.869447009563407 2.5
    endloop
  endfacet
  facet normal 0.12566751886746297 0.9920724140412815 0
    outer loop
      vertex 16.890789443254473 11.123609134852847 1.98
      vertex 16.94108761996031 11.117237778305968 2.5
      vertex 16.94108761996031 11.117237778305968 1.98
    endloop
  endfacet
  facet normal -0.3315059654588422 -0.9434531227703902 0
    outer loop
      vertex 16.95933897942305 10.861178370118102 1.98
      vertex 16.985639715194704 10.85193694561716 1.98
      vertex 16.95933897942305 10.861178370118102 2.5
    endloop
  endfacet
  facet normal 0.15974534965908194 0.9871582564423486 0
    outer loop
      vertex 16.94108761996031 11.117237778305968 1.98
      vertex 16.989209325611593 11.109450558125934 2.5
      vertex 16.989209325611593 11.109450558125934 1.98
    endloop
  endfacet
  facet normal -0.3780832315612211 -0.925771607909977 0
    outer loop
      vertex 17.010650129616263 10.841722743511161 1.98
      vertex 16.985639715194704 10.85193694561716 2.5
      vertex 16.985639715194704 10.85193694561716 1.98
    endloop
  endfacet
  facet normal 0.1964040458847046 0.9805230495812521 0
    outer loop
      vertex 16.989209325611593 11.109450558125934 1.98
      vertex 17.035154552757742 11.100247481763324 2.5
      vertex 17.035154552757742 11.100247481763324 1.98
    endloop
  endfacet
  facet normal 0.23577472211506517 0.9718077383986833 0
    outer loop
      vertex 17.035154552757742 11.100247481763324 1.98
      vertex 17.078923316299917 11.089628541767558 2.5
      vertex 17.078923316299917 11.089628541767558 1.98
    endloop
  endfacet
  facet normal -0.5816330565664387 -0.8134512815830963 0
    outer loop
      vertex 17.07804525792599 10.80514120489355 1.98
      vertex 17.098211789131167 10.790721753537616 1.98
      vertex 17.07804525792599 10.80514120489355 2.5
    endloop
  endfacet
  facet normal -0.6329176887668324 -0.7742190899519663 0
    outer loop
      vertex 17.098211789131167 10.790721753537616 1.98
      vertex 17.1172995954752 10.775117630064448 1.98
      vertex 17.098211789131167 10.790721753537616 2.5
    endloop
  endfacet
  facet normal -0.6818904593102298 -0.7314543058193613 0
    outer loop
      vertex 17.1172995954752 10.775117630064448 1.98
      vertex 17.135308684408667 10.758328849375209 1.98
      vertex 17.1172995954752 10.775117630064448 2.5
    endloop
  endfacet
  facet normal -0.7279130186387458 -0.6856694810885409 0
    outer loop
      vertex 17.135308684408667 10.758328849375209 1.98
      vertex 17.15223905593157 10.740355411469897 1.98
      vertex 17.135308684408667 10.758328849375209 2.5
    endloop
  endfacet
  facet normal -0.7704604584115057 -0.6374877897060717 0
    outer loop
      vertex 17.15223905593157 10.740355411469897 1.98
      vertex 17.168090695142748 10.721197301447353 1.98
      vertex 17.15223905593157 10.740355411469897 2.5
    endloop
  endfacet
  facet normal -0.8091485486653586 -0.5876041407212373 0
    outer loop
      vertex 17.168090695142748 10.721197301447353 1.98
      vertex 17.182863624393942 10.700854534208736 1.98
      vertex 17.168090695142748 10.721197301447353 2.5
    endloop
  endfacet
  facet normal -0.843751622395977 -0.5367338257499302 0
    outer loop
      vertex 17.182863624393942 10.700854534208736 1.98
      vertex 17.19655782133341 10.679327102303466 1.98
      vertex 17.182863624393942 10.700854534208736 2.5
    endloop
  endfacet
  facet normal -0.9005458708044495 -0.4347610085748904 0
    outer loop
      vertex 17.209173300862314 10.656615005731544 1.98
      vertex 17.220710055530073 10.63271825194355 1.98
      vertex 17.209173300862314 10.656615005731544 2.5
    endloop
  endfacet
  facet normal -0.9229796501914995 -0.3848487564386524 0
    outer loop
      vertex 17.220710055530073 10.63271825194355 1.98
      vertex 17.231168092787268 10.607636826038322 1.98
      vertex 17.220710055530073 10.63271825194355 2.5
    endloop
  endfacet
  facet normal -0.9417581683856724 -0.3362908745102424 0
    outer loop
      vertex 17.231168092787268 10.607636826038322 1.98
      vertex 17.240547405183317 10.581370742917022 1.98
      vertex 17.231168092787268 10.607636826038322 2.5
    endloop
  endfacet
  facet normal -0.8741957039638626 -0.4855737546152251 0
    outer loop
      vertex 17.19655782133341 10.679327102303466 1.98
      vertex 17.209173300862314 10.656615005731544 1.98
      vertex 17.19655782133341 10.679327102303466 2.5
    endloop
  endfacet
  facet normal 0.2779497512670676 0.9605956151110493 0
    outer loop
      vertex 17.078923316299917 11.089628541767558 1.98
      vertex 17.120515601336958 11.077593753039798 2.5
      vertex 17.120515601336958 11.077593753039798 1.98
    endloop
  endfacet
  facet normal 0.32296314051300123 0.9464115436056237 0
    outer loop
      vertex 17.120515601336958 11.077593753039798 1.98
      vertex 17.159931407868864 11.064143100678882 2.5
      vertex 17.159931407868864 11.064143100678882 1.98
    endloop
  endfacet
  facet normal 0.37076225424207193 0.9287278131020613 0
    outer loop
      vertex 17.159931407868864 11.064143100678882 1.98
      vertex 17.197170743346216 11.04927659213539 2.5
      vertex 17.197170743346216 11.04927659213539 1.98
    endloop
  endfacet
  facet normal 0.4211789262656204 0.9069775697721191 0
    outer loop
      vertex 17.197170743346216 11.04927659213539 1.98
      vertex 17.232233607769015 11.032994227409324 2.5
      vertex 17.232233607769015 11.032994227409324 1.98
    endloop
  endfacet
  facet normal -0.9571966093994658 -0.2894385097981375 0
    outer loop
      vertex 17.240547405183317 10.581370742917022 1.98
      vertex 17.248848000168802 10.55392000257965 1.98
      vertex 17.240547405183317 10.581370742917022 2.5
    endloop
  endfacet
  facet normal 0.17289939363751342 -0.984939490364652 0
    outer loop
      vertex 17.248848000168802 10.55392000257965 1.98
      vertex 17.554824003577234 10.607631998062095 1.98
      vertex 17.248848000168802 10.55392000257965 2.5
    endloop
  endfacet
  facet normal 0.47389576835745717 0.8805809450203289 0
    outer loop
      vertex 17.232233607769015 11.032994227409324 1.98
      vertex 17.26512000113726 11.015295999050101 2.5
      vertex 17.26512000113726 11.015295999050101 1.98
    endloop
  endfacet
  facet normal 0.5296576737645006 0.8482114999352331 0
    outer loop
      vertex 17.26512000113726 11.015295999050101 1.98
      vertex 17.296186366677286 10.995896899998149 2.5
      vertex 17.296186366677286 10.995896899998149 1.98
    endloop
  endfacet
  facet normal 0.5857169973394978 0.8105156377440245 0
    outer loop
      vertex 17.296186366677286 10.995896899998149 1.98
      vertex 17.325789162516596 10.97450451731678 2.5
      vertex 17.325789162516596 10.97450451731678 1.98
    endloop
  endfacet
  facet normal 0.639156396037883 0.7690767851156768 0
    outer loop
      vertex 17.325789162516596 10.97450451731678 1.98
      vertex 17.353928381204607 10.951118865907153 2.5
      vertex 17.353928381204607 10.951118865907153 1.98
    endloop
  endfacet
  facet normal 0.6892785573644888 0.7244964253586963 0
    outer loop
      vertex 17.353928381204607 10.951118865907153 1.98
      vertex 17.38060402274132 10.92573993086811 2.5
      vertex 17.38060402274132 10.92573993086811 1.98
    endloop
  endfacet
  facet normal -0.9613073931243528 -0.27547794090355204 0
    outer loop
      vertex 15.714411267638209 9.271521465778312 1.98
      vertex 15.714411267638209 9.271521465778312 2.5
      vertex 15.689711996912958 9.357712002396545 2.5
    endloop
  endfacet
  facet normal -0.9230784242075446 -0.38461178188209 0
    outer loop
      vertex 15.747450606524946 9.192226180732211 1.98
      vertex 15.747450606524946 9.192226180732211 2.5
      vertex 15.714411267638209 9.271521465778312 2.5
    endloop
  endfacet
  facet normal -0.8682020677678163 -0.4962108115747662 0
    outer loop
      vertex 15.788830013573172 9.119826132357082 1.98
      vertex 15.788830013573172 9.119826132357082 2.5
      vertex 15.747450606524946 9.192226180732211 2.5
    endloop
  endfacet
  facet normal -0.7965379841721018 -0.6045884879577552 0
    outer loop
      vertex 15.838549488782885 9.054321328103503 1.98
      vertex 15.838549488782885 9.054321328103503 2.5
      vertex 15.788830013573172 9.119826132357082 2.5
    endloop
  endfacet
  facet normal -0.7104324215110926 -0.7037654257392054 0
    outer loop
      vertex 15.896609039604666 8.995711760520896 1.98
      vertex 15.896609039604666 8.995711760520896 2.5
      vertex 15.838549488782885 9.054321328103503 2.5
    endloop
  endfacet
  facet normal -0.6144599107011136 -0.788948045273692 0
    outer loop
      vertex 15.963008666038515 8.943997444510421 1.98
      vertex 15.963008666038515 8.943997444510421 2.5
      vertex 15.896609039604666 8.995711760520896 2.5
    endloop
  endfacet
  facet normal -0.19611611647231625 0.9805806794240935 0
    outer loop
      vertex 15.689711996912958 9.357712002396545 1.98
      vertex 15.689711996912958 9.357712002396545 2.5
      vertex 15.990792000293734 9.417927997112235 2.5
    endloop
  endfacet
  facet normal -0.5142870607673137 -0.8576181079754074 0
    outer loop
      vertex 16.03774835318327 8.899178365170917 1.98
      vertex 16.03774835318327 8.899178365170917 2.5
      vertex 15.963008666038515 8.943997444510421 2.5
    endloop
  endfacet
  facet normal 0.9042718157667106 0.42695723815152303 0
    outer loop
      vertex 16.02106864154339 9.328383432626685 1.98
      vertex 16.02106864154339 9.328383432626685 2.5
      vertex 16.033934058249 9.301135191619357 2.5
    endloop
  endfacet
  facet normal -0.41525716827259934 -0.9097040640770063 0
    outer loop
      vertex 16.120828115940096 8.861254529952964 1.98
      vertex 16.120828115940096 8.861254529952964 2.5
      vertex 16.03774835318327 8.899178365170917 2.5
    endloop
  endfacet
  facet normal 0.8764941719689815 0.48141247024190126 0
    outer loop
      vertex 16.033934058249 9.301135191619357 1.98
      vertex 16.033934058249 9.301135191619357 2.5
      vertex 16.04818608015776 9.275186935365161 2.5
    endloop
  endfacet
  facet normal 0.8443845071441333 0.5357376261706462 0
    outer loop
      vertex 16.04818608015776 9.275186935365161 1.98
      vertex 16.04818608015776 9.275186935365161 2.5
      vertex 16.06382470726967 9.250538648962936 2.5
    endloop
  endfacet
  facet normal 0.7675662715522436 0.6409695927073199 0
    outer loop
      vertex 16.080849939584734 9.227190339863261 1.98
      vertex 16.080849939584734 9.227190339863261 2.5
      vertex 16.09926177710295 9.205142015516719 2.5
    endloop
  endfacet
  facet normal 0.8080005515925459 0.589181728014491 0
    outer loop
      vertex 16.06382470726967 9.250538648962936 1.98
      vertex 16.06382470726967 9.250538648962936 2.5
      vertex 16.080849939584734 9.227190339863261 2.5
    endloop
  endfacet
  facet normal 0.7234742961735257 0.6903513183707422 0
    outer loop
      vertex 16.09926177710295 9.205142015516719 1.98
      vertex 16.09926177710295 9.205142015516719 2.5
      vertex 16.119060212373736 9.184393653571567 2.5
    endloop
  endfacet
  facet normal 0.9630913806548151 0.26917465056799417 0
    outer loop
      vertex 15.990792000293734 9.417927997112235 1.98
      vertex 15.990792000293734 9.417927997112235 2.5
      vertex 15.999497608840468 9.386779831647834 2.5
    endloop
  endfacet
  facet normal 0.9473147127406696 0.3203042850557305 0
    outer loop
      vertex 15.999497608840468 9.386779831647834 1.98
      vertex 15.999497608840468 9.386779831647834 2.5
      vertex 16.009589822590353 9.356931643485984 2.5
    endloop
  endfacet
  facet normal 0.9278080008049497 0.3730580566645391 0
    outer loop
      vertex 16.009589822590353 9.356931643485984 1.98
      vertex 16.009589822590353 9.356931643485984 2.5
      vertex 16.02106864154339 9.328383432626685 2.5
    endloop
  endfacet
  facet normal -0.5854656883230229 -0.8106971862517157 0
    outer loop
      vertex 16.020455861091616 10.075913706719836 1.98
      vertex 16.020455861091616 10.075913706719836 2.5
      vertex 16.005475880205633 10.086731882691344 2.5
    endloop
  endfacet
  facet normal -0.5619631871522174 -0.8271622430247417 0
    outer loop
      vertex 16.036138506233694 10.065259123146495 1.98
      vertex 16.036138506233694 10.065259123146495 2.5
      vertex 16.020455861091616 10.075913706719836 2.5
    endloop
  endfacet
  facet normal -0.539213079799944 -0.8421693740410293 0
    outer loop
      vertex 16.05252383798361 10.0547681394219 1.98
      vertex 16.05252383798361 10.0547681394219 2.5
      vertex 16.036138506233694 10.065259123146495 2.5
    endloop
  endfacet
  facet normal -0.5172398819354364 -0.8558404667549996 0
    outer loop
      vertex 16.069611833989622 10.044440755546054 1.98
      vertex 16.069611833989622 10.044440755546054 2.5
      vertex 16.05252383798361 10.0547681394219 2.5
    endloop
  endfacet
  facet normal -0.49605372274732273 -0.8682918312114437 0
    outer loop
      vertex 16.08740250915289 10.034276971518954 1.98
      vertex 16.08740250915289 10.034276971518954 2.5
      vertex 16.069611833989622 10.044440755546054 2.5
    endloop
  endfacet
  facet normal -0.47565645991482175 -0.8796311341359511 0
    outer loop
      vertex 16.105895856022837 10.024276779890021 1.98
      vertex 16.105895856022837 10.024276779890021 2.5
      vertex 16.08740250915289 10.034276971518954 2.5
    endloop
  endfacet
  facet normal -0.9878935723940737 -0.1551331351532451 0
    outer loop
      vertex 15.80629903227091 10.408917965292892 1.98
      vertex 15.80629903227091 10.408917965292892 2.5
      vertex 15.803491884469988 10.426793986856898 2.5
    endloop
  endfacet
  facet normal -0.9954048067559826 -0.09575630886309779 0
    outer loop
      vertex 15.801195123791697 10.44501680314537 1.98
      vertex 15.801195123791697 10.44501680314537 2.5
      vertex 15.799408757686617 10.463586414158305 2.5
    endloop
  endfacet
  facet normal -0.9921506524097219 -0.1250483223516545 0
    outer loop
      vertex 15.803491884469988 10.426793986856898 1.98
      vertex 15.803491884469988 10.426793986856898 2.5
      vertex 15.801195123791697 10.44501680314537 2.5
    endloop
  endfacet
  facet normal -0.9593805070919174 -0.2821153002090732 0
    outer loop
      vertex 15.822631524503233 10.340881796479186 1.98
      vertex 15.822631524503233 10.340881796479186 2.5
      vertex 15.817782813310625 10.357370654046496 2.5
    endloop
  endfacet
  facet normal -0.9683658557124158 -0.24953470598367786 0
    outer loop
      vertex 15.817782813310625 10.357370654046496 1.98
      vertex 15.817782813310625 10.357370654046496 2.5
      vertex 15.813444496691229 10.37420629888769 2.5
    endloop
  endfacet
  facet normal -0.9490632349036464 -0.31508566478693734 0
    outer loop
      vertex 15.827990630269053 10.32473974108692 1.98
      vertex 15.827990630269053 10.32473974108692 2.5
      vertex 15.822631524503233 10.340881796479186 2.5
    endloop
  endfacet
  facet normal -0.9825580264551581 -0.18595624390846616 0
    outer loop
      vertex 15.809616567194464 10.391388731002769 1.98
      vertex 15.809616567194464 10.391388731002769 2.5
      vertex 15.80629903227091 10.408917965292892 2.5
    endloop
  endfacet
  facet normal -0.9760713022388012 -0.21745071383155068 0
    outer loop
      vertex 15.813444496691229 10.37420629888769 1.98
      vertex 15.813444496691229 10.37420629888769 2.5
      vertex 15.809616567194464 10.391388731002769 2.5
    endloop
  endfacet
  facet normal -0.8967823967727008 -0.4424718441196121 0
    outer loop
      vertex 15.854415619373324 10.26354967981573 1.98
      vertex 15.854415619373324 10.26354967981573 2.5
      vertex 15.847101444005968 10.2783737275004 2.5
    endloop
  endfacet
  facet normal -0.881853221269876 -0.4715240143788471 0
    outer loop
      vertex 15.862182529270651 10.249023856520614 1.98
      vertex 15.862182529270651 10.249023856520614 2.5
      vertex 15.854415619373324 10.26354967981573 2.5
    endloop
  endfacet
  facet normal -0.9373735128786075 -0.34832584939050865 0
    outer loop
      vertex 15.833860115706923 10.30894447296854 1.98
      vertex 15.833860115706923 10.30894447296854 2.5
      vertex 15.827990630269053 10.32473974108692 2.5
    endloop
  endfacet
  facet normal -0.9242826144547599 -0.38170885320709225 0
    outer loop
      vertex 15.840240003168585 10.293495999574622 1.98
      vertex 15.840240003168585 10.293495999574622 2.5
      vertex 15.833860115706923 10.30894447296854 2.5
    endloop
  endfacet
  facet normal -0.9106457330480637 -0.4131880309028256 0
    outer loop
      vertex 15.847101444005968 10.2783737275004 1.98
      vertex 15.847101444005968 10.2783737275004 2.5
      vertex 15.840240003168585 10.293495999574622 2.5
    endloop
  endfacet
  facet normal -0.9977327424222592 -0.06730062925826 0
    outer loop
      vertex 15.799408757686617 10.463586414158305 1.98
      vertex 15.799408757686617 10.463586414158305 2.5
      vertex 15.798132778704169 10.482502819895705 2.5
    endloop
  endfacet
  facet normal -0.9992111662245176 -0.039712029565857204 0
    outer loop
      vertex 15.798132778704169 10.482502819895705 1.98
      vertex 15.798132778704169 10.482502819895705 2.5
      vertex 15.797367194294932 10.50176601290699 2.5
    endloop
  endfacet
  facet normal -0.9999153333635385 -0.013012536435439377 0
    outer loop
      vertex 15.797367194294932 10.50176601290699 1.98
      vertex 15.797367194294932 10.50176601290699 2.5
      vertex 15.797111997008326 10.521376000642737 2.5
    endloop
  endfacet
  facet normal -0.999551527019549 0.029945698069803944 0
    outer loop
      vertex 15.797111997008326 10.521376000642737 1.98
      vertex 15.797111997008326 10.521376000642737 2.5
      vertex 15.798445777595045 10.56589599877592 2.5
    endloop
  endfacet
  facet normal -0.9956826968269087 0.09282223461808148 0
    outer loop
      vertex 15.798445777595045 10.56589599877592 1.98
      vertex 15.798445777595045 10.56589599877592 2.5
      vertex 15.802447097003462 10.608817228972873 2.5
    endloop
  endfacet
  facet normal -0.9872262165422855 0.15932481718679126 0
    outer loop
      vertex 15.802447097003462 10.608817228972873 1.98
      vertex 15.802447097003462 10.608817228972873 2.5
      vertex 15.809115977585318 10.650139691233596 2.5
    endloop
  endfacet
  facet normal -0.9734735497332491 0.22879958035308393 0
    outer loop
      vertex 15.809115977585318 10.650139691233596 1.98
      vertex 15.809115977585318 10.650139691233596 2.5
      vertex 15.818452404439451 10.68986338555809 2.5
    endloop
  endfacet
  facet normal -0.9538371835467433 0.30032420362604184 0
    outer loop
      vertex 15.818452404439451 10.68986338555809 1.98
      vertex 15.818452404439451 10.68986338555809 2.5
      vertex 15.830456377565863 10.727988304495772 2.5
    endloop
  endfacet
  facet normal -0.9279407943383193 0.37272762468425785 0
    outer loop
      vertex 15.830456377565863 10.727988304495772 1.98
      vertex 15.830456377565863 10.727988304495772 2.5
      vertex 15.845127904415133 10.764514462947806 2.5
    endloop
  endfacet
  facet normal -0.8957017810611644 0.4446552815427451 0
    outer loop
      vertex 15.845127904415133 10.764514462947806 1.98
      vertex 15.845127904415133 10.764514462947806 2.5
      vertex 15.862466984987261 10.79944184601303 2.5
    endloop
  endfacet
  facet normal -0.8489141531323707 -0.5285307565426536 0
    outer loop
      vertex 15.879074552655222 10.22086689054962 1.98
      vertex 15.879074552655222 10.22086689054962 2.5
      vertex 15.870402181148531 10.23479625761505 2.5
    endloop
  endfacet
  facet normal -0.8658845440918225 -0.5002438968172391 0
    outer loop
      vertex 15.870402181148531 10.23479625761505 1.98
      vertex 15.870402181148531 10.23479625761505 2.5
      vertex 15.862182529270651 10.249023856520614 2.5
    endloop
  endfacet
  facet normal -0.8309885883877702 -0.5562894623928274 0
    outer loop
      vertex 15.888199666142466 10.207235740423164 1.98
      vertex 15.888199666142466 10.207235740423164 2.5
      vertex 15.879074552655222 10.22086689054962 2.5
    endloop
  endfacet
  facet normal -0.8121652404681776 -0.5834274780769819 0
    outer loop
      vertex 15.897777514159682 10.19390281468626 1.98
      vertex 15.897777514159682 10.19390281468626 2.5
      vertex 15.888199666142466 10.207235740423164 2.5
    endloop
  endfacet
  facet normal -0.7925095306578903 -0.6098595279377131 0
    outer loop
      vertex 15.90780809670687 10.180868120789489 1.98
      vertex 15.90780809670687 10.180868120789489 2.5
      vertex 15.897777514159682 10.19390281468626 2.5
    endloop
  endfacet
  facet normal -0.7720954221771255 -0.6355066160577139 0
    outer loop
      vertex 15.918291406333449 10.16813164383169 1.98
      vertex 15.918291406333449 10.16813164383169 2.5
      vertex 15.90780809670687 10.180868120789489 2.5
    endloop
  endfacet
  facet normal -0.751001032675713 -0.6603010290163209 0
    outer loop
      vertex 15.92922745794058 10.155693398714027 1.98
      vertex 15.92922745794058 10.155693398714027 2.5
      vertex 15.918291406333449 10.16813164383169 2.5
    endloop
  endfacet
  facet normal -0.7293122837735323 -0.6841809649040486 0
    outer loop
      vertex 15.940616236627104 10.143553370535335 1.98
      vertex 15.940616236627104 10.143553370535335 2.5
      vertex 15.92922745794058 10.155693398714027 2.5
    endloop
  endfacet
  facet normal -0.8573855674800311 0.5146746435146626 0
    outer loop
      vertex 15.862466984987261 10.79944184601303 1.98
      vertex 15.862466984987261 10.79944184601303 2.5
      vertex 15.882473611831667 10.832770461142024 2.5
    endloop
  endfacet
  facet normal -0.813612216285977 0.5814079131816323 0
    outer loop
      vertex 15.882473611831667 10.832770461142024 1.98
      vertex 15.882473611831667 10.832770461142024 2.5
      vertex 15.905147784948351 10.864500308334788 2.5
    endloop
  endfacet
  facet normal -0.7653091805334584 0.6436628451225116 0
    outer loop
      vertex 15.905147784948351 10.864500308334788 1.98
      vertex 15.905147784948351 10.864500308334788 2.5
      vertex 15.930489511787894 10.894631387591323 2.5
    endloop
  endfacet
  facet normal -0.7136171592607025 0.7005359020126557 0
    outer loop
      vertex 15.930489511787894 10.894631387591323 1.98
      vertex 15.930489511787894 10.894631387591323 2.5
      vertex 15.958498792350294 10.923163691461047 2.5
    endloop
  endfacet
  facet normal -0.7071152342422032 -0.7070983280298391 0
    outer loop
      vertex 15.9524577498436 10.131711574196776 1.98
      vertex 15.9524577498436 10.131711574196776 2.5
      vertex 15.940616236627104 10.143553370535335 2.5
    endloop
  endfacet
  facet normal -0.6844999921473002 -0.729012867342097 0
    outer loop
      vertex 15.964751997590067 10.120168002247771 1.98
      vertex 15.964751997590067 10.120168002247771 2.5
      vertex 15.9524577498436 10.131711574196776 2.5
    endloop
  endfacet
  facet normal -0.6600241928547865 -0.7512443443024298 0
    outer loop
      vertex 15.97762395590544 10.108859026730022 1.98
      vertex 15.97762395590544 10.108859026730022 2.5
      vertex 15.964751997590067 10.120168002247771 2.5
    endloop
  endfacet
  facet normal -0.6345621295131615 -0.7728718547001965 0
    outer loop
      vertex 15.991198578476908 10.0977136585116 1.98
      vertex 15.991198578476908 10.0977136585116 2.5
      vertex 15.97762395590544 10.108859026730022 2.5
    endloop
  endfacet
  facet normal -0.6096841137921736 -0.7926444861282088 0
    outer loop
      vertex 16.005475880205633 10.086731882691344 1.98
      vertex 16.005475880205633 10.086731882691344 2.5
      vertex 15.991198578476908 10.0977136585116 2.5
    endloop
  endfacet
  facet normal 0.9940774148692 0.10867425291654123 0
    outer loop
      vertex 16.101152659952643 10.505963453948459 1.98
      vertex 16.101152659952643 10.505963453948459 2.5
      vertex 16.102813491225245 10.490771310329398 2.5
    endloop
  endfacet
  facet normal 0.9878161339402343 0.1556254655490839 0
    outer loop
      vertex 16.102813491225245 10.490771310329398 1.98
      vertex 16.102813491225245 10.490771310329398 2.5
      vertex 16.10513865351677 10.476012589335403 2.5
    endloop
  endfacet
  facet normal 0.9789114786784885 0.20428489153996474 0
    outer loop
      vertex 16.10513865351677 10.476012589335403 1.98
      vertex 16.10513865351677 10.476012589335403 2.5
      vertex 16.108128139376642 10.461687290966472 2.5
    endloop
  endfacet
  facet normal 0.9979726694881274 0.06364393886884429 0
    outer loop
      vertex 16.100156167149546 10.521589020192584 1.98
      vertex 16.100156167149546 10.521589020192584 2.5
      vertex 16.101152659952643 10.505963453948459 2.5
    endloop
  endfacet
  facet normal 0.9997861479117146 0.020679904348310275 0
    outer loop
      vertex 16.099823997914793 10.537648001611194 1.98
      vertex 16.099823997914793 10.537648001611194 2.5
      vertex 16.100156167149546 10.521589020192584 2.5
    endloop
  endfacet
  facet normal 0.9995062285602552 -0.03142131552394033 0
    outer loop
      vertex 16.100681038200857 10.564910294413528 1.98
      vertex 16.100681038200857 10.564910294413528 2.5
      vertex 16.099823997914793 10.537648001611194 2.5
    endloop
  endfacet
  facet normal 0.9952203419510486 -0.09765485634026559 0
    outer loop
      vertex 16.10325216650963 10.591113181710204 1.98
      vertex 16.10325216650963 10.591113181710204 2.5
      vertex 16.100681038200857 10.564910294413528 2.5
    endloop
  endfacet
  facet normal 0.9857856894369638 -0.16800766203149825 0
    outer loop
      vertex 16.10753737539053 10.616256663501224 1.98
      vertex 16.10753737539053 10.616256663501224 2.5
      vertex 16.10325216650963 10.591113181710204 2.5
    endloop
  endfacet
  facet normal -0.6597705420417607 0.7514671196093156 0
    outer loop
      vertex 15.958498792350294 10.923163691461047 1.98
      vertex 15.958498792350294 10.923163691461047 2.5
      vertex 15.989175619184973 10.950097227394542 2.5
    endloop
  endfacet
  facet normal -0.6049780063773005 0.7962421816255071 0
    outer loop
      vertex 15.989175619184973 10.950097227394542 1.98
      vertex 15.989175619184973 10.950097227394542 2.5
      vertex 16.02251999974251 10.975432002842387 2.5
    endloop
  endfacet
  facet normal -0.5499994922867221 0.8351649887802697 0
    outer loop
      vertex 16.02251999974251 10.975432002842387 1.98
      vertex 16.02251999974251 10.975432002842387 2.5
      vertex 16.05834901481867 10.999027268886527 2.5
    endloop
  endfacet
  facet normal -0.49474048272320004 0.8690407670269648 0
    outer loop
      vertex 16.05834901481867 10.999027268886527 1.98
      vertex 16.05834901481867 10.999027268886527 2.5
      vertex 16.09647976011038 11.020734907984695 2.5
    endloop
  endfacet
  facet normal 0 0 1
    outer loop
      vertex 15.714411267638209 9.271521465778312 2.5
      vertex 15.747450606524946 9.192226180732211 2.5
      vertex 16.009589822590353 9.356931643485984 2.5
    endloop
  endfacet
  facet normal 0 0 1
    outer loop
      vertex 15.747450606524946 9.192226180732211 2.5
      vertex 15.788830013573172 9.119826132357082 2.5
      vertex 16.033934058249 9.301135191619357 2.5
    endloop
  endfacet
  facet normal 0 0 1
    outer loop
      vertex 15.788830013573172 9.119826132357082 2.5
      vertex 15.838549488782885 9.054321328103503 2.5
      vertex 16.06382470726967 9.250538648962936 2.5
    endloop
  endfacet
  facet normal 0 0 1
    outer loop
      vertex 15.838549488782885 9.054321328103503 2.5
      vertex 15.896609039604666 8.995711760520896 2.5
      vertex 16.080849939584734 9.227190339863261 2.5
    endloop
  endfacet
  facet normal 0 0 1
    outer loop
      vertex 15.747450606524946 9.192226180732211 2.5
      vertex 16.02106864154339 9.328383432626685 2.5
      vertex 16.009589822590353 9.356931643485984 2.5
    endloop
  endfacet
  facet normal 0 0 1
    outer loop
      vertex 15.747450606524946 9.192226180732211 2.5
      vertex 16.033934058249 9.301135191619357 2.5
      vertex 16.02106864154339 9.328383432626685 2.5
    endloop
  endfacet
  facet normal 0 0 1
    outer loop
      vertex 15.689711996912958 9.357712002396545 2.5
      vertex 15.714411267638209 9.271521465778312 2.5
      vertex 15.990792000293734 9.417927997112235 2.5
    endloop
  endfacet
  facet normal 0 0 1
    outer loop
      vertex 15.714411267638209 9.271521465778312 2.5
      vertex 15.999497608840468 9.386779831647834 2.5
      vertex 15.990792000293734 9.417927997112235 2.5
    endloop
  endfacet
  facet normal 0 0 1
    outer loop
      vertex 15.714411267638209 9.271521465778312 2.5
      vertex 16.009589822590353 9.356931643485984 2.5
      vertex 15.999497608840468 9.386779831647834 2.5
    endloop
  endfacet
  facet normal 0 0 1
    outer loop
      vertex 15.788830013573172 9.119826132357082 2.5
      vertex 16.04818608015776 9.275186935365161 2.5
      vertex 16.033934058249 9.301135191619357 2.5
    endloop
  endfacet
  facet normal 0 0 1
    outer loop
      vertex 15.788830013573172 9.119826132357082 2.5
      vertex 16.06382470726967 9.250538648962936 2.5
      vertex 16.04818608015776 9.275186935365161 2.5
    endloop
  endfacet
  facet normal 0 0 1
    outer loop
      vertex 15.896609039604666 8.995711760520896 2.5
      vertex 15.963008666038515 8.943997444510421 2.5
      vertex 16.119060212373736 9.184393653571567 2.5
    endloop
  endfacet
  facet normal 0 0 1
    outer loop
      vertex 15.838549488782885 9.054321328103503 2.5
      vertex 16.080849939584734 9.227190339863261 2.5
      vertex 16.06382470726967 9.250538648962936 2.5
    endloop
  endfacet
  facet normal 0 0 1
    outer loop
      vertex 15.896609039604666 8.995711760520896 2.5
      vertex 16.09926177710295 9.205142015516719 2.5
      vertex 16.080849939584734 9.227190339863261 2.5
    endloop
  endfacet
  facet normal 0 0 1
    outer loop
      vertex 15.896609039604666 8.995711760520896 2.5
      vertex 16.119060212373736 9.184393653571567 2.5
      vertex 16.09926177710295 9.205142015516719 2.5
    endloop
  endfacet
  facet normal 0 0 1
    outer loop
      vertex 15.963008666038515 8.943997444510421 2.5
      vertex 16.03774835318327 8.899178365170917 2.5
      vertex 16.162816898524763 9.146796876490077 2.5
    endloop
  endfacet
  facet normal 0 0 1
    outer loop
      vertex 15.963008666038515 8.943997444510421 2.5
      vertex 16.140245252847674 9.164945276379546 2.5
      vertex 16.119060212373736 9.184393653571567 2.5
    endloop
  endfacet
  facet normal 0 0 1
    outer loop
      vertex 15.963008666038515 8.943997444510421 2.5
      vertex 16.162816898524763 9.146796876490077 2.5
      vertex 16.140245252847674 9.164945276379546 2.5
    endloop
  endfacet
  facet normal 0 0 1
    outer loop
      vertex 15.803491884469988 10.426793986856898 2.5
      vertex 15.80629903227091 10.408917965292892 2.5
      vertex 16.10513865351677 10.476012589335403 2.5
    endloop
  endfacet
  facet normal 0 0 1
    outer loop
      vertex 15.803491884469988 10.426793986856898 2.5
      vertex 16.10513865351677 10.476012589335403 2.5
      vertex 15.801195123791697 10.44501680314537 2.5
    endloop
  endfacet
  facet normal 0 0 1
    outer loop
      vertex 15.822631524503233 10.340881796479186 2.5
      vertex 15.827990630269053 10.32473974108692 2.5
      vertex 16.11610011905432 10.434336947202643 2.5
    endloop
  endfacet
  facet normal 0 0 1
    outer loop
      vertex 15.809616567194464 10.391388731002769 2.5
      vertex 15.813444496691229 10.37420629888769 2.5
      vertex 16.108128139376642 10.461687290966472 2.5
    endloop
  endfacet
  facet normal 0 0 1
    outer loop
      vertex 15.817782813310625 10.357370654046496 2.5
      vertex 16.11178196370602 10.447795407772025 2.5
      vertex 15.813444496691229 10.37420629888769 2.5
    endloop
  endfacet
  facet normal 0 0 1
    outer loop
      vertex 15.80629903227091 10.408917965292892 2.5
      vertex 15.809616567194464 10.391388731002769 2.5
      vertex 16.108128139376642 10.461687290966472 2.5
    endloop
  endfacet
  facet normal 0 0 1
    outer loop
      vertex 15.817782813310625 10.357370654046496 2.5
      vertex 15.822631524503233 10.340881796479186 2.5
      vertex 16.11610011905432 10.434336947202643 2.5
    endloop
  endfacet
  facet normal 0 0 1
    outer loop
      vertex 15.833860115706923 10.30894447296854 2.5
      vertex 15.840240003168585 10.293495999574622 2.5
      vertex 16.121082605421545 10.421311901807746 2.5
    endloop
  endfacet
  facet normal 0 0 1
    outer loop
      vertex 15.827990630269053 10.32473974108692 2.5
      vertex 15.833860115706923 10.30894447296854 2.5
      vertex 16.121082605421545 10.421311901807746 2.5
    endloop
  endfacet
  facet normal 0 0 1
    outer loop
      vertex 15.847101444005968 10.2783737275004 2.5
      vertex 15.854415619373324 10.26354967981573 2.5
      vertex 16.126729422807696 10.408720286488494 2.5
    endloop
  endfacet
  facet normal 0 0 1
    outer loop
      vertex 15.840240003168585 10.293495999574622 2.5
      vertex 15.847101444005968 10.2783737275004 2.5
      vertex 16.126729422807696 10.408720286488494 2.5
    endloop
  endfacet
  facet normal 0 0 1
    outer loop
      vertex 15.799408757686617 10.463586414158305 2.5
      vertex 16.101152659952643 10.505963453948459 2.5
      vertex 15.798132778704169 10.482502819895705 2.5
    endloop
  endfacet
  facet normal 0 0 1
    outer loop
      vertex 15.799408757686617 10.463586414158305 2.5
      vertex 15.801195123791697 10.44501680314537 2.5
      vertex 16.102813491225245 10.490771310329398 2.5
    endloop
  endfacet
  facet normal 0 0 1
    outer loop
      vertex 15.798132778704169 10.482502819895705 2.5
      vertex 16.101152659952643 10.505963453948459 2.5
      vertex 15.797367194294932 10.50176601290699 2.5
    endloop
  endfacet
  facet normal 0 0 1
    outer loop
      vertex 15.797367194294932 10.50176601290699 2.5
      vertex 16.100156167149546 10.521589020192584 2.5
      vertex 15.797111997008326 10.521376000642737 2.5
    endloop
  endfacet
  facet normal 0 0 1
    outer loop
      vertex 15.797111997008326 10.521376000642737 2.5
      vertex 16.099823997914793 10.537648001611194 2.5
      vertex 15.798445777595045 10.56589599877592 2.5
    endloop
  endfacet
  facet normal 0 0 1
    outer loop
      vertex 15.798445777595045 10.56589599877592 2.5
      vertex 16.100681038200857 10.564910294413528 2.5
      vertex 15.802447097003462 10.608817228972873 2.5
    endloop
  endfacet
  facet normal 0 0 1
    outer loop
      vertex 15.802447097003462 10.608817228972873 2.5
      vertex 16.10325216650963 10.591113181710204 2.5
      vertex 15.809115977585318 10.650139691233596 2.5
    endloop
  endfacet
  facet normal 0 0 1
    outer loop
      vertex 15.809115977585318 10.650139691233596 2.5
      vertex 16.10753737539053 10.616256663501224 2.5
      vertex 15.818452404439451 10.68986338555809 2.5
    endloop
  endfacet
  facet normal 0 0 1
    outer loop
      vertex 15.818452404439451 10.68986338555809 2.5
      vertex 16.11353666484356 10.640340732336005 2.5
      vertex 15.830456377565863 10.727988304495772 2.5
    endloop
  endfacet
  facet normal 0 0 1
    outer loop
      vertex 15.830456377565863 10.727988304495772 2.5
      vertex 16.11353666484356 10.640340732336005 2.5
      vertex 15.845127904415133 10.764514462947806 2.5
    endloop
  endfacet
  facet normal 0 0 1
    outer loop
      vertex 15.845127904415133 10.764514462947806 2.5
      vertex 16.12125003486872 10.66336539566513 2.5
      vertex 15.862466984987261 10.79944184601303 2.5
    endloop
  endfacet
  facet normal 0 0 1
    outer loop
      vertex 15.879074552655222 10.22086689054962 2.5
      vertex 15.888199666142466 10.207235740423164 2.5
      vertex 16.14001605063677 10.384837301373443 2.5
    endloop
  endfacet
  facet normal 0 0 1
    outer loop
      vertex 15.888199666142466 10.207235740423164 2.5
      vertex 15.897777514159682 10.19390281468626 2.5
      vertex 16.147655861079695 10.373545939028224 2.5
    endloop
  endfacet
  facet normal 0 0 1
    outer loop
      vertex 15.897777514159682 10.19390281468626 2.5
      vertex 15.90780809670687 10.180868120789489 2.5
      vertex 16.147655861079695 10.373545939028224 2.5
    endloop
  endfacet
  facet normal 0 0 1
    outer loop
      vertex 15.854415619373324 10.26354967981573 2.5
      vertex 15.862182529270651 10.249023856520614 2.5
      vertex 16.13304057121277 10.396562086343726 2.5
    endloop
  endfacet
  facet normal 0 0 1
    outer loop
      vertex 15.862182529270651 10.249023856520614 2.5
      vertex 15.870402181148531 10.23479625761505 2.5
      vertex 16.13304057121277 10.396562086343726 2.5
    endloop
  endfacet
  facet normal 0 0 1
    outer loop
      vertex 15.870402181148531 10.23479625761505 2.5
      vertex 15.879074552655222 10.22086689054962 2.5
      vertex 16.14001605063677 10.384837301373443 2.5
    endloop
  endfacet
  facet normal 0 0 1
    outer loop
      vertex 15.90780809670687 10.180868120789489 2.5
      vertex 15.918291406333449 10.16813164383169 2.5
      vertex 16.155960002541544 10.36268799930807 2.5
    endloop
  endfacet
  facet normal 0 0 1
    outer loop
      vertex 15.918291406333449 10.16813164383169 2.5
      vertex 15.92922745794058 10.155693398714027 2.5
      vertex 16.155960002541544 10.36268799930807 2.5
    endloop
  endfacet
  facet normal 0 0 1
    outer loop
      vertex 15.92922745794058 10.155693398714027 2.5
      vertex 15.940616236627104 10.143553370535335 2.5
      vertex 16.16489368081093 10.352171884775123 2.5
    endloop
  endfacet
  facet normal 0 0 1
    outer loop
      vertex 15.940616236627104 10.143553370535335 2.5
      vertex 15.9524577498436 10.131711574196776 2.5
      vertex 16.16489368081093 10.352171884775123 2.5
    endloop
  endfacet
  facet normal 0 0 1
    outer loop
      vertex 15.80629903227091 10.408917965292892 2.5
      vertex 16.108128139376642 10.461687290966472 2.5
      vertex 16.10513865351677 10.476012589335403 2.5
    endloop
  endfacet
  facet normal 0 0 1
    outer loop
      vertex 15.817782813310625 10.357370654046496 2.5
      vertex 16.11610011905432 10.434336947202643 2.5
      vertex 16.11178196370602 10.447795407772025 2.5
    endloop
  endfacet
  facet normal 0 0 1
    outer loop
      vertex 15.813444496691229 10.37420629888769 2.5
      vertex 16.11178196370602 10.447795407772025 2.5
      vertex 16.108128139376642 10.461687290966472 2.5
    endloop
  endfacet
  facet normal 0 0 1
    outer loop
      vertex 15.827990630269053 10.32473974108692 2.5
      vertex 16.121082605421545 10.421311901807746 2.5
      vertex 16.11610011905432 10.434336947202643 2.5
    endloop
  endfacet
  facet normal 0 0 1
    outer loop
      vertex 15.862466984987261 10.79944184601303 2.5
      vertex 16.130677492916586 10.685330653488597 2.5
      vertex 15.882473611831667 10.832770461142024 2.5
    endloop
  endfacet
  facet normal 0 0 1
    outer loop
      vertex 15.882473611831667 10.832770461142024 2.5
      vertex 16.14181903153658 10.706236498355826 2.5
      vertex 15.905147784948351 10.864500308334788 2.5
    endloop
  endfacet
  facet normal 0 0 1
    outer loop
      vertex 15.799408757686617 10.463586414158305 2.5
      vertex 16.102813491225245 10.490771310329398 2.5
      vertex 16.101152659952643 10.505963453948459 2.5
    endloop
  endfacet
  facet normal 0 0 1
    outer loop
      vertex 15.797367194294932 10.50176601290699 2.5
      vertex 16.101152659952643 10.505963453948459 2.5
      vertex 16.100156167149546 10.521589020192584 2.5
    endloop
  endfacet
  facet normal 0 0 1
    outer loop
      vertex 15.801195123791697 10.44501680314537 2.5
      vertex 16.10513865351677 10.476012589335403 2.5
      vertex 16.102813491225245 10.490771310329398 2.5
    endloop
  endfacet
  facet normal 0 0 1
    outer loop
      vertex 15.797111997008326 10.521376000642737 2.5
      vertex 16.100156167149546 10.521589020192584 2.5
      vertex 16.099823997914793 10.537648001611194 2.5
    endloop
  endfacet
  facet normal 0 0 1
    outer loop
      vertex 15.798445777595045 10.56589599877592 2.5
      vertex 16.099823997914793 10.537648001611194 2.5
      vertex 16.100681038200857 10.564910294413528 2.5
    endloop
  endfacet
  facet normal 0 0 1
    outer loop
      vertex 15.802447097003462 10.608817228972873 2.5
      vertex 16.100681038200857 10.564910294413528 2.5
      vertex 16.10325216650963 10.591113181710204 2.5
    endloop
  endfacet
  facet normal 0 0 1
    outer loop
      vertex 15.809115977585318 10.650139691233596 2.5
      vertex 16.10325216650963 10.591113181710204 2.5
      vertex 16.10753737539053 10.616256663501224 2.5
    endloop
  endfacet
  facet normal 0 0 1
    outer loop
      vertex 15.818452404439451 10.68986338555809 2.5
      vertex 16.10753737539053 10.616256663501224 2.5
      vertex 16.11353666484356 10.640340732336005 2.5
    endloop
  endfacet
  facet normal 0 0 1
    outer loop
      vertex 15.905147784948351 10.864500308334788 2.5
      vertex 16.154674650728705 10.726082937717399 2.5
      vertex 15.930489511787894 10.894631387591323 2.5
    endloop
  endfacet
  facet normal 0 0 1
    outer loop
      vertex 15.845127904415133 10.764514462947806 2.5
      vertex 16.11353666484356 10.640340732336005 2.5
      vertex 16.12125003486872 10.66336539566513 2.5
    endloop
  endfacet
  facet normal 0 0 1
    outer loop
      vertex 15.9524577498436 10.131711574196776 2.5
      vertex 15.964751997590067 10.120168002247771 2.5
      vertex 16.174414725601675 10.341905990540942 2.5
    endloop
  endfacet
  facet normal 0 0 1
    outer loop
      vertex 15.964751997590067 10.120168002247771 2.5
      vertex 15.97762395590544 10.108859026730022 2.5
      vertex 16.184523122012617 10.331890316605529 2.5
    endloop
  endfacet
  facet normal 0 0 1
    outer loop
      vertex 15.97762395590544 10.108859026730022 2.5
      vertex 15.991198578476908 10.0977136585116 2.5
      vertex 16.184523122012617 10.331890316605529 2.5
    endloop
  endfacet
  facet normal 0 0 1
    outer loop
      vertex 15.991198578476908 10.0977136585116 2.5
      vertex 16.005475880205633 10.086731882691344 2.5
      vertex 16.195218884944918 10.322124877870044 2.5
    endloop
  endfacet
  facet normal 0 0 1
    outer loop
      vertex 15.854415619373324 10.26354967981573 2.5
      vertex 16.13304057121277 10.396562086343726 2.5
      vertex 16.126729422807696 10.408720286488494 2.5
    endloop
  endfacet
  facet normal 0 0 1
    outer loop
      vertex 15.840240003168585 10.293495999574622 2.5
      vertex 16.126729422807696 10.408720286488494 2.5
      vertex 16.121082605421545 10.421311901807746 2.5
    endloop
  endfacet
  facet normal 0 0 1
    outer loop
      vertex 15.870402181148531 10.23479625761505 2.5
      vertex 16.14001605063677 10.384837301373443 2.5
      vertex 16.13304057121277 10.396562086343726 2.5
    endloop
  endfacet
  facet normal 0 0 1
    outer loop
      vertex 15.888199666142466 10.207235740423164 2.5
      vertex 16.147655861079695 10.373545939028224 2.5
      vertex 16.14001605063677 10.384837301373443 2.5
    endloop
  endfacet
  facet normal 0 0 1
    outer loop
      vertex 16.020455861091616 10.075913706719836 2.5
      vertex 16.195218884944918 10.322124877870044 2.5
      vertex 16.005475880205633 10.086731882691344 2.5
    endloop
  endfacet
  facet normal 0 0 1
    outer loop
      vertex 16.020455861091616 10.075913706719836 2.5
      vertex 16.036138506233694 10.065259123146495 2.5
      vertex 16.206502014398577 10.312609659433326 2.5
    endloop
  endfacet
  facet normal 0 0 1
    outer loop
      vertex 16.036138506233694 10.065259123146495 2.5
      vertex 16.05252383798361 10.0547681394219 2.5
      vertex 16.218372495472433 10.303344661295375 2.5
    endloop
  endfacet
  facet normal 0 0 1
    outer loop
      vertex 15.9524577498436 10.131711574196776 2.5
      vertex 16.174414725601675 10.341905990540942 2.5
      vertex 16.16489368081093 10.352171884775123 2.5
    endloop
  endfacet
  facet normal 0 0 1
    outer loop
      vertex 15.964751997590067 10.120168002247771 2.5
      vertex 16.184523122012617 10.331890316605529 2.5
      vertex 16.174414725601675 10.341905990540942 2.5
    endloop
  endfacet
  facet normal 0 0 1
    outer loop
      vertex 15.90780809670687 10.180868120789489 2.5
      vertex 16.155960002541544 10.36268799930807 2.5
      vertex 16.147655861079695 10.373545939028224 2.5
    endloop
  endfacet
  facet normal 0 0 1
    outer loop
      vertex 15.92922745794058 10.155693398714027 2.5
      vertex 16.16489368081093 10.352171884775123 2.5
      vertex 16.155960002541544 10.36268799930807 2.5
    endloop
  endfacet
  facet normal 0 0 1
    outer loop
      vertex 15.862466984987261 10.79944184601303 2.5
      vertex 16.12125003486872 10.66336539566513 2.5
      vertex 16.130677492916586 10.685330653488597 2.5
    endloop
  endfacet
  facet normal 0 0 1
    outer loop
      vertex 15.882473611831667 10.832770461142024 2.5
      vertex 16.130677492916586 10.685330653488597 2.5
      vertex 16.14181903153658 10.706236498355826 2.5
    endloop
  endfacet
  facet normal 0 0 1
    outer loop
      vertex 15.905147784948351 10.864500308334788 2.5
      vertex 16.14181903153658 10.706236498355826 2.5
      vertex 16.154674650728705 10.726082937717399 2.5
    endloop
  endfacet
  facet normal 0 0 1
    outer loop
      vertex 15.958498792350294 10.923163691461047 2.5
      vertex 16.154674650728705 10.726082937717399 2.5
      vertex 16.169244357943537 10.744869964122733 2.5
    endloop
  endfacet
  facet normal 0 0 1
    outer loop
      vertex 15.930489511787894 10.894631387591323 2.5
      vertex 16.154674650728705 10.726082937717399 2.5
      vertex 15.958498792350294 10.923163691461047 2.5
    endloop
  endfacet
  facet normal 0 0 1
    outer loop
      vertex 15.958498792350294 10.923163691461047 2.5
      vertex 16.169244357943537 10.744869964122733 2.5
      vertex 15.989175619184973 10.950097227394542 2.5
    endloop
  endfacet
  facet normal 0 0 1
    outer loop
      vertex 15.989175619184973 10.950097227394542 2.5
      vertex 16.185528145730498 10.76259758502241 2.5
      vertex 16.02251999974251 10.975432002842387 2.5
    endloop
  endfacet
  facet normal 0 0 1
    outer loop
      vertex 16.02251999974251 10.975432002842387 2.5
      vertex 16.203526014089586 10.77926580041643 2.5
      vertex 16.05834901481867 10.999027268886527 2.5
    endloop
  endfacet
  facet normal -0.32139987625835903 -0.9469435672420566 0
    outer loop
      vertex 16.21224795430899 8.830225938856563 1.98
      vertex 16.21224795430899 8.830225938856563 2.5
      vertex 16.120828115940096 8.861254529952964 2.5
    endloop
  endfacet
  facet normal 0.676267810221465 0.7366558551034972 0
    outer loop
      vertex 16.119060212373736 9.184393653571567 1.98
      vertex 16.119060212373736 9.184393653571567 2.5
      vertex 16.140245252847674 9.164945276379546 2.5
    endloop
  endfacet
  facet normal 0.6266107490000207 0.7793323868784313 0
    outer loop
      vertex 16.140245252847674 9.164945276379546 1.98
      vertex 16.140245252847674 9.164945276379546 2.5
      vertex 16.162816898524763 9.146796876490077 2.5
    endloop
  endfacet
  facet normal 0.5752403763235905 0.817984418829047 0
    outer loop
      vertex 16.162816898524763 9.146796876490077 1.98
      vertex 16.162816898524763 9.146796876490077 2.5
      vertex 16.186775149405005 9.129948446452579 2.5
    endloop
  endfacet
  facet normal 0.5229166456937671 0.8523838229673175 0
    outer loop
      vertex 16.186775149405005 9.129948446452579 1.98
      vertex 16.186775149405005 9.129948446452579 2.5
      vertex 16.212119998037817 9.114400001168212 2.5
    endloop
  endfacet
  facet normal 0.4719040771626046 0.8816498976109 0
    outer loop
      vertex 16.212119998037817 9.114400001168212 1.98
      vertex 16.212119998037817 9.114400001168212 2.5
      vertex 16.238883973658087 9.10007455378767 2.5
    endloop
  endfacet
  facet normal 0.4232958259903132 0.90599152518066 0
    outer loop
      vertex 16.238883973658087 9.10007455378767 1.98
      vertex 16.238883973658087 9.10007455378767 2.5
      vertex 16.267092214524748 9.086895147263965 2.5
    endloop
  endfacet
  facet normal -0.4560404299179932 -0.8899590587663075 0
    outer loop
      vertex 16.12509188205004 10.014440188109836 1.98
      vertex 16.12509188205004 10.014440188109836 2.5
      vertex 16.105895856022837 10.024276779890021 2.5
    endloop
  endfacet
  facet normal -0.4371932138047204 -0.8993676077128306 0
    outer loop
      vertex 16.14499057978392 10.004767196178397 1.98
      vertex 16.14499057978392 10.004767196178397 2.5
      vertex 16.12509188205004 10.014440188109836 2.5
    endloop
  endfacet
  facet normal -0.41909724084347644 -0.9079413542280059 0
    outer loop
      vertex 16.165591949224474 9.995257796645125 1.98
      vertex 16.165591949224474 9.995257796645125 2.5
      vertex 16.14499057978392 10.004767196178397 2.5
    endloop
  endfacet
  facet normal -0.4017306643480098 -0.9157578682831541 0
    outer loop
      vertex 16.186895997822287 9.985911996960601 1.98
      vertex 16.186895997822287 9.985911996960601 2.5
      vertex 16.165591949224474 9.995257796645125 2.5
    endloop
  endfacet
  facet normal -0.38167739171682546 -0.9242956067472359 0
    outer loop
      vertex 16.209330321848395 9.97664799720045 1.98
      vertex 16.209330321848395 9.97664799720045 2.5
      vertex 16.186895997822287 9.985911996960601 2.5
    endloop
  endfacet
  facet normal -0.36030260615143966 -0.9328354795999563 0
    outer loop
      vertex 16.233315126597883 9.9673839974403 1.98
      vertex 16.233315126597883 9.9673839974403 2.5
      vertex 16.209330321848395 9.97664799720045 2.5
    endloop
  endfacet
  facet normal -0.34104200587712236 -0.9400480574030825 0
    outer loop
      vertex 16.258850412070753 9.958119997680148 1.98
      vertex 16.258850412070753 9.958119997680148 2.5
      vertex 16.233315126597883 9.9673839974403 2.5
    endloop
  endfacet
  facet normal -0.23513185581556198 -0.9719634820201476 0
    outer loop
      vertex 16.31200786083937 8.806092591881713 1.98
      vertex 16.31200786083937 8.806092591881713 2.5
      vertex 16.21224795430899 8.830225938856563 2.5
    endloop
  endfacet
  facet normal 0.3760295534864083 0.9266076704327525 0
    outer loop
      vertex 16.267092214524748 9.086895147263965 1.98
      vertex 16.267092214524748 9.086895147263965 2.5
      vertex 16.29674471318722 9.074861774146518 2.5
    endloop
  endfacet
  facet normal 0.330444382204183 0.9438254659997769 0
    outer loop
      vertex 16.29674471318722 9.074861774146518 1.98
      vertex 16.29674471318722 9.074861774146518 2.5
      vertex 16.327841469645502 9.063974434435329 2.5
    endloop
  endfacet
  facet normal 0.28678050265843236 0.9579963169527203 0
    outer loop
      vertex 16.327841469645502 9.063974434435329 1.98
      vertex 16.327841469645502 9.063974434435329 2.5
      vertex 16.360382483899595 9.054233135580978 2.5
    endloop
  endfacet
  facet normal -0.15747487767617574 -0.9875229936061607 0
    outer loop
      vertex 16.420107835531237 8.788854481577834 1.98
      vertex 16.420107835531237 8.788854481577834 2.5
      vertex 16.31200786083937 8.806092591881713 2.5
    endloop
  endfacet
  facet normal 0.24519123567420587 0.9694747330119318 0
    outer loop
      vertex 16.360382483899595 9.054233135580978 1.98
      vertex 16.360382483899595 9.054233135580978 2.5
      vertex 16.39436776340008 9.045637870132884 2.5
    endloop
  endfacet
  facet normal 0.2057560911402564 0.9786033062271364 0
    outer loop
      vertex 16.39436776340008 9.045637870132884 1.98
      vertex 16.39436776340008 9.045637870132884 2.5
      vertex 16.429797300696375 9.038188638091048 2.5
    endloop
  endfacet
  facet normal -0.323619316784274 -0.9461873692900787 0
    outer loop
      vertex 16.285936185717585 9.948855997919997 1.98
      vertex 16.285936185717585 9.948855997919997 2.5
      vertex 16.258850412070753 9.958119997680148 2.5
    endloop
  endfacet
  facet normal -0.3078000379347333 -0.9514510689716928 0
    outer loop
      vertex 16.314572447538378 9.939591998159846 1.98
      vertex 16.314572447538378 9.939591998159846 2.5
      vertex 16.285936185717585 9.948855997919997 2.5
    endloop
  endfacet
  facet normal -0.2933847577251349 -0.9559944476483971 0
    outer loop
      vertex 16.344759197533133 9.930327998399695 1.98
      vertex 16.344759197533133 9.930327998399695 2.5
      vertex 16.314572447538378 9.939591998159846 2.5
    endloop
  endfacet
  facet normal -0.28020369071267337 -0.9599405667597325 0
    outer loop
      vertex 16.37649642825127 9.921063998639545 1.98
      vertex 16.37649642825127 9.921063998639545 2.5
      vertex 16.344759197533133 9.930327998399695 2.5
    endloop
  endfacet
  facet normal -0.26811169297352994 -0.963387834722272 0
    outer loop
      vertex 16.409784139692785 9.911799998879394 1.98
      vertex 16.409784139692785 9.911799998879394 2.5
      vertex 16.37649642825127 9.921063998639545 2.5
    endloop
  endfacet
  facet normal -0.08847726111625691 -0.9960781968627592 0
    outer loop
      vertex 16.536547878384592 8.778511622846088 1.98
      vertex 16.536547878384592 8.778511622846088 2.5
      vertex 16.420107835531237 8.788854481577834 2.5
    endloop
  endfacet
  facet normal 0.16849552705108878 0.9857024182600831 0
    outer loop
      vertex 16.429797300696375 9.038188638091048 1.98
      vertex 16.429797300696375 9.038188638091048 2.5
      vertex 16.46667110323906 9.03188544690605 2.5
    endloop
  endfacet
  facet normal 0.1333857395292413 0.9910641979661243 0
    outer loop
      vertex 16.46667110323906 9.03188544690605 1.98
      vertex 16.46667110323906 9.03188544690605 2.5
      vertex 16.504989156126978 9.02672828167673 2.5
    endloop
  endfacet
  facet normal 0.10036811542435675 0.9949503713282201 0
    outer loop
      vertex 16.504989156126978 9.02672828167673 1.98
      vertex 16.504989156126978 9.02672828167673 2.5
      vertex 16.544751481711867 9.022717157304248 2.5
    endloop
  endfacet
  facet normal 0.06936230438462511 0.9975915350134316 0
    outer loop
      vertex 16.544751481711867 9.022717157304248 1.98
      vertex 16.544751481711867 9.022717157304248 2.5
      vertex 16.585958057641985 9.019852073788604 2.5
    endloop
  endfacet
  facet normal -0.246714960779893 -0.9690880910048248 0
    outer loop
      vertex 16.481011027097704 9.893271999359092 1.98
      vertex 16.481011027097704 9.893271999359092 2.5
      vertex 16.444622346758845 9.902535999119243 2.5
    endloop
  endfacet
  facet normal -0.25698433826647726 -0.9664155679032393 0
    outer loop
      vertex 16.444622346758845 9.902535999119243 1.98
      vertex 16.444622346758845 9.902535999119243 2.5
      vertex 16.409784139692785 9.911799998879394 2.5
    endloop
  endfacet
  facet normal -0.23721095571129186 -0.9714581630160589 0
    outer loop
      vertex 16.518950203061106 9.884007999598941 1.98
      vertex 16.518950203061106 9.884007999598941 2.5
      vertex 16.481011027097704 9.893271999359092 2.5
    endloop
  endfacet
  facet normal -0.22839256825255647 -0.9735691217201793 0
    outer loop
      vertex 16.55843985974789 9.87474399983879 1.98
      vertex 16.55843985974789 9.87474399983879 2.5
      vertex 16.518950203061106 9.884007999598941 2.5
    endloop
  endfacet
  facet normal -0.22019012941131444 -0.9754569733770058 0
    outer loop
      vertex 16.599479997158053 9.86548000007864 1.98
      vertex 16.599479997158053 9.86548000007864 2.5
      vertex 16.55843985974789 9.87474399983879 2.5
    endloop
  endfacet
  facet normal -0.027619038271563815 -0.9996185215995919 0
    outer loop
      vertex 16.661327996850016 8.775064000785312 1.98
      vertex 16.661327996850016 8.775064000785312 2.5
      vertex 16.536547878384592 8.778511622846088 2.5
    endloop
  endfacet
  facet normal 0.040272662578724534 0.9991887272426668 0
    outer loop
      vertex 16.585958057641985 9.019852073788604 1.98
      vertex 16.585958057641985 9.019852073788604 2.5
      vertex 16.628608898818495 9.018133016228637 2.5
    endloop
  endfacet
  facet normal 0.012993923129468914 0.9999155754170976 0
    outer loop
      vertex 16.628608898818495 9.018133016228637 1.98
      vertex 16.628608898818495 9.018133016228637 2.5
      vertex 16.672703997790816 9.017559999525508 2.5
    endloop
  endfacet
  facet normal 0.015116792876530276 -0.9998857347582912 0
    outer loop
      vertex 16.729485304653647 8.776094438433608 1.98
      vertex 16.729485304653647 8.776094438433608 2.5
      vertex 16.661327996850016 8.775064000785312 2.5
    endloop
  endfacet
  facet normal -0.013435587552983 0.9999097384199767 0
    outer loop
      vertex 16.672703997790816 9.017559999525508 1.98
      vertex 16.672703997790816 9.017559999525508 2.5
      vertex 16.71821382045746 9.018171505928 2.5
    endloop
  endfacet
  facet normal -0.04176882796928937 0.999127301703878 0
    outer loop
      vertex 16.71821382045746 9.018171505928 1.98
      vertex 16.71821382045746 9.018171505928 2.5
      vertex 16.762095907330515 9.020006010234317 2.5
    endloop
  endfacet
  facet normal -0.22373132988073968 -0.9746508564762028 0
    outer loop
      vertex 16.62335318475962 9.859999904334506 1.98
      vertex 16.62335318475962 9.859999904334506 2.5
      vertex 16.599479997158053 9.86548000007864 2.5
    endloop
  endfacet
  facet normal -0.22441983631197462 -0.9744925536245551 0
    outer loop
      vertex 16.646898889541628 9.854577468633613 1.98
      vertex 16.646898889541628 9.854577468633613 2.5
      vertex 16.62335318475962 9.859999904334506 2.5
    endloop
  endfacet
  facet normal -0.22512771144411609 -0.9743292634114685 0
    outer loop
      vertex 16.67011711150408 9.849212685525378 1.98
      vertex 16.67011711150408 9.849212685525378 2.5
      vertex 16.646898889541628 9.854577468633613 2.5
    endloop
  endfacet
  facet normal -0.22585509836431827 -0.9741609079319721 0
    outer loop
      vertex 16.693007858097555 9.843905562460384 1.98
      vertex 16.693007858097555 9.843905562460384 2.5
      vertex 16.67011711150408 9.849212685525378 2.5
    endloop
  endfacet
  facet normal -0.22660358127110355 -0.9739870722730924 0
    outer loop
      vertex 16.715571121871474 9.838656091988048 1.98
      vertex 16.715571121871474 9.838656091988048 2.5
      vertex 16.693007858097555 9.843905562460384 2.5
    endloop
  endfacet
  facet normal -0.2273733102677889 -0.9738076698085038 0
    outer loop
      vertex 16.737806910276415 9.833464281558951 1.98
      vertex 16.737806910276415 9.833464281558951 2.5
      vertex 16.715571121871474 9.838656091988048 2.5
    endloop
  endfacet
  facet normal 0.9671076725057765 0.2543673520333535 0
    outer loop
      vertex 16.108128139376642 10.461687290966472 1.98
      vertex 16.108128139376642 10.461687290966472 2.5
      vertex 16.11178196370602 10.447795407772025 2.5
    endloop
  endfacet
  facet normal 0.9339962810528227 0.3572827269537342 0
    outer loop
      vertex 16.11610011905432 10.434336947202643 1.98
      vertex 16.11610011905432 10.434336947202643 2.5
      vertex 16.121082605421545 10.421311901807746 2.5
    endloop
  endfacet
  facet normal 0.9521887561611228 0.30551034784493625 0
    outer loop
      vertex 16.11178196370602 10.447795407772025 1.98
      vertex 16.11178196370602 10.447795407772025 2.5
      vertex 16.11610011905432 10.434336947202643 2.5
    endloop
  endfacet
  facet normal 0.9124470972665276 0.40919469044684326 0
    outer loop
      vertex 16.121082605421545 10.421311901807746 1.98
      vertex 16.121082605421545 10.421311901807746 2.5
      vertex 16.126729422807696 10.408720286488494 2.5
    endloop
  endfacet
  facet normal 0.8875487114981044 0.46071388596183477 0
    outer loop
      vertex 16.126729422807696 10.408720286488494 1.98
      vertex 16.126729422807696 10.408720286488494 2.5
      vertex 16.13304057121277 10.396562086343726 2.5
    endloop
  endfacet
  facet normal 0.859407526467176 0.5112912119835136 0
    outer loop
      vertex 16.13304057121277 10.396562086343726 1.98
      vertex 16.13304057121277 10.396562086343726 2.5
      vertex 16.14001605063677 10.384837301373443 2.5
    endloop
  endfacet
  facet normal 0.8282311242571179 0.5603866565254659 0
    outer loop
      vertex 16.14001605063677 10.384837301373443 1.98
      vertex 16.14001605063677 10.384837301373443 2.5
      vertex 16.147655861079695 10.373545939028224 2.5
    endloop
  endfacet
  facet normal 0.7943221401037909 0.6074967800251566 0
    outer loop
      vertex 16.147655861079695 10.373545939028224 1.98
      vertex 16.147655861079695 10.373545939028224 2.5
      vertex 16.155960002541544 10.36268799930807 2.5
    endloop
  endfacet
  facet normal 0.7621187831366808 0.6474372250575843 0
    outer loop
      vertex 16.155960002541544 10.36268799930807 1.98
      vertex 16.155960002541544 10.36268799930807 2.5
      vertex 16.16489368081093 10.352171884775123 2.5
    endloop
  endfacet
  facet normal 0.733205444295421 0.6800071885322643 0
    outer loop
      vertex 16.16489368081093 10.352171884775123 1.98
      vertex 16.16489368081093 10.352171884775123 2.5
      vertex 16.174414725601675 10.341905990540942 2.5
    endloop
  endfacet
  facet normal 0.7038412867942712 0.7103572643422353 0
    outer loop
      vertex 16.174414725601675 10.341905990540942 1.98
      vertex 16.174414725601675 10.341905990540942 2.5
      vertex 16.184523122012617 10.331890316605529 2.5
    endloop
  endfacet
  facet normal 0.6742596545114696 0.7384943590157433 0
    outer loop
      vertex 16.184523122012617 10.331890316605529 1.98
      vertex 16.184523122012617 10.331890316605529 2.5
      vertex 16.195218884944918 10.322124877870044 2.5
    endloop
  endfacet
  facet normal 0.9703481296144436 -0.24171162022904677 0
    outer loop
      vertex 16.11353666484356 10.640340732336005 1.98
      vertex 16.11353666484356 10.640340732336005 2.5
      vertex 16.10753737539053 10.616256663501224 2.5
    endloop
  endfacet
  facet normal 0.9482067905032376 -0.31765371466984216 0
    outer loop
      vertex 16.12125003486872 10.66336539566513 1.98
      vertex 16.12125003486872 10.66336539566513 2.5
      vertex 16.11353666484356 10.640340732336005 2.5
    endloop
  endfacet
  facet normal 0.9189362275057369 -0.39440614825015646 0
    outer loop
      vertex 16.130677492916586 10.685330653488597 1.98
      vertex 16.130677492916586 10.685330653488597 2.5
      vertex 16.12125003486872 10.66336539566513 2.5
    endloop
  endfacet
  facet normal 0.8824974222676706 -0.4703172330362951 0
    outer loop
      vertex 16.14181903153658 10.706236498355826 1.98
      vertex 16.14181903153658 10.706236498355826 2.5
      vertex 16.130677492916586 10.685330653488597 2.5
    endloop
  endfacet
  facet normal 0.8393037716790738 -0.5436627436612531 0
    outer loop
      vertex 16.154674650728705 10.726082937717399 1.98
      vertex 16.154674650728705 10.726082937717399 2.5
      vertex 16.14181903153658 10.706236498355826 2.5
    endloop
  endfacet
  facet normal 0.7902162053650185 -0.6128281559935957 0
    outer loop
      vertex 16.169244357943537 10.744869964122733 1.98
      vertex 16.169244357943537 10.744869964122733 2.5
      vertex 16.154674650728705 10.726082937717399 2.5
    endloop
  endfacet
  facet normal 0.7364611802923844 -0.6764798074756909 0
    outer loop
      vertex 16.185528145730498 10.76259758502241 1.98
      vertex 16.185528145730498 10.76259758502241 2.5
      vertex 16.169244357943537 10.744869964122733 2.5
    endloop
  endfacet
  facet normal 0.6446761195960533 0.7644558200593251 0
    outer loop
      vertex 16.195218884944918 10.322124877870044 1.98
      vertex 16.195218884944918 10.322124877870044 2.5
      vertex 16.206502014398577 10.312609659433326 2.5
    endloop
  endfacet
  facet normal 0.6152804472659207 0.7883082970591194 0
    outer loop
      vertex 16.206502014398577 10.312609659433326 1.98
      vertex 16.206502014398577 10.312609659433326 2.5
      vertex 16.218372495472433 10.303344661295375 2.5
    endloop
  endfacet
  facet normal 0.5862354891562674 0.8101406984306564 0
    outer loop
      vertex 16.218372495472433 10.303344661295375 1.98
      vertex 16.218372495472433 10.303344661295375 2.5
      vertex 16.230830343067648 10.294329890906772 2.5
    endloop
  endfacet
  facet normal 0.502470134704898 0.8645945660999967 0
    outer loop
      vertex 16.25750811547041 10.277051025927028 1.98
      vertex 16.25750811547041 10.277051025927028 2.5
      vertex 16.27172804772854 10.268786931335887 2.5
    endloop
  endfacet
  facet normal 0.5576805619080214 0.830055655284604 0
    outer loop
      vertex 16.230830343067648 10.294329890906772 1.98
      vertex 16.230830343067648 10.294329890906772 2.5
      vertex 16.24387554973364 10.285565348267516 2.5
    endloop
  endfacet
  facet normal 0.5297290766918524 0.8481669088730104 0
    outer loop
      vertex 16.24387554973364 10.285565348267516 1.98
      vertex 16.24387554973364 10.285565348267516 2.5
      vertex 16.25750811547041 10.277051025927028 2.5
    endloop
  endfacet
  facet normal 0.6794853397474914 -0.7336890847411023 0
    outer loop
      vertex 16.203526014089586 10.77926580041643 1.98
      vertex 16.203526014089586 10.77926580041643 2.5
      vertex 16.185528145730498 10.76259758502241 2.5
    endloop
  endfacet
  facet normal 0.6207887444610889 -0.7839778917485013 0
    outer loop
      vertex 16.223237963020804 10.794874602854213 1.98
      vertex 16.223237963020804 10.794874602854213 2.5
      vertex 16.203526014089586 10.77926580041643 2.5
    endloop
  endfacet
  facet normal 0.5617737096314571 -0.8272909398554484 0
    outer loop
      vertex 16.24466399997473 10.809423999786338 1.98
      vertex 16.24466399997473 10.809423999786338 2.5
      vertex 16.223237963020804 10.794874602854213 2.5
    endloop
  endfacet
  facet normal 0.5048227316822572 -0.8632230358238037 0
    outer loop
      vertex 16.26772104352713 10.822908023297748 1.98
      vertex 16.26772104352713 10.822908023297748 2.5
      vertex 16.24466399997473 10.809423999786338 2.5
    endloop
  endfacet
  facet normal -0.44016054953589984 0.8979190891345694 0
    outer loop
      vertex 16.09647976011038 11.020734907984695 1.98
      vertex 16.09647976011038 11.020734907984695 2.5
      vertex 16.13691223561764 11.04055493503805 2.5
    endloop
  endfacet
  facet normal -0.3869396089500737 0.9221050585619646 0
    outer loop
      vertex 16.13691223561764 11.04055493503805 1.98
      vertex 16.13691223561764 11.04055493503805 2.5
      vertex 16.17964644134045 11.058487335145434 2.5
    endloop
  endfacet
  facet normal -0.3356039272653043 0.9420031868333059 0
    outer loop
      vertex 16.17964644134045 11.058487335145434 1.98
      vertex 16.17964644134045 11.058487335145434 2.5
      vertex 16.224682369828226 11.074532115757426 2.5
    endloop
  endfacet
  facet normal -0.2865282960064548 0.9580717799766557 0
    outer loop
      vertex 16.224682369828226 11.074532115757426 1.98
      vertex 16.224682369828226 11.074532115757426 2.5
      vertex 16.272020021080973 11.088689276874026 2.5
    endloop
  endfacet
  facet normal 0.47597318798827554 0.8794597911879074 0
    outer loop
      vertex 16.27172804772854 10.268786931335887 1.98
      vertex 16.27172804772854 10.268786931335887 2.5
      vertex 16.286535339057448 10.260773064494094 2.5
    endloop
  endfacet
  facet normal 0.4502882366553985 0.8928832532474622 0
    outer loop
      vertex 16.286535339057448 10.260773064494094 1.98
      vertex 16.286535339057448 10.260773064494094 2.5
      vertex 16.301929989457133 10.253009417951068 2.5
    endloop
  endfacet
  facet normal 0.4254480694922769 0.9049828397076347 0
    outer loop
      vertex 16.301929989457133 10.253009417951068 1.98
      vertex 16.301929989457133 10.253009417951068 2.5
      vertex 16.317911998927595 10.24549599915739 2.5
    endloop
  endfacet
  facet normal 0.39422863906137723 0.9190123939010911 0
    outer loop
      vertex 16.317911998927595 10.24549599915739 1.98
      vertex 16.317911998927595 10.24549599915739 2.5
      vertex 16.33543001264334 10.237981298863849 2.5
    endloop
  endfacet
  facet normal 0.36228645808105897 0.9320668014102214 0
    outer loop
      vertex 16.33543001264334 10.237981298863849 1.98
      vertex 16.33543001264334 10.237981298863849 2.5
      vertex 16.355432660877707 10.230206439197024 2.5
    endloop
  endfacet
  facet normal 0.4503037987544862 -0.8928754049850848 0
    outer loop
      vertex 16.292318628728392 10.835313321948012 1.98
      vertex 16.292318628728392 10.835313321948012 2.5
      vertex 16.26772104352713 10.822908023297748 2.5
    endloop
  endfacet
  facet normal 0.39760919921404186 -0.9175548619566943 0
    outer loop
      vertex 16.31845675557852 10.846639903187713 1.98
      vertex 16.31845675557852 10.846639903187713 2.5
      vertex 16.292318628728392 10.835313321948012 2.5
    endloop
  endfacet
  facet normal 0.33647970919265974 0.941690716372219 0
    outer loop
      vertex 16.355432660877707 10.230206439197024 1.98
      vertex 16.355432660877707 10.230206439197024 2.5
      vertex 16.377919951081278 10.222171405255756 2.5
    endloop
  endfacet
  facet normal 0.3152430998992355 0.9490109525005076 0
    outer loop
      vertex 16.377919951081278 10.222171405255756 1.98
      vertex 16.377919951081278 10.222171405255756 2.5
      vertex 16.402891883254053 10.213876211941203 2.5
    endloop
  endfacet
  facet normal 0.29748872585840735 0.9547253311749622 0
    outer loop
      vertex 16.402891883254053 10.213876211941203 1.98
      vertex 16.402891883254053 10.213876211941203 2.5
      vertex 16.430348449945452 10.205320851802787 2.5
    endloop
  endfacet
  facet normal -0.23995225229431666 0.9707846911745593 0
    outer loop
      vertex 16.272020021080973 11.088689276874026 1.98
      vertex 16.272020021080973 11.088689276874026 2.5
      vertex 16.32165940999985 11.100958818495235 2.5
    endloop
  endfacet
  facet normal 0.34721014440318054 -0.937787350961572 0
    outer loop
      vertex 16.346135431528094 10.856887767016849 1.98
      vertex 16.346135431528094 10.856887767016849 2.5
      vertex 16.31845675557852 10.846639903187713 2.5
    endloop
  endfacet
  facet normal -0.19600163069412269 0.9806035696270154 0
    outer loop
      vertex 16.32165940999985 11.100958818495235 1.98
      vertex 16.32165940999985 11.100958818495235 2.5
      vertex 16.373600521683695 11.11134073317047 2.5
    endloop
  endfacet
  facet normal 0.2994089879814508 -0.9541248649500356 0
    outer loop
      vertex 16.375354649126532 10.866056898534259 1.98
      vertex 16.375354649126532 10.866056898534259 2.5
      vertex 16.346135431528094 10.856887767016849 2.5
    endloop
  endfacet
  facet normal 0.2543679952031595 -0.9671075033398951 0
    outer loop
      vertex 16.406114415824415 10.874147312641105 1.98
      vertex 16.406114415824415 10.874147312641105 2.5
      vertex 16.375354649126532 10.866056898534259 2.5
    endloop
  endfacet
  facet normal 0.2121375771781384 -0.9772398110745331 0
    outer loop
      vertex 16.438414724171164 10.881159009337386 1.98
      vertex 16.438414724171164 10.881159009337386 2.5
      vertex 16.406114415824415 10.874147312641105 2.5
    endloop
  endfacet
  facet normal -0.15471203640679165 0.9879596073680662 0
    outer loop
      vertex 16.373600521683695 11.11134073317047 1.98
      vertex 16.373600521683695 11.11134073317047 2.5
      vertex 16.42784336358309 11.119835028350314 2.5
    endloop
  endfacet
  facet normal 0.28244023081749203 0.9592848982527358 0
    outer loop
      vertex 16.430348449945452 10.205320851802787 1.98
      vertex 16.430348449945452 10.205320851802787 2.5
      vertex 16.460289658606055 10.196505324840507 2.5
    endloop
  endfacet
  facet normal 0.26953237193959695 0.9629913293880765 0
    outer loop
      vertex 16.460289658606055 10.196505324840507 1.98
      vertex 16.460289658606055 10.196505324840507 2.5
      vertex 16.49271550178528 10.187429631054362 2.5
    endloop
  endfacet
  facet normal 0.25834438695505174 0.9660528855755354 0
    outer loop
      vertex 16.49271550178528 10.187429631054362 1.98
      vertex 16.49271550178528 10.187429631054362 2.5
      vertex 16.52762598693371 10.178093777894935 2.5
    endloop
  endfacet
  facet normal 0.24855843748882217 0.9686169021615901 0
    outer loop
      vertex 16.52762598693371 10.178093777894935 1.98
      vertex 16.52762598693371 10.178093777894935 2.5
      vertex 16.565021114051344 10.168497750461063 2.5
    endloop
  endfacet
  facet normal 0.23992854107268458 0.9707905516529984 0
    outer loop
      vertex 16.565021114051344 10.168497750461063 1.98
      vertex 16.565021114051344 10.168497750461063 2.5
      vertex 16.6049008756876 10.158641563653907 2.5
    endloop
  endfacet
  facet normal 0.17268577068291713 -0.9849769665345718 0
    outer loop
      vertex 16.472255574166777 10.887091973721942 1.98
      vertex 16.472255574166777 10.887091973721942 2.5
      vertex 16.438414724171164 10.881159009337386 2.5
    endloop
  endfacet
  facet normal -0.11605069980129279 0.9932432909794208 0
    outer loop
      vertex 16.42784336358309 11.119835028350314 1.98
      vertex 16.42784336358309 11.119835028350314 2.5
      vertex 16.484387928247454 11.126441704034766 2.5
    endloop
  endfacet
  facet normal 0.13592461295096536 -0.9907191830151117 0
    outer loop
      vertex 16.507636973261835 10.891946228146514 1.98
      vertex 16.507636973261835 10.891946228146514 2.5
      vertex 16.472255574166777 10.887091973721942 2.5
    endloop
  endfacet
  facet normal -0.07993630007800957 0.9967999738813391 0
    outer loop
      vertex 16.484387928247454 11.126441704034766 1.98
      vertex 16.484387928247454 11.126441704034766 2.5
      vertex 16.543234223127367 11.131160760223827 2.5
    endloop
  endfacet
  facet normal 0.10172640416095274 -0.9948124138230697 0
    outer loop
      vertex 16.54455891400576 10.89572175025936 1.98
      vertex 16.54455891400576 10.89572175025936 2.5
      vertex 16.507636973261835 10.891946228146514 2.5
    endloop
  endfacet
  facet normal 0.06994348622564882 -0.9975509554577162 0
    outer loop
      vertex 16.583021396398546 10.898418554961642 1.98
      vertex 16.583021396398546 10.898418554961642 2.5
      vertex 16.54455891400576 10.89572175025936 2.5
    endloop
  endfacet
  facet normal -0.04625494718542056 0.9989296671242045 0
    outer loop
      vertex 16.543234223127367 11.131160760223827 1.98
      vertex 16.543234223127367 11.131160760223827 2.5
      vertex 16.60438224822283 11.133992189466914 2.5
    endloop
  endfacet
  facet normal 0.23226341187620433 0.9726529224258902 0
    outer loop
      vertex 16.6049008756876 10.158641563653907 1.98
      vertex 16.6049008756876 10.158641563653907 2.5
      vertex 16.647265279293062 10.148525210022887 2.5
    endloop
  endfacet
  facet normal 0.2254110283374478 0.9742637570513718 0
    outer loop
      vertex 16.647265279293062 10.148525210022887 1.98
      vertex 16.647265279293062 10.148525210022887 2.5
      vertex 16.692114317417147 10.138148689568004 2.5
    endloop
  endfacet
  facet normal 0.21924946961628541 0.9756688321725654 0
    outer loop
      vertex 16.692114317417147 10.138148689568004 1.98
      vertex 16.692114317417147 10.138148689568004 2.5
      vertex 16.739447997510435 10.127512002289256 2.5
    endloop
  endfacet
  facet normal 0.22519557068868318 0.9743135814214018 0
    outer loop
      vertex 16.739447997510435 10.127512002289256 1.98
      vertex 16.739447997510435 10.127512002289256 2.5
      vertex 16.755715312063696 10.123752096593341 2.5
    endloop
  endfacet
  facet normal 0.04041606728491004 -0.9991829369566023 0
    outer loop
      vertex 16.62302442789078 10.90003664225336 1.98
      vertex 16.62302442789078 10.90003664225336 2.5
      vertex 16.583021396398546 10.898418554961642 2.5
    endloop
  endfacet
  facet normal -0.014873270121437973 0.9998893868003074 0
    outer loop
      vertex 16.60438224822283 11.133992189466914 1.98
      vertex 16.60438224822283 11.133992189466914 2.5
      vertex 16.667832003533842 11.13493599921461 2.5
    endloop
  endfacet
  facet normal 0.01298178007970052 -0.9999157331425296 0
    outer loop
      vertex 16.664568001031878 10.900575997233352 1.98
      vertex 16.664568001031878 10.900575997233352 2.5
      vertex 16.62302442789078 10.90003664225336 2.5
    endloop
  endfacet
  facet normal -0.01282781669589365 -0.9999177201744235 0
    outer loop
      vertex 16.70248160660267 10.900089608430823 1.98
      vertex 16.70248160660267 10.900089608430823 2.5
      vertex 16.664568001031878 10.900575997233352 2.5
    endloop
  endfacet
  facet normal 0.011997153540965123 0.9999280315637293 0
    outer loop
      vertex 16.667832003533842 11.13493599921461 1.98
      vertex 16.667832003533842 11.13493599921461 2.5
      vertex 16.726836071908476 11.134228067398032 2.5
    endloop
  endfacet
  facet normal -0.03981119631488374 -0.9992072200739834 0
    outer loop
      vertex 16.739104898273947 10.898630434572658 1.98
      vertex 16.739104898273947 10.898630434572658 2.5
      vertex 16.70248160660267 10.900089608430823 2.5
    endloop
  endfacet
  facet normal 0.037346273055059054 0.9993023846108329 0
    outer loop
      vertex 16.726836071908476 11.134228067398032 1.98
      vertex 16.726836071908476 11.134228067398032 2.5
      vertex 16.783663669228556 11.13210428684946 2.5
    endloop
  endfacet
  facet normal 0.046957669871346926 -0.998896880183462 0
    outer loop
      vertex 16.795244590938093 8.779185751378497 1.98
      vertex 16.795244590938093 8.779185751378497 2.5
      vertex 16.729485304653647 8.776094438433608 2.5
    endloop
  endfacet
  facet normal -0.07217113438620179 0.9973922635359715 0
    outer loop
      vertex 16.762095907330515 9.020006010234317 1.98
      vertex 16.762095907330515 9.020006010234317 2.5
      vertex 16.8043502509594 9.023063527345618 2.5
    endloop
  endfacet
  facet normal -0.10478255183211334 0.9944951567662613 0
    outer loop
      vertex 16.8043502509594 9.023063527345618 1.98
      vertex 16.8043502509594 9.023063527345618 2.5
      vertex 16.84497685134411 9.027344049811324 2.5
    endloop
  endfacet
  facet normal 0.08104695853916276 -0.9967102841405578 0
    outer loop
      vertex 16.858605870604517 8.784337939619979 1.98
      vertex 16.858605870604517 8.784337939619979 2.5
      vertex 16.795244590938093 8.779185751378497 2.5
    endloop
  endfacet
  facet normal 0.11749861027577213 -0.993073046952369 0
    outer loop
      vertex 16.919569136202337 8.791551003158053 1.98
      vertex 16.919569136202337 8.791551003158053 2.5
      vertex 16.858605870604517 8.784337939619979 2.5
    endloop
  endfacet
  facet normal -0.13973565404595878 0.9901888441041679 0
    outer loop
      vertex 16.84497685134411 9.027344049811324 1.98
      vertex 16.84497685134411 9.027344049811324 2.5
      vertex 16.883975715935232 9.032847577631435 2.5
    endloop
  endfacet
  facet normal -0.17714595481965817 0.9841845917768839 0
    outer loop
      vertex 16.883975715935232 9.032847577631435 1.98
      vertex 16.883975715935232 9.032847577631435 2.5
      vertex 16.921346837282183 9.039574103355369 2.5
    endloop
  endfacet
  facet normal -0.22816567868478452 -0.9736223205485338 0
    outer loop
      vertex 16.7597152158618 9.828330131173095 1.98
      vertex 16.7597152158618 9.828330131173095 2.5
      vertex 16.737806910276415 9.833464281558951 2.5
    endloop
  endfacet
  facet normal -0.228981864617506 -0.973430688686303 0
    outer loop
      vertex 16.781296046078207 9.823253633379897 1.98
      vertex 16.781296046078207 9.823253633379897 2.5
      vertex 16.7597152158618 9.828330131173095 2.5
    endloop
  endfacet
  facet normal -0.22982245036816493 -0.9732325730814667 0
    outer loop
      vertex 16.802549393475058 9.81823479562994 1.98
      vertex 16.802549393475058 9.81823479562994 2.5
      vertex 16.781296046078207 9.823253633379897 2.5
    endloop
  endfacet
  facet normal -0.23068905771598203 -0.9730275220414437 0
    outer loop
      vertex 16.823475265502932 9.81327361047264 1.98
      vertex 16.823475265502932 9.81327361047264 2.5
      vertex 16.802549393475058 9.81823479562994 2.5
    endloop
  endfacet
  facet normal -0.23158239107830283 -0.9728152939497076 0
    outer loop
      vertex 16.84407365471125 9.80837008535858 1.98
      vertex 16.84407365471125 9.80837008535858 2.5
      vertex 16.823475265502932 9.81327361047264 2.5
    endloop
  endfacet
  facet normal -0.23250423173926535 -0.9725953846401564 0
    outer loop
      vertex 16.86434456855059 9.80352421283718 1.98
      vertex 16.86434456855059 9.80352421283718 2.5
      vertex 16.84407365471125 9.80837008535858 2.5
    endloop
  endfacet
  facet normal -0.23345542763224514 -0.9723675042436607 0
    outer loop
      vertex 16.884287999570372 9.79873600035902 1.98
      vertex 16.884287999570372 9.79873600035902 2.5
      vertex 16.86434456855059 9.80352421283718 2.5
    endloop
  endfacet
  facet normal -0.24022415118486992 -0.9707174445674235 0
    outer loop
      vertex 16.90385580956936 9.793893540203532 1.98
      vertex 16.90385580956936 9.793893540203532 2.5
      vertex 16.884287999570372 9.79873600035902 2.5
    endloop
  endfacet
  facet normal 0.15640356293192098 -0.9876932345127208 0
    outer loop
      vertex 16.978134387731554 8.800824949443301 1.98
      vertex 16.978134387731554 8.800824949443301 2.5
      vertex 16.919569136202337 8.791551003158053 2.5
    endloop
  endfacet
  facet normal -0.21710127995133666 0.9761490840253303 0
    outer loop
      vertex 16.921346837282183 9.039574103355369 1.98
      vertex 16.921346837282183 9.039574103355369 2.5
      vertex 16.957090222835543 9.047523641884288 2.5
    endloop
  endfacet
  facet normal -0.25964515481484185 0.9657040921427106 0
    outer loop
      vertex 16.957090222835543 9.047523641884288 1.98
      vertex 16.957090222835543 9.047523641884288 2.5
      vertex 16.991205872595312 9.056696185767612 2.5
    endloop
  endfacet
  facet normal 0.1978168395444532 -0.980239000444608 0
    outer loop
      vertex 17.034301632642748 8.812159763574561 1.98
      vertex 17.034301632642748 8.812159763574561 2.5
      vertex 16.978134387731554 8.800824949443301 2.5
    endloop
  endfacet
  facet normal 0.24174374060220719 -0.9703401279343511 0
    outer loop
      vertex 17.08807086348534 8.825555453002414 1.98
      vertex 17.08807086348534 8.825555453002414 2.5
      vertex 17.034301632642748 8.812159763574561 2.5
    endloop
  endfacet
  facet normal -0.30476054197418934 0.952429006307346 0
    outer loop
      vertex 16.991205872595312 9.056696185767612 1.98
      vertex 16.991205872595312 9.056696185767612 2.5
      vertex 17.02369377166033 9.06709174245592 2.5
    endloop
  endfacet
  facet normal -0.3523459073194073 0.9358698422298176 0
    outer loop
      vertex 17.02369377166033 9.06709174245592 1.98
      vertex 17.02369377166033 9.06709174245592 2.5
      vertex 17.054553942382338 9.078710297048053 2.5
    endloop
  endfacet
  facet normal -0.40219516608464345 0.9155539571091078 0
    outer loop
      vertex 17.054553942382338 9.078710297048053 1.98
      vertex 17.054553942382338 9.078710297048053 2.5
      vertex 17.083786369860174 9.09155185699459 2.5
    endloop
  endfacet
  facet normal -0.25345779419566666 -0.9673464459858563 0
    outer loop
      vertex 16.92299986034632 9.788877541124782 1.98
      vertex 16.92299986034632 9.788877541124782 2.5
      vertex 16.90385580956936 9.793893540203532 2.5
    endloop
  endfacet
  facet normal -0.2671400850555404 -0.963657706323422 0
    outer loop
      vertex 16.941720144450667 9.783688003122768 1.98
      vertex 16.941720144450667 9.783688003122768 2.5
      vertex 16.92299986034632 9.788877541124782 2.5
    endloop
  endfacet
  facet normal 0.2326172208125166 0.9725683670475104 0
    outer loop
      vertex 16.917872944474222 10.085621917545756 1.98
      vertex 16.917872944474222 10.085621917545756 2.5
      vertex 16.934037157893183 10.08175578892227 2.5
    endloop
  endfacet
  facet normal 0.23329499499008377 0.9724060084720665 0
    outer loop
      vertex 16.934037157893183 10.08175578892227 1.98
      vertex 16.934037157893183 10.08175578892227 2.5
      vertex 16.950191998481753 10.077879996895751 2.5
    endloop
  endfacet
  facet normal -0.281285145924203 -0.9596242320212636 0
    outer loop
      vertex 16.960016661882403 9.77832492619749 1.98
      vertex 16.960016661882403 9.77832492619749 2.5
      vertex 16.941720144450667 9.783688003122768 2.5
    endloop
  endfacet
  facet normal -0.29590669144670534 -0.9552168497032831 0
    outer loop
      vertex 16.977889420092108 9.772788310348949 1.98
      vertex 16.977889420092108 9.772788310348949 2.5
      vertex 16.960016661882403 9.77832492619749 2.5
    endloop
  endfacet
  facet normal -0.31101818674148923 -0.9504039601748492 0
    outer loop
      vertex 16.995338411629202 9.767078155577144 1.98
      vertex 16.995338411629202 9.767078155577144 2.5
      vertex 16.977889420092108 9.772788310348949 2.5
    endloop
  endfacet
  facet normal 0.23765499501470314 0.9713496298164537 0
    outer loop
      vertex 16.950191998481753 10.077879996895751 1.98
      vertex 16.950191998481753 10.077879996895751 2.5
      vertex 16.966289186477663 10.073941582739314 2.5
    endloop
  endfacet
  facet normal 0.24574054991157906 0.9693356395641063 0
    outer loop
      vertex 16.966289186477663 10.073941582739314 1.98
      vertex 16.966289186477663 10.073941582739314 2.5
      vertex 16.982280427217486 10.069887572824916 2.5
    endloop
  endfacet
  facet normal 0.25388184688915255 0.9672352391327319 0
    outer loop
      vertex 16.982280427217486 10.069887572824916 1.98
      vertex 16.982280427217486 10.069887572824916 2.5
      vertex 16.9981657281518 10.065717967152557 2.5
    endloop
  endfacet
  facet normal -0.3266318318802001 -0.9451516525947488 0
    outer loop
      vertex 17.012363643944266 9.761194461882075 1.98
      vertex 17.012363643944266 9.761194461882075 2.5
      vertex 16.995338411629202 9.767078155577144 2.5
    endloop
  endfacet
  facet normal -0.342759218826372 -0.9394232900612668 0
    outer loop
      vertex 17.028965109586718 9.755137229263743 1.98
      vertex 17.028965109586718 9.755137229263743 2.5
      vertex 17.012363643944266 9.761194461882075 2.5
    endloop
  endfacet
  facet normal 0.2620781923142291 0.9650466419367024 0
    outer loop
      vertex 16.9981657281518 10.065717967152557 1.98
      vertex 16.9981657281518 10.065717967152557 2.5
      vertex 17.013945089280607 10.061432758271655 2.5
    endloop
  endfacet
  facet normal 0.27032743813873383 0.9627684437025079 0
    outer loop
      vertex 17.013945089280607 10.061432758271655 1.98
      vertex 17.013945089280607 10.061432758271655 2.5
      vertex 17.029618510603907 10.057031953632793 2.5
    endloop
  endfacet
  facet normal -0.3594096464817077 -0.9331798894189125 0
    outer loop
      vertex 17.04514281600714 9.748906465172729 1.98
      vertex 17.04514281600714 9.748906465172729 2.5
      vertex 17.028965109586718 9.755137229263743 2.5
    endloop
  endfacet
  facet normal -0.3765926796869674 -0.926378947087092 0
    outer loop
      vertex 17.06089675575495 9.74250215470787 1.98
      vertex 17.06089675575495 9.74250215470787 2.5
      vertex 17.04514281600714 9.748906465172729 2.5
    endloop
  endfacet
  facet normal -0.39431286601807525 -0.9189762585032387 0
    outer loop
      vertex 17.07622693628073 9.735924305319747 1.98
      vertex 17.07622693628073 9.735924305319747 2.5
      vertex 17.06089675575495 9.74250215470787 2.5
    endloop
  endfacet
  facet normal 0.27862875406015947 0.9603988845322984 0
    outer loop
      vertex 17.029618510603907 10.057031953632793 1.98
      vertex 17.029618510603907 10.057031953632793 2.5
      vertex 17.045185984671118 10.052515553235969 2.5
    endloop
  endfacet
  facet normal 0.2869807373278243 0.9579363530020031 0
    outer loop
      vertex 17.045185984671118 10.052515553235969 1.98
      vertex 17.045185984671118 10.052515553235969 2.5
      vertex 17.060647526383402 10.047883549630603 2.5
    endloop
  endfacet
  facet normal 0.2953815021715653 0.9553793844200688 0
    outer loop
      vertex 17.060647526383402 10.047883549630603 1.98
      vertex 17.060647526383402 10.047883549630603 2.5
      vertex 17.076003120839598 10.043135950267276 2.5
    endloop
  endfacet
  facet normal 0.28812090348158154 -0.9575940397563871 0
    outer loop
      vertex 17.139442080259325 8.84101202517744 1.98
      vertex 17.139442080259325 8.84101202517744 2.5
      vertex 17.08807086348534 8.825555453002414 2.5
    endloop
  endfacet
  facet normal -0.45397214210584785 0.8910158776317221 0
    outer loop
      vertex 17.083786369860174 9.09155185699459 1.98
      vertex 17.083786369860174 9.09155185699459 2.5
      vertex 17.11139105409384 9.105616429746112 2.5
    endloop
  endfacet
  facet normal -0.5071929671341308 0.8618325209051213 0
    outer loop
      vertex 17.11139105409384 9.105616429746112 1.98
      vertex 17.11139105409384 9.105616429746112 2.5
      vertex 17.137368002533915 9.120904000401458 2.5
    endloop
  endfacet
  facet normal -0.5627611989851569 0.8266195212531511 0
    outer loop
      vertex 17.137368002533915 9.120904000401458 1.98
      vertex 17.137368002533915 9.120904000401458 2.5
      vertex 17.161563263833525 9.137376094162425 2.5
    endloop
  endfacet
  facet normal 0.3367968792136591 -0.9415773266980997 0
    outer loop
      vertex 17.139442080259325 8.84101202517744 2.5
      vertex 17.18841529041529 8.858529465198478 1.98
      vertex 17.18841529041529 8.858529465198478 2.5
    endloop
  endfacet
  facet normal 0.3875141249836196 -0.9218637659319189 0
    outer loop
      vertex 17.23499048650265 8.87810778796669 1.98
      vertex 17.23499048650265 8.87810778796669 2.5
      vertex 17.18841529041529 8.858529465198478 2.5
    endloop
  endfacet
  facet normal -0.6206143325538321 0.7841159673343998 0
    outer loop
      vertex 17.161563263833525 9.137376094162425 1.98
      vertex 17.161563263833525 9.137376094162425 2.5
      vertex 17.183822908997538 9.15499422132965 2.5
    endloop
  endfacet
  facet normal -0.6783489220742158 0.7347399131126262 0
    outer loop
      vertex 17.183822908997538 9.15499422132965 1.98
      vertex 17.183822908997538 9.15499422132965 2.5
      vertex 17.204146938025954 9.173758389353713 2.5
    endloop
  endfacet
  facet normal -0.7346241118661363 0.6784743283757246 0
    outer loop
      vertex 17.204146938025954 9.173758389353713 1.98
      vertex 17.204146938025954 9.173758389353713 2.5
      vertex 17.22253533601761 9.193668590784034 2.5
    endloop
  endfacet
  facet normal -0.7879771969878814 0.6157044234266322 0
    outer loop
      vertex 17.22253533601761 9.193668590784034 1.98
      vertex 17.22253533601761 9.193668590784034 2.5
      vertex 17.23898811787367 9.214724825620612 2.5
    endloop
  endfacet
  facet normal -0.5097942693904068 -0.8602963459742818 0
    outer loop
      vertex 17.1462282627821 9.699922891259154 1.98
      vertex 17.1462282627821 9.699922891259154 2.5
      vertex 17.133182199299338 9.707653725445232 2.5
    endloop
  endfacet
  facet normal -0.4125738144028514 -0.9109241722937653 0
    outer loop
      vertex 17.091133350133898 9.729172924458942 1.98
      vertex 17.091133350133898 9.729172924458942 2.5
      vertex 17.07622693628073 9.735924305319747 2.5
    endloop
  endfacet
  facet normal -0.4313766007477833 -0.9021719505323182 0
    outer loop
      vertex 17.105615997314455 9.722247997224292 1.98
      vertex 17.105615997314455 9.722247997224292 2.5
      vertex 17.091133350133898 9.729172924458942 2.5
    endloop
  endfacet
  facet normal 0.30382933782472876 0.9527264735888191 0
    outer loop
      vertex 17.076003120839598 10.043135950267276 1.98
      vertex 17.076003120839598 10.043135950267276 2.5
      vertex 17.091252782940867 10.038272755145988 2.5
    endloop
  endfacet
  facet normal 0.31232307410920573 0.9499759456844028 0
    outer loop
      vertex 17.091252782940867 10.038272755145988 1.98
      vertex 17.091252782940867 10.038272755145988 2.5
      vertex 17.106396497786047 10.033293964266738 2.5
    endloop
  endfacet
  facet normal 0.3208605230140292 0.9471264565891736 0
    outer loop
      vertex 17.106396497786047 10.033293964266738 1.98
      vertex 17.106396497786047 10.033293964266738 2.5
      vertex 17.12143427282572 10.028199577629527 2.5
    endloop
  endfacet
  facet normal -0.4542195890899182 -0.8908897602324238 0
    outer loop
      vertex 17.11964477747679 9.715095432400664 1.98
      vertex 17.11964477747679 9.715095432400664 2.5
      vertex 17.105615997314455 9.722247997224292 2.5
    endloop
  endfacet
  facet normal -0.4817261511626106 -0.8763218103448399 0
    outer loop
      vertex 17.133182199299338 9.707653725445232 1.98
      vertex 17.133182199299338 9.707653725445232 2.5
      vertex 17.11964477747679 9.715095432400664 2.5
    endloop
  endfacet
  facet normal 0.32944037267519993 0.9441763822780282 0
    outer loop
      vertex 17.12143427282572 10.028199577629527 1.98
      vertex 17.12143427282572 10.028199577629527 2.5
      vertex 17.136366108059885 10.022989587783774 2.5
    endloop
  endfacet
  facet normal 0.3380598325155903 0.9411246196118404 0
    outer loop
      vertex 17.136366108059885 10.022989587783774 1.98
      vertex 17.136366108059885 10.022989587783774 2.5
      vertex 17.151192003488543 10.01766400218006 2.5
    endloop
  endfacet
  facet normal -0.5383377692208735 -0.8427291654086106 0
    outer loop
      vertex 17.158782960474493 9.691902914941272 1.98
      vertex 17.158782960474493 9.691902914941272 2.5
      vertex 17.1462282627821 9.699922891259154 2.5
    endloop
  endfacet
  facet normal -0.5672507495807766 -0.8235451336144529 0
    outer loop
      vertex 17.17084629237652 9.683593796491584 1.98
      vertex 17.17084629237652 9.683593796491584 2.5
      vertex 17.158782960474493 9.691902914941272 2.5
    endloop
  endfacet
  facet normal -0.5964096809272182 -0.802680193163064 0
    outer loop
      vertex 17.17084629237652 9.683593796491584 2.5
      vertex 17.18241827338934 9.674995550811252 1.98
      vertex 17.18241827338934 9.674995550811252 2.5
    endloop
  endfacet
  facet normal -0.6256773980270273 -0.7800819146718688 0
    outer loop
      vertex 17.193498888611796 9.666108162999114 1.98
      vertex 17.193498888611796 9.666108162999114 2.5
      vertex 17.18241827338934 9.674995550811252 2.5
    endloop
  endfacet
  facet normal -0.6548962659497639 -0.7557187842346226 0
    outer loop
      vertex 17.204088145494463 9.656931647956332 1.98
      vertex 17.204088145494463 9.656931647956332 2.5
      vertex 17.193498888611796 9.666108162999114 2.5
    endloop
  endfacet
  facet normal -0.6838982242164767 -0.7295774248930335 0
    outer loop
      vertex 17.214186036586764 9.647465990781745 1.98
      vertex 17.214186036586764 9.647465990781745 2.5
      vertex 17.204088145494463 9.656931647956332 2.5
    endloop
  endfacet
  facet normal -0.7125005534195509 -0.7016715480741926 0
    outer loop
      vertex 17.223792569339277 9.637711198925933 1.98
      vertex 17.223792569339277 9.637711198925933 2.5
      vertex 17.214186036586764 9.647465990781745 2.5
    endloop
  endfacet
  facet normal -0.7405152893132687 -0.6720395124494436 0
    outer loop
      vertex 17.232907736301424 9.627667264938315 1.98
      vertex 17.232907736301424 9.627667264938315 2.5
      vertex 17.223792569339277 9.637711198925933 2.5
    endloop
  endfacet
  facet normal 0.34793076162276615 0.9375202318438797 0
    outer loop
      vertex 17.151192003488543 10.01766400218006 1.98
      vertex 17.151192003488543 10.01766400218006 2.5
      vertex 17.165892639756205 10.012208329439124 2.5
    endloop
  endfacet
  facet normal 0.35907664986467924 0.933308073211605 0
    outer loop
      vertex 17.165892639756205 10.012208329439124 1.98
      vertex 17.165892639756205 10.012208329439124 2.5
      vertex 17.180448712408545 10.006608093082866 2.5
    endloop
  endfacet
  facet normal 0.370290171577533 0.9289161365984989 0
    outer loop
      vertex 17.180448712408545 10.006608093082866 1.98
      vertex 17.180448712408545 10.006608093082866 2.5
      vertex 17.194860213994982 10.000863293111285 2.5
    endloop
  endfacet
  facet normal 0.3815673118316129 0.924341055315405 0
    outer loop
      vertex 17.194860213994982 10.000863293111285 1.98
      vertex 17.194860213994982 10.000863293111285 2.5
      vertex 17.209127144515517 9.994973914623221 2.5
    endloop
  endfacet
  facet normal 0.39290089419059154 0.9195808215400283 0
    outer loop
      vertex 17.209127144515517 9.994973914623221 1.98
      vertex 17.209127144515517 9.994973914623221 2.5
      vertex 17.22324951142073 9.988939979970416 2.5
    endloop
  endfacet
  facet normal 0.40428836455808514 0.9146315751617964 0
    outer loop
      vertex 17.22324951142073 9.988939979970416 1.98
      vertex 17.22324951142073 9.988939979970416 2.5
      vertex 17.23722731471062 9.982761466801128 2.5
    endloop
  endfacet
  facet normal 0.4398901916979194 -0.8980515682565048 0
    outer loop
      vertex 17.279167668521406 8.899746978580913 1.98
      vertex 17.279167668521406 8.899746978580913 2.5
      vertex 17.23499048650265 8.87810778796669 2.5
    endloop
  endfacet
  facet normal 0.4934097533384879 -0.8697969966092389 0
    outer loop
      vertex 17.32094684392214 8.92344705194231 1.98
      vertex 17.32094684392214 8.92344705194231 2.5
      vertex 17.279167668521406 8.899746978580913 2.5
    endloop
  endfacet
  facet normal -0.8369646808781083 0.5472569076426594 0
    outer loop
      vertex 17.23898811787367 9.214724825620612 1.98
      vertex 17.23898811787367 9.214724825620612 2.5
      vertex 17.253505276143553 9.236927101314029 2.5
    endloop
  endfacet
  facet normal -0.8803234950223783 0.4743738442532268 0
    outer loop
      vertex 17.253505276143553 9.236927101314029 1.98
      vertex 17.253505276143553 9.236927101314029 2.5
      vertex 17.266086818277838 9.260275410413703 2.5
    endloop
  endfacet
  facet normal -0.9171220142187075 0.3986065867938219 0
    outer loop
      vertex 17.266086818277838 9.260275410413703 1.98
      vertex 17.266086818277838 9.260275410413703 2.5
      vertex 17.276732736825945 9.284769752919635 2.5
    endloop
  endfacet
  facet normal -0.9468563665957169 0.32165668194078806 0
    outer loop
      vertex 17.276732736825945 9.284769752919635 1.98
      vertex 17.276732736825945 9.284769752919635 2.5
      vertex 17.285443031787874 9.310410128831824 2.5
    endloop
  endfacet
  facet normal -0.9694740399695898 0.245193975915075 0
    outer loop
      vertex 17.285443031787874 9.310410128831824 1.98
      vertex 17.285443031787874 9.310410128831824 2.5
      vertex 17.292217703163626 9.337196545600852 2.5
    endloop
  endfacet
  facet normal 0.5474240047709888 -0.8368553990986092 0
    outer loop
      vertex 17.36032799780369 8.949208000600299 1.98
      vertex 17.36032799780369 8.949208000600299 2.5
      vertex 17.32094684392214 8.92344705194231 2.5
    endloop
  endfacet
  facet normal 0.6014042050452911 -0.7989449180975129 0
    outer loop
      vertex 17.397045159339907 8.976846771240195 1.98
      vertex 17.397045159339907 8.976846771240195 2.5
      vertex 17.36032799780369 8.949208000600299 2.5
    endloop
  endfacet
  facet normal -0.794011838253344 -0.6079022953678868 0
    outer loop
      vertex 17.24966400265694 9.606712000369987 1.98
      vertex 17.24966400265694 9.606712000369987 2.5
      vertex 17.241531552374365 9.617334203720054 2.5
    endloop
  endfacet
  facet normal -0.8237223907747669 -0.5669933182466105 0
    outer loop
      vertex 17.257247434556486 9.595694864094218 1.98
      vertex 17.257247434556486 9.595694864094218 2.5
      vertex 17.24966400265694 9.606712000369987 2.5
    endloop
  endfacet
  facet normal -0.7677485311094452 -0.6407512723196804 0
    outer loop
      vertex 17.241531552374365 9.617334203720054 1.98
      vertex 17.241531552374365 9.617334203720054 2.5
      vertex 17.232907736301424 9.627667264938315 2.5
    endloop
  endfacet
  facet normal -0.8553219743698811 -0.5180968250819613 0
    outer loop
      vertex 17.264224188029768 9.584176996648273 1.98
      vertex 17.264224188029768 9.584176996648273 2.5
      vertex 17.257247434556486 9.595694864094218 2.5
    endloop
  endfacet
  facet normal -0.9083659982566109 -0.4181760552820675 0
    outer loop
      vertex 17.276357682049277 9.559639053344688 1.98
      vertex 17.276357682049277 9.559639053344688 2.5
      vertex 17.270594270527365 9.572158390581569 2.5
    endloop
  endfacet
  facet normal -0.8835661686829441 -0.46830633730384547 0
    outer loop
      vertex 17.270594270527365 9.572158390581569 1.98
      vertex 17.270594270527365 9.572158390581569 2.5
      vertex 17.264224188029768 9.584176996648273 2.5
    endloop
  endfacet
  facet normal -0.9853232688346233 0.17069872844591613 0
    outer loop
      vertex 17.292217703163626 9.337196545600852 1.98
      vertex 17.292217703163626 9.337196545600852 2.5
      vertex 17.29705675840378 9.365128995776137 2.5
    endloop
  endfacet
  facet normal -0.9746052510326093 -0.22392991014972652 0
    outer loop
      vertex 17.293344566226008 9.504554370343646 1.98
      vertex 17.293344566226008 9.504554370343646 2.5
      vertex 17.29000786095858 9.519076639711818 2.5
    endloop
  endfacet
  facet normal -0.9838862933902512 -0.17879530664643334 0
    outer loop
      vertex 17.296074600517752 9.489531362354716 1.98
      vertex 17.296074600517752 9.489531362354716 2.5
      vertex 17.293344566226008 9.504554370343646 2.5
    endloop
  endfacet
  facet normal -0.9950521430724236 0.09935407675066488 0
    outer loop
      vertex 17.29705675840378 9.365128995776137 1.98
      vertex 17.29705675840378 9.365128995776137 2.5
      vertex 17.299960190057757 9.39420747935768 2.5
    endloop
  endfacet
  facet normal -0.9994877335296813 0.032004226653686796 0
    outer loop
      vertex 17.299960190057757 9.39420747935768 1.98
      vertex 17.299960190057757 9.39420747935768 2.5
      vertex 17.300927998125555 9.424431996345481 2.5
    endloop
  endfacet
  facet normal -0.9984871838223046 -0.0549849410530129 0
    outer loop
      vertex 17.300624662637713 9.441457943916282 1.98
      vertex 17.300624662637713 9.441457943916282 2.5
      vertex 17.299714648723604 9.457983145415744 2.5
    endloop
  endfacet
  facet normal -0.9955507482575334 -0.09422689448276084 0
    outer loop
      vertex 17.299714648723604 9.457983145415744 1.98
      vertex 17.299714648723604 9.457983145415744 2.5
      vertex 17.29819796383381 9.47400762319561 2.5
    endloop
  endfacet
  facet normal -0.9998413315816094 -0.017813243980651917 0
    outer loop
      vertex 17.300927998125555 9.424431996345481 1.98
      vertex 17.300927998125555 9.424431996345481 2.5
      vertex 17.300624662637713 9.441457943916282 2.5
    endloop
  endfacet
  facet normal -0.9907746339706842 -0.13551983131725312 0
    outer loop
      vertex 17.29819796383381 9.47400762319561 1.98
      vertex 17.29819796383381 9.47400762319561 2.5
      vertex 17.296074600517752 9.489531362354716 2.5
    endloop
  endfacet
  facet normal -0.9297343597279724 -0.36823093343880997 0
    outer loop
      vertex 17.281514415144922 9.546618984937629 1.98
      vertex 17.281514415144922 9.546618984937629 2.5
      vertex 17.276357682049277 9.559639053344688 2.5
    endloop
  endfacet
  facet normal -0.9477726399029208 -0.3189467401486467 0
    outer loop
      vertex 17.286064469814303 9.533098177909812 1.98
      vertex 17.286064469814303 9.533098177909812 2.5
      vertex 17.281514415144922 9.546618984937629 2.5
    endloop
  endfacet
  facet normal -0.9626539189612655 -0.27073498537964613 0
    outer loop
      vertex 17.29000786095858 9.519076639711818 1.98
      vertex 17.29000786095858 9.519076639711818 2.5
      vertex 17.286064469814303 9.533098177909812 2.5
    endloop
  endfacet
  facet normal 0.4157224256341798 0.9094915419204478 0
    outer loop
      vertex 17.23722731471062 9.982761466801128 1.98
      vertex 17.23722731471062 9.982761466801128 2.5
      vertex 17.251060546934607 9.976438390016517 2.5
    endloop
  endfacet
  facet normal 0.42719844904292836 0.90415788728259 0
    outer loop
      vertex 17.251060546934607 9.976438390016517 1.98
      vertex 17.251060546934607 9.976438390016517 2.5
      vertex 17.26474920809269 9.969970742166003 2.5
    endloop
  endfacet
  facet normal 0.4387097145590949 0.8986288368127731 0
    outer loop
      vertex 17.26474920809269 9.969970742166003 1.98
      vertex 17.26474920809269 9.969970742166003 2.5
      vertex 17.278293298184874 9.963358530700168 2.5
    endloop
  endfacet
  facet normal 0.4502504820739165 0.892902292186668 0
    outer loop
      vertex 17.278293298184874 9.963358530700168 1.98
      vertex 17.278293298184874 9.963358530700168 2.5
      vertex 17.291692832112314 9.95660174816843 2.5
    endloop
  endfacet
  facet normal 0.4618145868448708 0.8869764863722721 0
    outer loop
      vertex 17.291692832112314 9.95660174816843 1.98
      vertex 17.291692832112314 9.95660174816843 2.5
      vertex 17.304947787523272 9.949700402021369 2.5
    endloop
  endfacet
  facet normal 0.47339524019640783 0.880850127183612 0
    outer loop
      vertex 17.304947787523272 9.949700402021369 1.98
      vertex 17.304947787523272 9.949700402021369 2.5
      vertex 17.318058179318907 9.942654484808406 2.5
    endloop
  endfacet
  facet normal 0.4849858847989392 0.8745219788809142 0
    outer loop
      vertex 17.318058179318907 9.942654484808406 1.98
      vertex 17.318058179318907 9.942654484808406 2.5
      vertex 17.33102400004864 9.93546399652954 2.5
    endloop
  endfacet
  facet normal 0.5006788891759721 0.8656330919815362 0
    outer loop
      vertex 17.33102400004864 9.93546399652954 1.98
      vertex 17.33102400004864 9.93546399652954 2.5
      vertex 17.343791151046755 9.928079524934253 2.5
    endloop
  endfacet
  facet normal 0.5210580765767849 0.8535212245949724 0
    outer loop
      vertex 17.343791151046755 9.928079524934253 1.98
      vertex 17.343791151046755 9.928079524934253 2.5
      vertex 17.356298127770426 9.920444259345492 2.5
    endloop
  endfacet
  facet normal 0.5413940643834032 0.8407689736487779 0
    outer loop
      vertex 17.356298127770426 9.920444259345492 1.98
      vertex 17.356298127770426 9.920444259345492 2.5
      vertex 17.368544945120814 9.912558199763259 2.5
    endloop
  endfacet
  facet normal 0.5616457968883065 0.8273777848345333 0
    outer loop
      vertex 17.368544945120814 9.912558199763259 1.98
      vertex 17.368544945120814 9.912558199763259 2.5
      vertex 17.380531595647337 9.904421346187553 2.5
    endloop
  endfacet
  facet normal 0.5817699289358299 0.8133533978449954 0
    outer loop
      vertex 17.380531595647337 9.904421346187553 1.98
      vertex 17.380531595647337 9.904421346187553 2.5
      vertex 17.392258079349997 9.896033706068954 2.5
    endloop
  endfacet
  facet normal 0.22586797320827923 0.9741579228640416 0
    outer loop
      vertex 16.755715312063696 10.123752096593341 1.98
      vertex 16.755715312063696 10.123752096593341 2.5
      vertex 16.771973253786566 10.119982534944972 2.5
    endloop
  endfacet
  facet normal 0.2265412519259926 0.974001571444217 0
    outer loop
      vertex 16.771973253786566 10.119982534944972 1.98
      vertex 16.771973253786566 10.119982534944972 2.5
      vertex 16.788221822679045 10.116203309893569 2.5
    endloop
  endfacet
  facet normal 0.22721413522157818 0.9738448217018512 0
    outer loop
      vertex 16.788221822679045 10.116203309893569 1.98
      vertex 16.788221822679045 10.116203309893569 2.5
      vertex 16.804461018741133 10.112414436340293 2.5
    endloop
  endfacet
  facet normal 0.2278878936450319 0.9736873768977548 0
    outer loop
      vertex 16.804461018741133 10.112414436340293 1.98
      vertex 16.804461018741133 10.112414436340293 2.5
      vertex 16.82069084197283 10.108615906834563 2.5
    endloop
  endfacet
  facet normal 0.2285625267727402 0.9735292349771837 0
    outer loop
      vertex 16.82069084197283 10.108615906834563 1.98
      vertex 16.82069084197283 10.108615906834563 2.5
      vertex 16.836911292374136 10.1048077139258 2.5
    endloop
  endfacet
  facet normal 0.22923676262091897 0.9733706933450793 0
    outer loop
      vertex 16.836911292374136 10.1048077139258 1.98
      vertex 16.836911292374136 10.1048077139258 2.5
      vertex 16.85312236994505 10.100989872515163 2.5
    endloop
  endfacet
  facet normal 0.22991229596771298 0.9732113522574911 0
    outer loop
      vertex 16.85312236994505 10.100989872515163 1.98
      vertex 16.85312236994505 10.100989872515163 2.5
      vertex 16.869324074685576 10.097162367701491 2.5
    endloop
  endfacet
  facet normal 0.2305879551672939 0.9730514862697481 0
    outer loop
      vertex 16.869324074685576 10.097162367701491 1.98
      vertex 16.869324074685576 10.097162367701491 2.5
      vertex 16.88551639914513 10.093325206935367 2.5
    endloop
  endfacet
  facet normal 0.23126386213683167 0.972891065880223 0
    outer loop
      vertex 16.88551639914513 10.093325206935367 1.98
      vertex 16.88551639914513 10.093325206935367 2.5
      vertex 16.90169935822487 10.089478390216788 2.5
    endloop
  endfacet
  facet normal 0.23194031769302442 0.972730018570651 0
    outer loop
      vertex 16.90169935822487 10.089478390216788 1.98
      vertex 16.90169935822487 10.089478390216788 2.5
      vertex 16.917872944474222 10.085621917545756 2.5
    endloop
  endfacet
  facet normal -0.06866705913297856 -0.9976396318260558 0
    outer loop
      vertex 16.774437868595125 10.896198483109435 1.98
      vertex 16.774437868595125 10.896198483109435 2.5
      vertex 16.739104898273947 10.898630434572658 2.5
    endloop
  endfacet
  facet normal -0.09951715198580628 -0.9950358468219292 0
    outer loop
      vertex 16.808480517566206 10.892793754041156 1.98
      vertex 16.808480517566206 10.892793754041156 2.5
      vertex 16.774437868595125 10.896198483109435 2.5
    endloop
  endfacet
  facet normal -0.13247699909338032 -0.9911860797606131 0
    outer loop
      vertex 16.84123285263777 10.88841623991724 1.98
      vertex 16.84123285263777 10.88841623991724 2.5
      vertex 16.808480517566206 10.892793754041156 2.5
    endloop
  endfacet
  facet normal 0.06463257911927103 0.9979091289873999 0
    outer loop
      vertex 16.783663669228556 11.13210428684946 1.98
      vertex 16.783663669228556 11.13210428684946 2.5
      vertex 16.83831479549408 11.128564642667731 2.5
    endloop
  endfacet
  facet normal -0.1676489973657469 -0.9858467495925823 0
    outer loop
      vertex 16.872694866359236 10.883065940737685 1.98
      vertex 16.872694866359236 10.883065940737685 2.5
      vertex 16.84123285263777 10.88841623991724 2.5
    endloop
  endfacet
  facet normal 0.09401792346337294 0.9955705048200431 0
    outer loop
      vertex 16.83831479549408 11.128564642667731 1.98
      vertex 16.83831479549408 11.128564642667731 2.5
      vertex 16.890789443254473 11.123609134852847 2.5
    endloop
  endfacet
  facet normal -0.20511398667092393 -0.9787380918672574 0
    outer loop
      vertex 16.902866558730604 10.876742863953075 1.98
      vertex 16.902866558730604 10.876742863953075 2.5
      vertex 16.872694866359236 10.883065940737685 2.5
    endloop
  endfacet
  facet normal 0.12566751886746297 0.9920724140412815 0
    outer loop
      vertex 16.890789443254473 11.123609134852847 1.98
      vertex 16.890789443254473 11.123609134852847 2.5
      vertex 16.94108761996031 11.117237778305968 2.5
    endloop
  endfacet
  facet normal -0.42656429621015046 -0.9044572412219049 0
    outer loop
      vertex 17.034370222687723 10.830535763800105 1.98
      vertex 17.034370222687723 10.830535763800105 2.5
      vertex 17.010650129616263 10.841722743511161 2.5
    endloop
  endfacet
  facet normal -0.4765952748989684 -0.8791228264264198 0
    outer loop
      vertex 17.056800001859667 10.818375999033412 1.98
      vertex 17.056800001859667 10.818375999033412 2.5
      vertex 17.034370222687723 10.830535763800105 2.5
    endloop
  endfacet
  facet normal -0.5287489095471969 -0.8487782929909614 0
    outer loop
      vertex 17.07804525792599 10.80514120489355 1.98
      vertex 17.07804525792599 10.80514120489355 2.5
      vertex 17.056800001859667 10.818375999033412 2.5
    endloop
  endfacet
  facet normal -0.2449206928328863 -0.9695431162265343 0
    outer loop
      vertex 16.931747929751875 10.869447009563407 1.98
      vertex 16.931747929751875 10.869447009563407 2.5
      vertex 16.902866558730604 10.876742863953075 2.5
    endloop
  endfacet
  facet normal -0.28707154750614083 -0.9579091431928342 0
    outer loop
      vertex 16.95933897942305 10.861178370118102 1.98
      vertex 16.95933897942305 10.861178370118102 2.5
      vertex 16.931747929751875 10.869447009563407 2.5
    endloop
  endfacet
  facet normal -0.3315059654588422 -0.9434531227703902 0
    outer loop
      vertex 16.985639715194704 10.85193694561716 1.98
      vertex 16.985639715194704 10.85193694561716 2.5
      vertex 16.95933897942305 10.861178370118102 2.5
    endloop
  endfacet
  facet normal 0.15974534965908194 0.9871582564423486 0
    outer loop
      vertex 16.94108761996031 11.117237778305968 1.98
      vertex 16.94108761996031 11.117237778305968 2.5
      vertex 16.989209325611593 11.109450558125934 2.5
    endloop
  endfacet
  facet normal -0.3780832315612211 -0.925771607909977 0
    outer loop
      vertex 17.010650129616263 10.841722743511161 1.98
      vertex 17.010650129616263 10.841722743511161 2.5
      vertex 16.985639715194704 10.85193694561716 2.5
    endloop
  endfacet
  facet normal 0.1964040458847046 0.9805230495812521 0
    outer loop
      vertex 16.989209325611593 11.109450558125934 1.98
      vertex 16.989209325611593 11.109450558125934 2.5
      vertex 17.035154552757742 11.100247481763324 2.5
    endloop
  endfacet
  facet normal 0.23577472211506517 0.9718077383986833 0
    outer loop
      vertex 17.035154552757742 11.100247481763324 1.98
      vertex 17.035154552757742 11.100247481763324 2.5
      vertex 17.078923316299917 11.089628541767558 2.5
    endloop
  endfacet
  facet normal -0.5816330565664387 -0.8134512815830963 0
    outer loop
      vertex 17.098211789131167 10.790721753537616 1.98
      vertex 17.098211789131167 10.790721753537616 2.5
      vertex 17.07804525792599 10.80514120489355 2.5
    endloop
  endfacet
  facet normal -0.6329176887668324 -0.7742190899519663 0
    outer loop
      vertex 17.1172995954752 10.775117630064448 1.98
      vertex 17.1172995954752 10.775117630064448 2.5
      vertex 17.098211789131167 10.790721753537616 2.5
    endloop
  endfacet
  facet normal -0.6818904593102298 -0.7314543058193613 0
    outer loop
      vertex 17.135308684408667 10.758328849375209 1.98
      vertex 17.135308684408667 10.758328849375209 2.5
      vertex 17.1172995954752 10.775117630064448 2.5
    endloop
  endfacet
  facet normal -0.7279130186387458 -0.6856694810885409 0
    outer loop
      vertex 17.15223905593157 10.740355411469897 1.98
      vertex 17.15223905593157 10.740355411469897 2.5
      vertex 17.135308684408667 10.758328849375209 2.5
    endloop
  endfacet
  facet normal -0.7704604584115057 -0.6374877897060717 0
    outer loop
      vertex 17.168090695142748 10.721197301447353 1.98
      vertex 17.168090695142748 10.721197301447353 2.5
      vertex 17.15223905593157 10.740355411469897 2.5
    endloop
  endfacet
  facet normal -0.8091485486653586 -0.5876041407212373 0
    outer loop
      vertex 17.168090695142748 10.721197301447353 2.5
      vertex 17.182863624393942 10.700854534208736 1.98
      vertex 17.182863624393942 10.700854534208736 2.5
    endloop
  endfacet
  facet normal -0.843751622395977 -0.5367338257499302 0
    outer loop
      vertex 17.19655782133341 10.679327102303466 1.98
      vertex 17.19655782133341 10.679327102303466 2.5
      vertex 17.182863624393942 10.700854534208736 2.5
    endloop
  endfacet
  facet normal -0.9005458708044495 -0.4347610085748904 0
    outer loop
      vertex 17.220710055530073 10.63271825194355 1.98
      vertex 17.220710055530073 10.63271825194355 2.5
      vertex 17.209173300862314 10.656615005731544 2.5
    endloop
  endfacet
  facet normal -0.9229796501914995 -0.3848487564386524 0
    outer loop
      vertex 17.231168092787268 10.607636826038322 1.98
      vertex 17.231168092787268 10.607636826038322 2.5
      vertex 17.220710055530073 10.63271825194355 2.5
    endloop
  endfacet
  facet normal -0.8741957039638626 -0.4855737546152251 0
    outer loop
      vertex 17.209173300862314 10.656615005731544 1.98
      vertex 17.209173300862314 10.656615005731544 2.5
      vertex 17.19655782133341 10.679327102303466 2.5
    endloop
  endfacet
  facet normal 0.2779497512670676 0.9605956151110493 0
    outer loop
      vertex 17.078923316299917 11.089628541767558 1.98
      vertex 17.078923316299917 11.089628541767558 2.5
      vertex 17.120515601336958 11.077593753039798 2.5
    endloop
  endfacet
  facet normal 0.32296314051300123 0.9464115436056237 0
    outer loop
      vertex 17.120515601336958 11.077593753039798 1.98
      vertex 17.120515601336958 11.077593753039798 2.5
      vertex 17.159931407868864 11.064143100678882 2.5
    endloop
  endfacet
  facet normal 0.37076225424207193 0.9287278131020613 0
    outer loop
      vertex 17.159931407868864 11.064143100678882 1.98
      vertex 17.159931407868864 11.064143100678882 2.5
      vertex 17.197170743346216 11.04927659213539 2.5
    endloop
  endfacet
  facet normal 0.4211789262656204 0.9069775697721191 0
    outer loop
      vertex 17.197170743346216 11.04927659213539 1.98
      vertex 17.197170743346216 11.04927659213539 2.5
      vertex 17.232233607769015 11.032994227409324 2.5
    endloop
  endfacet
  facet normal -0.9417581683856724 -0.3362908745102424 0
    outer loop
      vertex 17.240547405183317 10.581370742917022 1.98
      vertex 17.240547405183317 10.581370742917022 2.5
      vertex 17.231168092787268 10.607636826038322 2.5
    endloop
  endfacet
  facet normal -0.9571966093994658 -0.2894385097981375 0
    outer loop
      vertex 17.248848000168802 10.55392000257965 1.98
      vertex 17.248848000168802 10.55392000257965 2.5
      vertex 17.240547405183317 10.581370742917022 2.5
    endloop
  endfacet
  facet normal 0.47389576835745717 0.8805809450203289 0
    outer loop
      vertex 17.232233607769015 11.032994227409324 1.98
      vertex 17.232233607769015 11.032994227409324 2.5
      vertex 17.26512000113726 11.015295999050101 2.5
    endloop
  endfacet
  facet normal 0.5296576737645006 0.8482114999352331 0
    outer loop
      vertex 17.26512000113726 11.015295999050101 1.98
      vertex 17.26512000113726 11.015295999050101 2.5
      vertex 17.296186366677286 10.995896899998149 2.5
    endloop
  endfacet
  facet normal 0.5857169973394978 0.8105156377440245 0
    outer loop
      vertex 17.296186366677286 10.995896899998149 1.98
      vertex 17.296186366677286 10.995896899998149 2.5
      vertex 17.325789162516596 10.97450451731678 2.5
    endloop
  endfacet
  facet normal 0.639156396037883 0.7690767851156768 0
    outer loop
      vertex 17.325789162516596 10.97450451731678 1.98
      vertex 17.325789162516596 10.97450451731678 2.5
      vertex 17.353928381204607 10.951118865907153 2.5
    endloop
  endfacet
  facet normal 0.6892785573644888 0.7244964253586963 0
    outer loop
      vertex 17.353928381204607 10.951118865907153 1.98
      vertex 17.353928381204607 10.951118865907153 2.5
      vertex 17.38060402274132 10.92573993086811 2.5
    endloop
  endfacet
  facet normal 0.7355340624506426 0.6774877437820216 0
    outer loop
      vertex 17.38060402274132 10.92573993086811 1.98
      vertex 17.38060402274132 10.92573993086811 2.5
      vertex 17.405816094577315 10.89836771965023 2.5
    endloop
  endfacet
  facet normal 0 0 1
    outer loop
      vertex 16.03774835318327 8.899178365170917 2.5
      vertex 16.120828115940096 8.861254529952964 2.5
      vertex 16.212119998037817 9.114400001168212 2.5
    endloop
  endfacet
  facet normal 0 0 1
    outer loop
      vertex 16.03774835318327 8.899178365170917 2.5
      vertex 16.186775149405005 9.129948446452579 2.5
      vertex 16.162816898524763 9.146796876490077 2.5
    endloop
  endfacet
  facet normal 0 0 1
    outer loop
      vertex 16.03774835318327 8.899178365170917 2.5
      vertex 16.212119998037817 9.114400001168212 2.5
      vertex 16.186775149405005 9.129948446452579 2.5
    endloop
  endfacet
  facet normal 0 0 1
    outer loop
      vertex 16.120828115940096 8.861254529952964 2.5
      vertex 16.21224795430899 8.830225938856563 2.5
      vertex 16.267092214524748 9.086895147263965 2.5
    endloop
  endfacet
  facet normal 0 0 1
    outer loop
      vertex 16.120828115940096 8.861254529952964 2.5
      vertex 16.238883973658087 9.10007455378767 2.5
      vertex 16.212119998037817 9.114400001168212 2.5
    endloop
  endfacet
  facet normal 0 0 1
    outer loop
      vertex 16.120828115940096 8.861254529952964 2.5
      vertex 16.267092214524748 9.086895147263965 2.5
      vertex 16.238883973658087 9.10007455378767 2.5
    endloop
  endfacet
  facet normal 0 0 1
    outer loop
      vertex 16.21224795430899 8.830225938856563 2.5
      vertex 16.29674471318722 9.074861774146518 2.5
      vertex 16.267092214524748 9.086895147263965 2.5
    endloop
  endfacet
  facet normal 0 0 1
    outer loop
      vertex 16.165591949224474 9.995257796645125 2.5
      vertex 16.186895997822287 9.985911996960601 2.5
      vertex 16.301929989457133 10.253009417951068 2.5
    endloop
  endfacet
  facet normal 0 0 1
    outer loop
      vertex 16.186895997822287 9.985911996960601 2.5
      vertex 16.209330321848395 9.97664799720045 2.5
      vertex 16.317911998927595 10.24549599915739 2.5
    endloop
  endfacet
  facet normal 0 0 1
    outer loop
      vertex 16.209330321848395 9.97664799720045 2.5
      vertex 16.233315126597883 9.9673839974403 2.5
      vertex 16.33543001264334 10.237981298863849 2.5
    endloop
  endfacet
  facet normal 0 0 1
    outer loop
      vertex 16.21224795430899 8.830225938856563 2.5
      vertex 16.31200786083937 8.806092591881713 2.5
      vertex 16.327841469645502 9.063974434435329 2.5
    endloop
  endfacet
  facet normal 0 0 1
    outer loop
      vertex 16.21224795430899 8.830225938856563 2.5
      vertex 16.327841469645502 9.063974434435329 2.5
      vertex 16.29674471318722 9.074861774146518 2.5
    endloop
  endfacet
  facet normal 0 0 1
    outer loop
      vertex 16.31200786083937 8.806092591881713 2.5
      vertex 16.360382483899595 9.054233135580978 2.5
      vertex 16.327841469645502 9.063974434435329 2.5
    endloop
  endfacet
  facet normal 0 0 1
    outer loop
      vertex 16.31200786083937 8.806092591881713 2.5
      vertex 16.420107835531237 8.788854481577834 2.5
      vertex 16.39436776340008 9.045637870132884 2.5
    endloop
  endfacet
  facet normal 0 0 1
    outer loop
      vertex 16.31200786083937 8.806092591881713 2.5
      vertex 16.39436776340008 9.045637870132884 2.5
      vertex 16.360382483899595 9.054233135580978 2.5
    endloop
  endfacet
  facet normal 0 0 1
    outer loop
      vertex 16.420107835531237 8.788854481577834 2.5
      vertex 16.429797300696375 9.038188638091048 2.5
      vertex 16.39436776340008 9.045637870132884 2.5
    endloop
  endfacet
  facet normal 0 0 1
    outer loop
      vertex 16.233315126597883 9.9673839974403 2.5
      vertex 16.258850412070753 9.958119997680148 2.5
      vertex 16.355432660877707 10.230206439197024 2.5
    endloop
  endfacet
  facet normal 0 0 1
    outer loop
      vertex 16.258850412070753 9.958119997680148 2.5
      vertex 16.285936185717585 9.948855997919997 2.5
      vertex 16.377919951081278 10.222171405255756 2.5
    endloop
  endfacet
  facet normal 0 0 1
    outer loop
      vertex 16.285936185717585 9.948855997919997 2.5
      vertex 16.314572447538378 9.939591998159846 2.5
      vertex 16.377919951081278 10.222171405255756 2.5
    endloop
  endfacet
  facet normal 0 0 1
    outer loop
      vertex 16.314572447538378 9.939591998159846 2.5
      vertex 16.344759197533133 9.930327998399695 2.5
      vertex 16.402891883254053 10.213876211941203 2.5
    endloop
  endfacet
  facet normal 0 0 1
    outer loop
      vertex 16.344759197533133 9.930327998399695 2.5
      vertex 16.37649642825127 9.921063998639545 2.5
      vertex 16.430348449945452 10.205320851802787 2.5
    endloop
  endfacet
  facet normal 0 0 1
    outer loop
      vertex 16.37649642825127 9.921063998639545 2.5
      vertex 16.409784139692785 9.911799998879394 2.5
      vertex 16.460289658606055 10.196505324840507 2.5
    endloop
  endfacet
  facet normal 0 0 1
    outer loop
      vertex 16.420107835531237 8.788854481577834 2.5
      vertex 16.504989156126978 9.02672828167673 2.5
      vertex 16.46667110323906 9.03188544690605 2.5
    endloop
  endfacet
  facet normal 0 0 1
    outer loop
      vertex 16.420107835531237 8.788854481577834 2.5
      vertex 16.536547878384592 8.778511622846088 2.5
      vertex 16.504989156126978 9.02672828167673 2.5
    endloop
  endfacet
  facet normal 0 0 1
    outer loop
      vertex 16.420107835531237 8.788854481577834 2.5
      vertex 16.46667110323906 9.03188544690605 2.5
      vertex 16.429797300696375 9.038188638091048 2.5
    endloop
  endfacet
  facet normal 0 0 1
    outer loop
      vertex 16.504989156126978 9.02672828167673 2.5
      vertex 16.536547878384592 8.778511622846088 2.5
      vertex 16.544751481711867 9.022717157304248 2.5
    endloop
  endfacet
  facet normal 0 0 1
    outer loop
      vertex 16.536547878384592 8.778511622846088 2.5
      vertex 16.585958057641985 9.019852073788604 2.5
      vertex 16.544751481711867 9.022717157304248 2.5
    endloop
  endfacet
  facet normal 0 0 1
    outer loop
      vertex 16.536547878384592 8.778511622846088 2.5
      vertex 16.628608898818495 9.018133016228637 2.5
      vertex 16.585958057641985 9.019852073788604 2.5
    endloop
  endfacet
  facet normal 0 0 1
    outer loop
      vertex 16.409784139692785 9.911799998879394 2.5
      vertex 16.444622346758845 9.902535999119243 2.5
      vertex 16.49271550178528 10.187429631054362 2.5
    endloop
  endfacet
  facet normal 0 0 1
    outer loop
      vertex 16.444622346758845 9.902535999119243 2.5
      vertex 16.481011027097704 9.893271999359092 2.5
      vertex 16.52762598693371 10.178093777894935 2.5
    endloop
  endfacet
  facet normal 0 0 1
    outer loop
      vertex 16.481011027097704 9.893271999359092 2.5
      vertex 16.518950203061106 9.884007999598941 2.5
      vertex 16.565021114051344 10.168497750461063 2.5
    endloop
  endfacet
  facet normal 0 0 1
    outer loop
      vertex 16.481011027097704 9.893271999359092 2.5
      vertex 16.565021114051344 10.168497750461063 2.5
      vertex 16.52762598693371 10.178093777894935 2.5
    endloop
  endfacet
  facet normal 0 0 1
    outer loop
      vertex 16.518950203061106 9.884007999598941 2.5
      vertex 16.55843985974789 9.87474399983879 2.5
      vertex 16.6049008756876 10.158641563653907 2.5
    endloop
  endfacet
  facet normal 0 0 1
    outer loop
      vertex 16.518950203061106 9.884007999598941 2.5
      vertex 16.6049008756876 10.158641563653907 2.5
      vertex 16.565021114051344 10.168497750461063 2.5
    endloop
  endfacet
  facet normal 0 0 1
    outer loop
      vertex 16.536547878384592 8.778511622846088 2.5
      vertex 16.661327996850016 8.775064000785312 2.5
      vertex 16.628608898818495 9.018133016228637 2.5
    endloop
  endfacet
  facet normal 0 0 1
    outer loop
      vertex 16.628608898818495 9.018133016228637 2.5
      vertex 16.661327996850016 8.775064000785312 2.5
      vertex 16.672703997790816 9.017559999525508 2.5
    endloop
  endfacet
  facet normal 0 0 1
    outer loop
      vertex 16.661327996850016 8.775064000785312 2.5
      vertex 16.729485304653647 8.776094438433608 2.5
      vertex 16.672703997790816 9.017559999525508 2.5
    endloop
  endfacet
  facet normal 0 0 1
    outer loop
      vertex 16.729485304653647 8.776094438433608 2.5
      vertex 16.71821382045746 9.018171505928 2.5
      vertex 16.672703997790816 9.017559999525508 2.5
    endloop
  endfacet
  facet normal 0 0 1
    outer loop
      vertex 16.729485304653647 8.776094438433608 2.5
      vertex 16.762095907330515 9.020006010234317 2.5
      vertex 16.71821382045746 9.018171505928 2.5
    endloop
  endfacet
  facet normal 0 0 1
    outer loop
      vertex 16.55843985974789 9.87474399983879 2.5
      vertex 16.599479997158053 9.86548000007864 2.5
      vertex 16.647265279293062 10.148525210022887 2.5
    endloop
  endfacet
  facet normal 0 0 1
    outer loop
      vertex 16.55843985974789 9.87474399983879 2.5
      vertex 16.647265279293062 10.148525210022887 2.5
      vertex 16.6049008756876 10.158641563653907 2.5
    endloop
  endfacet
  facet normal 0 0 1
    outer loop
      vertex 16.599479997158053 9.86548000007864 2.5
      vertex 16.62335318475962 9.859999904334506 2.5
      vertex 16.692114317417147 10.138148689568004 2.5
    endloop
  endfacet
  facet normal 0 0 1
    outer loop
      vertex 16.599479997158053 9.86548000007864 2.5
      vertex 16.692114317417147 10.138148689568004 2.5
      vertex 16.647265279293062 10.148525210022887 2.5
    endloop
  endfacet
  facet normal 0 0 1
    outer loop
      vertex 16.62335318475962 9.859999904334506 2.5
      vertex 16.646898889541628 9.854577468633613 2.5
      vertex 16.692114317417147 10.138148689568004 2.5
    endloop
  endfacet
  facet normal 0 0 1
    outer loop
      vertex 16.646898889541628 9.854577468633613 2.5
      vertex 16.67011711150408 9.849212685525378 2.5
      vertex 16.739447997510435 10.127512002289256 2.5
    endloop
  endfacet
  facet normal 0 0 1
    outer loop
      vertex 16.67011711150408 9.849212685525378 2.5
      vertex 16.693007858097555 9.843905562460384 2.5
      vertex 16.739447997510435 10.127512002289256 2.5
    endloop
  endfacet
  facet normal 0 0 1
    outer loop
      vertex 16.646898889541628 9.854577468633613 2.5
      vertex 16.739447997510435 10.127512002289256 2.5
      vertex 16.692114317417147 10.138148689568004 2.5
    endloop
  endfacet
  facet normal 0 0 1
    outer loop
      vertex 16.693007858097555 9.843905562460384 2.5
      vertex 16.715571121871474 9.838656091988048 2.5
      vertex 16.771973253786566 10.119982534944972 2.5
    endloop
  endfacet
  facet normal 0 0 1
    outer loop
      vertex 16.693007858097555 9.843905562460384 2.5
      vertex 16.755715312063696 10.123752096593341 2.5
      vertex 16.739447997510435 10.127512002289256 2.5
    endloop
  endfacet
  facet normal 0 0 1
    outer loop
      vertex 16.715571121871474 9.838656091988048 2.5
      vertex 16.737806910276415 9.833464281558951 2.5
      vertex 16.788221822679045 10.116203309893569 2.5
    endloop
  endfacet
  facet normal 0 0 1
    outer loop
      vertex 16.693007858097555 9.843905562460384 2.5
      vertex 16.771973253786566 10.119982534944972 2.5
      vertex 16.755715312063696 10.123752096593341 2.5
    endloop
  endfacet
  facet normal 0 0 1
    outer loop
      vertex 16.05252383798361 10.0547681394219 2.5
      vertex 16.069611833989622 10.044440755546054 2.5
      vertex 16.230830343067648 10.294329890906772 2.5
    endloop
  endfacet
  facet normal 0 0 1
    outer loop
      vertex 15.991198578476908 10.0977136585116 2.5
      vertex 16.195218884944918 10.322124877870044 2.5
      vertex 16.184523122012617 10.331890316605529 2.5
    endloop
  endfacet
  facet normal 0 0 1
    outer loop
      vertex 16.069611833989622 10.044440755546054 2.5
      vertex 16.08740250915289 10.034276971518954 2.5
      vertex 16.230830343067648 10.294329890906772 2.5
    endloop
  endfacet
  facet normal 0 0 1
    outer loop
      vertex 16.08740250915289 10.034276971518954 2.5
      vertex 16.105895856022837 10.024276779890021 2.5
      vertex 16.24387554973364 10.285565348267516 2.5
    endloop
  endfacet
  facet normal 0 0 1
    outer loop
      vertex 16.020455861091616 10.075913706719836 2.5
      vertex 16.206502014398577 10.312609659433326 2.5
      vertex 16.195218884944918 10.322124877870044 2.5
    endloop
  endfacet
  facet normal 0 0 1
    outer loop
      vertex 16.105895856022837 10.024276779890021 2.5
      vertex 16.12509188205004 10.014440188109836 2.5
      vertex 16.25750811547041 10.277051025927028 2.5
    endloop
  endfacet
  facet normal 0 0 1
    outer loop
      vertex 16.036138506233694 10.065259123146495 2.5
      vertex 16.218372495472433 10.303344661295375 2.5
      vertex 16.206502014398577 10.312609659433326 2.5
    endloop
  endfacet
  facet normal 0 0 1
    outer loop
      vertex 16.05252383798361 10.0547681394219 2.5
      vertex 16.230830343067648 10.294329890906772 2.5
      vertex 16.218372495472433 10.303344661295375 2.5
    endloop
  endfacet
  facet normal 0 0 1
    outer loop
      vertex 16.12509188205004 10.014440188109836 2.5
      vertex 16.14499057978392 10.004767196178397 2.5
      vertex 16.27172804772854 10.268786931335887 2.5
    endloop
  endfacet
  facet normal 0 0 1
    outer loop
      vertex 16.08740250915289 10.034276971518954 2.5
      vertex 16.24387554973364 10.285565348267516 2.5
      vertex 16.230830343067648 10.294329890906772 2.5
    endloop
  endfacet
  facet normal 0 0 1
    outer loop
      vertex 15.989175619184973 10.950097227394542 2.5
      vertex 16.169244357943537 10.744869964122733 2.5
      vertex 16.185528145730498 10.76259758502241 2.5
    endloop
  endfacet
  facet normal 0 0 1
    outer loop
      vertex 16.02251999974251 10.975432002842387 2.5
      vertex 16.185528145730498 10.76259758502241 2.5
      vertex 16.203526014089586 10.77926580041643 2.5
    endloop
  endfacet
  facet normal 0 0 1
    outer loop
      vertex 16.14499057978392 10.004767196178397 2.5
      vertex 16.165591949224474 9.995257796645125 2.5
      vertex 16.286535339057448 10.260773064494094 2.5
    endloop
  endfacet
  facet normal 0 0 1
    outer loop
      vertex 16.105895856022837 10.024276779890021 2.5
      vertex 16.25750811547041 10.277051025927028 2.5
      vertex 16.24387554973364 10.285565348267516 2.5
    endloop
  endfacet
  facet normal 0 0 1
    outer loop
      vertex 16.12509188205004 10.014440188109836 2.5
      vertex 16.27172804772854 10.268786931335887 2.5
      vertex 16.25750811547041 10.277051025927028 2.5
    endloop
  endfacet
  facet normal 0 0 1
    outer loop
      vertex 16.14499057978392 10.004767196178397 2.5
      vertex 16.286535339057448 10.260773064494094 2.5
      vertex 16.27172804772854 10.268786931335887 2.5
    endloop
  endfacet
  facet normal 0 0 1
    outer loop
      vertex 16.165591949224474 9.995257796645125 2.5
      vertex 16.301929989457133 10.253009417951068 2.5
      vertex 16.286535339057448 10.260773064494094 2.5
    endloop
  endfacet
  facet normal 0 0 1
    outer loop
      vertex 16.186895997822287 9.985911996960601 2.5
      vertex 16.317911998927595 10.24549599915739 2.5
      vertex 16.301929989457133 10.253009417951068 2.5
    endloop
  endfacet
  facet normal 0 0 1
    outer loop
      vertex 16.05834901481867 10.999027268886527 2.5
      vertex 16.223237963020804 10.794874602854213 2.5
      vertex 16.09647976011038 11.020734907984695 2.5
    endloop
  endfacet
  facet normal 0 0 1
    outer loop
      vertex 16.05834901481867 10.999027268886527 2.5
      vertex 16.203526014089586 10.77926580041643 2.5
      vertex 16.223237963020804 10.794874602854213 2.5
    endloop
  endfacet
  facet normal 0 0 1
    outer loop
      vertex 16.09647976011038 11.020734907984695 2.5
      vertex 16.24466399997473 10.809423999786338 2.5
      vertex 16.13691223561764 11.04055493503805 2.5
    endloop
  endfacet
  facet normal 0 0 1
    outer loop
      vertex 16.09647976011038 11.020734907984695 2.5
      vertex 16.223237963020804 10.794874602854213 2.5
      vertex 16.24466399997473 10.809423999786338 2.5
    endloop
  endfacet
  facet normal 0 0 1
    outer loop
      vertex 16.13691223561764 11.04055493503805 2.5
      vertex 16.26772104352713 10.822908023297748 2.5
      vertex 16.17964644134045 11.058487335145434 2.5
    endloop
  endfacet
  facet normal 0 0 1
    outer loop
      vertex 16.13691223561764 11.04055493503805 2.5
      vertex 16.24466399997473 10.809423999786338 2.5
      vertex 16.26772104352713 10.822908023297748 2.5
    endloop
  endfacet
  facet normal 0 0 1
    outer loop
      vertex 16.26772104352713 10.822908023297748 2.5
      vertex 16.292318628728392 10.835313321948012 2.5
      vertex 16.17964644134045 11.058487335145434 2.5
    endloop
  endfacet
  facet normal 0 0 1
    outer loop
      vertex 16.17964644134045 11.058487335145434 2.5
      vertex 16.292318628728392 10.835313321948012 2.5
      vertex 16.224682369828226 11.074532115757426 2.5
    endloop
  endfacet
  facet normal 0 0 1
    outer loop
      vertex 16.209330321848395 9.97664799720045 2.5
      vertex 16.33543001264334 10.237981298863849 2.5
      vertex 16.317911998927595 10.24549599915739 2.5
    endloop
  endfacet
  facet normal 0 0 1
    outer loop
      vertex 16.233315126597883 9.9673839974403 2.5
      vertex 16.355432660877707 10.230206439197024 2.5
      vertex 16.33543001264334 10.237981298863849 2.5
    endloop
  endfacet
  facet normal 0 0 1
    outer loop
      vertex 16.258850412070753 9.958119997680148 2.5
      vertex 16.377919951081278 10.222171405255756 2.5
      vertex 16.355432660877707 10.230206439197024 2.5
    endloop
  endfacet
  facet normal 0 0 1
    outer loop
      vertex 16.314572447538378 9.939591998159846 2.5
      vertex 16.402891883254053 10.213876211941203 2.5
      vertex 16.377919951081278 10.222171405255756 2.5
    endloop
  endfacet
  facet normal 0 0 1
    outer loop
      vertex 16.344759197533133 9.930327998399695 2.5
      vertex 16.430348449945452 10.205320851802787 2.5
      vertex 16.402891883254053 10.213876211941203 2.5
    endloop
  endfacet
  facet normal 0 0 1
    outer loop
      vertex 16.37649642825127 9.921063998639545 2.5
      vertex 16.460289658606055 10.196505324840507 2.5
      vertex 16.430348449945452 10.205320851802787 2.5
    endloop
  endfacet
  facet normal 0 0 1
    outer loop
      vertex 16.224682369828226 11.074532115757426 2.5
      vertex 16.292318628728392 10.835313321948012 2.5
      vertex 16.31845675557852 10.846639903187713 2.5
    endloop
  endfacet
  facet normal 0 0 1
    outer loop
      vertex 16.224682369828226 11.074532115757426 2.5
      vertex 16.346135431528094 10.856887767016849 2.5
      vertex 16.272020021080973 11.088689276874026 2.5
    endloop
  endfacet
  facet normal 0 0 1
    outer loop
      vertex 16.224682369828226 11.074532115757426 2.5
      vertex 16.31845675557852 10.846639903187713 2.5
      vertex 16.346135431528094 10.856887767016849 2.5
    endloop
  endfacet
  facet normal 0 0 1
    outer loop
      vertex 16.272020021080973 11.088689276874026 2.5
      vertex 16.375354649126532 10.866056898534259 2.5
      vertex 16.32165940999985 11.100958818495235 2.5
    endloop
  endfacet
  facet normal 0 0 1
    outer loop
      vertex 16.272020021080973 11.088689276874026 2.5
      vertex 16.346135431528094 10.856887767016849 2.5
      vertex 16.375354649126532 10.866056898534259 2.5
    endloop
  endfacet
  facet normal 0 0 1
    outer loop
      vertex 16.32165940999985 11.100958818495235 2.5
      vertex 16.375354649126532 10.866056898534259 2.5
      vertex 16.406114415824415 10.874147312641105 2.5
    endloop
  endfacet
  facet normal 0 0 1
    outer loop
      vertex 16.32165940999985 11.100958818495235 2.5
      vertex 16.406114415824415 10.874147312641105 2.5
      vertex 16.373600521683695 11.11134073317047 2.5
    endloop
  endfacet
  facet normal 0 0 1
    outer loop
      vertex 16.373600521683695 11.11134073317047 2.5
      vertex 16.406114415824415 10.874147312641105 2.5
      vertex 16.438414724171164 10.881159009337386 2.5
    endloop
  endfacet
  facet normal 0 0 1
    outer loop
      vertex 16.373600521683695 11.11134073317047 2.5
      vertex 16.438414724171164 10.881159009337386 2.5
      vertex 16.42784336358309 11.119835028350314 2.5
    endloop
  endfacet
  facet normal 0 0 1
    outer loop
      vertex 16.409784139692785 9.911799998879394 2.5
      vertex 16.49271550178528 10.187429631054362 2.5
      vertex 16.460289658606055 10.196505324840507 2.5
    endloop
  endfacet
  facet normal 0 0 1
    outer loop
      vertex 16.444622346758845 9.902535999119243 2.5
      vertex 16.52762598693371 10.178093777894935 2.5
      vertex 16.49271550178528 10.187429631054362 2.5
    endloop
  endfacet
  facet normal 0 0 1
    outer loop
      vertex 16.438414724171164 10.881159009337386 2.5
      vertex 16.472255574166777 10.887091973721942 2.5
      vertex 16.42784336358309 11.119835028350314 2.5
    endloop
  endfacet
  facet normal 0 0 1
    outer loop
      vertex 16.42784336358309 11.119835028350314 2.5
      vertex 16.472255574166777 10.887091973721942 2.5
      vertex 16.507636973261835 10.891946228146514 2.5
    endloop
  endfacet
  facet normal 0 0 1
    outer loop
      vertex 16.42784336358309 11.119835028350314 2.5
      vertex 16.507636973261835 10.891946228146514 2.5
      vertex 16.484387928247454 11.126441704034766 2.5
    endloop
  endfacet
  facet normal 0 0 1
    outer loop
      vertex 16.507636973261835 10.891946228146514 2.5
      vertex 16.54455891400576 10.89572175025936 2.5
      vertex 16.484387928247454 11.126441704034766 2.5
    endloop
  endfacet
  facet normal 0 0 1
    outer loop
      vertex 16.484387928247454 11.126441704034766 2.5
      vertex 16.54455891400576 10.89572175025936 2.5
      vertex 16.543234223127367 11.131160760223827 2.5
    endloop
  endfacet
  facet normal 0 0 1
    outer loop
      vertex 16.54455891400576 10.89572175025936 2.5
      vertex 16.583021396398546 10.898418554961642 2.5
      vertex 16.543234223127367 11.131160760223827 2.5
    endloop
  endfacet
  facet normal 0 0 1
    outer loop
      vertex 16.543234223127367 11.131160760223827 2.5
      vertex 16.583021396398546 10.898418554961642 2.5
      vertex 16.60438224822283 11.133992189466914 2.5
    endloop
  endfacet
  facet normal 0 0 1
    outer loop
      vertex 16.583021396398546 10.898418554961642 2.5
      vertex 16.62302442789078 10.90003664225336 2.5
      vertex 16.60438224822283 11.133992189466914 2.5
    endloop
  endfacet
  facet normal 0 0 1
    outer loop
      vertex 16.62302442789078 10.90003664225336 2.5
      vertex 16.664568001031878 10.900575997233352 2.5
      vertex 16.667832003533842 11.13493599921461 2.5
    endloop
  endfacet
  facet normal 0 0 1
    outer loop
      vertex 16.60438224822283 11.133992189466914 2.5
      vertex 16.62302442789078 10.90003664225336 2.5
      vertex 16.667832003533842 11.13493599921461 2.5
    endloop
  endfacet
  facet normal 0 0 1
    outer loop
      vertex 16.664568001031878 10.900575997233352 2.5
      vertex 16.70248160660267 10.900089608430823 2.5
      vertex 16.667832003533842 11.13493599921461 2.5
    endloop
  endfacet
  facet normal 0 0 1
    outer loop
      vertex 16.667832003533842 11.13493599921461 2.5
      vertex 16.70248160660267 10.900089608430823 2.5
      vertex 16.726836071908476 11.134228067398032 2.5
    endloop
  endfacet
  facet normal 0 0 1
    outer loop
      vertex 16.70248160660267 10.900089608430823 2.5
      vertex 16.739104898273947 10.898630434572658 2.5
      vertex 16.726836071908476 11.134228067398032 2.5
    endloop
  endfacet
  facet normal 0 0 1
    outer loop
      vertex 16.726836071908476 11.134228067398032 2.5
      vertex 16.739104898273947 10.898630434572658 2.5
      vertex 16.783663669228556 11.13210428684946 2.5
    endloop
  endfacet
  facet normal 0 0 1
    outer loop
      vertex 16.729485304653647 8.776094438433608 2.5
      vertex 16.795244590938093 8.779185751378497 2.5
      vertex 16.762095907330515 9.020006010234317 2.5
    endloop
  endfacet
  facet normal 0 0 1
    outer loop
      vertex 16.795244590938093 8.779185751378497 2.5
      vertex 16.8043502509594 9.023063527345618 2.5
      vertex 16.762095907330515 9.020006010234317 2.5
    endloop
  endfacet
  facet normal 0 0 1
    outer loop
      vertex 16.795244590938093 8.779185751378497 2.5
      vertex 16.858605870604517 8.784337939619979 2.5
      vertex 16.8043502509594 9.023063527345618 2.5
    endloop
  endfacet
  facet normal 0 0 1
    outer loop
      vertex 16.8043502509594 9.023063527345618 2.5
      vertex 16.858605870604517 8.784337939619979 2.5
      vertex 16.84497685134411 9.027344049811324 2.5
    endloop
  endfacet
  facet normal 0 0 1
    outer loop
      vertex 16.858605870604517 8.784337939619979 2.5
      vertex 16.919569136202337 8.791551003158053 2.5
      vertex 16.84497685134411 9.027344049811324 2.5
    endloop
  endfacet
  facet normal 0 0 1
    outer loop
      vertex 16.84497685134411 9.027344049811324 2.5
      vertex 16.919569136202337 8.791551003158053 2.5
      vertex 16.883975715935232 9.032847577631435 2.5
    endloop
  endfacet
  facet normal 0 0 1
    outer loop
      vertex 16.919569136202337 8.791551003158053 2.5
      vertex 16.921346837282183 9.039574103355369 2.5
      vertex 16.883975715935232 9.032847577631435 2.5
    endloop
  endfacet
  facet normal 0 0 1
    outer loop
      vertex 16.737806910276415 9.833464281558951 2.5
      vertex 16.7597152158618 9.828330131173095 2.5
      vertex 16.804461018741133 10.112414436340293 2.5
    endloop
  endfacet
  facet normal 0 0 1
    outer loop
      vertex 16.715571121871474 9.838656091988048 2.5
      vertex 16.788221822679045 10.116203309893569 2.5
      vertex 16.771973253786566 10.119982534944972 2.5
    endloop
  endfacet
  facet normal 0 0 1
    outer loop
      vertex 16.737806910276415 9.833464281558951 2.5
      vertex 16.804461018741133 10.112414436340293 2.5
      vertex 16.788221822679045 10.116203309893569 2.5
    endloop
  endfacet
  facet normal 0 0 1
    outer loop
      vertex 16.7597152158618 9.828330131173095 2.5
      vertex 16.781296046078207 9.823253633379897 2.5
      vertex 16.836911292374136 10.1048077139258 2.5
    endloop
  endfacet
  facet normal 0 0 1
    outer loop
      vertex 16.781296046078207 9.823253633379897 2.5
      vertex 16.802549393475058 9.81823479562994 2.5
      vertex 16.85312236994505 10.100989872515163 2.5
    endloop
  endfacet
  facet normal 0 0 1
    outer loop
      vertex 16.7597152158618 9.828330131173095 2.5
      vertex 16.82069084197283 10.108615906834563 2.5
      vertex 16.804461018741133 10.112414436340293 2.5
    endloop
  endfacet
  facet normal 0 0 1
    outer loop
      vertex 16.7597152158618 9.828330131173095 2.5
      vertex 16.836911292374136 10.1048077139258 2.5
      vertex 16.82069084197283 10.108615906834563 2.5
    endloop
  endfacet
  facet normal 0 0 1
    outer loop
      vertex 16.781296046078207 9.823253633379897 2.5
      vertex 16.85312236994505 10.100989872515163 2.5
      vertex 16.836911292374136 10.1048077139258 2.5
    endloop
  endfacet
  facet normal 0 0 1
    outer loop
      vertex 16.802549393475058 9.81823479562994 2.5
      vertex 16.823475265502932 9.81327361047264 2.5
      vertex 16.88551639914513 10.093325206935367 2.5
    endloop
  endfacet
  facet normal 0 0 1
    outer loop
      vertex 16.802549393475058 9.81823479562994 2.5
      vertex 16.869324074685576 10.097162367701491 2.5
      vertex 16.85312236994505 10.100989872515163 2.5
    endloop
  endfacet
  facet normal 0 0 1
    outer loop
      vertex 16.802549393475058 9.81823479562994 2.5
      vertex 16.88551639914513 10.093325206935367 2.5
      vertex 16.869324074685576 10.097162367701491 2.5
    endloop
  endfacet
  facet normal 0 0 1
    outer loop
      vertex 16.823475265502932 9.81327361047264 2.5
      vertex 16.84407365471125 9.80837008535858 2.5
      vertex 16.90169935822487 10.089478390216788 2.5
    endloop
  endfacet
  facet normal 0 0 1
    outer loop
      vertex 16.823475265502932 9.81327361047264 2.5
      vertex 16.90169935822487 10.089478390216788 2.5
      vertex 16.88551639914513 10.093325206935367 2.5
    endloop
  endfacet
  facet normal 0 0 1
    outer loop
      vertex 16.86434456855059 9.80352421283718 2.5
      vertex 16.884287999570372 9.79873600035902 2.5
      vertex 16.934037157893183 10.08175578892227 2.5
    endloop
  endfacet
  facet normal 0 0 1
    outer loop
      vertex 16.84407365471125 9.80837008535858 2.5
      vertex 16.86434456855059 9.80352421283718 2.5
      vertex 16.917872944474222 10.085621917545756 2.5
    endloop
  endfacet
  facet normal 0 0 1
    outer loop
      vertex 16.84407365471125 9.80837008535858 2.5
      vertex 16.917872944474222 10.085621917545756 2.5
      vertex 16.90169935822487 10.089478390216788 2.5
    endloop
  endfacet
  facet normal 0 0 1
    outer loop
      vertex 16.86434456855059 9.80352421283718 2.5
      vertex 16.934037157893183 10.08175578892227 2.5
      vertex 16.917872944474222 10.085621917545756 2.5
    endloop
  endfacet
  facet normal 0 0 1
    outer loop
      vertex 16.919569136202337 8.791551003158053 2.5
      vertex 16.978134387731554 8.800824949443301 2.5
      vertex 16.921346837282183 9.039574103355369 2.5
    endloop
  endfacet
  facet normal 0 0 1
    outer loop
      vertex 16.978134387731554 8.800824949443301 2.5
      vertex 17.034301632642748 8.812159763574561 2.5
      vertex 16.957090222835543 9.047523641884288 2.5
    endloop
  endfacet
  facet normal 0 0 1
    outer loop
      vertex 16.921346837282183 9.039574103355369 2.5
      vertex 16.978134387731554 8.800824949443301 2.5
      vertex 16.957090222835543 9.047523641884288 2.5
    endloop
  endfacet
  facet normal 0 0 1
    outer loop
      vertex 16.991205872595312 9.056696185767612 2.5
      vertex 17.034301632642748 8.812159763574561 2.5
      vertex 17.08807086348534 8.825555453002414 2.5
    endloop
  endfacet
  facet normal 0 0 1
    outer loop
      vertex 16.957090222835543 9.047523641884288 2.5
      vertex 17.034301632642748 8.812159763574561 2.5
      vertex 16.991205872595312 9.056696185767612 2.5
    endloop
  endfacet
  facet normal 0 0 1
    outer loop
      vertex 16.991205872595312 9.056696185767612 2.5
      vertex 17.08807086348534 8.825555453002414 2.5
      vertex 17.02369377166033 9.06709174245592 2.5
    endloop
  endfacet
  facet normal 0 0 1
    outer loop
      vertex 17.02369377166033 9.06709174245592 2.5
      vertex 17.139442080259325 8.84101202517744 2.5
      vertex 17.054553942382338 9.078710297048053 2.5
    endloop
  endfacet
  facet normal 0 0 1
    outer loop
      vertex 16.884287999570372 9.79873600035902 2.5
      vertex 16.90385580956936 9.793893540203532 2.5
      vertex 16.966289186477663 10.073941582739314 2.5
    endloop
  endfacet
  facet normal 0 0 1
    outer loop
      vertex 16.90385580956936 9.793893540203532 2.5
      vertex 16.92299986034632 9.788877541124782 2.5
      vertex 16.982280427217486 10.069887572824916 2.5
    endloop
  endfacet
  facet normal 0 0 1
    outer loop
      vertex 16.884287999570372 9.79873600035902 2.5
      vertex 16.950191998481753 10.077879996895751 2.5
      vertex 16.934037157893183 10.08175578892227 2.5
    endloop
  endfacet
  facet normal 0 0 1
    outer loop
      vertex 16.884287999570372 9.79873600035902 2.5
      vertex 16.966289186477663 10.073941582739314 2.5
      vertex 16.950191998481753 10.077879996895751 2.5
    endloop
  endfacet
  facet normal 0 0 1
    outer loop
      vertex 16.90385580956936 9.793893540203532 2.5
      vertex 16.982280427217486 10.069887572824916 2.5
      vertex 16.966289186477663 10.073941582739314 2.5
    endloop
  endfacet
  facet normal 0 0 1
    outer loop
      vertex 16.92299986034632 9.788877541124782 2.5
      vertex 16.941720144450667 9.783688003122768 2.5
      vertex 17.013945089280607 10.061432758271655 2.5
    endloop
  endfacet
  facet normal 0 0 1
    outer loop
      vertex 16.941720144450667 9.783688003122768 2.5
      vertex 16.960016661882403 9.77832492619749 2.5
      vertex 17.029618510603907 10.057031953632793 2.5
    endloop
  endfacet
  facet normal 0 0 1
    outer loop
      vertex 16.92299986034632 9.788877541124782 2.5
      vertex 16.9981657281518 10.065717967152557 2.5
      vertex 16.982280427217486 10.069887572824916 2.5
    endloop
  endfacet
  facet normal 0 0 1
    outer loop
      vertex 16.92299986034632 9.788877541124782 2.5
      vertex 17.013945089280607 10.061432758271655 2.5
      vertex 16.9981657281518 10.065717967152557 2.5
    endloop
  endfacet
  facet normal 0 0 1
    outer loop
      vertex 16.960016661882403 9.77832492619749 2.5
      vertex 16.977889420092108 9.772788310348949 2.5
      vertex 17.045185984671118 10.052515553235969 2.5
    endloop
  endfacet
  facet normal 0 0 1
    outer loop
      vertex 16.977889420092108 9.772788310348949 2.5
      vertex 16.995338411629202 9.767078155577144 2.5
      vertex 17.076003120839598 10.043135950267276 2.5
    endloop
  endfacet
  facet normal 0 0 1
    outer loop
      vertex 16.995338411629202 9.767078155577144 2.5
      vertex 17.012363643944266 9.761194461882075 2.5
      vertex 17.091252782940867 10.038272755145988 2.5
    endloop
  endfacet
  facet normal 0 0 1
    outer loop
      vertex 16.941720144450667 9.783688003122768 2.5
      vertex 17.029618510603907 10.057031953632793 2.5
      vertex 17.013945089280607 10.061432758271655 2.5
    endloop
  endfacet
  facet normal 0 0 1
    outer loop
      vertex 16.960016661882403 9.77832492619749 2.5
      vertex 17.045185984671118 10.052515553235969 2.5
      vertex 17.029618510603907 10.057031953632793 2.5
    endloop
  endfacet
  facet normal 0 0 1
    outer loop
      vertex 16.977889420092108 9.772788310348949 2.5
      vertex 17.060647526383402 10.047883549630603 2.5
      vertex 17.045185984671118 10.052515553235969 2.5
    endloop
  endfacet
  facet normal 0 0 1
    outer loop
      vertex 17.012363643944266 9.761194461882075 2.5
      vertex 17.028965109586718 9.755137229263743 2.5
      vertex 17.12143427282572 10.028199577629527 2.5
    endloop
  endfacet
  facet normal 0 0 1
    outer loop
      vertex 17.028965109586718 9.755137229263743 2.5
      vertex 17.04514281600714 9.748906465172729 2.5
      vertex 17.136366108059885 10.022989587783774 2.5
    endloop
  endfacet
  facet normal 0 0 1
    outer loop
      vertex 16.977889420092108 9.772788310348949 2.5
      vertex 17.076003120839598 10.043135950267276 2.5
      vertex 17.060647526383402 10.047883549630603 2.5
    endloop
  endfacet
  facet normal 0 0 1
    outer loop
      vertex 16.995338411629202 9.767078155577144 2.5
      vertex 17.091252782940867 10.038272755145988 2.5
      vertex 17.076003120839598 10.043135950267276 2.5
    endloop
  endfacet
  facet normal 0 0 1
    outer loop
      vertex 17.012363643944266 9.761194461882075 2.5
      vertex 17.106396497786047 10.033293964266738 2.5
      vertex 17.091252782940867 10.038272755145988 2.5
    endloop
  endfacet
  facet normal 0 0 1
    outer loop
      vertex 17.02369377166033 9.06709174245592 2.5
      vertex 17.08807086348534 8.825555453002414 2.5
      vertex 17.139442080259325 8.84101202517744 2.5
    endloop
  endfacet
  facet normal 0 0 1
    outer loop
      vertex 17.054553942382338 9.078710297048053 2.5
      vertex 17.139442080259325 8.84101202517744 2.5
      vertex 17.18841529041529 8.858529465198478 2.5
    endloop
  endfacet
  facet normal 0 0 1
    outer loop
      vertex 17.054553942382338 9.078710297048053 2.5
      vertex 17.18841529041529 8.858529465198478 2.5
      vertex 17.083786369860174 9.09155185699459 2.5
    endloop
  endfacet
  facet normal 0 0 1
    outer loop
      vertex 17.083786369860174 9.09155185699459 2.5
      vertex 17.18841529041529 8.858529465198478 2.5
      vertex 17.11139105409384 9.105616429746112 2.5
    endloop
  endfacet
  facet normal 0 0 1
    outer loop
      vertex 17.11139105409384 9.105616429746112 2.5
      vertex 17.18841529041529 8.858529465198478 2.5
      vertex 17.23499048650265 8.87810778796669 2.5
    endloop
  endfacet
  facet normal 0 0 1
    outer loop
      vertex 17.11139105409384 9.105616429746112 2.5
      vertex 17.23499048650265 8.87810778796669 2.5
      vertex 17.137368002533915 9.120904000401458 2.5
    endloop
  endfacet
  facet normal 0 0 1
    outer loop
      vertex 17.137368002533915 9.120904000401458 2.5
      vertex 17.279167668521406 8.899746978580913 2.5
      vertex 17.161563263833525 9.137376094162425 2.5
    endloop
  endfacet
  facet normal 0 0 1
    outer loop
      vertex 17.137368002533915 9.120904000401458 2.5
      vertex 17.23499048650265 8.87810778796669 2.5
      vertex 17.279167668521406 8.899746978580913 2.5
    endloop
  endfacet
  facet normal 0 0 1
    outer loop
      vertex 17.161563263833525 9.137376094162425 2.5
      vertex 17.32094684392214 8.92344705194231 2.5
      vertex 17.183822908997538 9.15499422132965 2.5
    endloop
  endfacet
  facet normal 0 0 1
    outer loop
      vertex 17.04514281600714 9.748906465172729 2.5
      vertex 17.06089675575495 9.74250215470787 2.5
      vertex 17.151192003488543 10.01766400218006 2.5
    endloop
  endfacet
  facet normal 0 0 1
    outer loop
      vertex 17.06089675575495 9.74250215470787 2.5
      vertex 17.07622693628073 9.735924305319747 2.5
      vertex 17.180448712408545 10.006608093082866 2.5
    endloop
  endfacet
  facet normal 0 0 1
    outer loop
      vertex 17.012363643944266 9.761194461882075 2.5
      vertex 17.12143427282572 10.028199577629527 2.5
      vertex 17.106396497786047 10.033293964266738 2.5
    endloop
  endfacet
  facet normal 0 0 1
    outer loop
      vertex 17.028965109586718 9.755137229263743 2.5
      vertex 17.136366108059885 10.022989587783774 2.5
      vertex 17.12143427282572 10.028199577629527 2.5
    endloop
  endfacet
  facet normal 0 0 1
    outer loop
      vertex 17.04514281600714 9.748906465172729 2.5
      vertex 17.151192003488543 10.01766400218006 2.5
      vertex 17.136366108059885 10.022989587783774 2.5
    endloop
  endfacet
  facet normal 0 0 1
    outer loop
      vertex 17.07622693628073 9.735924305319747 2.5
      vertex 17.091133350133898 9.729172924458942 2.5
      vertex 17.194860213994982 10.000863293111285 2.5
    endloop
  endfacet
  facet normal 0 0 1
    outer loop
      vertex 17.091133350133898 9.729172924458942 2.5
      vertex 17.105615997314455 9.722247997224292 2.5
      vertex 17.22324951142073 9.988939979970416 2.5
    endloop
  endfacet
  facet normal 0 0 1
    outer loop
      vertex 17.105615997314455 9.722247997224292 2.5
      vertex 17.11964477747679 9.715095432400664 2.5
      vertex 17.23722731471062 9.982761466801128 2.5
    endloop
  endfacet
  facet normal 0 0 1
    outer loop
      vertex 17.06089675575495 9.74250215470787 2.5
      vertex 17.165892639756205 10.012208329439124 2.5
      vertex 17.151192003488543 10.01766400218006 2.5
    endloop
  endfacet
  facet normal 0 0 1
    outer loop
      vertex 17.06089675575495 9.74250215470787 2.5
      vertex 17.180448712408545 10.006608093082866 2.5
      vertex 17.165892639756205 10.012208329439124 2.5
    endloop
  endfacet
  facet normal 0 0 1
    outer loop
      vertex 17.07622693628073 9.735924305319747 2.5
      vertex 17.194860213994982 10.000863293111285 2.5
      vertex 17.180448712408545 10.006608093082866 2.5
    endloop
  endfacet
  facet normal 0 0 1
    outer loop
      vertex 17.11964477747679 9.715095432400664 2.5
      vertex 17.133182199299338 9.707653725445232 2.5
      vertex 17.26474920809269 9.969970742166003 2.5
    endloop
  endfacet
  facet normal 0 0 1
    outer loop
      vertex 17.1462282627821 9.699922891259154 2.5
      vertex 17.278293298184874 9.963358530700168 2.5
      vertex 17.133182199299338 9.707653725445232 2.5
    endloop
  endfacet
  facet normal 0 0 1
    outer loop
      vertex 17.091133350133898 9.729172924458942 2.5
      vertex 17.209127144515517 9.994973914623221 2.5
      vertex 17.194860213994982 10.000863293111285 2.5
    endloop
  endfacet
  facet normal 0 0 1
    outer loop
      vertex 17.091133350133898 9.729172924458942 2.5
      vertex 17.22324951142073 9.988939979970416 2.5
      vertex 17.209127144515517 9.994973914623221 2.5
    endloop
  endfacet
  facet normal 0 0 1
    outer loop
      vertex 17.105615997314455 9.722247997224292 2.5
      vertex 17.23722731471062 9.982761466801128 2.5
      vertex 17.22324951142073 9.988939979970416 2.5
    endloop
  endfacet
  facet normal 0 0 1
    outer loop
      vertex 17.1462282627821 9.699922891259154 2.5
      vertex 17.158782960474493 9.691902914941272 2.5
      vertex 17.304947787523272 9.949700402021369 2.5
    endloop
  endfacet
  facet normal 0 0 1
    outer loop
      vertex 17.11964477747679 9.715095432400664 2.5
      vertex 17.251060546934607 9.976438390016517 2.5
      vertex 17.23722731471062 9.982761466801128 2.5
    endloop
  endfacet
  facet normal 0 0 1
    outer loop
      vertex 17.11964477747679 9.715095432400664 2.5
      vertex 17.26474920809269 9.969970742166003 2.5
      vertex 17.251060546934607 9.976438390016517 2.5
    endloop
  endfacet
  facet normal 0 0 1
    outer loop
      vertex 17.158782960474493 9.691902914941272 2.5
      vertex 17.17084629237652 9.683593796491584 2.5
      vertex 17.318058179318907 9.942654484808406 2.5
    endloop
  endfacet
  facet normal 0 0 1
    outer loop
      vertex 17.17084629237652 9.683593796491584 2.5
      vertex 17.18241827338934 9.674995550811252 2.5
      vertex 17.343791151046755 9.928079524934253 2.5
    endloop
  endfacet
  facet normal 0 0 1
    outer loop
      vertex 17.133182199299338 9.707653725445232 2.5
      vertex 17.278293298184874 9.963358530700168 2.5
      vertex 17.26474920809269 9.969970742166003 2.5
    endloop
  endfacet
  facet normal 0 0 1
    outer loop
      vertex 17.161563263833525 9.137376094162425 2.5
      vertex 17.279167668521406 8.899746978580913 2.5
      vertex 17.32094684392214 8.92344705194231 2.5
    endloop
  endfacet
  facet normal 0 0 1
    outer loop
      vertex 17.183822908997538 9.15499422132965 2.5
      vertex 17.36032799780369 8.949208000600299 2.5
      vertex 17.204146938025954 9.173758389353713 2.5
    endloop
  endfacet
  facet normal 0 0 1
    outer loop
      vertex 17.204146938025954 9.173758389353713 2.5
      vertex 17.397045159339907 8.976846771240195 2.5
      vertex 17.22253533601761 9.193668590784034 2.5
    endloop
  endfacet
  facet normal 0 0 1
    outer loop
      vertex 17.183822908997538 9.15499422132965 2.5
      vertex 17.32094684392214 8.92344705194231 2.5
      vertex 17.36032799780369 8.949208000600299 2.5
    endloop
  endfacet
  facet normal 0 0 1
    outer loop
      vertex 17.22253533601761 9.193668590784034 2.5
      vertex 17.430824944376948 9.006180310547313 2.5
      vertex 17.23898811787367 9.214724825620612 2.5
    endloop
  endfacet
  facet normal 0 0 1
    outer loop
      vertex 17.204146938025954 9.173758389353713 2.5
      vertex 17.36032799780369 8.949208000600299 2.5
      vertex 17.397045159339907 8.976846771240195 2.5
    endloop
  endfacet
  facet normal 0 0 1
    outer loop
      vertex 17.22253533601761 9.193668590784034 2.5
      vertex 17.397045159339907 8.976846771240195 2.5
      vertex 17.430824944376948 9.006180310547313 2.5
    endloop
  endfacet
  facet normal 0 0 1
    outer loop
      vertex 17.23898811787367 9.214724825620612 2.5
      vertex 17.489572399854662 9.069931695163211 2.5
      vertex 17.253505276143553 9.236927101314029 2.5
    endloop
  endfacet
  facet normal 0 0 1
    outer loop
      vertex 17.253505276143553 9.236927101314029 2.5
      vertex 17.514540070295336 9.104349540471992 2.5
      vertex 17.266086818277838 9.260275410413703 2.5
    endloop
  endfacet
  facet normal 0 0 1
    outer loop
      vertex 17.23898811787367 9.214724825620612 2.5
      vertex 17.430824944376948 9.006180310547313 2.5
      vertex 17.461667360365393 9.037208618521651 2.5
    endloop
  endfacet
  facet normal 0 0 1
    outer loop
      vertex 17.266086818277838 9.260275410413703 2.5
      vertex 17.536570364236834 9.140462154447993 2.5
      vertex 17.276732736825945 9.284769752919635 2.5
    endloop
  endfacet
  facet normal 0 0 1
    outer loop
      vertex 17.276732736825945 9.284769752919635 2.5
      vertex 17.555663289129736 9.178269537091216 2.5
      vertex 17.285443031787874 9.310410128831824 2.5
    endloop
  endfacet
  facet normal 0 0 1
    outer loop
      vertex 17.285443031787874 9.310410128831824 2.5
      vertex 17.585037016868593 9.258968615829906 2.5
      vertex 17.292217703163626 9.337196545600852 2.5
    endloop
  endfacet
  facet normal 0 0 1
    outer loop
      vertex 17.223792569339277 9.637711198925933 2.5
      vertex 17.232907736301424 9.627667264938315 2.5
      vertex 17.446988025307657 9.850333588123283 2.5
    endloop
  endfacet
  facet normal 0 0 1
    outer loop
      vertex 17.232907736301424 9.627667264938315 2.5
      vertex 17.241531552374365 9.617334203720054 2.5
      vertex 17.467058838903906 9.830297985970935 2.5
    endloop
  endfacet
  facet normal 0 0 1
    outer loop
      vertex 17.18241827338934 9.674995550811252 2.5
      vertex 17.193498888611796 9.666108162999114 2.5
      vertex 17.368544945120814 9.912558199763259 2.5
    endloop
  endfacet
  facet normal 0 0 1
    outer loop
      vertex 17.1462282627821 9.699922891259154 2.5
      vertex 17.291692832112314 9.95660174816843 2.5
      vertex 17.278293298184874 9.963358530700168 2.5
    endloop
  endfacet
  facet normal 0 0 1
    outer loop
      vertex 17.1462282627821 9.699922891259154 2.5
      vertex 17.304947787523272 9.949700402021369 2.5
      vertex 17.291692832112314 9.95660174816843 2.5
    endloop
  endfacet
  facet normal 0 0 1
    outer loop
      vertex 17.193498888611796 9.666108162999114 2.5
      vertex 17.204088145494463 9.656931647956332 2.5
      vertex 17.392258079349997 9.896033706068954 2.5
    endloop
  endfacet
  facet normal 0 0 1
    outer loop
      vertex 17.204088145494463 9.656931647956332 2.5
      vertex 17.214186036586764 9.647465990781745 2.5
      vertex 17.403724403679373 9.887395264506301 2.5
    endloop
  endfacet
  facet normal 0 0 1
    outer loop
      vertex 17.158782960474493 9.691902914941272 2.5
      vertex 17.318058179318907 9.942654484808406 2.5
      vertex 17.304947787523272 9.949700402021369 2.5
    endloop
  endfacet
  facet normal 0 0 1
    outer loop
      vertex 17.17084629237652 9.683593796491584 2.5
      vertex 17.33102400004864 9.93546399652954 2.5
      vertex 17.318058179318907 9.942654484808406 2.5
    endloop
  endfacet
  facet normal 0 0 1
    outer loop
      vertex 17.214186036586764 9.647465990781745 2.5
      vertex 17.223792569339277 9.637711198925933 2.5
      vertex 17.425876544415953 9.869366014301738 2.5
    endloop
  endfacet
  facet normal 0 0 1
    outer loop
      vertex 17.17084629237652 9.683593796491584 2.5
      vertex 17.343791151046755 9.928079524934253 2.5
      vertex 17.33102400004864 9.93546399652954 2.5
    endloop
  endfacet
  facet normal 0 0 1
    outer loop
      vertex 17.18241827338934 9.674995550811252 2.5
      vertex 17.356298127770426 9.920444259345492 2.5
      vertex 17.343791151046755 9.928079524934253 2.5
    endloop
  endfacet
  facet normal 0 0 1
    outer loop
      vertex 17.18241827338934 9.674995550811252 2.5
      vertex 17.368544945120814 9.912558199763259 2.5
      vertex 17.356298127770426 9.920444259345492 2.5
    endloop
  endfacet
  facet normal 0 0 1
    outer loop
      vertex 17.193498888611796 9.666108162999114 2.5
      vertex 17.380531595647337 9.904421346187553 2.5
      vertex 17.368544945120814 9.912558199763259 2.5
    endloop
  endfacet
  facet normal 0 0 1
    outer loop
      vertex 17.241531552374365 9.617334203720054 2.5
      vertex 17.24966400265694 9.606712000369987 2.5
      vertex 17.48606016635895 9.809243882000407 2.5
    endloop
  endfacet
  facet normal 0 0 1
    outer loop
      vertex 17.24966400265694 9.606712000369987 2.5
      vertex 17.257247434556486 9.595694864094218 2.5
      vertex 17.512221725285055 9.77553041458126 2.5
    endloop
  endfacet
  facet normal 0 0 1
    outer loop
      vertex 17.257247434556486 9.595694864094218 2.5
      vertex 17.264224188029768 9.584176996648273 2.5
      vertex 17.528073655068876 9.75161051183935 2.5
    endloop
  endfacet
  facet normal 0 0 1
    outer loop
      vertex 17.292217703163626 9.337196545600852 2.5
      vertex 17.59531781971455 9.301860304474792 2.5
      vertex 17.29705675840378 9.365128995776137 2.5
    endloop
  endfacet
  facet normal 0 0 1
    outer loop
      vertex 17.270594270527365 9.572158390581569 2.5
      vertex 17.276357682049277 9.559639053344688 2.5
      vertex 17.55596364438534 9.700304472744426 2.5
    endloop
  endfacet
  facet normal 0 0 1
    outer loop
      vertex 17.276357682049277 9.559639053344688 2.5
      vertex 17.281514415144922 9.546618984937629 2.5
      vertex 17.568001703917982 9.67291834384199 2.5
    endloop
  endfacet
  facet normal 0 0 1
    outer loop
      vertex 17.264224188029768 9.584176996648273 2.5
      vertex 17.270594270527365 9.572158390581569 2.5
      vertex 17.542654292285444 9.726535195410213 2.5
    endloop
  endfacet
  facet normal 0 0 1
    outer loop
      vertex 17.281514415144922 9.546618984937629 2.5
      vertex 17.286064469814303 9.533098177909812 2.5
      vertex 17.578720332682135 9.644328521490058 2.5
    endloop
  endfacet
  facet normal 0 0 1
    outer loop
      vertex 17.286064469814303 9.533098177909812 2.5
      vertex 17.29000786095858 9.519076639711818 2.5
      vertex 17.587830671668055 9.614245304763278 2.5
    endloop
  endfacet
  facet normal 0 0 1
    outer loop
      vertex 17.293344566226008 9.504554370343646 2.5
      vertex 17.595284590125086 9.582620398998221 2.5
      vertex 17.29000786095858 9.519076639711818 2.5
    endloop
  endfacet
  facet normal 0 0 1
    outer loop
      vertex 17.193498888611796 9.666108162999114 2.5
      vertex 17.392258079349997 9.896033706068954 2.5
      vertex 17.380531595647337 9.904421346187553 2.5
    endloop
  endfacet
  facet normal 0 0 1
    outer loop
      vertex 17.204088145494463 9.656931647956332 2.5
      vertex 17.403724403679373 9.887395264506301 2.5
      vertex 17.392258079349997 9.896033706068954 2.5
    endloop
  endfacet
  facet normal 0 0 1
    outer loop
      vertex 17.214186036586764 9.647465990781745 2.5
      vertex 17.425876544415953 9.869366014301738 2.5
      vertex 17.414930553734305 9.878506036400756 2.5
    endloop
  endfacet
  facet normal 0 0 1
    outer loop
      vertex 17.214186036586764 9.647465990781745 2.5
      vertex 17.414930553734305 9.878506036400756 2.5
      vertex 17.403724403679373 9.887395264506301 2.5
    endloop
  endfacet
  facet normal 0 0 1
    outer loop
      vertex 17.223792569339277 9.637711198925933 2.5
      vertex 17.436562368273737 9.859975198209247 2.5
      vertex 17.425876544415953 9.869366014301738 2.5
    endloop
  endfacet
  facet normal 0 0 1
    outer loop
      vertex 17.223792569339277 9.637711198925933 2.5
      vertex 17.446988025307657 9.850333588123283 2.5
      vertex 17.436562368273737 9.859975198209247 2.5
    endloop
  endfacet
  facet normal 0 0 1
    outer loop
      vertex 17.232907736301424 9.627667264938315 2.5
      vertex 17.457153515517714 9.840441184043845 2.5
      vertex 17.446988025307657 9.850333588123283 2.5
    endloop
  endfacet
  facet normal 0 0 1
    outer loop
      vertex 17.232907736301424 9.627667264938315 2.5
      vertex 17.467058838903906 9.830297985970935 2.5
      vertex 17.457153515517714 9.840441184043845 2.5
    endloop
  endfacet
  facet normal 0 0 1
    outer loop
      vertex 17.241531552374365 9.617334203720054 2.5
      vertex 17.476704002916815 9.819904001355132 2.5
      vertex 17.467058838903906 9.830297985970935 2.5
    endloop
  endfacet
  facet normal 0 0 1
    outer loop
      vertex 16.739104898273947 10.898630434572658 2.5
      vertex 16.774437868595125 10.896198483109435 2.5
      vertex 16.783663669228556 11.13210428684946 2.5
    endloop
  endfacet
  facet normal 0 0 1
    outer loop
      vertex 16.774437868595125 10.896198483109435 2.5
      vertex 16.808480517566206 10.892793754041156 2.5
      vertex 16.83831479549408 11.128564642667731 2.5
    endloop
  endfacet
  facet normal 0 0 1
    outer loop
      vertex 16.808480517566206 10.892793754041156 2.5
      vertex 16.84123285263777 10.88841623991724 2.5
      vertex 16.83831479549408 11.128564642667731 2.5
    endloop
  endfacet
  facet normal 0 0 1
    outer loop
      vertex 16.774437868595125 10.896198483109435 2.5
      vertex 16.83831479549408 11.128564642667731 2.5
      vertex 16.783663669228556 11.13210428684946 2.5
    endloop
  endfacet
  facet normal 0 0 1
    outer loop
      vertex 16.84123285263777 10.88841623991724 2.5
      vertex 16.872694866359236 10.883065940737685 2.5
      vertex 16.890789443254473 11.123609134852847 2.5
    endloop
  endfacet
  facet normal 0 0 1
    outer loop
      vertex 16.84123285263777 10.88841623991724 2.5
      vertex 16.890789443254473 11.123609134852847 2.5
      vertex 16.83831479549408 11.128564642667731 2.5
    endloop
  endfacet
  facet normal 0 0 1
    outer loop
      vertex 16.872694866359236 10.883065940737685 2.5
      vertex 16.902866558730604 10.876742863953075 2.5
      vertex 16.94108761996031 11.117237778305968 2.5
    endloop
  endfacet
  facet normal 0 0 1
    outer loop
      vertex 16.872694866359236 10.883065940737685 2.5
      vertex 16.94108761996031 11.117237778305968 2.5
      vertex 16.890789443254473 11.123609134852847 2.5
    endloop
  endfacet
  facet normal 0 0 1
    outer loop
      vertex 16.902866558730604 10.876742863953075 2.5
      vertex 16.931747929751875 10.869447009563407 2.5
      vertex 16.989209325611593 11.109450558125934 2.5
    endloop
  endfacet
  facet normal 0 0 1
    outer loop
      vertex 16.902866558730604 10.876742863953075 2.5
      vertex 16.989209325611593 11.109450558125934 2.5
      vertex 16.94108761996031 11.117237778305968 2.5
    endloop
  endfacet
  facet normal 0 0 1
    outer loop
      vertex 16.931747929751875 10.869447009563407 2.5
      vertex 16.95933897942305 10.861178370118102 2.5
      vertex 16.989209325611593 11.109450558125934 2.5
    endloop
  endfacet
  facet normal 0 0 1
    outer loop
      vertex 16.95933897942305 10.861178370118102 2.5
      vertex 16.985639715194704 10.85193694561716 2.5
      vertex 17.035154552757742 11.100247481763324 2.5
    endloop
  endfacet
  facet normal 0 0 1
    outer loop
      vertex 16.95933897942305 10.861178370118102 2.5
      vertex 17.035154552757742 11.100247481763324 2.5
      vertex 16.989209325611593 11.109450558125934 2.5
    endloop
  endfacet
  facet normal 0 0 1
    outer loop
      vertex 17.010650129616263 10.841722743511161 2.5
      vertex 17.078923316299917 11.089628541767558 2.5
      vertex 16.985639715194704 10.85193694561716 2.5
    endloop
  endfacet
  facet normal 0 0 1
    outer loop
      vertex 16.985639715194704 10.85193694561716 2.5
      vertex 17.078923316299917 11.089628541767558 2.5
      vertex 17.035154552757742 11.100247481763324 2.5
    endloop
  endfacet
  facet normal 0 0 1
    outer loop
      vertex 17.010650129616263 10.841722743511161 2.5
      vertex 17.034370222687723 10.830535763800105 2.5
      vertex 17.120515601336958 11.077593753039798 2.5
    endloop
  endfacet
  facet normal 0 0 1
    outer loop
      vertex 17.010650129616263 10.841722743511161 2.5
      vertex 17.120515601336958 11.077593753039798 2.5
      vertex 17.078923316299917 11.089628541767558 2.5
    endloop
  endfacet
  facet normal 0 0 1
    outer loop
      vertex 17.1172995954752 10.775117630064448 2.5
      vertex 17.135308684408667 10.758328849375209 2.5
      vertex 17.296186366677286 10.995896899998149 2.5
    endloop
  endfacet
  facet normal 0 0 1
    outer loop
      vertex 17.135308684408667 10.758328849375209 2.5
      vertex 17.15223905593157 10.740355411469897 2.5
      vertex 17.353928381204607 10.951118865907153 2.5
    endloop
  endfacet
  facet normal 0 0 1
    outer loop
      vertex 17.15223905593157 10.740355411469897 2.5
      vertex 17.168090695142748 10.721197301447353 2.5
      vertex 17.38060402274132 10.92573993086811 2.5
    endloop
  endfacet
  facet normal 0 0 1
    outer loop
      vertex 17.034370222687723 10.830535763800105 2.5
      vertex 17.056800001859667 10.818375999033412 2.5
      vertex 17.159931407868864 11.064143100678882 2.5
    endloop
  endfacet
  facet normal 0 0 1
    outer loop
      vertex 17.056800001859667 10.818375999033412 2.5
      vertex 17.07804525792599 10.80514120489355 2.5
      vertex 17.197170743346216 11.04927659213539 2.5
    endloop
  endfacet
  facet normal 0 0 1
    outer loop
      vertex 17.034370222687723 10.830535763800105 2.5
      vertex 17.159931407868864 11.064143100678882 2.5
      vertex 17.120515601336958 11.077593753039798 2.5
    endloop
  endfacet
  facet normal 0 0 1
    outer loop
      vertex 17.07804525792599 10.80514120489355 2.5
      vertex 17.098211789131167 10.790721753537616 2.5
      vertex 17.232233607769015 11.032994227409324 2.5
    endloop
  endfacet
  facet normal 0 0 1
    outer loop
      vertex 17.056800001859667 10.818375999033412 2.5
      vertex 17.197170743346216 11.04927659213539 2.5
      vertex 17.159931407868864 11.064143100678882 2.5
    endloop
  endfacet
  facet normal 0 0 1
    outer loop
      vertex 17.098211789131167 10.790721753537616 2.5
      vertex 17.1172995954752 10.775117630064448 2.5
      vertex 17.26512000113726 11.015295999050101 2.5
    endloop
  endfacet
  facet normal 0 0 1
    outer loop
      vertex 17.07804525792599 10.80514120489355 2.5
      vertex 17.232233607769015 11.032994227409324 2.5
      vertex 17.197170743346216 11.04927659213539 2.5
    endloop
  endfacet
  facet normal 0 0 1
    outer loop
      vertex 17.098211789131167 10.790721753537616 2.5
      vertex 17.26512000113726 11.015295999050101 2.5
      vertex 17.232233607769015 11.032994227409324 2.5
    endloop
  endfacet
  facet normal 0 0 1
    outer loop
      vertex 17.1172995954752 10.775117630064448 2.5
      vertex 17.296186366677286 10.995896899998149 2.5
      vertex 17.26512000113726 11.015295999050101 2.5
    endloop
  endfacet
  facet normal 0 0 1
    outer loop
      vertex 17.168090695142748 10.721197301447353 2.5
      vertex 17.182863624393942 10.700854534208736 2.5
      vertex 17.405816094577315 10.89836771965023 2.5
    endloop
  endfacet
  facet normal 0 0 1
    outer loop
      vertex 17.182863624393942 10.700854534208736 2.5
      vertex 17.19655782133341 10.679327102303466 2.5
      vertex 17.42956458926201 10.869002224802932 2.5
    endloop
  endfacet
  facet normal 0 0 1
    outer loop
      vertex 17.19655782133341 10.679327102303466 2.5
      vertex 17.209173300862314 10.656615005731544 2.5
      vertex 17.47267086207867 10.804291406571826 2.5
    endloop
  endfacet
  facet normal 0 0 1
    outer loop
      vertex 17.209173300862314 10.656615005731544 2.5
      vertex 17.220710055530073 10.63271825194355 2.5
      vertex 17.49202864021063 10.768946083188018 2.5
    endloop
  endfacet
  facet normal 0 0 1
    outer loop
      vertex 17.231168092787268 10.607636826038322 2.5
      vertex 17.240547405183317 10.581370742917022 2.5
      vertex 17.52635346502066 10.69227560043331 2.5
    endloop
  endfacet
  facet normal 0 0 1
    outer loop
      vertex 17.240547405183317 10.581370742917022 2.5
      vertex 17.248848000168802 10.55392000257965 2.5
      vertex 17.541320519149306 10.650950441062411 2.5
    endloop
  endfacet
  facet normal 0 0 1
    outer loop
      vertex 17.220710055530073 10.63271825194355 2.5
      vertex 17.231168092787268 10.607636826038322 2.5
      vertex 17.509922841191294 10.731607476174792 2.5
    endloop
  endfacet
  facet normal 0 0 1
    outer loop
      vertex 17.182863624393942 10.700854534208736 2.5
      vertex 17.42956458926201 10.869002224802932 2.5
      vertex 17.405816094577315 10.89836771965023 2.5
    endloop
  endfacet
  facet normal 0 0 1
    outer loop
      vertex 17.19655782133341 10.679327102303466 2.5
      vertex 17.45184951424599 10.837643453776797 2.5
      vertex 17.42956458926201 10.869002224802932 2.5
    endloop
  endfacet
  facet normal 0 0 1
    outer loop
      vertex 17.19655782133341 10.679327102303466 2.5
      vertex 17.47267086207867 10.804291406571826 2.5
      vertex 17.45184951424599 10.837643453776797 2.5
    endloop
  endfacet
  facet normal 0 0 1
    outer loop
      vertex 17.209173300862314 10.656615005731544 2.5
      vertex 17.49202864021063 10.768946083188018 2.5
      vertex 17.47267086207867 10.804291406571826 2.5
    endloop
  endfacet
  facet normal 0 0 1
    outer loop
      vertex 17.135308684408667 10.758328849375209 2.5
      vertex 17.325789162516596 10.97450451731678 2.5
      vertex 17.296186366677286 10.995896899998149 2.5
    endloop
  endfacet
  facet normal 0 0 1
    outer loop
      vertex 17.135308684408667 10.758328849375209 2.5
      vertex 17.353928381204607 10.951118865907153 2.5
      vertex 17.325789162516596 10.97450451731678 2.5
    endloop
  endfacet
  facet normal 0 0 1
    outer loop
      vertex 17.15223905593157 10.740355411469897 2.5
      vertex 17.38060402274132 10.92573993086811 2.5
      vertex 17.353928381204607 10.951118865907153 2.5
    endloop
  endfacet
  facet normal 0 0 1
    outer loop
      vertex 17.168090695142748 10.721197301447353 2.5
      vertex 17.405816094577315 10.89836771965023 2.5
      vertex 17.38060402274132 10.92573993086811 2.5
    endloop
  endfacet
  facet normal 0 0 -1
    outer loop
      vertex 17.23898811787367 9.214724825620612 1.98
      vertex 17.489572399854662 9.069931695163211 1.98
      vertex 17.461667360365393 9.037208618521651 1.98
    endloop
  endfacet
  facet normal 0 0 -1
    outer loop
      vertex 17.253505276143553 9.236927101314029 1.98
      vertex 17.514540070295336 9.104349540471992 1.98
      vertex 17.489572399854662 9.069931695163211 1.98
    endloop
  endfacet
  facet normal 0 0 -1
    outer loop
      vertex 17.266086818277838 9.260275410413703 1.98
      vertex 17.536570364236834 9.140462154447993 1.98
      vertex 17.514540070295336 9.104349540471992 1.98
    endloop
  endfacet
  facet normal 0 0 -1
    outer loop
      vertex 17.276732736825945 9.284769752919635 1.98
      vertex 17.555663289129736 9.178269537091216 1.98
      vertex 17.536570364236834 9.140462154447993 1.98
    endloop
  endfacet
  facet normal 0 0 -1
    outer loop
      vertex 17.285443031787874 9.310410128831824 1.98
      vertex 17.571818837523463 9.21777169585224 1.98
      vertex 17.555663289129736 9.178269537091216 1.98
    endloop
  endfacet
  facet normal 0 0 -1
    outer loop
      vertex 17.285443031787874 9.310410128831824 1.98
      vertex 17.585037016868593 9.258968615829906 1.98
      vertex 17.571818837523463 9.21777169585224 1.98
    endloop
  endfacet
  facet normal 0 0 -1
    outer loop
      vertex 17.292217703163626 9.337196545600852 1.98
      vertex 17.59531781971455 9.301860304474792 1.98
      vertex 17.585037016868593 9.258968615829906 1.98
    endloop
  endfacet
  facet normal 0 0 -1
    outer loop
      vertex 17.29705675840378 9.365128995776137 1.98
      vertex 17.299960190057757 9.39420747935768 1.98
      vertex 17.602661253511908 9.34644676923748 1.98
    endloop
  endfacet
  facet normal 0 0 -1
    outer loop
      vertex 17.299960190057757 9.39420747935768 1.98
      vertex 17.300927998125555 9.424431996345481 1.98
      vertex 17.60706731081009 9.392728002667388 1.98
    endloop
  endfacet
  facet normal 0 0 -1
    outer loop
      vertex 17.300927998125555 9.424431996345481 1.98
      vertex 17.300624662637713 9.441457943916282 1.98
      vertex 17.60853599905968 9.440703997313937 1.98
    endloop
  endfacet
  facet normal 0 0 -1
    outer loop
      vertex 17.300624662637713 9.441457943916282 1.98
      vertex 17.299714648723604 9.457983145415744 1.98
      vertex 17.60832894742489 9.459792518913707 1.98
    endloop
  endfacet
  facet normal 0 0 -1
    outer loop
      vertex 17.29819796383381 9.47400762319561 1.98
      vertex 17.296074600517752 9.489531362354716 1.98
      vertex 17.60522315055132 9.514745565056762 1.98
    endloop
  endfacet
  facet normal 0 0 -1
    outer loop
      vertex 17.293344566226008 9.504554370343646 1.98
      vertex 17.601082080602648 9.54945381909605 1.98
      vertex 17.296074600517752 9.489531362354716 1.98
    endloop
  endfacet
  facet normal 0 0 -1
    outer loop
      vertex 17.299714648723604 9.457983145415744 1.98
      vertex 17.29819796383381 9.47400762319561 1.98
      vertex 17.60667251944542 9.496813299059829 1.98
    endloop
  endfacet
  facet normal 0 0 -1
    outer loop
      vertex 17.257247434556486 9.595694864094218 1.98
      vertex 17.520306603610518 9.763714888989886 1.98
      vertex 17.528073655068876 9.75161051183935 1.98
    endloop
  endfacet
  facet normal 0 0 -1
    outer loop
      vertex 17.264224188029768 9.584176996648273 1.98
      vertex 17.528073655068876 9.75161051183935 1.98
      vertex 17.535522887110712 9.739217275679072 1.98
    endloop
  endfacet
  facet normal 0 0 -1
    outer loop
      vertex 17.264224188029768 9.584176996648273 1.98
      vertex 17.535522887110712 9.739217275679072 1.98
      vertex 17.542654292285444 9.726535195410213 1.98
    endloop
  endfacet
  facet normal 0 0 -1
    outer loop
      vertex 17.270594270527365 9.572158390581569 1.98
      vertex 17.542654292285444 9.726535195410213 1.98
      vertex 17.549467878043654 9.71356426358219 1.98
    endloop
  endfacet
  facet normal 0 0 -1
    outer loop
      vertex 17.276357682049277 9.559639053344688 1.98
      vertex 17.55596364438534 9.700304472744426 1.98
      vertex 17.562141583859923 9.68675583779808 1.98
    endloop
  endfacet
  facet normal 0 0 -1
    outer loop
      vertex 17.270594270527365 9.572158390581569 1.98
      vertex 17.549467878043654 9.71356426358219 1.98
      vertex 17.55596364438534 9.700304472744426 1.98
    endloop
  endfacet
  facet normal 0 0 -1
    outer loop
      vertex 17.276357682049277 9.559639053344688 1.98
      vertex 17.562141583859923 9.68675583779808 1.98
      vertex 17.568001703917982 9.67291834384199 1.98
    endloop
  endfacet
  facet normal 0 0 -1
    outer loop
      vertex 17.281514415144922 9.546618984937629 1.98
      vertex 17.568001703917982 9.67291834384199 1.98
      vertex 17.57354399710894 9.65879199832674 1.98
    endloop
  endfacet
  facet normal 0 0 -1
    outer loop
      vertex 17.241531552374365 9.617334203720054 1.98
      vertex 17.476704002916815 9.819904001355132 1.98
      vertex 17.48606016635895 9.809243882000407 1.98
    endloop
  endfacet
  facet normal 0 0 -1
    outer loop
      vertex 17.24966400265694 9.606712000369987 1.98
      vertex 17.48606016635895 9.809243882000407 1.98
      vertex 17.49509851038456 9.79829491108652 1.98
    endloop
  endfacet
  facet normal 0 0 -1
    outer loop
      vertex 17.24966400265694 9.606712000369987 1.98
      vertex 17.49509851038456 9.79829491108652 1.98
      vertex 17.50381902754307 9.787057088613471 1.98
    endloop
  endfacet
  facet normal 0 0 -1
    outer loop
      vertex 17.24966400265694 9.606712000369987 1.98
      vertex 17.50381902754307 9.787057088613471 1.98
      vertex 17.512221725285055 9.77553041458126 1.98
    endloop
  endfacet
  facet normal 0 0 -1
    outer loop
      vertex 17.257247434556486 9.595694864094218 1.98
      vertex 17.512221725285055 9.77553041458126 1.98
      vertex 17.520306603610518 9.763714888989886 1.98
    endloop
  endfacet
  facet normal 0 0 -1
    outer loop
      vertex 17.29705675840378 9.365128995776137 1.98
      vertex 17.602661253511908 9.34644676923748 1.98
      vertex 17.59531781971455 9.301860304474792 1.98
    endloop
  endfacet
  facet normal 0 0 -1
    outer loop
      vertex 17.299960190057757 9.39420747935768 1.98
      vertex 17.60706731081009 9.392728002667388 1.98
      vertex 17.602661253511908 9.34644676923748 1.98
    endloop
  endfacet
  facet normal 0 0 -1
    outer loop
      vertex 17.300927998125555 9.424431996345481 1.98
      vertex 17.60853599905968 9.440703997313937 1.98
      vertex 17.60706731081009 9.392728002667388 1.98
    endloop
  endfacet
  facet normal 0 0 -1
    outer loop
      vertex 17.299714648723604 9.457983145415744 1.98
      vertex 17.607707785069945 9.478495621979198 1.98
      vertex 17.60832894742489 9.459792518913707 1.98
    endloop
  endfacet
  facet normal 0 0 -1
    outer loop
      vertex 17.300624662637713 9.441457943916282 1.98
      vertex 17.60832894742489 9.459792518913707 1.98
      vertex 17.60853599905968 9.440703997313937 1.98
    endloop
  endfacet
  facet normal 0 0 -1
    outer loop
      vertex 17.296074600517752 9.489531362354716 1.98
      vertex 17.603359670937063 9.532292405068835 1.98
      vertex 17.60522315055132 9.514745565056762 1.98
    endloop
  endfacet
  facet normal 0 0 -1
    outer loop
      vertex 17.299714648723604 9.457983145415744 1.98
      vertex 17.60667251944542 9.496813299059829 1.98
      vertex 17.607707785069945 9.478495621979198 1.98
    endloop
  endfacet
  facet normal 0 0 -1
    outer loop
      vertex 17.29819796383381 9.47400762319561 1.98
      vertex 17.60522315055132 9.514745565056762 1.98
      vertex 17.60667251944542 9.496813299059829 1.98
    endloop
  endfacet
  facet normal 0 0 -1
    outer loop
      vertex 17.286064469814303 9.533098177909812 1.98
      vertex 17.578720332682135 9.644328521490058 1.98
      vertex 17.583482557535174 9.629479618668517 1.98
    endloop
  endfacet
  facet normal 0 0 -1
    outer loop
      vertex 17.286064469814303 9.533098177909812 1.98
      vertex 17.583482557535174 9.629479618668517 1.98
      vertex 17.587830671668055 9.614245304763278 1.98
    endloop
  endfacet
  facet normal 0 0 -1
    outer loop
      vertex 17.293344566226008 9.504554370343646 1.98
      vertex 17.595284590125086 9.582620398998221 1.98
      vertex 17.598390386998656 9.566229822039565 1.98
    endloop
  endfacet
  facet normal 0 0 -1
    outer loop
      vertex 17.29000786095858 9.519076639711818 1.98
      vertex 17.587830671668055 9.614245304763278 1.98
      vertex 17.59176468998194 9.59862556487318 1.98
    endloop
  endfacet
  facet normal 0 0 -1
    outer loop
      vertex 17.29000786095858 9.519076639711818 1.98
      vertex 17.59176468998194 9.59862556487318 1.98
      vertex 17.595284590125086 9.582620398998221 1.98
    endloop
  endfacet
  facet normal 0 0 -1
    outer loop
      vertex 17.281514415144922 9.546618984937629 1.98
      vertex 17.57354399710894 9.65879199832674 1.98
      vertex 17.578720332682135 9.644328521490058 1.98
    endloop
  endfacet
  facet normal 0 0 -1
    outer loop
      vertex 17.293344566226008 9.504554370343646 1.98
      vertex 17.598390386998656 9.566229822039565 1.98
      vertex 17.601082080602648 9.54945381909605 1.98
    endloop
  endfacet
  facet normal 0 0 -1
    outer loop
      vertex 17.296074600517752 9.489531362354716 1.98
      vertex 17.601082080602648 9.54945381909605 1.98
      vertex 17.603359670937063 9.532292405068835 1.98
    endloop
  endfacet
  facet normal 0 0 -1
    outer loop
      vertex 17.240547405183317 10.581370742917022 1.98
      vertex 17.52635346502066 10.69227560043331 1.98
      vertex 17.541320519149306 10.650950441062411 1.98
    endloop
  endfacet
  facet normal 0 0 -1
    outer loop
      vertex 17.220710055530073 10.63271825194355 1.98
      vertex 17.49202864021063 10.768946083188018 1.98
      vertex 17.509922841191294 10.731607476174792 1.98
    endloop
  endfacet
  facet normal 0 0 -1
    outer loop
      vertex 17.231168092787268 10.607636826038322 1.98
      vertex 17.509922841191294 10.731607476174792 1.98
      vertex 17.52635346502066 10.69227560043331 1.98
    endloop
  endfacet
  facet normal 0 0 -1
    outer loop
      vertex 17.248848000168802 10.55392000257965 1.98
      vertex 17.541320519149306 10.650950441062411 1.98
      vertex 17.554824003577234 10.607631998062095 1.98
    endloop
  endfacet
  facet normal 0.6556670679745132 -0.7550501281197859 0
    outer loop
      vertex 17.397045159339907 8.976846771240195 1.98
      vertex 17.430824944376948 9.006180310547313 1.98
      vertex 17.397045159339907 8.976846771240195 2.5
    endloop
  endfacet
  facet normal 0.7092280983132571 -0.7049790809399675 0
    outer loop
      vertex 17.430824944376948 9.006180310547313 1.98
      vertex 17.461667360365393 9.037208618521651 1.98
      vertex 17.430824944376948 9.006180310547313 2.5
    endloop
  endfacet
  facet normal 0.7609007662627958 -0.6488682639031518 0
    outer loop
      vertex 17.461667360365393 9.037208618521651 1.98
      vertex 17.489572399854662 9.069931695163211 1.98
      vertex 17.461667360365393 9.037208618521651 2.5
    endloop
  endfacet
  facet normal 0.8094457571032195 -0.5871946579351653 0
    outer loop
      vertex 17.489572399854662 9.069931695163211 1.98
      vertex 17.514540070295336 9.104349540471992 1.98
      vertex 17.489572399854662 9.069931695163211 2.5
    endloop
  endfacet
  facet normal 0.8536868002996805 -0.5207867576984783 0
    outer loop
      vertex 17.514540070295336 9.104349540471992 1.98
      vertex 17.536570364236834 9.140462154447993 1.98
      vertex 17.514540070295336 9.104349540471992 2.5
    endloop
  endfacet
  facet normal 0.8926329263047256 -0.4507842708842696 0
    outer loop
      vertex 17.536570364236834 9.140462154447993 1.98
      vertex 17.555663289129736 9.178269537091216 1.98
      vertex 17.536570364236834 9.140462154447993 2.5
    endloop
  endfacet
  facet normal 0.6017237824987357 0.79870425664035 0
    outer loop
      vertex 17.392258079349997 9.896033706068954 1.98
      vertex 17.403724403679373 9.887395264506301 2.5
      vertex 17.403724403679373 9.887395264506301 1.98
    endloop
  endfacet
  facet normal 0.6214630258623183 0.7834434934863213 0
    outer loop
      vertex 17.403724403679373 9.887395264506301 1.98
      vertex 17.414930553734305 9.878506036400756 2.5
      vertex 17.414930553734305 9.878506036400756 1.98
    endloop
  endfacet
  facet normal 0.6409440518677294 0.7675875991542447 0
    outer loop
      vertex 17.414930553734305 9.878506036400756 1.98
      vertex 17.425876544415953 9.869366014301738 2.5
      vertex 17.425876544415953 9.869366014301738 1.98
    endloop
  endfacet
  facet normal 0.6601242701974388 0.7511564070793104 0
    outer loop
      vertex 17.425876544415953 9.869366014301738 1.98
      vertex 17.436562368273737 9.859975198209247 2.5
      vertex 17.436562368273737 9.859975198209247 1.98
    endloop
  endfacet
  facet normal 0.6789614233852833 0.7341739477498709 0
    outer loop
      vertex 17.436562368273737 9.859975198209247 1.98
      vertex 17.446988025307657 9.850333588123283 2.5
      vertex 17.446988025307657 9.850333588123283 1.98
    endloop
  endfacet
  facet normal 0.6974149610998932 0.7166675463797941 0
    outer loop
      vertex 17.446988025307657 9.850333588123283 1.98
      vertex 17.457153515517714 9.840441184043845 2.5
      vertex 17.457153515517714 9.840441184043845 1.98
    endloop
  endfacet
  facet normal 0.7154462097367829 0.6986678187617283 0
    outer loop
      vertex 17.457153515517714 9.840441184043845 1.98
      vertex 17.467058838903906 9.830297985970935 2.5
      vertex 17.467058838903906 9.830297985970935 1.98
    endloop
  endfacet
  facet normal 0.7330182663851511 0.6802089540322942 0
    outer loop
      vertex 17.467058838903906 9.830297985970935 1.98
      vertex 17.476704002916815 9.819904001355132 2.5
      vertex 17.476704002916815 9.819904001355132 1.98
    endloop
  endfacet
  facet normal 0.8980312725211367 0.4399316237485864 0
    outer loop
      vertex 17.55596364438534 9.700304472744426 1.98
      vertex 17.549467878043654 9.71356426358219 1.98
      vertex 17.55596364438534 9.700304472744426 2.5
    endloop
  endfacet
  facet normal 0.7711850496325939 0.6366110423352501 0
    outer loop
      vertex 17.48606016635895 9.809243882000407 1.98
      vertex 17.49509851038456 9.79829491108652 2.5
      vertex 17.49509851038456 9.79829491108652 1.98
    endloop
  endfacet
  facet normal 0.7515779820421968 0.6596442502662926 0
    outer loop
      vertex 17.476704002916815 9.819904001355132 1.98
      vertex 17.48606016635895 9.809243882000407 2.5
      vertex 17.48606016635895 9.809243882000407 1.98
    endloop
  endfacet
  facet normal 0.7900335019445403 0.6130636719014152 0
    outer loop
      vertex 17.49509851038456 9.79829491108652 1.98
      vertex 17.50381902754307 9.787057088613471 2.5
      vertex 17.50381902754307 9.787057088613471 1.98
    endloop
  endfacet
  facet normal 0.8080799035851467 0.5890728897359137 0
    outer loop
      vertex 17.50381902754307 9.787057088613471 1.98
      vertex 17.512221725285055 9.77553041458126 2.5
      vertex 17.512221725285055 9.77553041458126 1.98
    endloop
  endfacet
  facet normal 0.8252886626419577 0.5647110972122373 0
    outer loop
      vertex 17.512221725285055 9.77553041458126 1.98
      vertex 17.520306603610518 9.763714888989886 2.5
      vertex 17.520306603610518 9.763714888989886 1.98
    endloop
  endfacet
  facet normal 0.8416315293934834 0.5400521907471406 0
    outer loop
      vertex 17.520306603610518 9.763714888989886 1.98
      vertex 17.528073655068876 9.75161051183935 2.5
      vertex 17.528073655068876 9.75161051183935 1.98
    endloop
  endfacet
  facet normal 0.8570871612305524 0.5151714258902108 0
    outer loop
      vertex 17.528073655068876 9.75161051183935 1.98
      vertex 17.535522887110712 9.739217275679072 2.5
      vertex 17.535522887110712 9.739217275679072 1.98
    endloop
  endfacet
  facet normal 0.8716420478347948 0.4901429795951027 0
    outer loop
      vertex 17.535522887110712 9.739217275679072 1.98
      vertex 17.542654292285444 9.726535195410213 2.5
      vertex 17.542654292285444 9.726535195410213 1.98
    endloop
  endfacet
  facet normal 0.8852898296594124 0.4650396945440344 0
    outer loop
      vertex 17.542654292285444 9.726535195410213 1.98
      vertex 17.549467878043654 9.71356426358219 2.5
      vertex 17.549467878043654 9.71356426358219 1.98
    endloop
  endfacet
  facet normal 0.925583292198626 -0.37854401223999457 0
    outer loop
      vertex 17.555663289129736 9.178269537091216 1.98
      vertex 17.571818837523463 9.21777169585224 1.98
      vertex 17.555663289129736 9.178269537091216 2.5
    endloop
  endfacet
  facet normal 0.9521879342462187 -0.3055129095077956 0
    outer loop
      vertex 17.571818837523463 9.21777169585224 1.98
      vertex 17.585037016868593 9.258968615829906 1.98
      vertex 17.571818837523463 9.21777169585224 2.5
    endloop
  endfacet
  facet normal 0.9724551874236594 -0.23308991495304016 0
    outer loop
      vertex 17.585037016868593 9.258968615829906 1.98
      vertex 17.59531781971455 9.301860304474792 1.98
      vertex 17.585037016868593 9.258968615829906 2.5
    endloop
  endfacet
  facet normal 0.9867066435218028 -0.16251153691334613 0
    outer loop
      vertex 17.59531781971455 9.301860304474792 1.98
      vertex 17.602661253511908 9.34644676923748 1.98
      vertex 17.59531781971455 9.301860304474792 2.5
    endloop
  endfacet
  facet normal 0.9098732944643001 0.4148862350339921 0
    outer loop
      vertex 17.55596364438534 9.700304472744426 1.98
      vertex 17.562141583859923 9.68675583779808 2.5
      vertex 17.562141583859923 9.68675583779808 1.98
    endloop
  endfacet
  facet normal 0.92082879349144 0.3899670923002338 0
    outer loop
      vertex 17.562141583859923 9.68675583779808 1.98
      vertex 17.568001703917982 9.67291834384199 2.5
      vertex 17.568001703917982 9.67291834384199 1.98
    endloop
  endfacet
  facet normal 0.9415188548422819 0.33696030326505505 0
    outer loop
      vertex 17.57354399710894 9.65879199832674 1.98
      vertex 17.578720332682135 9.644328521490058 2.5
      vertex 17.578720332682135 9.644328521490058 1.98
    endloop
  endfacet
  facet normal 0.9309160747768489 0.36523316076455126 0
    outer loop
      vertex 17.568001703917982 9.67291834384199 1.98
      vertex 17.57354399710894 9.65879199832674 2.5
      vertex 17.57354399710894 9.65879199832674 1.98
    endloop
  endfacet
  facet normal 0.969716170994581 0.24423461612066502 0
    outer loop
      vertex 17.59176468998194 9.59862556487318 1.98
      vertex 17.587830671668055 9.614245304763278 1.98
      vertex 17.59176468998194 9.59862556487318 2.5
    endloop
  endfacet
  facet normal 0.9766602954868715 0.21478982103325245 0
    outer loop
      vertex 17.59176468998194 9.59862556487318 1.98
      vertex 17.595284590125086 9.582620398998221 2.5
      vertex 17.595284590125086 9.582620398998221 1.98
    endloop
  endfacet
  facet normal 0.9522270799567949 0.3053908777238698 0
    outer loop
      vertex 17.578720332682135 9.644328521490058 1.98
      vertex 17.583482557535174 9.629479618668517 2.5
      vertex 17.583482557535174 9.629479618668517 1.98
    endloop
  endfacet
  facet normal 0.96159972459215 0.2744557699599363 0
    outer loop
      vertex 17.583482557535174 9.629479618668517 1.98
      vertex 17.587830671668055 9.614245304763278 2.5
      vertex 17.587830671668055 9.614245304763278 1.98
    endloop
  endfacet
  facet normal 0.9954988809932451 -0.0947732976169815 0
    outer loop
      vertex 17.602661253511908 9.34644676923748 1.98
      vertex 17.60706731081009 9.392728002667388 1.98
      vertex 17.602661253511908 9.34644676923748 2.5
    endloop
  endfacet
  facet normal 0.999531751763596 -0.030598647296849843 0
    outer loop
      vertex 17.60706731081009 9.392728002667388 1.98
      vertex 17.60853599905968 9.440703997313937 1.98
      vertex 17.60706731081009 9.392728002667388 2.5
    endloop
  endfacet
  facet normal 0.9984067134302382 0.0564272503089597 0
    outer loop
      vertex 17.60667251944542 9.496813299059829 1.98
      vertex 17.607707785069945 9.478495621979198 2.5
      vertex 17.607707785069945 9.478495621979198 1.98
    endloop
  endfacet
  facet normal 0.9967496055648506 0.08056192528927533 0
    outer loop
      vertex 17.60667251944542 9.496813299059829 1.98
      vertex 17.60522315055132 9.514745565056762 1.98
      vertex 17.60667251944542 9.496813299059829 2.5
    endloop
  endfacet
  facet normal 0.9999411773719561 0.010846280283419812 0
    outer loop
      vertex 17.60853599905968 9.440703997313937 1.98
      vertex 17.60832894742489 9.459792518913707 1.98
      vertex 17.60853599905968 9.440703997313937 2.5
    endloop
  endfacet
  facet normal 0.999448946416471 0.03319342565940147 0
    outer loop
      vertex 17.60832894742489 9.459792518913707 1.98
      vertex 17.607707785069945 9.478495621979198 1.98
      vertex 17.60832894742489 9.459792518913707 2.5
    endloop
  endfacet
  facet normal 0.9873713685798752 0.15842279037027607 0
    outer loop
      vertex 17.601082080602648 9.54945381909605 1.98
      vertex 17.598390386998656 9.566229822039565 1.98
      vertex 17.601082080602648 9.54945381909605 2.5
    endloop
  endfacet
  facet normal 0.9944080062770028 0.10560642524106384 0
    outer loop
      vertex 17.60522315055132 9.514745565056762 1.98
      vertex 17.603359670937063 9.532292405068835 1.98
      vertex 17.60522315055132 9.514745565056762 2.5
    endloop
  endfacet
  facet normal 0.9913079180197968 0.13156219696879512 0
    outer loop
      vertex 17.601082080602648 9.54945381909605 1.98
      vertex 17.603359670937063 9.532292405068835 2.5
      vertex 17.603359670937063 9.532292405068835 1.98
    endloop
  endfacet
  facet normal 0.9825168085270021 0.18617389978703924 0
    outer loop
      vertex 17.595284590125086 9.582620398998221 1.98
      vertex 17.598390386998656 9.566229822039565 2.5
      vertex 17.598390386998656 9.566229822039565 1.98
    endloop
  endfacet
  facet normal 0.8482688965770994 0.5295657457765469 0
    outer loop
      vertex 17.45184951424599 10.837643453776797 1.98
      vertex 17.47267086207867 10.804291406571826 2.5
      vertex 17.47267086207867 10.804291406571826 1.98
    endloop
  endfacet
  facet normal 0.8770752985613759 0.480352912610586 0
    outer loop
      vertex 17.47267086207867 10.804291406571826 1.98
      vertex 17.49202864021063 10.768946083188018 2.5
      vertex 17.49202864021063 10.768946083188018 1.98
    endloop
  endfacet
  facet normal 0.9017898142511792 0.43217488463910486 0
    outer loop
      vertex 17.49202864021063 10.768946083188018 1.98
      vertex 17.509922841191294 10.731607476174792 2.5
      vertex 17.509922841191294 10.731607476174792 1.98
    endloop
  endfacet
  facet normal 0.9546901155575984 0.2976017191761825 0
    outer loop
      vertex 17.541320519149306 10.650950441062411 1.98
      vertex 17.554824003577234 10.607631998062095 2.5
      vertex 17.554824003577234 10.607631998062095 1.98
    endloop
  endfacet
  facet normal 0.9227238672490481 0.38546162559839975 0
    outer loop
      vertex 17.509922841191294 10.731607476174792 1.98
      vertex 17.52635346502066 10.69227560043331 2.5
      vertex 17.52635346502066 10.69227560043331 1.98
    endloop
  endfacet
  facet normal 0.9402330978900616 0.34053152810284393 0
    outer loop
      vertex 17.541320519149306 10.650950441062411 1.98
      vertex 17.52635346502066 10.69227560043331 1.98
      vertex 17.541320519149306 10.650950441062411 2.5
    endloop
  endfacet
  facet normal 0.7355340624506426 0.6774877437820216 0
    outer loop
      vertex 17.38060402274132 10.92573993086811 1.98
      vertex 17.405816094577315 10.89836771965023 2.5
      vertex 17.405816094577315 10.89836771965023 1.98
    endloop
  endfacet
  facet normal 0.777550020586279 0.628821091795017 0
    outer loop
      vertex 17.405816094577315 10.89836771965023 1.98
      vertex 17.42956458926201 10.869002224802932 2.5
      vertex 17.42956458926201 10.869002224802932 1.98
    endloop
  endfacet
  facet normal 0.815135081551363 0.5792709200574916 0
    outer loop
      vertex 17.45184951424599 10.837643453776797 1.98
      vertex 17.42956458926201 10.869002224802932 1.98
      vertex 17.45184951424599 10.837643453776797 2.5
    endloop
  endfacet
  facet normal 0.6556670679745132 -0.7550501281197859 0
    outer loop
      vertex 17.430824944376948 9.006180310547313 1.98
      vertex 17.430824944376948 9.006180310547313 2.5
      vertex 17.397045159339907 8.976846771240195 2.5
    endloop
  endfacet
  facet normal 0.7092280983132571 -0.7049790809399675 0
    outer loop
      vertex 17.461667360365393 9.037208618521651 1.98
      vertex 17.461667360365393 9.037208618521651 2.5
      vertex 17.430824944376948 9.006180310547313 2.5
    endloop
  endfacet
  facet normal 0.7609007662627958 -0.6488682639031518 0
    outer loop
      vertex 17.489572399854662 9.069931695163211 1.98
      vertex 17.489572399854662 9.069931695163211 2.5
      vertex 17.461667360365393 9.037208618521651 2.5
    endloop
  endfacet
  facet normal 0.8094457571032195 -0.5871946579351653 0
    outer loop
      vertex 17.514540070295336 9.104349540471992 1.98
      vertex 17.514540070295336 9.104349540471992 2.5
      vertex 17.489572399854662 9.069931695163211 2.5
    endloop
  endfacet
  facet normal 0.8536868002996805 -0.5207867576984783 0
    outer loop
      vertex 17.536570364236834 9.140462154447993 1.98
      vertex 17.536570364236834 9.140462154447993 2.5
      vertex 17.514540070295336 9.104349540471992 2.5
    endloop
  endfacet
  facet normal 0.8926329263047256 -0.4507842708842696 0
    outer loop
      vertex 17.555663289129736 9.178269537091216 1.98
      vertex 17.555663289129736 9.178269537091216 2.5
      vertex 17.536570364236834 9.140462154447993 2.5
    endloop
  endfacet
  facet normal 0.6017237824987357 0.79870425664035 0
    outer loop
      vertex 17.392258079349997 9.896033706068954 1.98
      vertex 17.392258079349997 9.896033706068954 2.5
      vertex 17.403724403679373 9.887395264506301 2.5
    endloop
  endfacet
  facet normal 0.6214630258623183 0.7834434934863213 0
    outer loop
      vertex 17.403724403679373 9.887395264506301 1.98
      vertex 17.403724403679373 9.887395264506301 2.5
      vertex 17.414930553734305 9.878506036400756 2.5
    endloop
  endfacet
  facet normal 0.6409440518677294 0.7675875991542447 0
    outer loop
      vertex 17.414930553734305 9.878506036400756 1.98
      vertex 17.414930553734305 9.878506036400756 2.5
      vertex 17.425876544415953 9.869366014301738 2.5
    endloop
  endfacet
  facet normal 0.6601242701974388 0.7511564070793104 0
    outer loop
      vertex 17.425876544415953 9.869366014301738 1.98
      vertex 17.425876544415953 9.869366014301738 2.5
      vertex 17.436562368273737 9.859975198209247 2.5
    endloop
  endfacet
  facet normal 0.6789614233852833 0.7341739477498709 0
    outer loop
      vertex 17.436562368273737 9.859975198209247 1.98
      vertex 17.436562368273737 9.859975198209247 2.5
      vertex 17.446988025307657 9.850333588123283 2.5
    endloop
  endfacet
  facet normal 0.6974149610998932 0.7166675463797941 0
    outer loop
      vertex 17.446988025307657 9.850333588123283 1.98
      vertex 17.446988025307657 9.850333588123283 2.5
      vertex 17.457153515517714 9.840441184043845 2.5
    endloop
  endfacet
  facet normal 0.7154462097367829 0.6986678187617283 0
    outer loop
      vertex 17.457153515517714 9.840441184043845 1.98
      vertex 17.457153515517714 9.840441184043845 2.5
      vertex 17.467058838903906 9.830297985970935 2.5
    endloop
  endfacet
  facet normal 0.7330182663851511 0.6802089540322942 0
    outer loop
      vertex 17.467058838903906 9.830297985970935 1.98
      vertex 17.467058838903906 9.830297985970935 2.5
      vertex 17.476704002916815 9.819904001355132 2.5
    endloop
  endfacet
  facet normal 0.7515779820421968 0.6596442502662926 0
    outer loop
      vertex 17.476704002916815 9.819904001355132 1.98
      vertex 17.476704002916815 9.819904001355132 2.5
      vertex 17.48606016635895 9.809243882000407 2.5
    endloop
  endfacet
  facet normal 0.7711850496325939 0.6366110423352501 0
    outer loop
      vertex 17.48606016635895 9.809243882000407 1.98
      vertex 17.48606016635895 9.809243882000407 2.5
      vertex 17.49509851038456 9.79829491108652 2.5
    endloop
  endfacet
  facet normal 0.7900335019445403 0.6130636719014152 0
    outer loop
      vertex 17.49509851038456 9.79829491108652 1.98
      vertex 17.49509851038456 9.79829491108652 2.5
      vertex 17.50381902754307 9.787057088613471 2.5
    endloop
  endfacet
  facet normal 0.8080799035851467 0.5890728897359137 0
    outer loop
      vertex 17.50381902754307 9.787057088613471 1.98
      vertex 17.50381902754307 9.787057088613471 2.5
      vertex 17.512221725285055 9.77553041458126 2.5
    endloop
  endfacet
  facet normal 0.8252886626419577 0.5647110972122373 0
    outer loop
      vertex 17.512221725285055 9.77553041458126 1.98
      vertex 17.512221725285055 9.77553041458126 2.5
      vertex 17.520306603610518 9.763714888989886 2.5
    endloop
  endfacet
  facet normal 0.8416315293934834 0.5400521907471406 0
    outer loop
      vertex 17.520306603610518 9.763714888989886 1.98
      vertex 17.520306603610518 9.763714888989886 2.5
      vertex 17.528073655068876 9.75161051183935 2.5
    endloop
  endfacet
  facet normal 0.8570871612305524 0.5151714258902108 0
    outer loop
      vertex 17.528073655068876 9.75161051183935 1.98
      vertex 17.528073655068876 9.75161051183935 2.5
      vertex 17.535522887110712 9.739217275679072 2.5
    endloop
  endfacet
  facet normal 0.8716420478347948 0.4901429795951027 0
    outer loop
      vertex 17.535522887110712 9.739217275679072 1.98
      vertex 17.535522887110712 9.739217275679072 2.5
      vertex 17.542654292285444 9.726535195410213 2.5
    endloop
  endfacet
  facet normal 0.8852898296594124 0.4650396945440344 0
    outer loop
      vertex 17.542654292285444 9.726535195410213 1.98
      vertex 17.542654292285444 9.726535195410213 2.5
      vertex 17.549467878043654 9.71356426358219 2.5
    endloop
  endfacet
  facet normal 0.8980312725211367 0.4399316237485864 0
    outer loop
      vertex 17.549467878043654 9.71356426358219 1.98
      vertex 17.549467878043654 9.71356426358219 2.5
      vertex 17.55596364438534 9.700304472744426 2.5
    endloop
  endfacet
  facet normal 0.925583292198626 -0.37854401223999457 0
    outer loop
      vertex 17.571818837523463 9.21777169585224 1.98
      vertex 17.571818837523463 9.21777169585224 2.5
      vertex 17.555663289129736 9.178269537091216 2.5
    endloop
  endfacet
  facet normal 0.9521879342462187 -0.3055129095077956 0
    outer loop
      vertex 17.585037016868593 9.258968615829906 1.98
      vertex 17.585037016868593 9.258968615829906 2.5
      vertex 17.571818837523463 9.21777169585224 2.5
    endloop
  endfacet
  facet normal 0.9724551874236594 -0.23308991495304016 0
    outer loop
      vertex 17.59531781971455 9.301860304474792 1.98
      vertex 17.59531781971455 9.301860304474792 2.5
      vertex 17.585037016868593 9.258968615829906 2.5
    endloop
  endfacet
  facet normal 0.9098732944643001 0.4148862350339921 0
    outer loop
      vertex 17.55596364438534 9.700304472744426 1.98
      vertex 17.55596364438534 9.700304472744426 2.5
      vertex 17.562141583859923 9.68675583779808 2.5
    endloop
  endfacet
  facet normal 0.92082879349144 0.3899670923002338 0
    outer loop
      vertex 17.562141583859923 9.68675583779808 1.98
      vertex 17.562141583859923 9.68675583779808 2.5
      vertex 17.568001703917982 9.67291834384199 2.5
    endloop
  endfacet
  facet normal 0.9415188548422819 0.33696030326505505 0
    outer loop
      vertex 17.57354399710894 9.65879199832674 1.98
      vertex 17.57354399710894 9.65879199832674 2.5
      vertex 17.578720332682135 9.644328521490058 2.5
    endloop
  endfacet
  facet normal 0.9309160747768489 0.36523316076455126 0
    outer loop
      vertex 17.568001703917982 9.67291834384199 1.98
      vertex 17.568001703917982 9.67291834384199 2.5
      vertex 17.57354399710894 9.65879199832674 2.5
    endloop
  endfacet
  facet normal 0.969716170994581 0.24423461612066502 0
    outer loop
      vertex 17.587830671668055 9.614245304763278 1.98
      vertex 17.587830671668055 9.614245304763278 2.5
      vertex 17.59176468998194 9.59862556487318 2.5
    endloop
  endfacet
  facet normal 0.9825168085270021 0.18617389978703924 0
    outer loop
      vertex 17.595284590125086 9.582620398998221 1.98
      vertex 17.595284590125086 9.582620398998221 2.5
      vertex 17.598390386998656 9.566229822039565 2.5
    endloop
  endfacet
  facet normal 0.9766602954868715 0.21478982103325245 0
    outer loop
      vertex 17.59176468998194 9.59862556487318 1.98
      vertex 17.59176468998194 9.59862556487318 2.5
      vertex 17.595284590125086 9.582620398998221 2.5
    endloop
  endfacet
  facet normal 0.9522270799567949 0.3053908777238698 0
    outer loop
      vertex 17.578720332682135 9.644328521490058 1.98
      vertex 17.578720332682135 9.644328521490058 2.5
      vertex 17.583482557535174 9.629479618668517 2.5
    endloop
  endfacet
  facet normal 0.96159972459215 0.2744557699599363 0
    outer loop
      vertex 17.583482557535174 9.629479618668517 1.98
      vertex 17.583482557535174 9.629479618668517 2.5
      vertex 17.587830671668055 9.614245304763278 2.5
    endloop
  endfacet
  facet normal 0.9867066435218028 -0.16251153691334613 0
    outer loop
      vertex 17.602661253511908 9.34644676923748 1.98
      vertex 17.602661253511908 9.34644676923748 2.5
      vertex 17.59531781971455 9.301860304474792 2.5
    endloop
  endfacet
  facet normal 0.9954988809932451 -0.0947732976169815 0
    outer loop
      vertex 17.60706731081009 9.392728002667388 1.98
      vertex 17.60706731081009 9.392728002667388 2.5
      vertex 17.602661253511908 9.34644676923748 2.5
    endloop
  endfacet
  facet normal 0.9984067134302382 0.0564272503089597 0
    outer loop
      vertex 17.60667251944542 9.496813299059829 1.98
      vertex 17.60667251944542 9.496813299059829 2.5
      vertex 17.607707785069945 9.478495621979198 2.5
    endloop
  endfacet
  facet normal 0.9967496055648506 0.08056192528927533 0
    outer loop
      vertex 17.60522315055132 9.514745565056762 1.98
      vertex 17.60522315055132 9.514745565056762 2.5
      vertex 17.60667251944542 9.496813299059829 2.5
    endloop
  endfacet
  facet normal 0.999531751763596 -0.030598647296849843 0
    outer loop
      vertex 17.60853599905968 9.440703997313937 1.98
      vertex 17.60853599905968 9.440703997313937 2.5
      vertex 17.60706731081009 9.392728002667388 2.5
    endloop
  endfacet
  facet normal 0.9999411773719561 0.010846280283419812 0
    outer loop
      vertex 17.60832894742489 9.459792518913707 1.98
      vertex 17.60832894742489 9.459792518913707 2.5
      vertex 17.60853599905968 9.440703997313937 2.5
    endloop
  endfacet
  facet normal 0.999448946416471 0.03319342565940147 0
    outer loop
      vertex 17.607707785069945 9.478495621979198 1.98
      vertex 17.607707785069945 9.478495621979198 2.5
      vertex 17.60832894742489 9.459792518913707 2.5
    endloop
  endfacet
  facet normal 0.9913079180197968 0.13156219696879512 0
    outer loop
      vertex 17.601082080602648 9.54945381909605 1.98
      vertex 17.601082080602648 9.54945381909605 2.5
      vertex 17.603359670937063 9.532292405068835 2.5
    endloop
  endfacet
  facet normal 0.9873713685798752 0.15842279037027607 0
    outer loop
      vertex 17.598390386998656 9.566229822039565 1.98
      vertex 17.598390386998656 9.566229822039565 2.5
      vertex 17.601082080602648 9.54945381909605 2.5
    endloop
  endfacet
  facet normal 0.9944080062770028 0.10560642524106384 0
    outer loop
      vertex 17.603359670937063 9.532292405068835 1.98
      vertex 17.603359670937063 9.532292405068835 2.5
      vertex 17.60522315055132 9.514745565056762 2.5
    endloop
  endfacet
  facet normal 0.17289939363751342 -0.984939490364652 0
    outer loop
      vertex 17.554824003577234 10.607631998062095 1.98
      vertex 17.554824003577234 10.607631998062095 2.5
      vertex 17.248848000168802 10.55392000257965 2.5
    endloop
  endfacet
  facet normal 0.8482688965770994 0.5295657457765469 0
    outer loop
      vertex 17.45184951424599 10.837643453776797 1.98
      vertex 17.45184951424599 10.837643453776797 2.5
      vertex 17.47267086207867 10.804291406571826 2.5
    endloop
  endfacet
  facet normal 0.8770752985613759 0.480352912610586 0
    outer loop
      vertex 17.47267086207867 10.804291406571826 1.98
      vertex 17.47267086207867 10.804291406571826 2.5
      vertex 17.49202864021063 10.768946083188018 2.5
    endloop
  endfacet
  facet normal 0.9227238672490481 0.38546162559839975 0
    outer loop
      vertex 17.509922841191294 10.731607476174792 1.98
      vertex 17.509922841191294 10.731607476174792 2.5
      vertex 17.52635346502066 10.69227560043331 2.5
    endloop
  endfacet
  facet normal 0.9017898142511792 0.43217488463910486 0
    outer loop
      vertex 17.49202864021063 10.768946083188018 1.98
      vertex 17.49202864021063 10.768946083188018 2.5
      vertex 17.509922841191294 10.731607476174792 2.5
    endloop
  endfacet
  facet normal 0.9546901155575984 0.2976017191761825 0
    outer loop
      vertex 17.541320519149306 10.650950441062411 1.98
      vertex 17.541320519149306 10.650950441062411 2.5
      vertex 17.554824003577234 10.607631998062095 2.5
    endloop
  endfacet
  facet normal 0.9402330978900616 0.34053152810284393 0
    outer loop
      vertex 17.52635346502066 10.69227560043331 1.98
      vertex 17.52635346502066 10.69227560043331 2.5
      vertex 17.541320519149306 10.650950441062411 2.5
    endloop
  endfacet
  facet normal 0.777550020586279 0.628821091795017 0
    outer loop
      vertex 17.405816094577315 10.89836771965023 1.98
      vertex 17.405816094577315 10.89836771965023 2.5
      vertex 17.42956458926201 10.869002224802932 2.5
    endloop
  endfacet
  facet normal 0.815135081551363 0.5792709200574916 0
    outer loop
      vertex 17.42956458926201 10.869002224802932 1.98
      vertex 17.42956458926201 10.869002224802932 2.5
      vertex 17.45184951424599 10.837643453776797 2.5
    endloop
  endfacet
  facet normal 0 0 1
    outer loop
      vertex 17.23898811787367 9.214724825620612 2.5
      vertex 17.461667360365393 9.037208618521651 2.5
      vertex 17.489572399854662 9.069931695163211 2.5
    endloop
  endfacet
  facet normal 0 0 1
    outer loop
      vertex 17.253505276143553 9.236927101314029 2.5
      vertex 17.489572399854662 9.069931695163211 2.5
      vertex 17.514540070295336 9.104349540471992 2.5
    endloop
  endfacet
  facet normal 0 0 1
    outer loop
      vertex 17.266086818277838 9.260275410413703 2.5
      vertex 17.514540070295336 9.104349540471992 2.5
      vertex 17.536570364236834 9.140462154447993 2.5
    endloop
  endfacet
  facet normal 0 0 1
    outer loop
      vertex 17.276732736825945 9.284769752919635 2.5
      vertex 17.536570364236834 9.140462154447993 2.5
      vertex 17.555663289129736 9.178269537091216 2.5
    endloop
  endfacet
  facet normal 0 0 1
    outer loop
      vertex 17.285443031787874 9.310410128831824 2.5
      vertex 17.555663289129736 9.178269537091216 2.5
      vertex 17.571818837523463 9.21777169585224 2.5
    endloop
  endfacet
  facet normal 0 0 1
    outer loop
      vertex 17.285443031787874 9.310410128831824 2.5
      vertex 17.571818837523463 9.21777169585224 2.5
      vertex 17.585037016868593 9.258968615829906 2.5
    endloop
  endfacet
  facet normal 0 0 1
    outer loop
      vertex 17.292217703163626 9.337196545600852 2.5
      vertex 17.585037016868593 9.258968615829906 2.5
      vertex 17.59531781971455 9.301860304474792 2.5
    endloop
  endfacet
  facet normal 0 0 1
    outer loop
      vertex 17.29705675840378 9.365128995776137 2.5
      vertex 17.602661253511908 9.34644676923748 2.5
      vertex 17.299960190057757 9.39420747935768 2.5
    endloop
  endfacet
  facet normal 0 0 1
    outer loop
      vertex 17.299960190057757 9.39420747935768 2.5
      vertex 17.60706731081009 9.392728002667388 2.5
      vertex 17.300927998125555 9.424431996345481 2.5
    endloop
  endfacet
  facet normal 0 0 1
    outer loop
      vertex 17.300927998125555 9.424431996345481 2.5
      vertex 17.60853599905968 9.440703997313937 2.5
      vertex 17.300624662637713 9.441457943916282 2.5
    endloop
  endfacet
  facet normal 0 0 1
    outer loop
      vertex 17.300624662637713 9.441457943916282 2.5
      vertex 17.60832894742489 9.459792518913707 2.5
      vertex 17.299714648723604 9.457983145415744 2.5
    endloop
  endfacet
  facet normal 0 0 1
    outer loop
      vertex 17.29819796383381 9.47400762319561 2.5
      vertex 17.60522315055132 9.514745565056762 2.5
      vertex 17.296074600517752 9.489531362354716 2.5
    endloop
  endfacet
  facet normal 0 0 1
    outer loop
      vertex 17.293344566226008 9.504554370343646 2.5
      vertex 17.296074600517752 9.489531362354716 2.5
      vertex 17.601082080602648 9.54945381909605 2.5
    endloop
  endfacet
  facet normal 0 0 1
    outer loop
      vertex 17.299714648723604 9.457983145415744 2.5
      vertex 17.60667251944542 9.496813299059829 2.5
      vertex 17.29819796383381 9.47400762319561 2.5
    endloop
  endfacet
  facet normal 0 0 1
    outer loop
      vertex 17.257247434556486 9.595694864094218 2.5
      vertex 17.528073655068876 9.75161051183935 2.5
      vertex 17.520306603610518 9.763714888989886 2.5
    endloop
  endfacet
  facet normal 0 0 1
    outer loop
      vertex 17.264224188029768 9.584176996648273 2.5
      vertex 17.535522887110712 9.739217275679072 2.5
      vertex 17.528073655068876 9.75161051183935 2.5
    endloop
  endfacet
  facet normal 0 0 1
    outer loop
      vertex 17.264224188029768 9.584176996648273 2.5
      vertex 17.542654292285444 9.726535195410213 2.5
      vertex 17.535522887110712 9.739217275679072 2.5
    endloop
  endfacet
  facet normal 0 0 1
    outer loop
      vertex 17.270594270527365 9.572158390581569 2.5
      vertex 17.549467878043654 9.71356426358219 2.5
      vertex 17.542654292285444 9.726535195410213 2.5
    endloop
  endfacet
  facet normal 0 0 1
    outer loop
      vertex 17.276357682049277 9.559639053344688 2.5
      vertex 17.562141583859923 9.68675583779808 2.5
      vertex 17.55596364438534 9.700304472744426 2.5
    endloop
  endfacet
  facet normal 0 0 1
    outer loop
      vertex 17.270594270527365 9.572158390581569 2.5
      vertex 17.55596364438534 9.700304472744426 2.5
      vertex 17.549467878043654 9.71356426358219 2.5
    endloop
  endfacet
  facet normal 0 0 1
    outer loop
      vertex 17.276357682049277 9.559639053344688 2.5
      vertex 17.568001703917982 9.67291834384199 2.5
      vertex 17.562141583859923 9.68675583779808 2.5
    endloop
  endfacet
  facet normal 0 0 1
    outer loop
      vertex 17.281514415144922 9.546618984937629 2.5
      vertex 17.57354399710894 9.65879199832674 2.5
      vertex 17.568001703917982 9.67291834384199 2.5
    endloop
  endfacet
  facet normal 0 0 1
    outer loop
      vertex 17.241531552374365 9.617334203720054 2.5
      vertex 17.48606016635895 9.809243882000407 2.5
      vertex 17.476704002916815 9.819904001355132 2.5
    endloop
  endfacet
  facet normal 0 0 1
    outer loop
      vertex 17.24966400265694 9.606712000369987 2.5
      vertex 17.49509851038456 9.79829491108652 2.5
      vertex 17.48606016635895 9.809243882000407 2.5
    endloop
  endfacet
  facet normal 0 0 1
    outer loop
      vertex 17.24966400265694 9.606712000369987 2.5
      vertex 17.50381902754307 9.787057088613471 2.5
      vertex 17.49509851038456 9.79829491108652 2.5
    endloop
  endfacet
  facet normal 0 0 1
    outer loop
      vertex 17.24966400265694 9.606712000369987 2.5
      vertex 17.512221725285055 9.77553041458126 2.5
      vertex 17.50381902754307 9.787057088613471 2.5
    endloop
  endfacet
  facet normal 0 0 1
    outer loop
      vertex 17.257247434556486 9.595694864094218 2.5
      vertex 17.520306603610518 9.763714888989886 2.5
      vertex 17.512221725285055 9.77553041458126 2.5
    endloop
  endfacet
  facet normal 0 0 1
    outer loop
      vertex 17.29705675840378 9.365128995776137 2.5
      vertex 17.59531781971455 9.301860304474792 2.5
      vertex 17.602661253511908 9.34644676923748 2.5
    endloop
  endfacet
  facet normal 0 0 1
    outer loop
      vertex 17.299960190057757 9.39420747935768 2.5
      vertex 17.602661253511908 9.34644676923748 2.5
      vertex 17.60706731081009 9.392728002667388 2.5
    endloop
  endfacet
  facet normal 0 0 1
    outer loop
      vertex 17.300927998125555 9.424431996345481 2.5
      vertex 17.60706731081009 9.392728002667388 2.5
      vertex 17.60853599905968 9.440703997313937 2.5
    endloop
  endfacet
  facet normal 0 0 1
    outer loop
      vertex 17.299714648723604 9.457983145415744 2.5
      vertex 17.60832894742489 9.459792518913707 2.5
      vertex 17.607707785069945 9.478495621979198 2.5
    endloop
  endfacet
  facet normal 0 0 1
    outer loop
      vertex 17.300624662637713 9.441457943916282 2.5
      vertex 17.60853599905968 9.440703997313937 2.5
      vertex 17.60832894742489 9.459792518913707 2.5
    endloop
  endfacet
  facet normal 0 0 1
    outer loop
      vertex 17.296074600517752 9.489531362354716 2.5
      vertex 17.60522315055132 9.514745565056762 2.5
      vertex 17.603359670937063 9.532292405068835 2.5
    endloop
  endfacet
  facet normal 0 0 1
    outer loop
      vertex 17.299714648723604 9.457983145415744 2.5
      vertex 17.607707785069945 9.478495621979198 2.5
      vertex 17.60667251944542 9.496813299059829 2.5
    endloop
  endfacet
  facet normal 0 0 1
    outer loop
      vertex 17.29819796383381 9.47400762319561 2.5
      vertex 17.60667251944542 9.496813299059829 2.5
      vertex 17.60522315055132 9.514745565056762 2.5
    endloop
  endfacet
  facet normal 0 0 1
    outer loop
      vertex 17.286064469814303 9.533098177909812 2.5
      vertex 17.583482557535174 9.629479618668517 2.5
      vertex 17.578720332682135 9.644328521490058 2.5
    endloop
  endfacet
  facet normal 0 0 1
    outer loop
      vertex 17.286064469814303 9.533098177909812 2.5
      vertex 17.587830671668055 9.614245304763278 2.5
      vertex 17.583482557535174 9.629479618668517 2.5
    endloop
  endfacet
  facet normal 0 0 1
    outer loop
      vertex 17.293344566226008 9.504554370343646 2.5
      vertex 17.598390386998656 9.566229822039565 2.5
      vertex 17.595284590125086 9.582620398998221 2.5
    endloop
  endfacet
  facet normal 0 0 1
    outer loop
      vertex 17.29000786095858 9.519076639711818 2.5
      vertex 17.59176468998194 9.59862556487318 2.5
      vertex 17.587830671668055 9.614245304763278 2.5
    endloop
  endfacet
  facet normal 0 0 1
    outer loop
      vertex 17.29000786095858 9.519076639711818 2.5
      vertex 17.595284590125086 9.582620398998221 2.5
      vertex 17.59176468998194 9.59862556487318 2.5
    endloop
  endfacet
  facet normal 0 0 1
    outer loop
      vertex 17.281514415144922 9.546618984937629 2.5
      vertex 17.578720332682135 9.644328521490058 2.5
      vertex 17.57354399710894 9.65879199832674 2.5
    endloop
  endfacet
  facet normal 0 0 1
    outer loop
      vertex 17.293344566226008 9.504554370343646 2.5
      vertex 17.601082080602648 9.54945381909605 2.5
      vertex 17.598390386998656 9.566229822039565 2.5
    endloop
  endfacet
  facet normal 0 0 1
    outer loop
      vertex 17.296074600517752 9.489531362354716 2.5
      vertex 17.603359670937063 9.532292405068835 2.5
      vertex 17.601082080602648 9.54945381909605 2.5
    endloop
  endfacet
  facet normal 0 0 1
    outer loop
      vertex 17.240547405183317 10.581370742917022 2.5
      vertex 17.541320519149306 10.650950441062411 2.5
      vertex 17.52635346502066 10.69227560043331 2.5
    endloop
  endfacet
  facet normal 0 0 1
    outer loop
      vertex 17.220710055530073 10.63271825194355 2.5
      vertex 17.509922841191294 10.731607476174792 2.5
      vertex 17.49202864021063 10.768946083188018 2.5
    endloop
  endfacet
  facet normal 0 0 1
    outer loop
      vertex 17.231168092787268 10.607636826038322 2.5
      vertex 17.52635346502066 10.69227560043331 2.5
      vertex 17.509922841191294 10.731607476174792 2.5
    endloop
  endfacet
  facet normal 0 0 1
    outer loop
      vertex 17.248848000168802 10.55392000257965 2.5
      vertex 17.554824003577234 10.607631998062095 2.5
      vertex 17.541320519149306 10.650950441062411 2.5
    endloop
  endfacet
  facet normal 0 0 -1
    outer loop
      vertex 15.719820001721384 19.808376001119576 1.98
      vertex 16.03066799938679 20.760455997586213 1.98
      vertex 16.03066799938679 19.808376001119576 1.98
    endloop
  endfacet
  facet normal 0 0 -1
    outer loop
      vertex 15.719820001721384 19.808376001119576 1.98
      vertex 15.719820001721384 22.101527998149358 1.98
      vertex 16.03066799938679 20.760455997586213 1.98
    endloop
  endfacet
  facet normal 0 0 -1
    outer loop
      vertex 15.719820001721384 22.101527998149358 1.98
      vertex 16.03066799938679 21.006215998828374 1.98
      vertex 16.03066799938679 20.760455997586213 1.98
    endloop
  endfacet
  facet normal 0 0 -1
    outer loop
      vertex 15.719820001721384 22.101527998149358 1.98
      vertex 16.03066799938679 21.852528000175916 1.98
      vertex 16.03066799938679 21.006215998828374 1.98
    endloop
  endfacet
  facet normal -1 0 0
    outer loop
      vertex 15.719820001721384 19.808376001119576 1.98
      vertex 15.719820001721384 22.101527998149358 2.5
      vertex 15.719820001721384 22.101527998149358 1.98
    endloop
  endfacet
  facet normal 0 -1 0
    outer loop
      vertex 15.719820001721384 19.808376001119576 1.98
      vertex 16.03066799938679 19.808376001119576 1.98
      vertex 15.719820001721384 19.808376001119576 2.5
    endloop
  endfacet
  facet normal 1 0 0
    outer loop
      vertex 16.03066799938679 19.808376001119576 1.98
      vertex 16.03066799938679 20.760455997586213 1.98
      vertex 16.03066799938679 19.808376001119576 2.5
    endloop
  endfacet
  facet normal 0 1 0
    outer loop
      vertex 15.719820001721384 22.101527998149358 1.98
      vertex 15.719820001721384 22.101527998149358 2.5
      vertex 16.627979996800423 22.101527998149358 1.98
    endloop
  endfacet
  facet normal 1 0 0
    outer loop
      vertex 16.03066799938679 21.006215998828374 1.98
      vertex 16.03066799938679 21.852528000175916 1.98
      vertex 16.03066799938679 21.852528000175916 2.5
    endloop
  endfacet
  facet normal 0 0 -1
    outer loop
      vertex 16.03066799938679 20.760455997586213 1.98
      vertex 16.03066799938679 21.006215998828374 1.98
      vertex 16.627979996800423 20.800751425303027 1.98
    endloop
  endfacet
  facet normal 0 0 -1
    outer loop
      vertex 15.719820001721384 22.101527998149358 1.98
      vertex 16.627979996800423 22.101527998149358 1.98
      vertex 16.03066799938679 21.852528000175916 1.98
    endloop
  endfacet
  facet normal 0 0 -1
    outer loop
      vertex 16.03066799938679 20.760455997586213 1.98
      vertex 16.627979996800423 20.800751425303027 1.98
      vertex 16.627979996800423 20.760455997586213 1.98
    endloop
  endfacet
  facet normal 0 0 -1
    outer loop
      vertex 16.03066799938679 21.006215998828374 1.98
      vertex 16.627979996800423 21.006215998828374 1.98
      vertex 16.627979996800423 20.800751425303027 1.98
    endloop
  endfacet
  facet normal 0 0 -1
    outer loop
      vertex 16.03066799938679 21.852528000175916 1.98
      vertex 16.627979996800423 22.101527998149358 1.98
      vertex 16.627979996800423 22.046145393359712 1.98
    endloop
  endfacet
  facet normal 0 0 -1
    outer loop
      vertex 16.03066799938679 21.852528000175916 1.98
      vertex 16.627979996800423 22.046145393359712 1.98
      vertex 16.76792399734259 21.852528000175916 1.98
    endloop
  endfacet
  facet normal 0 0 -1
    outer loop
      vertex 16.76792399734259 21.852528000175916 1.98
      vertex 16.627979996800423 22.046145393359712 1.98
      vertex 16.78674498518838 22.00413337241633 1.98
    endloop
  endfacet
  facet normal 0 0 -1
    outer loop
      vertex 17.047859998047354 20.79626400202509 1.98
      vertex 17.020270310066085 20.320687498152257 1.98
      vertex 16.998244996368886 20.355890729154485 1.98
    endloop
  endfacet
  facet normal 0 0 -1
    outer loop
      vertex 17.047859998047354 20.79626400202509 1.98
      vertex 16.998244996368886 20.355890729154485 1.98
      vertex 16.998244996368886 20.79039547563617 1.98
    endloop
  endfacet
  facet normal 0 0 -1
    outer loop
      vertex 16.76792399734259 21.852528000175916 1.98
      vertex 16.78674498518838 22.00413337241633 1.98
      vertex 16.806524524092676 21.85190683782097 1.98
    endloop
  endfacet
  facet normal 0 0 -1
    outer loop
      vertex 16.806524524092676 21.85190683782097 1.98
      vertex 16.78674498518838 22.00413337241633 1.98
      vertex 17.115412039973346 22.054232770160574 1.98
    endloop
  endfacet
  facet normal 0 0 -1
    outer loop
      vertex 16.998244996368886 20.79039547563617 1.98
      vertex 16.852406851973505 20.773145551823973 1.98
      vertex 16.998244996368886 20.863499677629566 1.98
    endloop
  endfacet
  facet normal 0 0 -1
    outer loop
      vertex 17.047859998047354 20.79626400202509 1.98
      vertex 16.998244996368886 20.79039547563617 1.98
      vertex 16.998244996368886 20.863499677629566 1.98
    endloop
  endfacet
  facet normal 0 0 -1
    outer loop
      vertex 17.047859998047354 20.79626400202509 1.98
      vertex 16.998244996368886 20.863499677629566 1.98
      vertex 16.998244996368886 20.978473073037495 1.98
    endloop
  endfacet
  facet normal 0 0 -1
    outer loop
      vertex 17.013267056643965 21.03948497205969 1.98
      vertex 16.998244996368886 20.978473073037495 1.98
      vertex 16.998244996368886 21.03494913230273 1.98
    endloop
  endfacet
  facet normal 0 0 -1
    outer loop
      vertex 17.013267056643965 21.03948497205969 1.98
      vertex 17.047859998047354 20.79626400202509 1.98
      vertex 16.998244996368886 20.978473073037495 1.98
    endloop
  endfacet
  facet normal 0 0 -1
    outer loop
      vertex 17.013267056643965 21.03948497205969 1.98
      vertex 17.087499761581423 20.8040364477038 1.98
      vertex 17.047859998047354 20.79626400202509 1.98
    endloop
  endfacet
  facet normal 0 0 -1
    outer loop
      vertex 17.013267056643965 21.03948497205969 1.98
      vertex 17.041179479658606 21.04966934949156 1.98
      vertex 17.087499761581423 20.8040364477038 1.98
    endloop
  endfacet
  facet normal 0 0 -1
    outer loop
      vertex 16.806524524092676 21.85190683782097 1.98
      vertex 17.115412039973346 22.054232770160574 1.98
      vertex 16.84370947033167 21.85004335820671 1.98
    endloop
  endfacet
  facet normal 0 0 -1
    outer loop
      vertex 16.84370947033167 21.85004335820671 1.98
      vertex 17.115412039973346 22.054232770160574 1.98
      vertex 16.879478843510153 21.846937561333142 1.98
    endloop
  endfacet
  facet normal 0 0 -1
    outer loop
      vertex 16.879478843510153 21.846937561333142 1.98
      vertex 17.115412039973346 22.054232770160574 1.98
      vertex 16.913832636177542 21.84258944720026 1.98
    endloop
  endfacet
  facet normal 0 0 -1
    outer loop
      vertex 16.913832636177542 21.84258944720026 1.98
      vertex 17.115412039973346 22.054232770160574 1.98
      vertex 16.946770863235 21.836999008357488 1.98
    endloop
  endfacet
  facet normal 0 0 -1
    outer loop
      vertex 16.946770863235 21.836999008357488 1.98
      vertex 17.115412039973346 22.054232770160574 1.98
      vertex 16.978293517231943 21.830166244804822 1.98
    endloop
  endfacet
  facet normal 0 0 -1
    outer loop
      vertex 16.978293517231943 21.830166244804822 1.98
      vertex 17.115412039973346 22.054232770160574 1.98
      vertex 17.008400590717795 21.822091171443425 1.98
    endloop
  endfacet
  facet normal 0 0 -1
    outer loop
      vertex 17.008400590717795 21.822091171443425 1.98
      vertex 17.115412039973346 22.054232770160574 1.98
      vertex 17.037092091143133 21.812773773372136 1.98
    endloop
  endfacet
  facet normal 0 0 -1
    outer loop
      vertex 17.047859998047354 20.79626400202509 1.98
      vertex 17.188885380305962 20.320687498152257 1.98
      vertex 17.020270310066085 20.320687498152257 1.98
    endloop
  endfacet
  facet normal 0 0 -1
    outer loop
      vertex 17.188885380305962 20.320687498152257 1.98
      vertex 17.30864812478638 19.916814476132945 1.98
      vertex 17.020270310066085 20.320687498152257 1.98
    endloop
  endfacet
  facet normal 0 0 -1
    outer loop
      vertex 17.047859998047354 20.79626400202509 1.98
      vertex 17.361256156308766 20.320687498152257 1.98
      vertex 17.188885380305962 20.320687498152257 1.98
    endloop
  endfacet
  facet normal 0 0 -1
    outer loop
      vertex 17.30240620022375 19.869747500121594 1.98
      vertex 17.30864812478638 19.916814476132945 1.98
      vertex 17.322605160572852 19.869747500121594 1.98
    endloop
  endfacet
  facet normal 0 0 -1
    outer loop
      vertex 17.34080399721861 19.808376001119576 1.98
      vertex 17.30240620022375 19.869747500121594 1.98
      vertex 17.322605160572852 19.869747500121594 1.98
    endloop
  endfacet
  facet normal 0 0 -1
    outer loop
      vertex 17.041179479658606 21.04966934949156 1.98
      vertex 17.067772330343725 21.061211647391282 1.98
      vertex 17.12580120712519 20.813330413699113 1.98
    endloop
  endfacet
  facet normal 0 0 -1
    outer loop
      vertex 17.041179479658606 21.04966934949156 1.98
      vertex 17.12580120712519 20.813330413699113 1.98
      vertex 17.087499761581423 20.8040364477038 1.98
    endloop
  endfacet
  facet normal 0 0 -1
    outer loop
      vertex 17.067772330343725 21.061211647391282 1.98
      vertex 17.162764334678652 20.824145892560445 1.98
      vertex 17.12580120712519 20.813330413699113 1.98
    endloop
  endfacet
  facet normal 0 0 -1
    outer loop
      vertex 17.067772330343725 21.061211647391282 1.98
      vertex 17.093045608699324 21.074111858308278 1.98
      vertex 17.19838913679123 20.836482884287797 1.98
    endloop
  endfacet
  facet normal 0 0 -1
    outer loop
      vertex 17.067772330343725 21.061211647391282 1.98
      vertex 17.19838913679123 20.836482884287797 1.98
      vertex 17.162764334678652 20.824145892560445 1.98
    endloop
  endfacet
  facet normal 0 0 -1
    outer loop
      vertex 17.093045608699324 21.074111858308278 1.98
      vertex 17.1169993147254 21.088369989693128 1.98
      vertex 17.232675620913508 20.85034139633175 1.98
    endloop
  endfacet
  facet normal 0 0 -1
    outer loop
      vertex 17.1169993147254 21.088369989693128 1.98
      vertex 17.139633440971377 21.10398603409525 1.98
      vertex 17.26562378704548 20.865721421241723 1.98
    endloop
  endfacet
  facet normal 0 0 -1
    outer loop
      vertex 17.093045608699324 21.074111858308278 1.98
      vertex 17.232675620913508 20.85034139633175 1.98
      vertex 17.19838913679123 20.836482884287797 1.98
    endloop
  endfacet
  facet normal 0 0 -1
    outer loop
      vertex 17.1169993147254 21.088369989693128 1.98
      vertex 17.26562378704548 20.865721421241723 1.98
      vertex 17.232675620913508 20.85034139633175 1.98
    endloop
  endfacet
  facet normal 0 0 -1
    outer loop
      vertex 17.139633440971377 21.10398603409525 1.98
      vertex 17.16094800233841 21.120959998965226 1.98
      vertex 17.29723363518715 20.882622959017716 1.98
    endloop
  endfacet
  facet normal 0 0 -1
    outer loop
      vertex 17.139633440971377 21.10398603409525 1.98
      vertex 17.29723363518715 20.882622959017716 1.98
      vertex 17.26562378704548 20.865721421241723 1.98
    endloop
  endfacet
  facet normal 0 0 -1
    outer loop
      vertex 17.16094800233841 21.120959998965226 1.98
      vertex 17.180811905860903 21.139156969189607 1.98
      vertex 17.356438370049002 20.920990580618344 1.98
    endloop
  endfacet
  facet normal 0 0 -1
    outer loop
      vertex 17.037092091143133 21.812773773372136 1.98
      vertex 17.126588927664415 21.97993249744177 1.98
      vertex 17.06436802595854 21.802214058041535 1.98
    endloop
  endfacet
  facet normal 0 0 -1
    outer loop
      vertex 17.037092091143133 21.812773773372136 1.98
      vertex 17.115412039973346 22.054232770160574 1.98
      vertex 17.126588927664415 21.97993249744177 1.98
    endloop
  endfacet
  facet normal 0 0 -1
    outer loop
      vertex 17.06436802595854 21.802214058041535 1.98
      vertex 17.280353621164203 21.97993249744177 1.98
      vertex 17.090228380262854 21.790412025451623 1.98
    endloop
  endfacet
  facet normal 0 0 -1
    outer loop
      vertex 17.137702369689944 21.763080993592702 1.98
      vertex 17.280353621164203 21.97993249744177 1.98
      vertex 17.15931599736214 21.747552001774274 1.98
    endloop
  endfacet
  facet normal 0 0 -1
    outer loop
      vertex 17.15931599736214 21.747552001774274 1.98
      vertex 17.327915431559088 21.977429257631265 1.98
      vertex 17.179421322047713 21.730838486850224 1.98
    endloop
  endfacet
  facet normal 0 0 -1
    outer loop
      vertex 17.090228380262854 21.790412025451623 1.98
      vertex 17.280353621164203 21.97993249744177 1.98
      vertex 17.114673161506655 21.77736766815182 1.98
    endloop
  endfacet
  facet normal 0 0 -1
    outer loop
      vertex 17.06436802595854 21.802214058041535 1.98
      vertex 17.126588927664415 21.97993249744177 1.98
      vertex 17.280353621164203 21.97993249744177 1.98
    endloop
  endfacet
  facet normal 0 0 -1
    outer loop
      vertex 17.114673161506655 21.77736766815182 1.98
      vertex 17.280353621164203 21.97993249744177 1.98
      vertex 17.137702369689944 21.763080993592702 1.98
    endloop
  endfacet
  facet normal 0 0 -1
    outer loop
      vertex 17.16094800233841 21.120959998965226 1.98
      vertex 17.327505157887938 20.90104600965973 1.98
      vertex 17.29723363518715 20.882622959017716 1.98
    endloop
  endfacet
  facet normal 0 0 -1
    outer loop
      vertex 17.16094800233841 21.120959998965226 1.98
      vertex 17.356438370049002 20.920990580618344 1.98
      vertex 17.327505157887938 20.90104600965973 1.98
    endloop
  endfacet
  facet normal 0 0 -1
    outer loop
      vertex 17.180811905860903 21.139156969189607 1.98
      vertex 17.384033256769182 20.94245666444298 1.98
      vertex 17.356438370049002 20.920990580618344 1.98
    endloop
  endfacet
  facet normal 0 0 -1
    outer loop
      vertex 17.180811905860903 21.139156969189607 1.98
      vertex 17.19908669739962 21.158442037105523 1.98
      vertex 17.384033256769182 20.94245666444298 1.98
    endloop
  endfacet
  facet normal 0 0 -1
    outer loop
      vertex 17.19908669739962 21.158442037105523 1.98
      vertex 17.215772376954558 21.178815195262395 1.98
      vertex 17.41028982549906 20.965444261133634 1.98
    endloop
  endfacet
  facet normal 0 0 -1
    outer loop
      vertex 17.215772376954558 21.178815195262395 1.98
      vertex 17.23086894452572 21.200276451110803 1.98
      vertex 17.458788001537325 21.015984000563584 1.98
    endloop
  endfacet
  facet normal 0 0 -1
    outer loop
      vertex 17.19908669739962 21.158442037105523 1.98
      vertex 17.41028982549906 20.965444261133634 1.98
      vertex 17.384033256769182 20.94245666444298 1.98
    endloop
  endfacet
  facet normal 0 0 -1
    outer loop
      vertex 17.215772376954558 21.178815195262395 1.98
      vertex 17.435208068788054 20.98995337069031 1.98
      vertex 17.41028982549906 20.965444261133634 1.98
    endloop
  endfacet
  facet normal 0 0 -1
    outer loop
      vertex 17.215772376954558 21.178815195262395 1.98
      vertex 17.458788001537325 21.015984000563584 1.98
      vertex 17.435208068788054 20.98995337069031 1.98
    endloop
  endfacet
  facet normal 0 0 -1
    outer loop
      vertex 17.23086894452572 21.200276451110803 1.98
      vertex 17.244376400113108 21.222825797200166 1.98
      vertex 17.480817587673666 21.04325680613514 1.98
    endloop
  endfacet
  facet normal 0 0 -1
    outer loop
      vertex 17.244376400113108 21.222825797200166 1.98
      vertex 17.25629474371672 21.246463240981065 1.98
      vertex 17.519589656591418 21.100690932869874 1.98
    endloop
  endfacet
  facet normal 0 0 -1
    outer loop
      vertex 17.25629474371672 21.246463240981065 1.98
      vertex 17.266623975336554 21.2711887824535 1.98
      vertex 17.536332139372828 21.130852261483632 1.98
    endloop
  endfacet
  facet normal 0 0 -1
    outer loop
      vertex 17.266623975336554 21.2711887824535 1.98
      vertex 17.275364094972613 21.29700241416689 1.98
      vertex 17.564530009031298 21.19406343430277 1.98
    endloop
  endfacet
  facet normal 0 0 -1
    outer loop
      vertex 17.23086894452572 21.200276451110803 1.98
      vertex 17.480817587673666 21.04325680613514 1.98
      vertex 17.458788001537325 21.015984000563584 1.98
    endloop
  endfacet
  facet normal 0 0 -1
    outer loop
      vertex 17.275364094972613 21.29700241416689 1.98
      vertex 17.282515102624895 21.323904143571816 1.98
      vertex 17.575985395908358 21.22711327850815 1.98
    endloop
  endfacet
  facet normal 0 0 -1
    outer loop
      vertex 17.282515102624895 21.323904143571816 1.98
      vertex 17.28807699084282 21.351893963217698 1.98
      vertex 17.58567841500044 21.26112596124407 1.98
    endloop
  endfacet
  facet normal 0 0 -1
    outer loop
      vertex 17.28807699084282 21.351893963217698 1.98
      vertex 17.292049774527552 21.380971880555116 1.98
      vertex 17.599777349829676 21.33203985720869 1.98
    endloop
  endfacet
  facet normal 0 0 -1
    outer loop
      vertex 17.179421322047713 21.730838486850224 1.98
      vertex 17.396940001845362 21.928200000822507 1.98
      vertex 17.197918222844603 21.712998250424825 1.98
    endloop
  endfacet
  facet normal 0 0 -1
    outer loop
      vertex 17.197918222844603 21.712998250424825 1.98
      vertex 17.42811869978905 21.900729941129647 1.98
      vertex 17.21480669975281 21.694031292498074 1.98
    endloop
  endfacet
  facet normal 0 0 -1
    outer loop
      vertex 17.21480669975281 21.694031292498074 1.98
      vertex 17.45680309981108 21.871651457548104 1.98
      vertex 17.230086745321753 21.673937613069974 1.98
    endloop
  endfacet
  facet normal 0 0 -1
    outer loop
      vertex 17.15931599736214 21.747552001774274 1.98
      vertex 17.280353621164203 21.97993249744177 1.98
      vertex 17.32353983677321 21.97993249744177 1.98
    endloop
  endfacet
  facet normal 0 0 -1
    outer loop
      vertex 17.15931599736214 21.747552001774274 1.98
      vertex 17.32353983677321 21.97993249744177 1.98
      vertex 17.327915431559088 21.977429257631265 1.98
    endloop
  endfacet
  facet normal 0 0 -1
    outer loop
      vertex 17.179421322047713 21.730838486850224 1.98
      vertex 17.327915431559088 21.977429257631265 1.98
      vertex 17.363472783565523 21.953840235173665 1.98
    endloop
  endfacet
  facet normal 0 0 -1
    outer loop
      vertex 17.179421322047713 21.730838486850224 1.98
      vertex 17.363472783565523 21.953840235173665 1.98
      vertex 17.396940001845362 21.928200000822507 1.98
    endloop
  endfacet
  facet normal 0 0 -1
    outer loop
      vertex 17.230086745321753 21.673937613069974 1.98
      vertex 17.482993209362032 21.840964542627297 1.98
      vertex 17.243758367002012 21.652717204689942 1.98
    endloop
  endfacet
  facet normal 0 0 -1
    outer loop
      vertex 17.243758367002012 21.652717204689942 1.98
      vertex 17.527890534698965 21.774765441119634 1.98
      vertex 17.25582156479359 21.63037008225914 1.98
    endloop
  endfacet
  facet normal 0 0 -1
    outer loop
      vertex 17.2662763312459 21.60689623832699 1.98
      vertex 17.56281067579985 21.702132636606656 1.98
      vertex 17.27512267380953 21.582295665442906 1.98
    endloop
  endfacet
  facet normal 0 0 -1
    outer loop
      vertex 17.292011150717737 21.501733632683717 1.98
      vertex 17.28799007982016 21.52971437007185 1.98
      vertex 17.596483671665194 21.581120239496194 1.98
    endloop
  endfacet
  facet normal 0 0 -1
    outer loop
      vertex 17.27512267380953 21.582295665442906 1.98
      vertex 17.576529303193094 21.663403594791852 1.98
      vertex 17.282360592484476 21.556568378508054 1.98
    endloop
  endfacet
  facet normal 0 0 -1
    outer loop
      vertex 17.282360592484476 21.556568378508054 1.98
      vertex 17.587753632664683 21.623066129088365 1.98
      vertex 17.28799007982016 21.52971437007185 1.98
    endloop
  endfacet
  facet normal 0 0 -1
    outer loop
      vertex 17.25582156479359 21.63037008225914 1.98
      vertex 17.546597750484946 21.739253254532777 1.98
      vertex 17.2662763312459 21.60689623832699 1.98
    endloop
  endfacet
  facet normal 0 0 -1
    outer loop
      vertex 17.21480669975281 21.694031292498074 1.98
      vertex 17.42811869978905 21.900729941129647 1.98
      vertex 17.45680309981108 21.871651457548104 1.98
    endloop
  endfacet
  facet normal 0 0 -1
    outer loop
      vertex 17.230086745321753 21.673937613069974 1.98
      vertex 17.45680309981108 21.871651457548104 1.98
      vertex 17.482993209362032 21.840964542627297 1.98
    endloop
  endfacet
  facet normal 0 0 -1
    outer loop
      vertex 17.197918222844603 21.712998250424825 1.98
      vertex 17.396940001845362 21.928200000822507 1.98
      vertex 17.42811869978905 21.900729941129647 1.98
    endloop
  endfacet
  facet normal 0 1 0
    outer loop
      vertex 16.03066799938679 21.006215998828374 1.98
      vertex 16.03066799938679 21.006215998828374 2.5
      vertex 16.627979996800423 21.006215998828374 1.98
    endloop
  endfacet
  facet normal 0 -1 0
    outer loop
      vertex 16.03066799938679 20.760455997586213 1.98
      vertex 16.627979996800423 20.760455997586213 1.98
      vertex 16.627979996800423 20.760455997586213 2.5
    endloop
  endfacet
  facet normal 0 -1 0
    outer loop
      vertex 16.03066799938679 21.852528000175916 1.98
      vertex 16.76792399734259 21.852528000175916 1.98
      vertex 16.76792399734259 21.852528000175916 2.5
    endloop
  endfacet
  facet normal -0.8477460903773729 -0.5304022683302541 0
    outer loop
      vertex 16.998244996368886 20.355890729154485 1.98
      vertex 17.020270310066085 20.320687498152257 1.98
      vertex 17.020270310066085 20.320687498152257 2.5
    endloop
  endfacet
  facet normal -0.016089986235917824 -0.9998705477925269 0
    outer loop
      vertex 16.76792399734259 21.852528000175916 1.98
      vertex 16.806524524092676 21.85190683782097 1.98
      vertex 16.806524524092676 21.85190683782097 2.5
    endloop
  endfacet
  facet normal -0.050051008117567374 -0.998746662866222 0
    outer loop
      vertex 16.806524524092676 21.85190683782097 1.98
      vertex 16.84370947033167 21.85004335820671 1.98
      vertex 16.84370947033167 21.85004335820671 2.5
    endloop
  endfacet
  facet normal -0.08650291637117086 -0.9962515974688734 0
    outer loop
      vertex 16.84370947033167 21.85004335820671 1.98
      vertex 16.879478843510153 21.846937561333142 1.98
      vertex 16.879478843510153 21.846937561333142 2.5
    endloop
  endfacet
  facet normal -0.12556690666043976 -0.9920851535789296 0
    outer loop
      vertex 16.879478843510153 21.846937561333142 1.98
      vertex 16.913832636177542 21.84258944720026 1.98
      vertex 16.913832636177542 21.84258944720026 2.5
    endloop
  endfacet
  facet normal -0.2890558801667211 0.9573122260480341 0
    outer loop
      vertex 17.013267056643965 21.03948497205969 1.98
      vertex 16.998244996368886 21.03494913230273 1.98
      vertex 16.998244996368886 21.03494913230273 2.5
    endloop
  endfacet
  facet normal -0.342765575346375 0.9394209707886387 0
    outer loop
      vertex 17.013267056643965 21.03948497205969 1.98
      vertex 17.013267056643965 21.03948497205969 2.5
      vertex 17.041179479658606 21.04966934949156 1.98
    endloop
  endfacet
  facet normal 0.19241310247849214 -0.9813140159982439 0
    outer loop
      vertex 17.047859998047354 20.79626400202509 1.98
      vertex 17.087499761581423 20.8040364477038 1.98
      vertex 17.047859998047354 20.79626400202509 2.5
    endloop
  endfacet
  facet normal -0.39815129587477305 0.917319761911428 0
    outer loop
      vertex 17.041179479658606 21.04966934949156 1.98
      vertex 17.041179479658606 21.04966934949156 2.5
      vertex 17.067772330343725 21.061211647391282 1.98
    endloop
  endfacet
  facet normal -0.21183789709368214 -0.9773048170120346 0
    outer loop
      vertex 16.946770863235 21.836999008357488 1.98
      vertex 16.978293517231943 21.830166244804822 1.98
      vertex 16.978293517231943 21.830166244804822 2.5
    endloop
  endfacet
  facet normal -0.16733192988560733 -0.9859006163101623 0
    outer loop
      vertex 16.913832636177542 21.84258944720026 1.98
      vertex 16.946770863235 21.836999008357488 1.98
      vertex 16.946770863235 21.836999008357488 2.5
    endloop
  endfacet
  facet normal -0.25905571886334927 -0.9658623786669577 0
    outer loop
      vertex 16.978293517231943 21.830166244804822 1.98
      vertex 17.008400590717795 21.822091171443425 1.98
      vertex 17.008400590717795 21.822091171443425 2.5
    endloop
  endfacet
  facet normal -0.30886600561450867 -0.9511055622672693 0
    outer loop
      vertex 17.008400590717795 21.822091171443425 1.98
      vertex 17.037092091143133 21.812773773372136 1.98
      vertex 17.037092091143133 21.812773773372136 2.5
    endloop
  endfacet
  facet normal -0.3610324280618977 -0.932553261689503 0
    outer loop
      vertex 17.037092091143133 21.812773773372136 1.98
      vertex 17.06436802595854 21.802214058041535 1.98
      vertex 17.06436802595854 21.802214058041535 2.5
    endloop
  endfacet
  facet normal 0.83500014694384 0.5502497202214333 0
    outer loop
      vertex 17.047859998047354 20.79626400202509 1.98
      vertex 17.047859998047354 20.79626400202509 2.5
      vertex 17.361256156308766 20.320687498152257 1.98
    endloop
  endfacet
  facet normal -0.847746090377378 -0.5304022683302461 0
    outer loop
      vertex 17.34080399721861 19.808376001119576 1.98
      vertex 17.34080399721861 19.808376001119576 2.5
      vertex 17.30240620022375 19.869747500121594 1.98
    endloop
  endfacet
  facet normal 0.23581011461214946 -0.9717991509805949 0
    outer loop
      vertex 17.087499761581423 20.8040364477038 1.98
      vertex 17.12580120712519 20.813330413699113 1.98
      vertex 17.087499761581423 20.8040364477038 2.5
    endloop
  endfacet
  facet normal -0.454629196277113 0.8906808035948828 0
    outer loop
      vertex 17.067772330343725 21.061211647391282 1.98
      vertex 17.067772330343725 21.061211647391282 2.5
      vertex 17.093045608699324 21.074111858308278 1.98
    endloop
  endfacet
  facet normal 0.2808270628090528 -0.9597583866755427 0
    outer loop
      vertex 17.12580120712519 20.813330413699113 1.98
      vertex 17.162764334678652 20.824145892560445 1.98
      vertex 17.12580120712519 20.813330413699113 2.5
    endloop
  endfacet
  facet normal -0.5114831455416622 0.8592933095438406 0
    outer loop
      vertex 17.093045608699324 21.074111858308278 1.98
      vertex 17.093045608699324 21.074111858308278 2.5
      vertex 17.1169993147254 21.088369989693128 1.98
    endloop
  endfacet
  facet normal -0.5678882579581125 0.8231056593617251 0
    outer loop
      vertex 17.1169993147254 21.088369989693128 1.98
      vertex 17.1169993147254 21.088369989693128 2.5
      vertex 17.139633440971377 21.10398603409525 1.98
    endloop
  endfacet
  facet normal -0.6229550486710055 0.7822576348846364 0
    outer loop
      vertex 17.139633440971377 21.10398603409525 1.98
      vertex 17.139633440971377 21.10398603409525 2.5
      vertex 17.16094800233841 21.120959998965226 1.98
    endloop
  endfacet
  facet normal 0.32723679797168015 -0.9449423675829346 0
    outer loop
      vertex 17.162764334678652 20.824145892560445 1.98
      vertex 17.19838913679123 20.836482884287797 1.98
      vertex 17.162764334678652 20.824145892560445 2.5
    endloop
  endfacet
  facet normal 0.37474311948967726 -0.9271286827593812 0
    outer loop
      vertex 17.19838913679123 20.836482884287797 1.98
      vertex 17.232675620913508 20.85034139633175 1.98
      vertex 17.19838913679123 20.836482884287797 2.5
    endloop
  endfacet
  facet normal -0.6754904443467167 0.7373687405879606 0
    outer loop
      vertex 17.16094800233841 21.120959998965226 1.98
      vertex 17.16094800233841 21.120959998965226 2.5
      vertex 17.180811905860903 21.139156969189607 1.98
    endloop
  endfacet
  facet normal -0.725863845069178 0.687838410109081 0
    outer loop
      vertex 17.180811905860903 21.139156969189607 1.98
      vertex 17.180811905860903 21.139156969189607 2.5
      vertex 17.19908669739962 21.158442037105523 1.98
    endloop
  endfacet
  facet normal -0.7736458083713719 0.6336183103331267 0
    outer loop
      vertex 17.19908669739962 21.158442037105523 1.98
      vertex 17.19908669739962 21.158442037105523 2.5
      vertex 17.215772376954558 21.178815195262395 1.98
    endloop
  endfacet
  facet normal -0.8179103964978824 0.5753456207365071 0
    outer loop
      vertex 17.215772376954558 21.178815195262395 1.98
      vertex 17.215772376954558 21.178815195262395 2.5
      vertex 17.23086894452572 21.200276451110803 1.98
    endloop
  endfacet
  facet normal -0.4151822657211786 -0.9097382514935979 0
    outer loop
      vertex 17.06436802595854 21.802214058041535 1.98
      vertex 17.090228380262854 21.790412025451623 1.98
      vertex 17.090228380262854 21.790412025451623 2.5
    endloop
  endfacet
  facet normal -0.4707888666274555 -0.8822459084969654 0
    outer loop
      vertex 17.090228380262854 21.790412025451623 1.98
      vertex 17.114673161506655 21.77736766815182 1.98
      vertex 17.114673161506655 21.77736766815182 2.5
    endloop
  endfacet
  facet normal -0.5271679510746704 -0.8497611142902067 0
    outer loop
      vertex 17.114673161506655 21.77736766815182 1.98
      vertex 17.137702369689944 21.763080993592702 1.98
      vertex 17.137702369689944 21.763080993592702 2.5
    endloop
  endfacet
  facet normal -0.5834922657096631 -0.8121186956701613 0
    outer loop
      vertex 17.137702369689944 21.763080993592702 1.98
      vertex 17.15931599736214 21.747552001774274 1.98
      vertex 17.15931599736214 21.747552001774274 2.5
    endloop
  endfacet
  facet normal -0.6392602118029157 -0.7689904951335169 0
    outer loop
      vertex 17.15931599736214 21.747552001774274 1.98
      vertex 17.179421322047713 21.730838486850224 1.98
      vertex 17.179421322047713 21.730838486850224 2.5
    endloop
  endfacet
  facet normal -0.6942149958316787 -0.7197676983321927 0
    outer loop
      vertex 17.179421322047713 21.730838486850224 1.98
      vertex 17.197918222844603 21.712998250424825 1.98
      vertex 17.197918222844603 21.712998250424825 2.5
    endloop
  endfacet
  facet normal -0.7468428394274809 -0.665000581350045 0
    outer loop
      vertex 17.197918222844603 21.712998250424825 1.98
      vertex 17.21480669975281 21.694031292498074 1.98
      vertex 17.21480669975281 21.694031292498074 2.5
    endloop
  endfacet
  facet normal -0.7959932859934108 -0.6053054507051892 0
    outer loop
      vertex 17.21480669975281 21.694031292498074 1.98
      vertex 17.230086745321753 21.673937613069974 1.98
      vertex 17.230086745321753 21.673937613069974 2.5
    endloop
  endfacet
  facet normal 0.42298063186971574 -0.9061387228582035 0
    outer loop
      vertex 17.232675620913508 20.85034139633175 1.98
      vertex 17.26562378704548 20.865721421241723 1.98
      vertex 17.232675620913508 20.85034139633175 2.5
    endloop
  endfacet
  facet normal 0.4715208909632863 -0.8818548913427813 0
    outer loop
      vertex 17.26562378704548 20.865721421241723 1.98
      vertex 17.29723363518715 20.882622959017716 1.98
      vertex 17.26562378704548 20.865721421241723 2.5
    endloop
  endfacet
  facet normal 0.5198832471862878 -0.8542373260956474 0
    outer loop
      vertex 17.29723363518715 20.882622959017716 1.98
      vertex 17.327505157887938 20.90104600965973 1.98
      vertex 17.29723363518715 20.882622959017716 2.5
    endloop
  endfacet
  facet normal -0.8578645034735806 0.5138759516459465 0
    outer loop
      vertex 17.23086894452572 21.200276451110803 1.98
      vertex 17.23086894452572 21.200276451110803 2.5
      vertex 17.244376400113108 21.222825797200166 1.98
    endloop
  endfacet
  facet normal -0.8929168192258425 0.45022167200569535 0
    outer loop
      vertex 17.244376400113108 21.222825797200166 1.98
      vertex 17.244376400113108 21.222825797200166 2.5
      vertex 17.25629474371672 21.246463240981065 1.98
    endloop
  endfacet
  facet normal -0.9227198230975917 0.38547130640652005 0
    outer loop
      vertex 17.25629474371672 21.246463240981065 1.98
      vertex 17.25629474371672 21.246463240981065 2.5
      vertex 17.266623975336554 21.2711887824535 1.98
    endloop
  endfacet
  facet normal -0.9471803278451888 0.3207014601511514 0
    outer loop
      vertex 17.266623975336554 21.2711887824535 1.98
      vertex 17.266623975336554 21.2711887824535 2.5
      vertex 17.275364094972613 21.29700241416689 1.98
    endloop
  endfacet
  facet normal -0.966438441299451 0.256898305130041 0
    outer loop
      vertex 17.275364094972613 21.29700241416689 1.98
      vertex 17.275364094972613 21.29700241416689 2.5
      vertex 17.282515102624895 21.323904143571816 1.98
    endloop
  endfacet
  facet normal -0.9808230318843544 0.19490043644174537 0
    outer loop
      vertex 17.282515102624895 21.323904143571816 1.98
      vertex 17.282515102624895 21.323904143571816 2.5
      vertex 17.28807699084282 21.351893963217698 1.98
    endloop
  endfacet
  facet normal -0.9907954071811741 0.13536787325171218 0
    outer loop
      vertex 17.28807699084282 21.351893963217698 1.98
      vertex 17.28807699084282 21.351893963217698 2.5
      vertex 17.292049774527552 21.380971880555116 1.98
    endloop
  endfacet
  facet normal -0.996892586679723 0.07877290538637498 0
    outer loop
      vertex 17.292049774527552 21.380971880555116 1.98
      vertex 17.292049774527552 21.380971880555116 2.5
      vertex 17.294433446228506 21.41113789558407 1.98
    endloop
  endfacet
  facet normal -0.9996770090487909 0.025414121650448037 0
    outer loop
      vertex 17.294433446228506 21.41113789558407 1.98
      vertex 17.294433446228506 21.41113789558407 2.5
      vertex 17.295227998495104 21.442392000853978 1.98
    endloop
  endfacet
  facet normal -0.9996464258934267 -0.026589907831692502 0
    outer loop
      vertex 17.295227998495104 21.442392000853978 1.98
      vertex 17.295227998495104 21.442392000853978 2.5
      vertex 17.294423790276053 21.472626173794232 1.98
    endloop
  endfacet
  facet normal 0.5675522772570303 -0.8233373625558109 0
    outer loop
      vertex 17.327505157887938 20.90104600965973 1.98
      vertex 17.356438370049002 20.920990580618344 1.98
      vertex 17.327505157887938 20.90104600965973 2.5
    endloop
  endfacet
  facet normal 0.614001102530677 -0.7893051666441269 0
    outer loop
      vertex 17.356438370049002 20.920990580618344 1.98
      vertex 17.384033256769182 20.94245666444298 1.98
      vertex 17.356438370049002 20.920990580618344 2.5
    endloop
  endfacet
  facet normal 0.6587171735442231 -0.7523906467241004 0
    outer loop
      vertex 17.384033256769182 20.94245666444298 1.98
      vertex 17.41028982549906 20.965444261133634 1.98
      vertex 17.384033256769182 20.94245666444298 2.5
    endloop
  endfacet
  facet normal -0.8799753291414025 -0.4750193891858314 0
    outer loop
      vertex 17.243758367002012 21.652717204689942 1.98
      vertex 17.25582156479359 21.63037008225914 1.98
      vertex 17.25582156479359 21.63037008225914 2.5
    endloop
  endfacet
  facet normal -0.9134942945064218 -0.40685153791550854 0
    outer loop
      vertex 17.25582156479359 21.63037008225914 1.98
      vertex 17.2662763312459 21.60689623832699 1.98
      vertex 17.2662763312459 21.60689623832699 2.5
    endloop
  endfacet
  facet normal -0.9410075968726622 -0.33838543501152213 0
    outer loop
      vertex 17.2662763312459 21.60689623832699 1.98
      vertex 17.27512267380953 21.582295665442906 1.98
      vertex 17.27512267380953 21.582295665442906 2.5
    endloop
  endfacet
  facet normal -0.8406387183424601 -0.5415962935836488 0
    outer loop
      vertex 17.230086745321753 21.673937613069974 1.98
      vertex 17.243758367002012 21.652717204689942 1.98
      vertex 17.243758367002012 21.652717204689942 2.5
    endloop
  endfacet
  facet normal -0.9965824449385484 -0.08260405825566344 0
    outer loop
      vertex 17.292011150717737 21.501733632683717 1.98
      vertex 17.294423790276053 21.472626173794232 1.98
      vertex 17.294423790276053 21.472626173794232 2.5
    endloop
  endfacet
  facet normal -0.9787256733355428 -0.20517323498421586 0
    outer loop
      vertex 17.282360592484476 21.556568378508054 1.98
      vertex 17.28799007982016 21.52971437007185 1.98
      vertex 17.28799007982016 21.52971437007185 2.5
    endloop
  endfacet
  facet normal -0.9898311657388222 -0.14224719094633903 0
    outer loop
      vertex 17.292011150717737 21.501733632683717 1.98
      vertex 17.292011150717737 21.501733632683717 2.5
      vertex 17.28799007982016 21.52971437007185 1.98
    endloop
  endfacet
  facet normal -0.9626302705747218 -0.2708190579948867 0
    outer loop
      vertex 17.27512267380953 21.582295665442906 1.98
      vertex 17.282360592484476 21.556568378508054 1.98
      vertex 17.282360592484476 21.556568378508054 2.5
    endloop
  endfacet
  facet normal 0.4965725380107411 0.8679952272297188 0
    outer loop
      vertex 17.327915431559088 21.977429257631265 1.98
      vertex 17.32353983677321 21.97993249744177 1.98
      vertex 17.32353983677321 21.97993249744177 2.5
    endloop
  endfacet
  facet normal 0.5528187006021544 0.8333015566195382 0
    outer loop
      vertex 17.327915431559088 21.977429257631265 1.98
      vertex 17.363472783565523 21.953840235173665 2.5
      vertex 17.363472783565523 21.953840235173665 1.98
    endloop
  endfacet
  facet normal 0.608163117990009 0.7938120822440726 0
    outer loop
      vertex 17.363472783565523 21.953840235173665 1.98
      vertex 17.396940001845362 21.928200000822507 2.5
      vertex 17.396940001845362 21.928200000822507 1.98
    endloop
  endfacet
  facet normal -1 0 0
    outer loop
      vertex 15.719820001721384 19.808376001119576 1.98
      vertex 15.719820001721384 19.808376001119576 2.5
      vertex 15.719820001721384 22.101527998149358 2.5
    endloop
  endfacet
  facet normal 0 -1 0
    outer loop
      vertex 16.03066799938679 19.808376001119576 1.98
      vertex 16.03066799938679 19.808376001119576 2.5
      vertex 15.719820001721384 19.808376001119576 2.5
    endloop
  endfacet
  facet normal 1 0 0
    outer loop
      vertex 16.03066799938679 20.760455997586213 1.98
      vertex 16.03066799938679 20.760455997586213 2.5
      vertex 16.03066799938679 19.808376001119576 2.5
    endloop
  endfacet
  facet normal 1 0 0
    outer loop
      vertex 16.03066799938679 21.006215998828374 1.98
      vertex 16.03066799938679 21.852528000175916 2.5
      vertex 16.03066799938679 21.006215998828374 2.5
    endloop
  endfacet
  facet normal 0 0 1
    outer loop
      vertex 15.719820001721384 19.808376001119576 2.5
      vertex 16.03066799938679 19.808376001119576 2.5
      vertex 16.03066799938679 20.760455997586213 2.5
    endloop
  endfacet
  facet normal 0 0 1
    outer loop
      vertex 15.719820001721384 19.808376001119576 2.5
      vertex 16.03066799938679 20.760455997586213 2.5
      vertex 15.719820001721384 22.101527998149358 2.5
    endloop
  endfacet
  facet normal 0 0 1
    outer loop
      vertex 15.719820001721384 22.101527998149358 2.5
      vertex 16.03066799938679 20.760455997586213 2.5
      vertex 16.03066799938679 21.006215998828374 2.5
    endloop
  endfacet
  facet normal 0 0 1
    outer loop
      vertex 15.719820001721384 22.101527998149358 2.5
      vertex 16.03066799938679 21.006215998828374 2.5
      vertex 16.03066799938679 21.852528000175916 2.5
    endloop
  endfacet
  facet normal 0 -1 0
    outer loop
      vertex 16.03066799938679 20.760455997586213 1.98
      vertex 16.627979996800423 20.760455997586213 2.5
      vertex 16.03066799938679 20.760455997586213 2.5
    endloop
  endfacet
  facet normal 0 1 0
    outer loop
      vertex 16.03066799938679 21.006215998828374 2.5
      vertex 16.627979996800423 21.006215998828374 2.5
      vertex 16.627979996800423 21.006215998828374 1.98
    endloop
  endfacet
  facet normal 0 -1 0
    outer loop
      vertex 16.03066799938679 21.852528000175916 1.98
      vertex 16.76792399734259 21.852528000175916 2.5
      vertex 16.03066799938679 21.852528000175916 2.5
    endloop
  endfacet
  facet normal 0 1 0
    outer loop
      vertex 15.719820001721384 22.101527998149358 2.5
      vertex 16.627979996800423 22.101527998149358 2.5
      vertex 16.627979996800423 22.101527998149358 1.98
    endloop
  endfacet
  facet normal -0.8477460903773729 -0.5304022683302541 0
    outer loop
      vertex 17.020270310066085 20.320687498152257 2.5
      vertex 16.998244996368886 20.355890729154485 2.5
      vertex 16.998244996368886 20.355890729154485 1.98
    endloop
  endfacet
  facet normal -0.016089986235917824 -0.9998705477925269 0
    outer loop
      vertex 16.76792399734259 21.852528000175916 1.98
      vertex 16.806524524092676 21.85190683782097 2.5
      vertex 16.76792399734259 21.852528000175916 2.5
    endloop
  endfacet
  facet normal -0.050051008117567374 -0.998746662866222 0
    outer loop
      vertex 16.806524524092676 21.85190683782097 1.98
      vertex 16.84370947033167 21.85004335820671 2.5
      vertex 16.806524524092676 21.85190683782097 2.5
    endloop
  endfacet
  facet normal -0.08650291637117086 -0.9962515974688734 0
    outer loop
      vertex 16.84370947033167 21.85004335820671 1.98
      vertex 16.879478843510153 21.846937561333142 2.5
      vertex 16.84370947033167 21.85004335820671 2.5
    endloop
  endfacet
  facet normal -0.12556690666043976 -0.9920851535789296 0
    outer loop
      vertex 16.879478843510153 21.846937561333142 1.98
      vertex 16.913832636177542 21.84258944720026 2.5
      vertex 16.879478843510153 21.846937561333142 2.5
    endloop
  endfacet
  facet normal -0.2890558801667211 0.9573122260480341 0
    outer loop
      vertex 17.013267056643965 21.03948497205969 1.98
      vertex 16.998244996368886 21.03494913230273 2.5
      vertex 17.013267056643965 21.03948497205969 2.5
    endloop
  endfacet
  facet normal -0.342765575346375 0.9394209707886387 0
    outer loop
      vertex 17.041179479658606 21.04966934949156 1.98
      vertex 17.013267056643965 21.03948497205969 2.5
      vertex 17.041179479658606 21.04966934949156 2.5
    endloop
  endfacet
  facet normal -0.39815129587477305 0.917319761911428 0
    outer loop
      vertex 17.067772330343725 21.061211647391282 1.98
      vertex 17.041179479658606 21.04966934949156 2.5
      vertex 17.067772330343725 21.061211647391282 2.5
    endloop
  endfacet
  facet normal -0.25905571886334927 -0.9658623786669577 0
    outer loop
      vertex 16.978293517231943 21.830166244804822 1.98
      vertex 17.008400590717795 21.822091171443425 2.5
      vertex 16.978293517231943 21.830166244804822 2.5
    endloop
  endfacet
  facet normal -0.16733192988560733 -0.9859006163101623 0
    outer loop
      vertex 16.913832636177542 21.84258944720026 1.98
      vertex 16.946770863235 21.836999008357488 2.5
      vertex 16.913832636177542 21.84258944720026 2.5
    endloop
  endfacet
  facet normal -0.21183789709368214 -0.9773048170120346 0
    outer loop
      vertex 16.946770863235 21.836999008357488 1.98
      vertex 16.978293517231943 21.830166244804822 2.5
      vertex 16.946770863235 21.836999008357488 2.5
    endloop
  endfacet
  facet normal -0.30886600561450867 -0.9511055622672693 0
    outer loop
      vertex 17.008400590717795 21.822091171443425 1.98
      vertex 17.037092091143133 21.812773773372136 2.5
      vertex 17.008400590717795 21.822091171443425 2.5
    endloop
  endfacet
  facet normal -0.3610324280618977 -0.932553261689503 0
    outer loop
      vertex 17.037092091143133 21.812773773372136 1.98
      vertex 17.06436802595854 21.802214058041535 2.5
      vertex 17.037092091143133 21.812773773372136 2.5
    endloop
  endfacet
  facet normal -0.4151822657211786 -0.9097382514935979 0
    outer loop
      vertex 17.06436802595854 21.802214058041535 1.98
      vertex 17.090228380262854 21.790412025451623 2.5
      vertex 17.06436802595854 21.802214058041535 2.5
    endloop
  endfacet
  facet normal -0.847746090377378 -0.5304022683302461 0
    outer loop
      vertex 17.34080399721861 19.808376001119576 2.5
      vertex 17.30240620022375 19.869747500121594 2.5
      vertex 17.30240620022375 19.869747500121594 1.98
    endloop
  endfacet
  facet normal 0.83500014694384 0.5502497202214333 0
    outer loop
      vertex 17.047859998047354 20.79626400202509 2.5
      vertex 17.361256156308766 20.320687498152257 2.5
      vertex 17.361256156308766 20.320687498152257 1.98
    endloop
  endfacet
  facet normal 0.19241310247849214 -0.9813140159982439 0
    outer loop
      vertex 17.087499761581423 20.8040364477038 1.98
      vertex 17.087499761581423 20.8040364477038 2.5
      vertex 17.047859998047354 20.79626400202509 2.5
    endloop
  endfacet
  facet normal 0.23581011461214946 -0.9717991509805949 0
    outer loop
      vertex 17.12580120712519 20.813330413699113 1.98
      vertex 17.12580120712519 20.813330413699113 2.5
      vertex 17.087499761581423 20.8040364477038 2.5
    endloop
  endfacet
  facet normal -0.454629196277113 0.8906808035948828 0
    outer loop
      vertex 17.093045608699324 21.074111858308278 1.98
      vertex 17.067772330343725 21.061211647391282 2.5
      vertex 17.093045608699324 21.074111858308278 2.5
    endloop
  endfacet
  facet normal 0.2808270628090528 -0.9597583866755427 0
    outer loop
      vertex 17.162764334678652 20.824145892560445 1.98
      vertex 17.162764334678652 20.824145892560445 2.5
      vertex 17.12580120712519 20.813330413699113 2.5
    endloop
  endfacet
  facet normal -0.5114831455416622 0.8592933095438406 0
    outer loop
      vertex 17.1169993147254 21.088369989693128 1.98
      vertex 17.093045608699324 21.074111858308278 2.5
      vertex 17.1169993147254 21.088369989693128 2.5
    endloop
  endfacet
  facet normal -0.5678882579581125 0.8231056593617251 0
    outer loop
      vertex 17.139633440971377 21.10398603409525 1.98
      vertex 17.1169993147254 21.088369989693128 2.5
      vertex 17.139633440971377 21.10398603409525 2.5
    endloop
  endfacet
  facet normal -0.6229550486710055 0.7822576348846364 0
    outer loop
      vertex 17.16094800233841 21.120959998965226 1.98
      vertex 17.139633440971377 21.10398603409525 2.5
      vertex 17.16094800233841 21.120959998965226 2.5
    endloop
  endfacet
  facet normal 0.32723679797168015 -0.9449423675829346 0
    outer loop
      vertex 17.162764334678652 20.824145892560445 2.5
      vertex 17.19838913679123 20.836482884287797 1.98
      vertex 17.19838913679123 20.836482884287797 2.5
    endloop
  endfacet
  facet normal 0.37474311948967726 -0.9271286827593812 0
    outer loop
      vertex 17.232675620913508 20.85034139633175 1.98
      vertex 17.232675620913508 20.85034139633175 2.5
      vertex 17.19838913679123 20.836482884287797 2.5
    endloop
  endfacet
  facet normal -0.6754904443467167 0.7373687405879606 0
    outer loop
      vertex 17.16094800233841 21.120959998965226 2.5
      vertex 17.180811905860903 21.139156969189607 2.5
      vertex 17.180811905860903 21.139156969189607 1.98
    endloop
  endfacet
  facet normal -0.725863845069178 0.687838410109081 0
    outer loop
      vertex 17.19908669739962 21.158442037105523 1.98
      vertex 17.180811905860903 21.139156969189607 2.5
      vertex 17.19908669739962 21.158442037105523 2.5
    endloop
  endfacet
  facet normal -0.7736458083713719 0.6336183103331267 0
    outer loop
      vertex 17.215772376954558 21.178815195262395 1.98
      vertex 17.19908669739962 21.158442037105523 2.5
      vertex 17.215772376954558 21.178815195262395 2.5
    endloop
  endfacet
  facet normal -0.8179103964978824 0.5753456207365071 0
    outer loop
      vertex 17.23086894452572 21.200276451110803 1.98
      vertex 17.215772376954558 21.178815195262395 2.5
      vertex 17.23086894452572 21.200276451110803 2.5
    endloop
  endfacet
  facet normal -0.4707888666274555 -0.8822459084969654 0
    outer loop
      vertex 17.090228380262854 21.790412025451623 1.98
      vertex 17.114673161506655 21.77736766815182 2.5
      vertex 17.090228380262854 21.790412025451623 2.5
    endloop
  endfacet
  facet normal -0.5271679510746704 -0.8497611142902067 0
    outer loop
      vertex 17.114673161506655 21.77736766815182 1.98
      vertex 17.137702369689944 21.763080993592702 2.5
      vertex 17.114673161506655 21.77736766815182 2.5
    endloop
  endfacet
  facet normal -0.5834922657096631 -0.8121186956701613 0
    outer loop
      vertex 17.137702369689944 21.763080993592702 1.98
      vertex 17.15931599736214 21.747552001774274 2.5
      vertex 17.137702369689944 21.763080993592702 2.5
    endloop
  endfacet
  facet normal -0.6392602118029157 -0.7689904951335169 0
    outer loop
      vertex 17.15931599736214 21.747552001774274 1.98
      vertex 17.179421322047713 21.730838486850224 2.5
      vertex 17.15931599736214 21.747552001774274 2.5
    endloop
  endfacet
  facet normal -0.6942149958316787 -0.7197676983321927 0
    outer loop
      vertex 17.179421322047713 21.730838486850224 1.98
      vertex 17.197918222844603 21.712998250424825 2.5
      vertex 17.179421322047713 21.730838486850224 2.5
    endloop
  endfacet
  facet normal -0.7468428394274809 -0.665000581350045 0
    outer loop
      vertex 17.197918222844603 21.712998250424825 1.98
      vertex 17.21480669975281 21.694031292498074 2.5
      vertex 17.197918222844603 21.712998250424825 2.5
    endloop
  endfacet
  facet normal -0.7959932859934108 -0.6053054507051892 0
    outer loop
      vertex 17.21480669975281 21.694031292498074 1.98
      vertex 17.230086745321753 21.673937613069974 2.5
      vertex 17.21480669975281 21.694031292498074 2.5
    endloop
  endfacet
  facet normal -0.8406387183424601 -0.5415962935836488 0
    outer loop
      vertex 17.230086745321753 21.673937613069974 1.98
      vertex 17.243758367002012 21.652717204689942 2.5
      vertex 17.230086745321753 21.673937613069974 2.5
    endloop
  endfacet
  facet normal 0.42298063186971574 -0.9061387228582035 0
    outer loop
      vertex 17.26562378704548 20.865721421241723 1.98
      vertex 17.26562378704548 20.865721421241723 2.5
      vertex 17.232675620913508 20.85034139633175 2.5
    endloop
  endfacet
  facet normal 0.4715208909632863 -0.8818548913427813 0
    outer loop
      vertex 17.29723363518715 20.882622959017716 1.98
      vertex 17.29723363518715 20.882622959017716 2.5
      vertex 17.26562378704548 20.865721421241723 2.5
    endloop
  endfacet
  facet normal -0.8578645034735806 0.5138759516459465 0
    outer loop
      vertex 17.244376400113108 21.222825797200166 1.98
      vertex 17.23086894452572 21.200276451110803 2.5
      vertex 17.244376400113108 21.222825797200166 2.5
    endloop
  endfacet
  facet normal -0.8929168192258425 0.45022167200569535 0
    outer loop
      vertex 17.25629474371672 21.246463240981065 1.98
      vertex 17.244376400113108 21.222825797200166 2.5
      vertex 17.25629474371672 21.246463240981065 2.5
    endloop
  endfacet
  facet normal -0.9227198230975917 0.38547130640652005 0
    outer loop
      vertex 17.266623975336554 21.2711887824535 1.98
      vertex 17.25629474371672 21.246463240981065 2.5
      vertex 17.266623975336554 21.2711887824535 2.5
    endloop
  endfacet
  facet normal -0.9471803278451888 0.3207014601511514 0
    outer loop
      vertex 17.275364094972613 21.29700241416689 1.98
      vertex 17.266623975336554 21.2711887824535 2.5
      vertex 17.275364094972613 21.29700241416689 2.5
    endloop
  endfacet
  facet normal -0.966438441299451 0.256898305130041 0
    outer loop
      vertex 17.282515102624895 21.323904143571816 1.98
      vertex 17.275364094972613 21.29700241416689 2.5
      vertex 17.282515102624895 21.323904143571816 2.5
    endloop
  endfacet
  facet normal -0.9808230318843544 0.19490043644174537 0
    outer loop
      vertex 17.28807699084282 21.351893963217698 1.98
      vertex 17.282515102624895 21.323904143571816 2.5
      vertex 17.28807699084282 21.351893963217698 2.5
    endloop
  endfacet
  facet normal -0.9907954071811741 0.13536787325171218 0
    outer loop
      vertex 17.292049774527552 21.380971880555116 1.98
      vertex 17.28807699084282 21.351893963217698 2.5
      vertex 17.292049774527552 21.380971880555116 2.5
    endloop
  endfacet
  facet normal -0.996892586679723 0.07877290538637498 0
    outer loop
      vertex 17.294433446228506 21.41113789558407 1.98
      vertex 17.292049774527552 21.380971880555116 2.5
      vertex 17.294433446228506 21.41113789558407 2.5
    endloop
  endfacet
  facet normal -0.9996770090487909 0.025414121650448037 0
    outer loop
      vertex 17.295227998495104 21.442392000853978 1.98
      vertex 17.294433446228506 21.41113789558407 2.5
      vertex 17.295227998495104 21.442392000853978 2.5
    endloop
  endfacet
  facet normal 0.5198832471862878 -0.8542373260956474 0
    outer loop
      vertex 17.327505157887938 20.90104600965973 1.98
      vertex 17.327505157887938 20.90104600965973 2.5
      vertex 17.29723363518715 20.882622959017716 2.5
    endloop
  endfacet
  facet normal 0.5675522772570303 -0.8233373625558109 0
    outer loop
      vertex 17.356438370049002 20.920990580618344 1.98
      vertex 17.356438370049002 20.920990580618344 2.5
      vertex 17.327505157887938 20.90104600965973 2.5
    endloop
  endfacet
  facet normal 0.614001102530677 -0.7893051666441269 0
    outer loop
      vertex 17.384033256769182 20.94245666444298 1.98
      vertex 17.384033256769182 20.94245666444298 2.5
      vertex 17.356438370049002 20.920990580618344 2.5
    endloop
  endfacet
  facet normal -0.9134942945064218 -0.40685153791550854 0
    outer loop
      vertex 17.25582156479359 21.63037008225914 1.98
      vertex 17.2662763312459 21.60689623832699 2.5
      vertex 17.25582156479359 21.63037008225914 2.5
    endloop
  endfacet
  facet normal -0.9410075968726622 -0.33838543501152213 0
    outer loop
      vertex 17.2662763312459 21.60689623832699 1.98
      vertex 17.27512267380953 21.582295665442906 2.5
      vertex 17.2662763312459 21.60689623832699 2.5
    endloop
  endfacet
  facet normal -0.8799753291414025 -0.4750193891858314 0
    outer loop
      vertex 17.243758367002012 21.652717204689942 1.98
      vertex 17.25582156479359 21.63037008225914 2.5
      vertex 17.243758367002012 21.652717204689942 2.5
    endloop
  endfacet
  facet normal -0.9787256733355428 -0.20517323498421586 0
    outer loop
      vertex 17.282360592484476 21.556568378508054 1.98
      vertex 17.28799007982016 21.52971437007185 2.5
      vertex 17.282360592484476 21.556568378508054 2.5
    endloop
  endfacet
  facet normal -0.9996464258934267 -0.026589907831692502 0
    outer loop
      vertex 17.294423790276053 21.472626173794232 1.98
      vertex 17.295227998495104 21.442392000853978 2.5
      vertex 17.294423790276053 21.472626173794232 2.5
    endloop
  endfacet
  facet normal -0.9965824449385484 -0.08260405825566344 0
    outer loop
      vertex 17.292011150717737 21.501733632683717 1.98
      vertex 17.294423790276053 21.472626173794232 2.5
      vertex 17.292011150717737 21.501733632683717 2.5
    endloop
  endfacet
  facet normal -0.9898311657388222 -0.14224719094633903 0
    outer loop
      vertex 17.28799007982016 21.52971437007185 1.98
      vertex 17.292011150717737 21.501733632683717 2.5
      vertex 17.28799007982016 21.52971437007185 2.5
    endloop
  endfacet
  facet normal -0.9626302705747218 -0.2708190579948867 0
    outer loop
      vertex 17.27512267380953 21.582295665442906 1.98
      vertex 17.282360592484476 21.556568378508054 2.5
      vertex 17.27512267380953 21.582295665442906 2.5
    endloop
  endfacet
  facet normal 0.4965725380107411 0.8679952272297188 0
    outer loop
      vertex 17.327915431559088 21.977429257631265 1.98
      vertex 17.32353983677321 21.97993249744177 2.5
      vertex 17.327915431559088 21.977429257631265 2.5
    endloop
  endfacet
  facet normal 0.5528187006021544 0.8333015566195382 0
    outer loop
      vertex 17.327915431559088 21.977429257631265 1.98
      vertex 17.327915431559088 21.977429257631265 2.5
      vertex 17.363472783565523 21.953840235173665 2.5
    endloop
  endfacet
  facet normal 0.608163117990009 0.7938120822440726 0
    outer loop
      vertex 17.363472783565523 21.953840235173665 1.98
      vertex 17.363472783565523 21.953840235173665 2.5
      vertex 17.396940001845362 21.928200000822507 2.5
    endloop
  endfacet
  facet normal 0 0 1
    outer loop
      vertex 16.03066799938679 20.760455997586213 2.5
      vertex 16.627979996800423 20.800751425303027 2.5
      vertex 16.03066799938679 21.006215998828374 2.5
    endloop
  endfacet
  facet normal 0 0 1
    outer loop
      vertex 15.719820001721384 22.101527998149358 2.5
      vertex 16.03066799938679 21.852528000175916 2.5
      vertex 16.627979996800423 22.101527998149358 2.5
    endloop
  endfacet
  facet normal 0 0 1
    outer loop
      vertex 16.03066799938679 20.760455997586213 2.5
      vertex 16.627979996800423 20.760455997586213 2.5
      vertex 16.627979996800423 20.800751425303027 2.5
    endloop
  endfacet
  facet normal 0 0 1
    outer loop
      vertex 16.03066799938679 21.006215998828374 2.5
      vertex 16.627979996800423 20.800751425303027 2.5
      vertex 16.627979996800423 21.006215998828374 2.5
    endloop
  endfacet
  facet normal 0 0 1
    outer loop
      vertex 16.03066799938679 21.852528000175916 2.5
      vertex 16.627979996800423 22.046145393359712 2.5
      vertex 16.627979996800423 22.101527998149358 2.5
    endloop
  endfacet
  facet normal 0 0 1
    outer loop
      vertex 16.03066799938679 21.852528000175916 2.5
      vertex 16.76792399734259 21.852528000175916 2.5
      vertex 16.627979996800423 22.046145393359712 2.5
    endloop
  endfacet
  facet normal 0 0 1
    outer loop
      vertex 16.627979996800423 21.006215998828374 2.5
      vertex 16.627979996800423 20.800751425303027 2.5
      vertex 16.77979590304339 20.998418636340933 2.5
    endloop
  endfacet
  facet normal 0 0 1
    outer loop
      vertex 16.627979996800423 21.006215998828374 2.5
      vertex 16.77979590304339 20.998418636340933 2.5
      vertex 16.77728262503426 21.006215998828374 2.5
    endloop
  endfacet
  facet normal 0 0 1
    outer loop
      vertex 16.76792399734259 21.852528000175916 2.5
      vertex 16.78674498518838 22.00413337241633 2.5
      vertex 16.627979996800423 22.046145393359712 2.5
    endloop
  endfacet
  facet normal 0 0 1
    outer loop
      vertex 17.047859998047354 20.79626400202509 2.5
      vertex 16.998244996368886 20.355890729154485 2.5
      vertex 17.020270310066085 20.320687498152257 2.5
    endloop
  endfacet
  facet normal 0 0 1
    outer loop
      vertex 16.974841072370165 20.393297403774987 2.5
      vertex 16.998244996368886 20.355890729154485 2.5
      vertex 17.047859998047354 20.79626400202509 2.5
    endloop
  endfacet
  facet normal 0 0 1
    outer loop
      vertex 17.047859998047354 20.79626400202509 2.5
      vertex 16.998244996368886 20.863499677629566 2.5
      vertex 16.974841072370165 20.393297403774987 2.5
    endloop
  endfacet
  facet normal 0 0 1
    outer loop
      vertex 16.76792399734259 21.852528000175916 2.5
      vertex 16.806524524092676 21.85190683782097 2.5
      vertex 16.78674498518838 22.00413337241633 2.5
    endloop
  endfacet
  facet normal 0 0 1
    outer loop
      vertex 16.806524524092676 21.85190683782097 2.5
      vertex 16.84370947033167 21.85004335820671 2.5
      vertex 16.78674498518838 22.00413337241633 2.5
    endloop
  endfacet
  facet normal 0 0 1
    outer loop
      vertex 16.84370947033167 21.85004335820671 2.5
      vertex 16.879478843510153 21.846937561333142 2.5
      vertex 16.78674498518838 22.00413337241633 2.5
    endloop
  endfacet
  facet normal 0 0 1
    outer loop
      vertex 16.879478843510153 21.846937561333142 2.5
      vertex 16.913832636177542 21.84258944720026 2.5
      vertex 16.78674498518838 22.00413337241633 2.5
    endloop
  endfacet
  facet normal 0 0 1
    outer loop
      vertex 16.913832636177542 21.84258944720026 2.5
      vertex 16.946770863235 21.836999008357488 2.5
      vertex 16.78674498518838 22.00413337241633 2.5
    endloop
  endfacet
  facet normal 0 0 1
    outer loop
      vertex 16.946770863235 21.836999008357488 2.5
      vertex 16.978293517231943 21.830166244804822 2.5
      vertex 16.78674498518838 22.00413337241633 2.5
    endloop
  endfacet
  facet normal 0 0 1
    outer loop
      vertex 16.81621884979265 20.8854176401785 2.5
      vertex 16.974841072370165 20.393297403774987 2.5
      vertex 16.998244996368886 20.863499677629566 2.5
    endloop
  endfacet
  facet normal 0 0 1
    outer loop
      vertex 17.013267056643965 21.03948497205969 2.5
      vertex 16.998244996368886 21.03494913230273 2.5
      vertex 16.998244996368886 20.863499677629566 2.5
    endloop
  endfacet
  facet normal 0 0 1
    outer loop
      vertex 17.013267056643965 21.03948497205969 2.5
      vertex 16.998244996368886 20.863499677629566 2.5
      vertex 17.047859998047354 20.79626400202509 2.5
    endloop
  endfacet
  facet normal 0 0 1
    outer loop
      vertex 17.013267056643965 21.03948497205969 2.5
      vertex 17.047859998047354 20.79626400202509 2.5
      vertex 17.087499761581423 20.8040364477038 2.5
    endloop
  endfacet
  facet normal 0 0 1
    outer loop
      vertex 17.013267056643965 21.03948497205969 2.5
      vertex 17.087499761581423 20.8040364477038 2.5
      vertex 17.041179479658606 21.04966934949156 2.5
    endloop
  endfacet
  facet normal 0 0 1
    outer loop
      vertex 16.978293517231943 21.830166244804822 2.5
      vertex 17.008400590717795 21.822091171443425 2.5
      vertex 16.78674498518838 22.00413337241633 2.5
    endloop
  endfacet
  facet normal 0 0 1
    outer loop
      vertex 17.008400590717795 21.822091171443425 2.5
      vertex 17.037092091143133 21.812773773372136 2.5
      vertex 16.78674498518838 22.00413337241633 2.5
    endloop
  endfacet
  facet normal 0 0 1
    outer loop
      vertex 17.037092091143133 21.812773773372136 2.5
      vertex 17.115412039973346 22.054232770160574 2.5
      vertex 16.78674498518838 22.00413337241633 2.5
    endloop
  endfacet
  facet normal 0 0 1
    outer loop
      vertex 17.047859998047354 20.79626400202509 2.5
      vertex 17.020270310066085 20.320687498152257 2.5
      vertex 17.30864812478638 19.916814476132945 2.5
    endloop
  endfacet
  facet normal 0 0 1
    outer loop
      vertex 17.30864812478638 19.916814476132945 2.5
      vertex 17.276050717827875 19.911871673593645 2.5
      vertex 17.30240620022375 19.869747500121594 2.5
    endloop
  endfacet
  facet normal 0 0 1
    outer loop
      vertex 17.34080399721861 19.808376001119576 2.5
      vertex 17.30864812478638 19.916814476132945 2.5
      vertex 17.30240620022375 19.869747500121594 2.5
    endloop
  endfacet
  facet normal 0 0 1
    outer loop
      vertex 17.047859998047354 20.79626400202509 2.5
      vertex 17.30864812478638 19.916814476132945 2.5
      vertex 17.361256156308766 20.320687498152257 2.5
    endloop
  endfacet
  facet normal 0 0 1
    outer loop
      vertex 17.041179479658606 21.04966934949156 2.5
      vertex 17.12580120712519 20.813330413699113 2.5
      vertex 17.067772330343725 21.061211647391282 2.5
    endloop
  endfacet
  facet normal 0 0 1
    outer loop
      vertex 17.041179479658606 21.04966934949156 2.5
      vertex 17.087499761581423 20.8040364477038 2.5
      vertex 17.12580120712519 20.813330413699113 2.5
    endloop
  endfacet
  facet normal 0 0 1
    outer loop
      vertex 17.067772330343725 21.061211647391282 2.5
      vertex 17.12580120712519 20.813330413699113 2.5
      vertex 17.162764334678652 20.824145892560445 2.5
    endloop
  endfacet
  facet normal 0 0 1
    outer loop
      vertex 17.067772330343725 21.061211647391282 2.5
      vertex 17.19838913679123 20.836482884287797 2.5
      vertex 17.093045608699324 21.074111858308278 2.5
    endloop
  endfacet
  facet normal 0 0 1
    outer loop
      vertex 17.067772330343725 21.061211647391282 2.5
      vertex 17.162764334678652 20.824145892560445 2.5
      vertex 17.19838913679123 20.836482884287797 2.5
    endloop
  endfacet
  facet normal 0 0 1
    outer loop
      vertex 17.093045608699324 21.074111858308278 2.5
      vertex 17.232675620913508 20.85034139633175 2.5
      vertex 17.1169993147254 21.088369989693128 2.5
    endloop
  endfacet
  facet normal 0 0 1
    outer loop
      vertex 17.1169993147254 21.088369989693128 2.5
      vertex 17.26562378704548 20.865721421241723 2.5
      vertex 17.139633440971377 21.10398603409525 2.5
    endloop
  endfacet
  facet normal 0 0 1
    outer loop
      vertex 17.093045608699324 21.074111858308278 2.5
      vertex 17.19838913679123 20.836482884287797 2.5
      vertex 17.232675620913508 20.85034139633175 2.5
    endloop
  endfacet
  facet normal 0 0 1
    outer loop
      vertex 17.1169993147254 21.088369989693128 2.5
      vertex 17.232675620913508 20.85034139633175 2.5
      vertex 17.26562378704548 20.865721421241723 2.5
    endloop
  endfacet
  facet normal 0 0 1
    outer loop
      vertex 17.139633440971377 21.10398603409525 2.5
      vertex 17.29723363518715 20.882622959017716 2.5
      vertex 17.16094800233841 21.120959998965226 2.5
    endloop
  endfacet
  facet normal 0 0 1
    outer loop
      vertex 17.139633440971377 21.10398603409525 2.5
      vertex 17.26562378704548 20.865721421241723 2.5
      vertex 17.29723363518715 20.882622959017716 2.5
    endloop
  endfacet
  facet normal 0 0 1
    outer loop
      vertex 17.16094800233841 21.120959998965226 2.5
      vertex 17.356438370049002 20.920990580618344 2.5
      vertex 17.180811905860903 21.139156969189607 2.5
    endloop
  endfacet
  facet normal 0 0 1
    outer loop
      vertex 17.137702369689944 21.763080993592702 2.5
      vertex 17.15931599736214 21.747552001774274 2.5
      vertex 17.126588927664415 21.97993249744177 2.5
    endloop
  endfacet
  facet normal 0 0 1
    outer loop
      vertex 17.037092091143133 21.812773773372136 2.5
      vertex 17.06436802595854 21.802214058041535 2.5
      vertex 17.126588927664415 21.97993249744177 2.5
    endloop
  endfacet
  facet normal 0 0 1
    outer loop
      vertex 17.06436802595854 21.802214058041535 2.5
      vertex 17.090228380262854 21.790412025451623 2.5
      vertex 17.126588927664415 21.97993249744177 2.5
    endloop
  endfacet
  facet normal 0 0 1
    outer loop
      vertex 17.037092091143133 21.812773773372136 2.5
      vertex 17.126588927664415 21.97993249744177 2.5
      vertex 17.115412039973346 22.054232770160574 2.5
    endloop
  endfacet
  facet normal 0 0 1
    outer loop
      vertex 17.090228380262854 21.790412025451623 2.5
      vertex 17.114673161506655 21.77736766815182 2.5
      vertex 17.126588927664415 21.97993249744177 2.5
    endloop
  endfacet
  facet normal 0 0 1
    outer loop
      vertex 17.114673161506655 21.77736766815182 2.5
      vertex 17.137702369689944 21.763080993592702 2.5
      vertex 17.126588927664415 21.97993249744177 2.5
    endloop
  endfacet
  facet normal 0 0 1
    outer loop
      vertex 17.15931599736214 21.747552001774274 2.5
      vertex 17.179421322047713 21.730838486850224 2.5
      vertex 17.327915431559088 21.977429257631265 2.5
    endloop
  endfacet
  facet normal 0 0 1
    outer loop
      vertex 17.15931599736214 21.747552001774274 2.5
      vertex 17.327915431559088 21.977429257631265 2.5
      vertex 17.126588927664415 21.97993249744177 2.5
    endloop
  endfacet
  facet normal 0 0 1
    outer loop
      vertex 17.16094800233841 21.120959998965226 2.5
      vertex 17.29723363518715 20.882622959017716 2.5
      vertex 17.327505157887938 20.90104600965973 2.5
    endloop
  endfacet
  facet normal 0 0 1
    outer loop
      vertex 17.16094800233841 21.120959998965226 2.5
      vertex 17.327505157887938 20.90104600965973 2.5
      vertex 17.356438370049002 20.920990580618344 2.5
    endloop
  endfacet
  facet normal 0 0 1
    outer loop
      vertex 17.180811905860903 21.139156969189607 2.5
      vertex 17.356438370049002 20.920990580618344 2.5
      vertex 17.384033256769182 20.94245666444298 2.5
    endloop
  endfacet
  facet normal 0 0 1
    outer loop
      vertex 17.180811905860903 21.139156969189607 2.5
      vertex 17.384033256769182 20.94245666444298 2.5
      vertex 17.19908669739962 21.158442037105523 2.5
    endloop
  endfacet
  facet normal 0 0 1
    outer loop
      vertex 17.19908669739962 21.158442037105523 2.5
      vertex 17.41028982549906 20.965444261133634 2.5
      vertex 17.215772376954558 21.178815195262395 2.5
    endloop
  endfacet
  facet normal 0 0 1
    outer loop
      vertex 17.215772376954558 21.178815195262395 2.5
      vertex 17.458788001537325 21.015984000563584 2.5
      vertex 17.23086894452572 21.200276451110803 2.5
    endloop
  endfacet
  facet normal 0 0 1
    outer loop
      vertex 17.19908669739962 21.158442037105523 2.5
      vertex 17.384033256769182 20.94245666444298 2.5
      vertex 17.41028982549906 20.965444261133634 2.5
    endloop
  endfacet
  facet normal 0 0 1
    outer loop
      vertex 17.215772376954558 21.178815195262395 2.5
      vertex 17.41028982549906 20.965444261133634 2.5
      vertex 17.435208068788054 20.98995337069031 2.5
    endloop
  endfacet
  facet normal 0 0 1
    outer loop
      vertex 17.215772376954558 21.178815195262395 2.5
      vertex 17.435208068788054 20.98995337069031 2.5
      vertex 17.458788001537325 21.015984000563584 2.5
    endloop
  endfacet
  facet normal 0 0 1
    outer loop
      vertex 17.23086894452572 21.200276451110803 2.5
      vertex 17.480817587673666 21.04325680613514 2.5
      vertex 17.244376400113108 21.222825797200166 2.5
    endloop
  endfacet
  facet normal 0 0 1
    outer loop
      vertex 17.244376400113108 21.222825797200166 2.5
      vertex 17.519589656591418 21.100690932869874 2.5
      vertex 17.25629474371672 21.246463240981065 2.5
    endloop
  endfacet
  facet normal 0 0 1
    outer loop
      vertex 17.25629474371672 21.246463240981065 2.5
      vertex 17.536332139372828 21.130852261483632 2.5
      vertex 17.266623975336554 21.2711887824535 2.5
    endloop
  endfacet
  facet normal 0 0 1
    outer loop
      vertex 17.266623975336554 21.2711887824535 2.5
      vertex 17.564530009031298 21.19406343430277 2.5
      vertex 17.275364094972613 21.29700241416689 2.5
    endloop
  endfacet
  facet normal 0 0 1
    outer loop
      vertex 17.23086894452572 21.200276451110803 2.5
      vertex 17.458788001537325 21.015984000563584 2.5
      vertex 17.480817587673666 21.04325680613514 2.5
    endloop
  endfacet
  facet normal 0 0 1
    outer loop
      vertex 17.275364094972613 21.29700241416689 2.5
      vertex 17.575985395908358 21.22711327850815 2.5
      vertex 17.282515102624895 21.323904143571816 2.5
    endloop
  endfacet
  facet normal 0 0 1
    outer loop
      vertex 17.282515102624895 21.323904143571816 2.5
      vertex 17.58567841500044 21.26112596124407 2.5
      vertex 17.28807699084282 21.351893963217698 2.5
    endloop
  endfacet
  facet normal 0 0 1
    outer loop
      vertex 17.28807699084282 21.351893963217698 2.5
      vertex 17.599777349829676 21.33203985720869 2.5
      vertex 17.292049774527552 21.380971880555116 2.5
    endloop
  endfacet
  facet normal 0 0 1
    outer loop
      vertex 17.179421322047713 21.730838486850224 2.5
      vertex 17.197918222844603 21.712998250424825 2.5
      vertex 17.396940001845362 21.928200000822507 2.5
    endloop
  endfacet
  facet normal 0 0 1
    outer loop
      vertex 17.197918222844603 21.712998250424825 2.5
      vertex 17.21480669975281 21.694031292498074 2.5
      vertex 17.42811869978905 21.900729941129647 2.5
    endloop
  endfacet
  facet normal 0 0 1
    outer loop
      vertex 17.21480669975281 21.694031292498074 2.5
      vertex 17.230086745321753 21.673937613069974 2.5
      vertex 17.45680309981108 21.871651457548104 2.5
    endloop
  endfacet
  facet normal 0 0 1
    outer loop
      vertex 17.327915431559088 21.977429257631265 2.5
      vertex 17.32353983677321 21.97993249744177 2.5
      vertex 17.126588927664415 21.97993249744177 2.5
    endloop
  endfacet
  facet normal 0 0 1
    outer loop
      vertex 17.179421322047713 21.730838486850224 2.5
      vertex 17.363472783565523 21.953840235173665 2.5
      vertex 17.327915431559088 21.977429257631265 2.5
    endloop
  endfacet
  facet normal 0 0 1
    outer loop
      vertex 17.179421322047713 21.730838486850224 2.5
      vertex 17.396940001845362 21.928200000822507 2.5
      vertex 17.363472783565523 21.953840235173665 2.5
    endloop
  endfacet
  facet normal 0 0 1
    outer loop
      vertex 17.230086745321753 21.673937613069974 2.5
      vertex 17.243758367002012 21.652717204689942 2.5
      vertex 17.482993209362032 21.840964542627297 2.5
    endloop
  endfacet
  facet normal 0 0 1
    outer loop
      vertex 17.243758367002012 21.652717204689942 2.5
      vertex 17.25582156479359 21.63037008225914 2.5
      vertex 17.527890534698965 21.774765441119634 2.5
    endloop
  endfacet
  facet normal 0 0 1
    outer loop
      vertex 17.2662763312459 21.60689623832699 2.5
      vertex 17.27512267380953 21.582295665442906 2.5
      vertex 17.56281067579985 21.702132636606656 2.5
    endloop
  endfacet
  facet normal 0 0 1
    outer loop
      vertex 17.292011150717737 21.501733632683717 2.5
      vertex 17.596483671665194 21.581120239496194 2.5
      vertex 17.28799007982016 21.52971437007185 2.5
    endloop
  endfacet
  facet normal 0 0 1
    outer loop
      vertex 17.27512267380953 21.582295665442906 2.5
      vertex 17.282360592484476 21.556568378508054 2.5
      vertex 17.576529303193094 21.663403594791852 2.5
    endloop
  endfacet
  facet normal 0 0 1
    outer loop
      vertex 17.282360592484476 21.556568378508054 2.5
      vertex 17.28799007982016 21.52971437007185 2.5
      vertex 17.587753632664683 21.623066129088365 2.5
    endloop
  endfacet
  facet normal 0 0 1
    outer loop
      vertex 17.25582156479359 21.63037008225914 2.5
      vertex 17.2662763312459 21.60689623832699 2.5
      vertex 17.546597750484946 21.739253254532777 2.5
    endloop
  endfacet
  facet normal 0 0 1
    outer loop
      vertex 17.21480669975281 21.694031292498074 2.5
      vertex 17.45680309981108 21.871651457548104 2.5
      vertex 17.42811869978905 21.900729941129647 2.5
    endloop
  endfacet
  facet normal 0 0 1
    outer loop
      vertex 17.230086745321753 21.673937613069974 2.5
      vertex 17.482993209362032 21.840964542627297 2.5
      vertex 17.45680309981108 21.871651457548104 2.5
    endloop
  endfacet
  facet normal 0 0 1
    outer loop
      vertex 17.197918222844603 21.712998250424825 2.5
      vertex 17.42811869978905 21.900729941129647 2.5
      vertex 17.396940001845362 21.928200000822507 2.5
    endloop
  endfacet
  facet normal 0 0 -1
    outer loop
      vertex 17.34080399721861 19.808376001119576 1.98
      vertex 17.322605160572852 19.869747500121594 1.98
      vertex 17.658417310904003 19.869747500121594 1.98
    endloop
  endfacet
  facet normal 0 0 -1
    outer loop
      vertex 17.34080399721861 19.808376001119576 1.98
      vertex 17.658417310904003 19.869747500121594 1.98
      vertex 17.698859998583796 19.808376001119576 1.98
    endloop
  endfacet
  facet normal 0 0 -1
    outer loop
      vertex 17.244376400113108 21.222825797200166 1.98
      vertex 17.50108480602503 21.071492450237237 1.98
      vertex 17.480817587673666 21.04325680613514 1.98
    endloop
  endfacet
  facet normal 0 0 -1
    outer loop
      vertex 17.244376400113108 21.222825797200166 1.98
      vertex 17.519589656591418 21.100690932869874 1.98
      vertex 17.50108480602503 21.071492450237237 1.98
    endloop
  endfacet
  facet normal 0 0 -1
    outer loop
      vertex 17.292049774527552 21.380971880555116 1.98
      vertex 17.294433446228506 21.41113789558407 1.98
      vertex 17.604183265566828 21.368941062986814 1.98
    endloop
  endfacet
  facet normal 0 0 -1
    outer loop
      vertex 17.294433446228506 21.41113789558407 1.98
      vertex 17.295227998495104 21.442392000853978 1.98
      vertex 17.606826813519003 21.406805114746057 1.98
    endloop
  endfacet
  facet normal 0 0 -1
    outer loop
      vertex 17.25629474371672 21.246463240981065 1.98
      vertex 17.536332139372828 21.130852261483632 1.98
      vertex 17.519589656591418 21.100690932869874 1.98
    endloop
  endfacet
  facet normal 0 0 -1
    outer loop
      vertex 17.266623975336554 21.2711887824535 1.98
      vertex 17.55131226181984 21.16197642862793 1.98
      vertex 17.536332139372828 21.130852261483632 1.98
    endloop
  endfacet
  facet normal 0 0 -1
    outer loop
      vertex 17.266623975336554 21.2711887824535 1.98
      vertex 17.564530009031298 21.19406343430277 1.98
      vertex 17.55131226181984 21.16197642862793 1.98
    endloop
  endfacet
  facet normal 0 0 -1
    outer loop
      vertex 17.275364094972613 21.29700241416689 1.98
      vertex 17.575985395908358 21.22711327850815 1.98
      vertex 17.564530009031298 21.19406343430277 1.98
    endloop
  endfacet
  facet normal 0 0 -1
    outer loop
      vertex 17.282515102624895 21.323904143571816 1.98
      vertex 17.58567841500044 21.26112596124407 1.98
      vertex 17.575985395908358 21.22711327850815 1.98
    endloop
  endfacet
  facet normal 0 0 -1
    outer loop
      vertex 17.28807699084282 21.351893963217698 1.98
      vertex 17.593609066307547 21.29610148996111 1.98
      vertex 17.58567841500044 21.26112596124407 1.98
    endloop
  endfacet
  facet normal 0 0 -1
    outer loop
      vertex 17.28807699084282 21.351893963217698 1.98
      vertex 17.599777349829676 21.33203985720869 1.98
      vertex 17.593609066307547 21.29610148996111 1.98
    endloop
  endfacet
  facet normal 0 0 -1
    outer loop
      vertex 17.292049774527552 21.380971880555116 1.98
      vertex 17.604183265566828 21.368941062986814 1.98
      vertex 17.599777349829676 21.33203985720869 1.98
    endloop
  endfacet
  facet normal 0 0 -1
    outer loop
      vertex 17.294433446228506 21.41113789558407 1.98
      vertex 17.606826813519003 21.406805114746057 1.98
      vertex 17.604183265566828 21.368941062986814 1.98
    endloop
  endfacet
  facet normal 0 0 -1
    outer loop
      vertex 17.295227998495104 21.442392000853978 1.98
      vertex 17.607708001136782 21.44563199758526 1.98
      vertex 17.606826813519003 21.406805114746057 1.98
    endloop
  endfacet
  facet normal 0 0 -1
    outer loop
      vertex 17.295227998495104 21.442392000853978 1.98
      vertex 17.294423790276053 21.472626173794232 1.98
      vertex 17.606460848450663 21.49240317374464 1.98
    endloop
  endfacet
  facet normal 0 0 -1
    outer loop
      vertex 17.292011150717737 21.501733632683717 1.98
      vertex 17.602719405293467 21.53756591856476 1.98
      vertex 17.294423790276053 21.472626173794232 1.98
    endloop
  endfacet
  facet normal 0 0 -1
    outer loop
      vertex 17.243758367002012 21.652717204689942 1.98
      vertex 17.482993209362032 21.840964542627297 1.98
      vertex 17.506689020991328 21.808669203817807 1.98
    endloop
  endfacet
  facet normal 0 0 -1
    outer loop
      vertex 17.243758367002012 21.652717204689942 1.98
      vertex 17.506689020991328 21.808669203817807 1.98
      vertex 17.527890534698965 21.774765441119634 1.98
    endloop
  endfacet
  facet normal 0 0 -1
    outer loop
      vertex 17.25582156479359 21.63037008225914 1.98
      vertex 17.527890534698965 21.774765441119634 1.98
      vertex 17.546597750484946 21.739253254532777 1.98
    endloop
  endfacet
  facet normal 0 0 -1
    outer loop
      vertex 17.2662763312459 21.60689623832699 1.98
      vertex 17.546597750484946 21.739253254532777 1.98
      vertex 17.56281067579985 21.702132636606656 1.98
    endloop
  endfacet
  facet normal 0 0 -1
    outer loop
      vertex 17.27512267380953 21.582295665442906 1.98
      vertex 17.56281067579985 21.702132636606656 1.98
      vertex 17.576529303193094 21.663403594791852 1.98
    endloop
  endfacet
  facet normal 0 0 -1
    outer loop
      vertex 17.282360592484476 21.556568378508054 1.98
      vertex 17.576529303193094 21.663403594791852 1.98
      vertex 17.587753632664683 21.623066129088365 1.98
    endloop
  endfacet
  facet normal 0 0 -1
    outer loop
      vertex 17.28799007982016 21.52971437007185 1.98
      vertex 17.587753632664683 21.623066129088365 1.98
      vertex 17.596483671665194 21.581120239496194 1.98
    endloop
  endfacet
  facet normal 0 0 -1
    outer loop
      vertex 17.294423790276053 21.472626173794232 1.98
      vertex 17.602719405293467 21.53756591856476 1.98
      vertex 17.606460848450663 21.49240317374464 1.98
    endloop
  endfacet
  facet normal 0 0 -1
    outer loop
      vertex 17.295227998495104 21.442392000853978 1.98
      vertex 17.606460848450663 21.49240317374464 1.98
      vertex 17.607708001136782 21.44563199758526 1.98
    endloop
  endfacet
  facet normal 0 0 -1
    outer loop
      vertex 17.292011150717737 21.501733632683717 1.98
      vertex 17.596483671665194 21.581120239496194 1.98
      vertex 17.602719405293467 21.53756591856476 1.98
    endloop
  endfacet
  facet normal 0 -1 0
    outer loop
      vertex 17.34080399721861 19.808376001119576 1.98
      vertex 17.698859998583796 19.808376001119576 1.98
      vertex 17.34080399721861 19.808376001119576 2.5
    endloop
  endfacet
  facet normal 0.8350001469438362 0.5502497202214393 0
    outer loop
      vertex 17.698859998583796 19.808376001119576 1.98
      vertex 17.658417310904003 19.869747500121594 1.98
      vertex 17.658417310904003 19.869747500121594 2.5
    endloop
  endfacet
  facet normal 0.7012296991689639 -0.7129354171335608 0
    outer loop
      vertex 17.41028982549906 20.965444261133634 1.98
      vertex 17.435208068788054 20.98995337069031 1.98
      vertex 17.41028982549906 20.965444261133634 2.5
    endloop
  endfacet
  facet normal 0.7411332172119206 -0.6713579926872907 0
    outer loop
      vertex 17.435208068788054 20.98995337069031 1.98
      vertex 17.458788001537325 21.015984000563584 1.98
      vertex 17.435208068788054 20.98995337069031 2.5
    endloop
  endfacet
  facet normal 0.7779195565961204 -0.6283638782308348 0
    outer loop
      vertex 17.458788001537325 21.015984000563584 1.98
      vertex 17.480817587673666 21.04325680613514 1.98
      vertex 17.458788001537325 21.015984000563584 2.5
    endloop
  endfacet
  facet normal 0.8123854231085238 -0.5831208488133354 0
    outer loop
      vertex 17.480817587673666 21.04325680613514 1.98
      vertex 17.50108480602503 21.071492450237237 1.98
      vertex 17.480817587673666 21.04325680613514 2.5
    endloop
  endfacet
  facet normal 0.8446558692594169 -0.5353096884286878 0
    outer loop
      vertex 17.50108480602503 21.071492450237237 1.98
      vertex 17.519589656591418 21.100690932869874 1.98
      vertex 17.50108480602503 21.071492450237237 2.5
    endloop
  endfacet
  facet normal 0.8743271846213656 -0.4853369697767484 0
    outer loop
      vertex 17.519589656591418 21.100690932869874 1.98
      vertex 17.536332139372828 21.130852261483632 1.98
      vertex 17.519589656591418 21.100690932869874 2.5
    endloop
  endfacet
  facet normal 0.9010648895860839 -0.43368429157074434 0
    outer loop
      vertex 17.536332139372828 21.130852261483632 1.98
      vertex 17.55131226181984 21.16197642862793 1.98
      vertex 17.536332139372828 21.130852261483632 2.5
    endloop
  endfacet
  facet normal 0.9246227890578924 -0.38088410042269294 0
    outer loop
      vertex 17.55131226181984 21.16197642862793 1.98
      vertex 17.564530009031298 21.19406343430277 1.98
      vertex 17.55131226181984 21.16197642862793 2.5
    endloop
  endfacet
  facet normal 0.6610727017945687 0.7503218529018261 0
    outer loop
      vertex 17.396940001845362 21.928200000822507 1.98
      vertex 17.42811869978905 21.900729941129647 2.5
      vertex 17.42811869978905 21.900729941129647 1.98
    endloop
  endfacet
  facet normal 0.7119144036786207 0.7022662471135244 0
    outer loop
      vertex 17.42811869978905 21.900729941129647 1.98
      vertex 17.45680309981108 21.871651457548104 2.5
      vertex 17.45680309981108 21.871651457548104 1.98
    endloop
  endfacet
  facet normal 0.7606383942082423 0.6491758107449064 0
    outer loop
      vertex 17.45680309981108 21.871651457548104 1.98
      vertex 17.482993209362032 21.840964542627297 2.5
      vertex 17.482993209362032 21.840964542627297 1.98
    endloop
  endfacet
  facet normal 0.8062554016660043 0.5915676016182682 0
    outer loop
      vertex 17.506689020991328 21.808669203817807 1.98
      vertex 17.482993209362032 21.840964542627297 1.98
      vertex 17.506689020991328 21.808669203817807 2.5
    endloop
  endfacet
  facet normal 0.8478672018992827 0.5302086456702504 0
    outer loop
      vertex 17.506689020991328 21.808669203817807 1.98
      vertex 17.527890534698965 21.774765441119634 2.5
      vertex 17.527890534698965 21.774765441119634 1.98
    endloop
  endfacet
  facet normal 0.884747800567984 0.4660700906410056 0
    outer loop
      vertex 17.527890534698965 21.774765441119634 1.98
      vertex 17.546597750484946 21.739253254532777 2.5
      vertex 17.546597750484946 21.739253254532777 1.98
    endloop
  endfacet
  facet normal 0.9448529406686095 -0.32749491676952974 0
    outer loop
      vertex 17.564530009031298 21.19406343430277 1.98
      vertex 17.575985395908358 21.22711327850815 1.98
      vertex 17.564530009031298 21.19406343430277 2.5
    endloop
  endfacet
  facet normal 0.961709629762985 -0.2740704070510754 0
    outer loop
      vertex 17.575985395908358 21.22711327850815 1.98
      vertex 17.58567841500044 21.26112596124407 1.98
      vertex 17.575985395908358 21.22711327850815 2.5
    endloop
  endfacet
  facet normal 0.9752432048262946 -0.22113500726962707 0
    outer loop
      vertex 17.58567841500044 21.26112596124407 1.98
      vertex 17.593609066307547 21.29610148996111 1.98
      vertex 17.58567841500044 21.26112596124407 2.5
    endloop
  endfacet
  facet normal 0.9855883444518186 -0.16916150649814876 0
    outer loop
      vertex 17.593609066307547 21.29610148996111 1.98
      vertex 17.599777349829676 21.33203985720869 1.98
      vertex 17.593609066307547 21.29610148996111 2.5
    endloop
  endfacet
  facet normal 0.9929474215942912 -0.11855554794799289 0
    outer loop
      vertex 17.599777349829676 21.33203985720869 1.98
      vertex 17.604183265566828 21.368941062986814 1.98
      vertex 17.599777349829676 21.33203985720869 2.5
    endloop
  endfacet
  facet normal 0.9975716791706386 -0.06964728937060222 0
    outer loop
      vertex 17.604183265566828 21.368941062986814 1.98
      vertex 17.606826813519003 21.406805114746057 1.98
      vertex 17.604183265566828 21.368941062986814 2.5
    endloop
  endfacet
  facet normal 0.9997425612048727 -0.022689453839201432 0
    outer loop
      vertex 17.606826813519003 21.406805114746057 1.98
      vertex 17.607708001136782 21.44563199758526 1.98
      vertex 17.606826813519003 21.406805114746057 2.5
    endloop
  endfacet
  facet normal 0.9633978474442952 0.26807571232713034 0
    outer loop
      vertex 17.576529303193094 21.663403594791852 1.98
      vertex 17.587753632664683 21.623066129088365 2.5
      vertex 17.587753632664683 21.623066129088365 1.98
    endloop
  endfacet
  facet normal 0.9790208886994689 0.20375990648334616 0
    outer loop
      vertex 17.587753632664683 21.623066129088365 1.98
      vertex 17.596483671665194 21.581120239496194 2.5
      vertex 17.596483671665194 21.581120239496194 1.98
    endloop
  endfacet
  facet normal 0.9164050552904764 0.4002521388300866 0
    outer loop
      vertex 17.546597750484946 21.739253254532777 1.98
      vertex 17.56281067579985 21.702132636606656 2.5
      vertex 17.56281067579985 21.702132636606656 1.98
    endloop
  endfacet
  facet normal 0.9426112029375054 0.3338923780152953 0
    outer loop
      vertex 17.56281067579985 21.702132636606656 1.98
      vertex 17.576529303193094 21.663403594791852 2.5
      vertex 17.576529303193094 21.663403594791852 1.98
    endloop
  endfacet
  facet normal 0.9996446787710259 0.02665550983891285 0
    outer loop
      vertex 17.607708001136782 21.44563199758526 1.98
      vertex 17.606460848450663 21.49240317374464 1.98
      vertex 17.607708001136782 21.44563199758526 2.5
    endloop
  endfacet
  facet normal 0.9965860338572179 0.08256074806310888 0
    outer loop
      vertex 17.606460848450663 21.49240317374464 1.98
      vertex 17.602719405293467 21.53756591856476 1.98
      vertex 17.606460848450663 21.49240317374464 2.5
    endloop
  endfacet
  facet normal 0.989905893146453 0.1417262245102266 0
    outer loop
      vertex 17.596483671665194 21.581120239496194 1.98
      vertex 17.602719405293467 21.53756591856476 2.5
      vertex 17.602719405293467 21.53756591856476 1.98
    endloop
  endfacet
  facet normal 0 -1 0
    outer loop
      vertex 17.698859998583796 19.808376001119576 1.98
      vertex 17.698859998583796 19.808376001119576 2.5
      vertex 17.34080399721861 19.808376001119576 2.5
    endloop
  endfacet
  facet normal 0.8350001469438362 0.5502497202214393 0
    outer loop
      vertex 17.698859998583796 19.808376001119576 1.98
      vertex 17.658417310904003 19.869747500121594 2.5
      vertex 17.698859998583796 19.808376001119576 2.5
    endloop
  endfacet
  facet normal 0.6587171735442231 -0.7523906467241004 0
    outer loop
      vertex 17.41028982549906 20.965444261133634 1.98
      vertex 17.41028982549906 20.965444261133634 2.5
      vertex 17.384033256769182 20.94245666444298 2.5
    endloop
  endfacet
  facet normal 0.7012296991689639 -0.7129354171335608 0
    outer loop
      vertex 17.435208068788054 20.98995337069031 1.98
      vertex 17.435208068788054 20.98995337069031 2.5
      vertex 17.41028982549906 20.965444261133634 2.5
    endloop
  endfacet
  facet normal 0.7411332172119206 -0.6713579926872907 0
    outer loop
      vertex 17.458788001537325 21.015984000563584 1.98
      vertex 17.458788001537325 21.015984000563584 2.5
      vertex 17.435208068788054 20.98995337069031 2.5
    endloop
  endfacet
  facet normal 0.7779195565961204 -0.6283638782308348 0
    outer loop
      vertex 17.480817587673666 21.04325680613514 1.98
      vertex 17.480817587673666 21.04325680613514 2.5
      vertex 17.458788001537325 21.015984000563584 2.5
    endloop
  endfacet
  facet normal 0.8123854231085238 -0.5831208488133354 0
    outer loop
      vertex 17.50108480602503 21.071492450237237 1.98
      vertex 17.50108480602503 21.071492450237237 2.5
      vertex 17.480817587673666 21.04325680613514 2.5
    endloop
  endfacet
  facet normal 0.8446558692594169 -0.5353096884286878 0
    outer loop
      vertex 17.519589656591418 21.100690932869874 1.98
      vertex 17.519589656591418 21.100690932869874 2.5
      vertex 17.50108480602503 21.071492450237237 2.5
    endloop
  endfacet
  facet normal 0.8743271846213656 -0.4853369697767484 0
    outer loop
      vertex 17.536332139372828 21.130852261483632 1.98
      vertex 17.536332139372828 21.130852261483632 2.5
      vertex 17.519589656591418 21.100690932869874 2.5
    endloop
  endfacet
  facet normal 0.9010648895860839 -0.43368429157074434 0
    outer loop
      vertex 17.55131226181984 21.16197642862793 1.98
      vertex 17.55131226181984 21.16197642862793 2.5
      vertex 17.536332139372828 21.130852261483632 2.5
    endloop
  endfacet
  facet normal 0.6610727017945687 0.7503218529018261 0
    outer loop
      vertex 17.396940001845362 21.928200000822507 1.98
      vertex 17.396940001845362 21.928200000822507 2.5
      vertex 17.42811869978905 21.900729941129647 2.5
    endloop
  endfacet
  facet normal 0.7119144036786207 0.7022662471135244 0
    outer loop
      vertex 17.42811869978905 21.900729941129647 1.98
      vertex 17.42811869978905 21.900729941129647 2.5
      vertex 17.45680309981108 21.871651457548104 2.5
    endloop
  endfacet
  facet normal 0.7606383942082423 0.6491758107449064 0
    outer loop
      vertex 17.45680309981108 21.871651457548104 1.98
      vertex 17.45680309981108 21.871651457548104 2.5
      vertex 17.482993209362032 21.840964542627297 2.5
    endloop
  endfacet
  facet normal 0.8062554016660043 0.5915676016182682 0
    outer loop
      vertex 17.482993209362032 21.840964542627297 1.98
      vertex 17.482993209362032 21.840964542627297 2.5
      vertex 17.506689020991328 21.808669203817807 2.5
    endloop
  endfacet
  facet normal 0.8478672018992827 0.5302086456702504 0
    outer loop
      vertex 17.506689020991328 21.808669203817807 1.98
      vertex 17.506689020991328 21.808669203817807 2.5
      vertex 17.527890534698965 21.774765441119634 2.5
    endloop
  endfacet
  facet normal 0.884747800567984 0.4660700906410056 0
    outer loop
      vertex 17.527890534698965 21.774765441119634 1.98
      vertex 17.527890534698965 21.774765441119634 2.5
      vertex 17.546597750484946 21.739253254532777 2.5
    endloop
  endfacet
  facet normal 0.9164050552904764 0.4002521388300866 0
    outer loop
      vertex 17.546597750484946 21.739253254532777 1.98
      vertex 17.546597750484946 21.739253254532777 2.5
      vertex 17.56281067579985 21.702132636606656 2.5
    endloop
  endfacet
  facet normal 0.9246227890578924 -0.38088410042269294 0
    outer loop
      vertex 17.564530009031298 21.19406343430277 1.98
      vertex 17.564530009031298 21.19406343430277 2.5
      vertex 17.55131226181984 21.16197642862793 2.5
    endloop
  endfacet
  facet normal 0.9448529406686095 -0.32749491676952974 0
    outer loop
      vertex 17.575985395908358 21.22711327850815 1.98
      vertex 17.575985395908358 21.22711327850815 2.5
      vertex 17.564530009031298 21.19406343430277 2.5
    endloop
  endfacet
  facet normal 0.961709629762985 -0.2740704070510754 0
    outer loop
      vertex 17.58567841500044 21.26112596124407 1.98
      vertex 17.58567841500044 21.26112596124407 2.5
      vertex 17.575985395908358 21.22711327850815 2.5
    endloop
  endfacet
  facet normal 0.9752432048262946 -0.22113500726962707 0
    outer loop
      vertex 17.593609066307547 21.29610148996111 1.98
      vertex 17.593609066307547 21.29610148996111 2.5
      vertex 17.58567841500044 21.26112596124407 2.5
    endloop
  endfacet
  facet normal 0.9855883444518186 -0.16916150649814876 0
    outer loop
      vertex 17.599777349829676 21.33203985720869 1.98
      vertex 17.599777349829676 21.33203985720869 2.5
      vertex 17.593609066307547 21.29610148996111 2.5
    endloop
  endfacet
  facet normal 0.9929474215942912 -0.11855554794799289 0
    outer loop
      vertex 17.604183265566828 21.368941062986814 1.98
      vertex 17.604183265566828 21.368941062986814 2.5
      vertex 17.599777349829676 21.33203985720869 2.5
    endloop
  endfacet
  facet normal 0.9975716791706386 -0.06964728937060222 0
    outer loop
      vertex 17.606826813519003 21.406805114746057 1.98
      vertex 17.606826813519003 21.406805114746057 2.5
      vertex 17.604183265566828 21.368941062986814 2.5
    endloop
  endfacet
  facet normal 0.9997425612048727 -0.022689453839201432 0
    outer loop
      vertex 17.607708001136782 21.44563199758526 1.98
      vertex 17.607708001136782 21.44563199758526 2.5
      vertex 17.606826813519003 21.406805114746057 2.5
    endloop
  endfacet
  facet normal 0.9790208886994689 0.20375990648334616 0
    outer loop
      vertex 17.587753632664683 21.623066129088365 1.98
      vertex 17.587753632664683 21.623066129088365 2.5
      vertex 17.596483671665194 21.581120239496194 2.5
    endloop
  endfacet
  facet normal 0.9426112029375054 0.3338923780152953 0
    outer loop
      vertex 17.56281067579985 21.702132636606656 1.98
      vertex 17.56281067579985 21.702132636606656 2.5
      vertex 17.576529303193094 21.663403594791852 2.5
    endloop
  endfacet
  facet normal 0.9633978474442952 0.26807571232713034 0
    outer loop
      vertex 17.576529303193094 21.663403594791852 1.98
      vertex 17.576529303193094 21.663403594791852 2.5
      vertex 17.587753632664683 21.623066129088365 2.5
    endloop
  endfacet
  facet normal 0.9996446787710259 0.02665550983891285 0
    outer loop
      vertex 17.606460848450663 21.49240317374464 1.98
      vertex 17.606460848450663 21.49240317374464 2.5
      vertex 17.607708001136782 21.44563199758526 2.5
    endloop
  endfacet
  facet normal 0.9965860338572179 0.08256074806310888 0
    outer loop
      vertex 17.602719405293467 21.53756591856476 1.98
      vertex 17.602719405293467 21.53756591856476 2.5
      vertex 17.606460848450663 21.49240317374464 2.5
    endloop
  endfacet
  facet normal 0.989905893146453 0.1417262245102266 0
    outer loop
      vertex 17.596483671665194 21.581120239496194 1.98
      vertex 17.596483671665194 21.581120239496194 2.5
      vertex 17.602719405293467 21.53756591856476 2.5
    endloop
  endfacet
  facet normal 0 0 1
    outer loop
      vertex 17.34080399721861 19.808376001119576 2.5
      vertex 17.598443908343764 19.960756723952496 2.5
      vertex 17.30864812478638 19.916814476132945 2.5
    endloop
  endfacet
  facet normal 0 0 1
    outer loop
      vertex 17.34080399721861 19.808376001119576 2.5
      vertex 17.658417310904003 19.869747500121594 2.5
      vertex 17.598443908343764 19.960756723952496 2.5
    endloop
  endfacet
  facet normal 0 0 1
    outer loop
      vertex 17.698859998583796 19.808376001119576 2.5
      vertex 17.658417310904003 19.869747500121594 2.5
      vertex 17.34080399721861 19.808376001119576 2.5
    endloop
  endfacet
  facet normal 0 0 1
    outer loop
      vertex 17.244376400113108 21.222825797200166 2.5
      vertex 17.480817587673666 21.04325680613514 2.5
      vertex 17.50108480602503 21.071492450237237 2.5
    endloop
  endfacet
  facet normal 0 0 1
    outer loop
      vertex 17.244376400113108 21.222825797200166 2.5
      vertex 17.50108480602503 21.071492450237237 2.5
      vertex 17.519589656591418 21.100690932869874 2.5
    endloop
  endfacet
  facet normal 0 0 1
    outer loop
      vertex 17.292049774527552 21.380971880555116 2.5
      vertex 17.604183265566828 21.368941062986814 2.5
      vertex 17.294433446228506 21.41113789558407 2.5
    endloop
  endfacet
  facet normal 0 0 1
    outer loop
      vertex 17.294433446228506 21.41113789558407 2.5
      vertex 17.606826813519003 21.406805114746057 2.5
      vertex 17.295227998495104 21.442392000853978 2.5
    endloop
  endfacet
  facet normal 0 0 1
    outer loop
      vertex 17.25629474371672 21.246463240981065 2.5
      vertex 17.519589656591418 21.100690932869874 2.5
      vertex 17.536332139372828 21.130852261483632 2.5
    endloop
  endfacet
  facet normal 0 0 1
    outer loop
      vertex 17.266623975336554 21.2711887824535 2.5
      vertex 17.536332139372828 21.130852261483632 2.5
      vertex 17.55131226181984 21.16197642862793 2.5
    endloop
  endfacet
  facet normal 0 0 1
    outer loop
      vertex 17.266623975336554 21.2711887824535 2.5
      vertex 17.55131226181984 21.16197642862793 2.5
      vertex 17.564530009031298 21.19406343430277 2.5
    endloop
  endfacet
  facet normal 0 0 1
    outer loop
      vertex 17.275364094972613 21.29700241416689 2.5
      vertex 17.564530009031298 21.19406343430277 2.5
      vertex 17.575985395908358 21.22711327850815 2.5
    endloop
  endfacet
  facet normal 0 0 1
    outer loop
      vertex 17.282515102624895 21.323904143571816 2.5
      vertex 17.575985395908358 21.22711327850815 2.5
      vertex 17.58567841500044 21.26112596124407 2.5
    endloop
  endfacet
  facet normal 0 0 1
    outer loop
      vertex 17.28807699084282 21.351893963217698 2.5
      vertex 17.58567841500044 21.26112596124407 2.5
      vertex 17.593609066307547 21.29610148996111 2.5
    endloop
  endfacet
  facet normal 0 0 1
    outer loop
      vertex 17.28807699084282 21.351893963217698 2.5
      vertex 17.593609066307547 21.29610148996111 2.5
      vertex 17.599777349829676 21.33203985720869 2.5
    endloop
  endfacet
  facet normal 0 0 1
    outer loop
      vertex 17.292049774527552 21.380971880555116 2.5
      vertex 17.599777349829676 21.33203985720869 2.5
      vertex 17.604183265566828 21.368941062986814 2.5
    endloop
  endfacet
  facet normal 0 0 1
    outer loop
      vertex 17.294433446228506 21.41113789558407 2.5
      vertex 17.604183265566828 21.368941062986814 2.5
      vertex 17.606826813519003 21.406805114746057 2.5
    endloop
  endfacet
  facet normal 0 0 1
    outer loop
      vertex 17.295227998495104 21.442392000853978 2.5
      vertex 17.606826813519003 21.406805114746057 2.5
      vertex 17.607708001136782 21.44563199758526 2.5
    endloop
  endfacet
  facet normal 0 0 1
    outer loop
      vertex 17.295227998495104 21.442392000853978 2.5
      vertex 17.606460848450663 21.49240317374464 2.5
      vertex 17.294423790276053 21.472626173794232 2.5
    endloop
  endfacet
  facet normal 0 0 1
    outer loop
      vertex 17.292011150717737 21.501733632683717 2.5
      vertex 17.294423790276053 21.472626173794232 2.5
      vertex 17.602719405293467 21.53756591856476 2.5
    endloop
  endfacet
  facet normal 0 0 1
    outer loop
      vertex 17.243758367002012 21.652717204689942 2.5
      vertex 17.506689020991328 21.808669203817807 2.5
      vertex 17.482993209362032 21.840964542627297 2.5
    endloop
  endfacet
  facet normal 0 0 1
    outer loop
      vertex 17.243758367002012 21.652717204689942 2.5
      vertex 17.527890534698965 21.774765441119634 2.5
      vertex 17.506689020991328 21.808669203817807 2.5
    endloop
  endfacet
  facet normal 0 0 1
    outer loop
      vertex 17.25582156479359 21.63037008225914 2.5
      vertex 17.546597750484946 21.739253254532777 2.5
      vertex 17.527890534698965 21.774765441119634 2.5
    endloop
  endfacet
  facet normal 0 0 1
    outer loop
      vertex 17.2662763312459 21.60689623832699 2.5
      vertex 17.56281067579985 21.702132636606656 2.5
      vertex 17.546597750484946 21.739253254532777 2.5
    endloop
  endfacet
  facet normal 0 0 1
    outer loop
      vertex 17.27512267380953 21.582295665442906 2.5
      vertex 17.576529303193094 21.663403594791852 2.5
      vertex 17.56281067579985 21.702132636606656 2.5
    endloop
  endfacet
  facet normal 0 0 1
    outer loop
      vertex 17.282360592484476 21.556568378508054 2.5
      vertex 17.587753632664683 21.623066129088365 2.5
      vertex 17.576529303193094 21.663403594791852 2.5
    endloop
  endfacet
  facet normal 0 0 1
    outer loop
      vertex 17.28799007982016 21.52971437007185 2.5
      vertex 17.596483671665194 21.581120239496194 2.5
      vertex 17.587753632664683 21.623066129088365 2.5
    endloop
  endfacet
  facet normal 0 0 1
    outer loop
      vertex 17.294423790276053 21.472626173794232 2.5
      vertex 17.606460848450663 21.49240317374464 2.5
      vertex 17.602719405293467 21.53756591856476 2.5
    endloop
  endfacet
  facet normal 0 0 1
    outer loop
      vertex 17.295227998495104 21.442392000853978 2.5
      vertex 17.607708001136782 21.44563199758526 2.5
      vertex 17.606460848450663 21.49240317374464 2.5
    endloop
  endfacet
  facet normal 0 0 1
    outer loop
      vertex 17.292011150717737 21.501733632683717 2.5
      vertex 17.602719405293467 21.53756591856476 2.5
      vertex 17.596483671665194 21.581120239496194 2.5
    endloop
  endfacet
  facet normal 0 0 -1
    outer loop
      vertex 16.627979996800423 18.720977503061295 1.98
      vertex 16.998244996368886 19.869747500121594 1.98
      vertex 16.998244996368886 18.720977503061295 1.98
    endloop
  endfacet
  facet normal 0 -1 0
    outer loop
      vertex 16.627979996800423 18.720977503061295 1.98
      vertex 16.998244996368886 18.720977503061295 1.98
      vertex 16.627979996800423 18.720977503061295 2.5
    endloop
  endfacet
  facet normal 1 0 0
    outer loop
      vertex 16.998244996368886 18.720977503061295 1.98
      vertex 16.998244996368886 19.869747500121594 1.98
      vertex 16.998244996368886 18.720977503061295 2.5
    endloop
  endfacet
  facet normal 0 -1 0
    outer loop
      vertex 16.998244996368886 18.720977503061295 1.98
      vertex 16.998244996368886 18.720977503061295 2.5
      vertex 16.627979996800423 18.720977503061295 2.5
    endloop
  endfacet
  facet normal 0 0 1
    outer loop
      vertex 16.627979996800423 18.720977503061295 2.5
      vertex 16.998244996368886 18.720977503061295 2.5
      vertex 16.998244996368886 19.869747500121594 2.5
    endloop
  endfacet
  facet normal 0 0 -1
    outer loop
      vertex 16.627979996800423 18.720977503061295 1.98
      vertex 16.627979996800423 20.760455997586213 1.98
      vertex 16.998244996368886 20.320687498152257 1.98
    endloop
  endfacet
  facet normal 0 0 -1
    outer loop
      vertex 16.998244996368886 20.320687498152257 1.98
      vertex 16.627979996800423 20.760455997586213 1.98
      vertex 16.627979996800423 20.800751425303027 1.98
    endloop
  endfacet
  facet normal 0 0 -1
    outer loop
      vertex 16.998244996368886 20.320687498152257 1.98
      vertex 16.627979996800423 20.800751425303027 1.98
      vertex 16.627979996800423 21.006215998828374 1.98
    endloop
  endfacet
  facet normal 0 0 -1
    outer loop
      vertex 16.627979996800423 21.006215998828374 1.98
      vertex 16.627979996800423 21.469422499835492 1.98
      vertex 16.852406851973505 20.773145551823973 1.98
    endloop
  endfacet
  facet normal 0 0 -1
    outer loop
      vertex 16.627979996800423 18.720977503061295 1.98
      vertex 16.998244996368886 20.320687498152257 1.98
      vertex 16.998244996368886 19.869747500121594 1.98
    endloop
  endfacet
  facet normal 0 0 -1
    outer loop
      vertex 16.998244996368886 20.320687498152257 1.98
      vertex 16.852406851973505 20.773145551823973 1.98
      vertex 16.998244996368886 20.355890729154485 1.98
    endloop
  endfacet
  facet normal 0 0 -1
    outer loop
      vertex 16.852406851973505 20.773145551823973 1.98
      vertex 16.998244996368886 20.79039547563617 1.98
      vertex 16.998244996368886 20.355890729154485 1.98
    endloop
  endfacet
  facet normal 0 0 -1
    outer loop
      vertex 16.998244996368886 19.869747500121594 1.98
      vertex 16.998244996368886 20.320687498152257 1.98
      vertex 17.020270310066085 20.320687498152257 1.98
    endloop
  endfacet
  facet normal 0 0 -1
    outer loop
      vertex 16.998244996368886 20.320687498152257 1.98
      vertex 16.627979996800423 21.006215998828374 1.98
      vertex 16.852406851973505 20.773145551823973 1.98
    endloop
  endfacet
  facet normal 0 0 -1
    outer loop
      vertex 16.627979996800423 21.469422499835492 1.98
      vertex 16.998244996368886 20.863499677629566 1.98
      vertex 16.852406851973505 20.773145551823973 1.98
    endloop
  endfacet
  facet normal 0 0 -1
    outer loop
      vertex 16.627979996800423 21.469422499835492 1.98
      vertex 16.998244996368886 20.978473073037495 1.98
      vertex 16.998244996368886 20.863499677629566 1.98
    endloop
  endfacet
  facet normal 0 0 -1
    outer loop
      vertex 16.627979996800423 21.469422499835492 1.98
      vertex 16.998244996368886 21.03494913230273 1.98
      vertex 16.998244996368886 20.978473073037495 1.98
    endloop
  endfacet
  facet normal 0 0 -1
    outer loop
      vertex 16.998244996368886 21.469422499835492 1.98
      vertex 16.998244996368886 21.03494913230273 1.98
      vertex 16.627979996800423 21.469422499835492 1.98
    endloop
  endfacet
  facet normal 0 0 -1
    outer loop
      vertex 17.115412039973346 22.054232770160574 1.98
      vertex 16.78674498518838 22.00413337241633 1.98
      vertex 16.627979996800423 22.046145393359712 1.98
    endloop
  endfacet
  facet normal 0 0 -1
    outer loop
      vertex 16.998244996368886 19.869747500121594 1.98
      vertex 17.30864812478638 19.916814476132945 1.98
      vertex 17.30240620022375 19.869747500121594 1.98
    endloop
  endfacet
  facet normal 0 0 -1
    outer loop
      vertex 16.998244996368886 19.869747500121594 1.98
      vertex 17.020270310066085 20.320687498152257 1.98
      vertex 17.30864812478638 19.916814476132945 1.98
    endloop
  endfacet
  facet normal 0 0 -1
    outer loop
      vertex 17.30864812478638 19.916814476132945 1.98
      vertex 17.188885380305962 20.320687498152257 1.98
      vertex 17.361256156308766 20.320687498152257 1.98
    endloop
  endfacet
  facet normal 0 0 -1
    outer loop
      vertex 17.126588927664415 21.97993249744177 1.98
      vertex 17.115412039973346 22.054232770160574 1.98
      vertex 17.280353621164203 21.97993249744177 1.98
    endloop
  endfacet
  facet normal 0 0 -1
    outer loop
      vertex 17.036220002174378 25.506987500190736 1.98
      vertex 17.574975001811982 24.752247500419617 1.98
      vertex 17.171495001018048 24.752247500419617 1.98
    endloop
  endfacet
  facet normal -1 0 0
    outer loop
      vertex 16.627979996800423 18.720977503061295 1.98
      vertex 16.627979996800423 20.760455997586213 2.5
      vertex 16.627979996800423 20.760455997586213 1.98
    endloop
  endfacet
  facet normal -1 0 0
    outer loop
      vertex 16.627979996800423 21.469422499835492 1.98
      vertex 16.627979996800423 21.006215998828374 1.98
      vertex 16.627979996800423 21.469422499835492 2.5
    endloop
  endfacet
  facet normal -1 0 0
    outer loop
      vertex 16.627979996800423 22.433252501487733 1.98
      vertex 16.627979996800423 22.101527998149358 1.98
      vertex 16.627979996800423 22.433252501487733 2.5
    endloop
  endfacet
  facet normal 1 0 0
    outer loop
      vertex 16.998244996368886 20.320687498152257 1.98
      vertex 16.998244996368886 20.355890729154485 1.98
      vertex 16.998244996368886 20.320687498152257 2.5
    endloop
  endfacet
  facet normal 0 1 0
    outer loop
      vertex 16.998244996368886 20.320687498152257 1.98
      vertex 17.020270310066085 20.320687498152257 2.5
      vertex 17.020270310066085 20.320687498152257 1.98
    endloop
  endfacet
  facet normal 0 1 0
    outer loop
      vertex 16.627979996800423 21.469422499835492 1.98
      vertex 16.998244996368886 21.469422499835492 2.5
      vertex 16.998244996368886 21.469422499835492 1.98
    endloop
  endfacet
  facet normal 1 0 0
    outer loop
      vertex 16.998244996368886 21.469422499835492 1.98
      vertex 16.998244996368886 21.03494913230273 2.5
      vertex 16.998244996368886 21.03494913230273 1.98
    endloop
  endfacet
  facet normal 0 -1 0
    outer loop
      vertex 16.998244996368886 19.869747500121594 1.98
      vertex 17.30240620022375 19.869747500121594 1.98
      vertex 16.998244996368886 19.869747500121594 2.5
    endloop
  endfacet
  facet normal 0 -1 0
    outer loop
      vertex 17.171495001018048 24.752247500419617 1.98
      vertex 17.574975001811982 24.752247500419617 1.98
      vertex 17.171495001018048 24.752247500419617 2.5
    endloop
  endfacet
  facet normal 0.8139094021865226 0.5809918115020016 0
    outer loop
      vertex 17.036220002174378 25.506987500190736 1.98
      vertex 17.574975001811982 24.752247500419617 2.5
      vertex 17.574975001811982 24.752247500419617 1.98
    endloop
  endfacet
  facet normal 0 0 -1
    outer loop
      vertex 16.627979996800423 25.54261750280857 1.98
      vertex 16.627979996800423 25.936612497270108 1.98
      vertex 17.036220002174378 25.506987500190736 1.98
    endloop
  endfacet
  facet normal 0 0 -1
    outer loop
      vertex 16.627979996800423 25.54261750280857 1.98
      vertex 17.036220002174378 25.506987500190736 1.98
      vertex 17.171495001018048 24.752247500419617 1.98
    endloop
  endfacet
  facet normal -1 0 0
    outer loop
      vertex 16.627979996800423 25.54261750280857 1.98
      vertex 16.627979996800423 25.936612497270108 2.5
      vertex 16.627979996800423 25.936612497270108 1.98
    endloop
  endfacet
  facet normal -0.8239759095713401 -0.5666248321827085 0
    outer loop
      vertex 16.627979996800423 25.54261750280857 1.98
      vertex 17.171495001018048 24.752247500419617 1.98
      vertex 16.627979996800423 25.54261750280857 2.5
    endloop
  endfacet
  facet normal -1 0 0
    outer loop
      vertex 16.627979996800423 18.720977503061295 1.98
      vertex 16.627979996800423 18.720977503061295 2.5
      vertex 16.627979996800423 20.760455997586213 2.5
    endloop
  endfacet
  facet normal -1 0 0
    outer loop
      vertex 16.627979996800423 21.469422499835492 2.5
      vertex 16.627979996800423 21.006215998828374 1.98
      vertex 16.627979996800423 21.006215998828374 2.5
    endloop
  endfacet
  facet normal -1 0 0
    outer loop
      vertex 16.627979996800423 22.433252501487733 2.5
      vertex 16.627979996800423 22.101527998149358 1.98
      vertex 16.627979996800423 22.101527998149358 2.5
    endloop
  endfacet
  facet normal 0 1 0
    outer loop
      vertex 16.627979996800423 21.469422499835492 1.98
      vertex 16.627979996800423 21.469422499835492 2.5
      vertex 16.998244996368886 21.469422499835492 2.5
    endloop
  endfacet
  facet normal 1 0 0
    outer loop
      vertex 16.998244996368886 19.869747500121594 1.98
      vertex 16.998244996368886 19.869747500121594 2.5
      vertex 16.998244996368886 18.720977503061295 2.5
    endloop
  endfacet
  facet normal 1 0 0
    outer loop
      vertex 16.998244996368886 20.320687498152257 2.5
      vertex 16.998244996368886 20.355890729154485 1.98
      vertex 16.998244996368886 20.355890729154485 2.5
    endloop
  endfacet
  facet normal 0 1 0
    outer loop
      vertex 16.998244996368886 20.320687498152257 1.98
      vertex 16.998244996368886 20.320687498152257 2.5
      vertex 17.020270310066085 20.320687498152257 2.5
    endloop
  endfacet
  facet normal 1 0 0
    outer loop
      vertex 16.998244996368886 21.469422499835492 1.98
      vertex 16.998244996368886 21.469422499835492 2.5
      vertex 16.998244996368886 21.03494913230273 2.5
    endloop
  endfacet
  facet normal 0 -1 0
    outer loop
      vertex 16.998244996368886 19.869747500121594 2.5
      vertex 17.30240620022375 19.869747500121594 1.98
      vertex 17.30240620022375 19.869747500121594 2.5
    endloop
  endfacet
  facet normal -0.8239759095713401 -0.5666248321827085 0
    outer loop
      vertex 17.171495001018048 24.752247500419617 1.98
      vertex 17.171495001018048 24.752247500419617 2.5
      vertex 16.627979996800423 25.54261750280857 2.5
    endloop
  endfacet
  facet normal 0 0 1
    outer loop
      vertex 16.627979996800423 18.720977503061295 2.5
      vertex 16.998244996368886 20.320687498152257 2.5
      vertex 16.627979996800423 20.760455997586213 2.5
    endloop
  endfacet
  facet normal 0 0 1
    outer loop
      vertex 16.627979996800423 20.800751425303027 2.5
      vertex 16.627979996800423 20.760455997586213 2.5
      vertex 16.974841072370165 20.393297403774987 2.5
    endloop
  endfacet
  facet normal 0 0 1
    outer loop
      vertex 16.627979996800423 20.800751425303027 2.5
      vertex 16.81621884979265 20.8854176401785 2.5
      vertex 16.77979590304339 20.998418636340933 2.5
    endloop
  endfacet
  facet normal 0 0 1
    outer loop
      vertex 16.627979996800423 21.469422499835492 2.5
      vertex 16.627979996800423 21.006215998828374 2.5
      vertex 16.77728262503426 21.006215998828374 2.5
    endloop
  endfacet
  facet normal 0 0 1
    outer loop
      vertex 16.627979996800423 22.101527998149358 2.5
      vertex 16.627979996800423 22.046145393359712 2.5
      vertex 16.78674498518838 22.00413337241633 2.5
    endloop
  endfacet
  facet normal 0 0 1
    outer loop
      vertex 16.627979996800423 22.433252501487733 2.5
      vertex 16.627979996800423 22.101527998149358 2.5
      vertex 16.78674498518838 22.00413337241633 2.5
    endloop
  endfacet
  facet normal 0 0 1
    outer loop
      vertex 16.627979996800423 18.720977503061295 2.5
      vertex 16.998244996368886 19.869747500121594 2.5
      vertex 16.998244996368886 20.320687498152257 2.5
    endloop
  endfacet
  facet normal 0 0 1
    outer loop
      vertex 16.627979996800423 20.800751425303027 2.5
      vertex 16.974841072370165 20.393297403774987 2.5
      vertex 16.81621884979265 20.8854176401785 2.5
    endloop
  endfacet
  facet normal 0 0 1
    outer loop
      vertex 16.998244996368886 20.320687498152257 2.5
      vertex 16.974841072370165 20.393297403774987 2.5
      vertex 16.627979996800423 20.760455997586213 2.5
    endloop
  endfacet
  facet normal 0 0 1
    outer loop
      vertex 16.998244996368886 20.320687498152257 2.5
      vertex 16.998244996368886 20.355890729154485 2.5
      vertex 16.974841072370165 20.393297403774987 2.5
    endloop
  endfacet
  facet normal 0 0 1
    outer loop
      vertex 16.998244996368886 19.869747500121594 2.5
      vertex 17.020270310066085 20.320687498152257 2.5
      vertex 16.998244996368886 20.320687498152257 2.5
    endloop
  endfacet
  facet normal 0 0 1
    outer loop
      vertex 16.627979996800423 21.469422499835492 2.5
      vertex 16.77728262503426 21.006215998828374 2.5
      vertex 16.998244996368886 21.469422499835492 2.5
    endloop
  endfacet
  facet normal 0 0 1
    outer loop
      vertex 16.77979590304339 20.998418636340933 2.5
      vertex 16.998244996368886 21.03494913230273 2.5
      vertex 16.77728262503426 21.006215998828374 2.5
    endloop
  endfacet
  facet normal 0 0 1
    outer loop
      vertex 16.77979590304339 20.998418636340933 2.5
      vertex 16.81621884979265 20.8854176401785 2.5
      vertex 16.998244996368886 20.863499677629566 2.5
    endloop
  endfacet
  facet normal 0 0 1
    outer loop
      vertex 16.627979996800423 22.433252501487733 2.5
      vertex 16.78674498518838 22.00413337241633 2.5
      vertex 17.115412039973346 22.054232770160574 2.5
    endloop
  endfacet
  facet normal 0 0 1
    outer loop
      vertex 16.77979590304339 20.998418636340933 2.5
      vertex 16.998244996368886 20.863499677629566 2.5
      vertex 16.998244996368886 21.03494913230273 2.5
    endloop
  endfacet
  facet normal 0 0 1
    outer loop
      vertex 16.998244996368886 21.469422499835492 2.5
      vertex 16.77728262503426 21.006215998828374 2.5
      vertex 16.998244996368886 21.03494913230273 2.5
    endloop
  endfacet
  facet normal 0 0 1
    outer loop
      vertex 16.998244996368886 19.869747500121594 2.5
      vertex 17.30240620022375 19.869747500121594 2.5
      vertex 17.276050717827875 19.911871673593645 2.5
    endloop
  endfacet
  facet normal 0 0 1
    outer loop
      vertex 16.998244996368886 19.869747500121594 2.5
      vertex 17.276050717827875 19.911871673593645 2.5
      vertex 17.020270310066085 20.320687498152257 2.5
    endloop
  endfacet
  facet normal 0 0 1
    outer loop
      vertex 17.276050717827875 19.911871673593645 2.5
      vertex 17.30864812478638 19.916814476132945 2.5
      vertex 17.020270310066085 20.320687498152257 2.5
    endloop
  endfacet
  facet normal 0 0 1
    outer loop
      vertex 17.036220002174378 25.506987500190736 2.5
      vertex 17.171495001018048 24.752247500419617 2.5
      vertex 17.574975001811982 24.752247500419617 2.5
    endloop
  endfacet
  facet normal -1 0 0
    outer loop
      vertex 16.627979996800423 25.54261750280857 1.98
      vertex 16.627979996800423 25.54261750280857 2.5
      vertex 16.627979996800423 25.936612497270108 2.5
    endloop
  endfacet
  facet normal 0.8139094021865226 0.5809918115020016 0
    outer loop
      vertex 17.036220002174378 25.506987500190736 1.98
      vertex 17.036220002174378 25.506987500190736 2.5
      vertex 17.574975001811982 24.752247500419617 2.5
    endloop
  endfacet
  facet normal 0 1 0
    outer loop
      vertex 16.627979996800423 25.936612497270108 1.98
      vertex 16.627979996800423 25.936612497270108 2.5
      vertex 18.757807148134717 25.936612497270108 2.5
    endloop
  endfacet
  facet normal 0 0 1
    outer loop
      vertex 16.627979996800423 25.54261750280857 2.5
      vertex 17.036220002174378 25.506987500190736 2.5
      vertex 16.627979996800423 25.936612497270108 2.5
    endloop
  endfacet
  facet normal 0 0 1
    outer loop
      vertex 16.627979996800423 25.54261750280857 2.5
      vertex 17.171495001018048 24.752247500419617 2.5
      vertex 17.036220002174378 25.506987500190736 2.5
    endloop
  endfacet
  facet normal 0 0 -1
    outer loop
      vertex 19.601895000040532 22.433252501487733 1.98
      vertex 16.627979996800423 22.046145393359712 1.98
      vertex 16.627979996800423 22.101527998149358 1.98
    endloop
  endfacet
  facet normal 0 0 -1
    outer loop
      vertex 19.601895000040532 22.433252501487733 1.98
      vertex 17.115412039973346 22.054232770160574 1.98
      vertex 16.627979996800423 22.046145393359712 1.98
    endloop
  endfacet
  facet normal 0 0 -1
    outer loop
      vertex 19.601895000040532 22.433252501487733 1.98
      vertex 17.280353621164203 21.97993249744177 1.98
      vertex 17.115412039973346 22.054232770160574 1.98
    endloop
  endfacet
  facet normal 0 0 -1
    outer loop
      vertex 16.627979996800423 22.433252501487733 1.98
      vertex 19.601895000040532 22.433252501487733 1.98
      vertex 16.627979996800423 22.101527998149358 1.98
    endloop
  endfacet
  facet normal 0 0 -1
    outer loop
      vertex 19.972159999608994 20.320687498152257 1.98
      vertex 17.322605160572852 19.869747500121594 1.98
      vertex 17.30864812478638 19.916814476132945 1.98
    endloop
  endfacet
  facet normal 0 0 -1
    outer loop
      vertex 19.972159999608994 20.320687498152257 1.98
      vertex 17.30864812478638 19.916814476132945 1.98
      vertex 17.361256156308766 20.320687498152257 1.98
    endloop
  endfacet
  facet normal 0 0 -1
    outer loop
      vertex 17.658417310904003 19.869747500121594 1.98
      vertex 17.322605160572852 19.869747500121594 1.98
      vertex 19.972159999608994 20.320687498152257 1.98
    endloop
  endfacet
  facet normal 0 0 -1
    outer loop
      vertex 19.601895000040532 22.433252501487733 1.98
      vertex 17.32353983677321 21.97993249744177 1.98
      vertex 17.280353621164203 21.97993249744177 1.98
    endloop
  endfacet
  facet normal 0 -1 0
    outer loop
      vertex 19.972159999608994 21.97993249744177 1.98
      vertex 17.32353983677321 21.97993249744177 2.5
      vertex 17.32353983677321 21.97993249744177 1.98
    endloop
  endfacet
  facet normal 0 -1 0
    outer loop
      vertex 19.972159999608994 19.869747500121594 1.98
      vertex 17.658417310904003 19.869747500121594 2.5
      vertex 17.658417310904003 19.869747500121594 1.98
    endloop
  endfacet
  facet normal 0 1 0
    outer loop
      vertex 16.627979996800423 22.433252501487733 1.98
      vertex 19.601895000040532 22.433252501487733 2.5
      vertex 19.601895000040532 22.433252501487733 1.98
    endloop
  endfacet
  facet normal 0 0 -1
    outer loop
      vertex 16.627979996800423 25.936612497270108 1.98
      vertex 18.757807148134717 25.936612497270108 1.98
      vertex 17.036220002174378 25.506987500190736 1.98
    endloop
  endfacet
  facet normal 0 0 -1
    outer loop
      vertex 17.036220002174378 25.506987500190736 1.98
      vertex 19.137017881689697 25.857792079026172 1.98
      vertex 18.403641843344325 25.506987500190736 1.98
    endloop
  endfacet
  facet normal 0 0 -1
    outer loop
      vertex 17.036220002174378 25.506987500190736 1.98
      vertex 18.757807148134717 25.936612497270108 1.98
      vertex 18.801488725199746 25.936612497270108 1.98
    endloop
  endfacet
  facet normal 0 0 -1
    outer loop
      vertex 17.036220002174378 25.506987500190736 1.98
      vertex 18.801488725199746 25.936612497270108 1.98
      vertex 19.137017881689697 25.857792079026172 1.98
    endloop
  endfacet
  facet normal 0 -1 0
    outer loop
      vertex 17.036220002174378 25.506987500190736 1.98
      vertex 18.403641843344325 25.506987500190736 1.98
      vertex 17.036220002174378 25.506987500190736 2.5
    endloop
  endfacet
  facet normal 0 1 0
    outer loop
      vertex 16.627979996800423 25.936612497270108 1.98
      vertex 18.757807148134717 25.936612497270108 2.5
      vertex 18.757807148134717 25.936612497270108 1.98
    endloop
  endfacet
  facet normal 0 0 -1
    outer loop
      vertex 19.972159999608994 21.97993249744177 1.98
      vertex 17.32353983677321 21.97993249744177 1.98
      vertex 19.601895000040532 22.433252501487733 1.98
    endloop
  endfacet
  facet normal 0 0 -1
    outer loop
      vertex 19.972159999608994 19.869747500121594 1.98
      vertex 17.658417310904003 19.869747500121594 1.98
      vertex 19.972159999608994 20.320687498152257 1.98
    endloop
  endfacet
  facet normal 0 0 -1
    outer loop
      vertex 19.601895000040532 22.433252501487733 1.98
      vertex 19.601895000040532 24.12312250137329 1.98
      vertex 19.972159999608994 24.12312250137329 1.98
    endloop
  endfacet
  facet normal 0 0 -1
    outer loop
      vertex 19.601895000040532 22.433252501487733 1.98
      vertex 19.972159999608994 24.12312250137329 1.98
      vertex 19.972159999608994 21.97993249744177 1.98
    endloop
  endfacet
  facet normal 0 0 -1
    outer loop
      vertex 19.609035003185273 24.65494749993086 1.98
      vertex 19.609035003185273 25.506987500190736 1.98
      vertex 19.972159999608994 24.65494749993086 1.98
    endloop
  endfacet
  facet normal 0 1 0
    outer loop
      vertex 19.972159999608994 20.320687498152257 1.98
      vertex 17.361256156308766 20.320687498152257 1.98
      vertex 19.972159999608994 20.320687498152257 2.5
    endloop
  endfacet
  facet normal 1 0 0
    outer loop
      vertex 19.972159999608994 19.869747500121594 1.98
      vertex 19.972159999608994 20.320687498152257 1.98
      vertex 19.972159999608994 19.869747500121594 2.5
    endloop
  endfacet
  facet normal -1 0 0
    outer loop
      vertex 19.601895000040532 22.433252501487733 1.98
      vertex 19.601895000040532 24.12312250137329 2.5
      vertex 19.601895000040532 24.12312250137329 1.98
    endloop
  endfacet
  facet normal -1 0 0
    outer loop
      vertex 19.609035003185273 24.65494749993086 1.98
      vertex 19.609035003185273 25.506987500190736 2.5
      vertex 19.609035003185273 25.506987500190736 1.98
    endloop
  endfacet
  facet normal 1 0 0
    outer loop
      vertex 19.972159999608994 21.97993249744177 1.98
      vertex 19.972159999608994 24.12312250137329 1.98
      vertex 19.972159999608994 21.97993249744177 2.5
    endloop
  endfacet
  facet normal 0 -1 0
    outer loop
      vertex 19.609035003185273 24.65494749993086 1.98
      vertex 19.972159999608994 24.65494749993086 1.98
      vertex 19.609035003185273 24.65494749993086 2.5
    endloop
  endfacet
  facet normal 0 1 0
    outer loop
      vertex 19.601895000040532 24.12312250137329 1.98
      vertex 19.972159999608994 24.12312250137329 2.5
      vertex 19.972159999608994 24.12312250137329 1.98
    endloop
  endfacet
  facet normal 0 0 -1
    outer loop
      vertex 19.137017881689697 25.857792079026172 1.98
      vertex 18.604902025700756 25.506987500190736 1.98
      vertex 18.403641843344325 25.506987500190736 1.98
    endloop
  endfacet
  facet normal 0 0 -1
    outer loop
      vertex 19.609035003185273 25.936612497270108 1.98
      vertex 18.732216435824107 25.506987500190736 1.98
      vertex 18.604902025700756 25.506987500190736 1.98
    endloop
  endfacet
  facet normal 0 0 -1
    outer loop
      vertex 18.604902025700756 25.506987500190736 1.98
      vertex 19.137017881689697 25.857792079026172 1.98
      vertex 19.427389158803177 25.90628011995908 1.98
    endloop
  endfacet
  facet normal 0 0 -1
    outer loop
      vertex 18.801488725199746 25.936612497270108 1.98
      vertex 19.254518423910145 25.936612497270108 1.98
      vertex 19.137017881689697 25.857792079026172 1.98
    endloop
  endfacet
  facet normal 0 0 -1
    outer loop
      vertex 19.248374885112142 25.506987500190736 1.98
      vertex 18.732216435824107 25.506987500190736 1.98
      vertex 19.609035003185273 25.936612497270108 1.98
    endloop
  endfacet
  facet normal 0 0 -1
    outer loop
      vertex 19.427389158803177 25.90628011995908 1.98
      vertex 19.609035003185273 25.936612497270108 1.98
      vertex 18.604902025700756 25.506987500190736 1.98
    endloop
  endfacet
  facet normal 0 0 -1
    outer loop
      vertex 19.609035003185273 25.506987500190736 1.98
      vertex 19.248374885112142 25.506987500190736 1.98
      vertex 19.609035003185273 25.936612497270108 1.98
    endloop
  endfacet
  facet normal 0 0 -1
    outer loop
      vertex 19.609035003185273 25.936612497270108 1.98
      vertex 19.427389158803177 25.90628011995908 1.98
      vertex 19.495200003683568 25.936612497270108 1.98
    endloop
  endfacet
  facet normal 0 0 -1
    outer loop
      vertex 19.972159999608994 24.65494749993086 1.98
      vertex 19.609035003185273 25.506987500190736 1.98
      vertex 19.609035003185273 25.936612497270108 1.98
    endloop
  endfacet
  facet normal 0 0 -1
    outer loop
      vertex 19.609035003185273 25.936612497270108 1.98
      vertex 19.609035003185273 26.750677499175072 1.98
      vertex 19.972159999608994 26.750677499175072 1.98
    endloop
  endfacet
  facet normal 0 0 -1
    outer loop
      vertex 19.972159999608994 24.65494749993086 1.98
      vertex 19.609035003185273 25.936612497270108 1.98
      vertex 19.972159999608994 26.750677499175072 1.98
    endloop
  endfacet
  facet normal 0 -1 0
    outer loop
      vertex 19.609035003185273 25.506987500190736 1.98
      vertex 19.248374885112142 25.506987500190736 2.5
      vertex 19.248374885112142 25.506987500190736 1.98
    endloop
  endfacet
  facet normal 0 1 0
    outer loop
      vertex 19.609035003185273 25.936612497270108 1.98
      vertex 19.495200003683568 25.936612497270108 1.98
      vertex 19.609035003185273 25.936612497270108 2.5
    endloop
  endfacet
  facet normal -1 0 0
    outer loop
      vertex 19.609035003185273 25.936612497270108 1.98
      vertex 19.609035003185273 26.750677499175072 2.5
      vertex 19.609035003185273 26.750677499175072 1.98
    endloop
  endfacet
  facet normal 1 0 0
    outer loop
      vertex 19.972159999608994 24.65494749993086 1.98
      vertex 19.972159999608994 26.750677499175072 1.98
      vertex 19.972159999608994 24.65494749993086 2.5
    endloop
  endfacet
  facet normal 0 1 0
    outer loop
      vertex 19.609035003185273 26.750677499175072 1.98
      vertex 19.972159999608994 26.750677499175072 2.5
      vertex 19.972159999608994 26.750677499175072 1.98
    endloop
  endfacet
  facet normal 0 1 0
    outer loop
      vertex 16.627979996800423 22.433252501487733 1.98
      vertex 16.627979996800423 22.433252501487733 2.5
      vertex 19.601895000040532 22.433252501487733 2.5
    endloop
  endfacet
  facet normal 0 -1 0
    outer loop
      vertex 17.574975001811982 24.752247500419617 1.98
      vertex 17.574975001811982 24.752247500419617 2.5
      vertex 17.171495001018048 24.752247500419617 2.5
    endloop
  endfacet
  facet normal 0 1 0
    outer loop
      vertex 19.972159999608994 20.320687498152257 2.5
      vertex 17.361256156308766 20.320687498152257 1.98
      vertex 17.361256156308766 20.320687498152257 2.5
    endloop
  endfacet
  facet normal 0 0 1
    outer loop
      vertex 17.361256156308766 20.320687498152257 2.5
      vertex 17.30864812478638 19.916814476132945 2.5
      vertex 17.598443908343764 19.960756723952496 2.5
    endloop
  endfacet
  facet normal 0 0 1
    outer loop
      vertex 19.601895000040532 22.433252501487733 2.5
      vertex 17.115412039973346 22.054232770160574 2.5
      vertex 17.126588927664415 21.97993249744177 2.5
    endloop
  endfacet
  facet normal 0 0 1
    outer loop
      vertex 19.601895000040532 22.433252501487733 2.5
      vertex 17.126588927664415 21.97993249744177 2.5
      vertex 17.32353983677321 21.97993249744177 2.5
    endloop
  endfacet
  facet normal 0 0 1
    outer loop
      vertex 16.627979996800423 22.433252501487733 2.5
      vertex 17.115412039973346 22.054232770160574 2.5
      vertex 19.601895000040532 22.433252501487733 2.5
    endloop
  endfacet
  facet normal 0 0 1
    outer loop
      vertex 19.972159999608994 20.320687498152257 2.5
      vertex 17.361256156308766 20.320687498152257 2.5
      vertex 17.598443908343764 19.960756723952496 2.5
    endloop
  endfacet
  facet normal 0 0 1
    outer loop
      vertex 19.972159999608994 20.320687498152257 2.5
      vertex 17.598443908343764 19.960756723952496 2.5
      vertex 17.658417310904003 19.869747500121594 2.5
    endloop
  endfacet
  facet normal 0 -1 0
    outer loop
      vertex 17.036220002174378 25.506987500190736 2.5
      vertex 18.403641843344325 25.506987500190736 1.98
      vertex 18.403641843344325 25.506987500190736 2.5
    endloop
  endfacet
  facet normal 0 0 1
    outer loop
      vertex 17.036220002174378 25.506987500190736 2.5
      vertex 18.757807148134717 25.936612497270108 2.5
      vertex 16.627979996800423 25.936612497270108 2.5
    endloop
  endfacet
  facet normal 0 0 1
    outer loop
      vertex 17.036220002174378 25.506987500190736 2.5
      vertex 18.403641843344325 25.506987500190736 2.5
      vertex 19.137017881689697 25.857792079026172 2.5
    endloop
  endfacet
  facet normal 0 0 1
    outer loop
      vertex 17.036220002174378 25.506987500190736 2.5
      vertex 19.254518423910145 25.936612497270108 2.5
      vertex 18.757807148134717 25.936612497270108 2.5
    endloop
  endfacet
  facet normal 0 0 1
    outer loop
      vertex 17.036220002174378 25.506987500190736 2.5
      vertex 19.137017881689697 25.857792079026172 2.5
      vertex 19.254518423910145 25.936612497270108 2.5
    endloop
  endfacet
  facet normal 0 -1 0
    outer loop
      vertex 19.972159999608994 19.869747500121594 1.98
      vertex 19.972159999608994 19.869747500121594 2.5
      vertex 17.658417310904003 19.869747500121594 2.5
    endloop
  endfacet
  facet normal 0 -1 0
    outer loop
      vertex 19.972159999608994 21.97993249744177 1.98
      vertex 19.972159999608994 21.97993249744177 2.5
      vertex 17.32353983677321 21.97993249744177 2.5
    endloop
  endfacet
  facet normal 1 0 0
    outer loop
      vertex 19.972159999608994 20.320687498152257 1.98
      vertex 19.972159999608994 20.320687498152257 2.5
      vertex 19.972159999608994 19.869747500121594 2.5
    endloop
  endfacet
  facet normal -1 0 0
    outer loop
      vertex 19.601895000040532 22.433252501487733 1.98
      vertex 19.601895000040532 22.433252501487733 2.5
      vertex 19.601895000040532 24.12312250137329 2.5
    endloop
  endfacet
  facet normal -1 0 0
    outer loop
      vertex 19.609035003185273 24.65494749993086 1.98
      vertex 19.609035003185273 24.65494749993086 2.5
      vertex 19.609035003185273 25.506987500190736 2.5
    endloop
  endfacet
  facet normal 1 0 0
    outer loop
      vertex 19.972159999608994 21.97993249744177 2.5
      vertex 19.972159999608994 24.12312250137329 1.98
      vertex 19.972159999608994 24.12312250137329 2.5
    endloop
  endfacet
  facet normal 0 1 0
    outer loop
      vertex 19.601895000040532 24.12312250137329 1.98
      vertex 19.601895000040532 24.12312250137329 2.5
      vertex 19.972159999608994 24.12312250137329 2.5
    endloop
  endfacet
  facet normal 0 -1 0
    outer loop
      vertex 19.972159999608994 24.65494749993086 1.98
      vertex 19.972159999608994 24.65494749993086 2.5
      vertex 19.609035003185273 24.65494749993086 2.5
    endloop
  endfacet
  facet normal 0 0 1
    outer loop
      vertex 19.601895000040532 22.433252501487733 2.5
      vertex 17.32353983677321 21.97993249744177 2.5
      vertex 19.972159999608994 21.97993249744177 2.5
    endloop
  endfacet
  facet normal 0 0 1
    outer loop
      vertex 19.972159999608994 19.869747500121594 2.5
      vertex 19.972159999608994 20.320687498152257 2.5
      vertex 17.658417310904003 19.869747500121594 2.5
    endloop
  endfacet
  facet normal 0 0 1
    outer loop
      vertex 19.601895000040532 22.433252501487733 2.5
      vertex 19.972159999608994 24.12312250137329 2.5
      vertex 19.601895000040532 24.12312250137329 2.5
    endloop
  endfacet
  facet normal 0 0 1
    outer loop
      vertex 19.601895000040532 22.433252501487733 2.5
      vertex 19.972159999608994 21.97993249744177 2.5
      vertex 19.972159999608994 24.12312250137329 2.5
    endloop
  endfacet
  facet normal 0 0 1
    outer loop
      vertex 19.609035003185273 24.65494749993086 2.5
      vertex 19.972159999608994 24.65494749993086 2.5
      vertex 19.609035003185273 25.506987500190736 2.5
    endloop
  endfacet
  facet normal 0 -1 0
    outer loop
      vertex 19.609035003185273 25.506987500190736 1.98
      vertex 19.609035003185273 25.506987500190736 2.5
      vertex 19.248374885112142 25.506987500190736 2.5
    endloop
  endfacet
  facet normal 0 1 0
    outer loop
      vertex 19.609035003185273 25.936612497270108 2.5
      vertex 19.495200003683568 25.936612497270108 1.98
      vertex 19.495200003683568 25.936612497270108 2.5
    endloop
  endfacet
  facet normal -1 0 0
    outer loop
      vertex 19.609035003185273 25.936612497270108 1.98
      vertex 19.609035003185273 25.936612497270108 2.5
      vertex 19.609035003185273 26.750677499175072 2.5
    endloop
  endfacet
  facet normal 0 1 0
    outer loop
      vertex 19.609035003185273 26.750677499175072 1.98
      vertex 19.609035003185273 26.750677499175072 2.5
      vertex 19.972159999608994 26.750677499175072 2.5
    endloop
  endfacet
  facet normal 1 0 0
    outer loop
      vertex 19.972159999608994 26.750677499175072 1.98
      vertex 19.972159999608994 26.750677499175072 2.5
      vertex 19.972159999608994 24.65494749993086 2.5
    endloop
  endfacet
  facet normal 0 0 1
    outer loop
      vertex 18.403641843344325 25.506987500190736 2.5
      vertex 19.248374885112142 25.506987500190736 2.5
      vertex 19.137017881689697 25.857792079026172 2.5
    endloop
  endfacet
  facet normal 0 0 1
    outer loop
      vertex 19.495200003683568 25.917603605721656 2.5
      vertex 19.137017881689697 25.857792079026172 2.5
      vertex 19.248374885112142 25.506987500190736 2.5
    endloop
  endfacet
  facet normal 0 0 1
    outer loop
      vertex 19.609035003185273 25.506987500190736 2.5
      vertex 19.495200003683568 25.917603605721656 2.5
      vertex 19.248374885112142 25.506987500190736 2.5
    endloop
  endfacet
  facet normal 0 0 1
    outer loop
      vertex 19.609035003185273 25.936612497270108 2.5
      vertex 19.495200003683568 25.936612497270108 2.5
      vertex 19.495200003683568 25.917603605721656 2.5
    endloop
  endfacet
  facet normal 0 0 1
    outer loop
      vertex 19.609035003185273 25.506987500190736 2.5
      vertex 19.609035003185273 25.936612497270108 2.5
      vertex 19.495200003683568 25.917603605721656 2.5
    endloop
  endfacet
  facet normal 0 0 1
    outer loop
      vertex 19.972159999608994 24.65494749993086 2.5
      vertex 19.609035003185273 25.936612497270108 2.5
      vertex 19.609035003185273 25.506987500190736 2.5
    endloop
  endfacet
  facet normal 0 0 1
    outer loop
      vertex 19.609035003185273 25.936612497270108 2.5
      vertex 19.972159999608994 26.750677499175072 2.5
      vertex 19.609035003185273 26.750677499175072 2.5
    endloop
  endfacet
  facet normal 0 0 1
    outer loop
      vertex 19.972159999608994 24.65494749993086 2.5
      vertex 19.972159999608994 26.750677499175072 2.5
      vertex 19.609035003185273 25.936612497270108 2.5
    endloop
  endfacet
  facet normal 0 0 -1
    outer loop
      vertex 17.078162725269795 27.498041194677352 1.98
      vertex 17.330613608658314 27.50461486428976 1.98
      vertex 17.087241123616696 27.43816841840744 1.98
    endloop
  endfacet
  facet normal 0 0 -1
    outer loop
      vertex 17.099950890243054 27.381054219603538 1.98
      vertex 17.352282251417638 27.43302847892046 1.98
      vertex 17.116292010247708 27.326698598265647 1.98
    endloop
  endfacet
  facet normal 0 0 -1
    outer loop
      vertex 17.099950890243054 27.381054219603538 1.98
      vertex 17.087241123616696 27.43816841840744 1.98
      vertex 17.340093638002873 27.46788379997015 1.98
    endloop
  endfacet
  facet normal 0 0 -1
    outer loop
      vertex 17.13626449853182 27.275101554393768 1.98
      vertex 17.38478520810604 27.368945044279098 1.98
      vertex 17.159868340194226 27.22626309543848 1.98
    endloop
  endfacet
  facet normal 0 0 -1
    outer loop
      vertex 17.116292010247708 27.326698598265647 1.98
      vertex 17.367179441452027 27.40004889369011 1.98
      vertex 17.13626449853182 27.275101554393768 1.98
    endloop
  endfacet
  facet normal 0 0 -1
    outer loop
      vertex 17.07271568030119 27.560672555863857 1.98
      vertex 17.070900003612042 27.626062501966953 1.98
      vertex 17.319779287278653 27.58370421528816 1.98
    endloop
  endfacet
  facet normal 0 0 -1
    outer loop
      vertex 17.070900003612042 27.626062501966953 1.98
      vertex 17.072735796868802 27.689695638418197 1.98
      vertex 17.319799262285233 27.66739474684 1.98
    endloop
  endfacet
  facet normal 0 0 -1
    outer loop
      vertex 17.078162725269795 27.498041194677352 1.98
      vertex 17.07271568030119 27.560672555863857 1.98
      vertex 17.32384216338396 27.54322167187929 1.98
    endloop
  endfacet
  facet normal 0 0 -1
    outer loop
      vertex 17.072735796868802 27.689695638418197 1.98
      vertex 17.078243198990823 27.750710432231426 1.98
      vertex 17.32392204105854 27.70689149647951 1.98
    endloop
  endfacet
  facet normal 0 0 -1
    outer loop
      vertex 17.078243198990823 27.750710432231426 1.98
      vertex 17.087422187626363 27.809106875956058 1.98
      vertex 17.330793346464635 27.744552735984325 1.98
    endloop
  endfacet
  facet normal 0 0 -1
    outer loop
      vertex 17.087422187626363 27.809106875956058 1.98
      vertex 17.100272777676583 27.864884984493255 1.98
      vertex 17.340413163602353 27.780378472805022 1.98
    endloop
  endfacet
  facet normal 0 0 -1
    outer loop
      vertex 17.100272777676583 27.864884984493255 1.98
      vertex 17.116794969141484 27.918044750392436 1.98
      vertex 17.352781507372857 27.814368714392185 1.98
    endloop
  endfacet
  facet normal 0 0 -1
    outer loop
      vertex 17.116794969141484 27.918044750392436 1.98
      vertex 17.136988754570485 27.96858616620302 1.98
      vertex 17.367898370325566 27.84652344584465 1.98
    endloop
  endfacet
  facet normal 0 0 -1
    outer loop
      vertex 17.136988754570485 27.96858616620302 1.98
      vertex 17.160854141414166 28.01650924682617 1.98
      vertex 17.367898370325566 27.84652344584465 1.98
    endloop
  endfacet
  facet normal 0 0 -1
    outer loop
      vertex 17.159868340194226 27.22626309543848 1.98
      vertex 17.405099558830262 27.339716938138007 1.98
      vertex 17.18710355013609 27.180183206498622 1.98
    endloop
  endfacet
  facet normal 0 0 -1
    outer loop
      vertex 17.21797012090683 27.136861909925937 1.98
      vertex 17.18710355013609 27.180183206498622 1.98
      vertex 17.405099558830262 27.339716938138007 1.98
    endloop
  endfacet
  facet normal 0 0 -1
    outer loop
      vertex 17.078162725269795 27.498041194677352 1.98
      vertex 17.32384216338396 27.54322167187929 1.98
      vertex 17.330613608658314 27.50461486428976 1.98
    endloop
  endfacet
  facet normal 0 0 -1
    outer loop
      vertex 17.087241123616696 27.43816841840744 1.98
      vertex 17.330613608658314 27.50461486428976 1.98
      vertex 17.340093638002873 27.46788379997015 1.98
    endloop
  endfacet
  facet normal 0 0 -1
    outer loop
      vertex 17.099950890243054 27.381054219603538 1.98
      vertex 17.340093638002873 27.46788379997015 1.98
      vertex 17.352282251417638 27.43302847892046 1.98
    endloop
  endfacet
  facet normal 0 0 -1
    outer loop
      vertex 17.21797012090683 27.136861909925937 1.98
      vertex 17.428122486174107 27.312364567816257 1.98
      vertex 17.252468045055867 27.096299183368682 1.98
    endloop
  endfacet
  facet normal 0 0 -1
    outer loop
      vertex 17.116292010247708 27.326698598265647 1.98
      vertex 17.352282251417638 27.43302847892046 1.98
      vertex 17.367179441452027 27.40004889369011 1.98
    endloop
  endfacet
  facet normal 0 0 -1
    outer loop
      vertex 17.13626449853182 27.275101554393768 1.98
      vertex 17.367179441452027 27.40004889369011 1.98
      vertex 17.38478520810604 27.368945044279098 1.98
    endloop
  endfacet
  facet normal 0 0 -1
    outer loop
      vertex 17.29059733748436 27.05849504172802 1.98
      vertex 17.482294085621835 27.263287056982517 1.98
      vertex 17.33235799074173 27.023449485003948 1.98
    endloop
  endfacet
  facet normal 0 0 -1
    outer loop
      vertex 17.252468045055867 27.096299183368682 1.98
      vertex 17.45385399758816 27.286887940764426 1.98
      vertex 17.29059733748436 27.05849504172802 1.98
    endloop
  endfacet
  facet normal 0 0 -1
    outer loop
      vertex 17.159868340194226 27.22626309543848 1.98
      vertex 17.38478520810604 27.368945044279098 1.98
      vertex 17.405099558830262 27.339716938138007 1.98
    endloop
  endfacet
  facet normal 0 0 -1
    outer loop
      vertex 17.21797012090683 27.136861909925937 1.98
      vertex 17.405099558830262 27.339716938138007 1.98
      vertex 17.428122486174107 27.312364567816257 1.98
    endloop
  endfacet
  facet normal 0 0 -1
    outer loop
      vertex 17.252468045055867 27.096299183368682 1.98
      vertex 17.428122486174107 27.312364567816257 1.98
      vertex 17.45385399758816 27.286887940764426 1.98
    endloop
  endfacet
  facet normal 0 0 -1
    outer loop
      vertex 17.07271568030119 27.560672555863857 1.98
      vertex 17.319779287278653 27.58370421528816 1.98
      vertex 17.32384216338396 27.54322167187929 1.98
    endloop
  endfacet
  facet normal 0 0 -1
    outer loop
      vertex 17.070900003612042 27.626062501966953 1.98
      vertex 17.31842500269413 27.626062501966953 1.98
      vertex 17.319779287278653 27.58370421528816 1.98
    endloop
  endfacet
  facet normal 0 0 -1
    outer loop
      vertex 17.070900003612042 27.626062501966953 1.98
      vertex 17.319799262285233 27.66739474684 1.98
      vertex 17.31842500269413 27.626062501966953 1.98
    endloop
  endfacet
  facet normal 0 0 -1
    outer loop
      vertex 17.072735796868802 27.689695638418197 1.98
      vertex 17.32392204105854 27.70689149647951 1.98
      vertex 17.319799262285233 27.66739474684 1.98
    endloop
  endfacet
  facet normal 0 0 -1
    outer loop
      vertex 17.078243198990823 27.750710432231426 1.98
      vertex 17.330793346464635 27.744552735984325 1.98
      vertex 17.32392204105854 27.70689149647951 1.98
    endloop
  endfacet
  facet normal 0 0 -1
    outer loop
      vertex 17.087422187626363 27.809106875956058 1.98
      vertex 17.340413163602353 27.780378472805022 1.98
      vertex 17.330793346464635 27.744552735984325 1.98
    endloop
  endfacet
  facet normal 0 0 -1
    outer loop
      vertex 17.100272777676583 27.864884984493255 1.98
      vertex 17.352781507372857 27.814368714392185 1.98
      vertex 17.340413163602353 27.780378472805022 1.98
    endloop
  endfacet
  facet normal 0 0 -1
    outer loop
      vertex 17.116794969141484 27.918044750392436 1.98
      vertex 17.367898370325566 27.84652344584465 1.98
      vertex 17.352781507372857 27.814368714392185 1.98
    endloop
  endfacet
  facet normal 0 0 -1
    outer loop
      vertex 17.160854141414166 28.01650924682617 1.98
      vertex 17.188391122221947 28.061813977360725 1.98
      vertex 17.38576375991106 27.876842674613 1.98
    endloop
  endfacet
  facet normal 0 0 -1
    outer loop
      vertex 17.188391122221947 28.061813977360725 1.98
      vertex 17.21959970444441 28.104500372707843 1.98
      vertex 17.40637766122818 27.90532640814781 1.98
    endloop
  endfacet
  facet normal 0 0 -1
    outer loop
      vertex 17.160854141414166 28.01650924682617 1.98
      vertex 17.38576375991106 27.876842674613 1.98
      vertex 17.367898370325566 27.84652344584465 1.98
    endloop
  endfacet
  facet normal 0 0 -1
    outer loop
      vertex 17.21959970444441 28.104500372707843 1.98
      vertex 17.25447988063097 28.144568417966365 1.98
      vertex 17.429740089178086 27.931974631547927 1.98
    endloop
  endfacet
  facet normal 0 0 -1
    outer loop
      vertex 17.188391122221947 28.061813977360725 1.98
      vertex 17.40637766122818 27.90532640814781 1.98
      vertex 17.38576375991106 27.876842674613 1.98
    endloop
  endfacet
  facet normal 0 0 -1
    outer loop
      vertex 17.21959970444441 28.104500372707843 1.98
      vertex 17.429740089178086 27.931974631547927 1.98
      vertex 17.40637766122818 27.90532640814781 1.98
    endloop
  endfacet
  facet normal 0 0 -1
    outer loop
      vertex 17.25447988063097 28.144568417966365 1.98
      vertex 17.293031658232213 28.18201812058687 1.98
      vertex 17.455851036310197 27.956787352263927 1.98
    endloop
  endfacet
  facet normal 0 0 -1
    outer loop
      vertex 17.25447988063097 28.144568417966365 1.98
      vertex 17.455851036310197 27.956787352263927 1.98
      vertex 17.429740089178086 27.931974631547927 1.98
    endloop
  endfacet
  facet normal 0 0 -1
    outer loop
      vertex 17.293031658232213 28.18201812058687 1.98
      vertex 17.335255029797555 28.216849480569362 1.98
      vertex 17.484710502624512 27.97976457029581 1.98
    endloop
  endfacet
  facet normal 0 0 -1
    outer loop
      vertex 17.086952070891858 30.329053473472595 1.98
      vertex 17.337476778030396 30.380315755307674 1.98
      vertex 17.095981362462044 30.284818713366985 1.98
    endloop
  endfacet
  facet normal 0 0 -1
    outer loop
      vertex 17.095981362462044 30.284818713366985 1.98
      vertex 17.352526481449605 30.330076110363006 1.98
      vertex 17.107017162442208 30.2419984459877 1.98
    endloop
  endfacet
  facet normal 0 0 -1
    outer loop
      vertex 17.074913020431996 30.421766494214534 1.98
      vertex 17.07190325409174 30.470244747400283 1.98
      vertex 17.324308286607266 30.461770635843276 1.98
    endloop
  endfacet
  facet normal 0 0 -1
    outer loop
      vertex 17.079929287731648 30.37470273375511 1.98
      vertex 17.074913020431996 30.421766494214534 1.98
      vertex 17.327443639934064 30.433806289732455 1.98
    endloop
  endfacet
  facet normal 0 0 -1
    outer loop
      vertex 17.086952070891858 30.329053473472595 1.98
      vertex 17.079929287731648 30.37470273375511 1.98
      vertex 17.33183313459158 30.406654660403728 1.98
    endloop
  endfacet
  facet normal 0 0 -1
    outer loop
      vertex 17.07190325409174 30.470244747400283 1.98
      vertex 17.070900003612042 30.52013750076294 1.98
      vertex 17.322427074611188 30.49054770618677 1.98
    endloop
  endfacet
  facet normal 0 0 -1
    outer loop
      vertex 17.070900003612042 30.52013750076294 1.98
      vertex 17.07190813422203 30.57470318377018 1.98
      vertex 17.322442013025285 30.551163536310195 1.98
    endloop
  endfacet
  facet normal 0 0 -1
    outer loop
      vertex 17.107017162442208 30.2419984459877 1.98
      vertex 17.361932541429997 30.306175370514392 1.98
      vertex 17.12005947083235 30.200592678785323 1.98
    endloop
  endfacet
  facet normal 0 0 -1
    outer loop
      vertex 17.135108287632466 30.160601404309272 1.98
      vertex 17.12005947083235 30.200592678785323 1.98
      vertex 17.37259275019169 30.283087354898452 1.98
    endloop
  endfacet
  facet normal 0 0 -1
    outer loop
      vertex 17.135108287632466 30.160601404309272 1.98
      vertex 17.3845071002841 30.260812056064605 1.98
      vertex 17.15216361284256 30.122024630010127 1.98
    endloop
  endfacet
  facet normal 0 0 -1
    outer loop
      vertex 17.07190813422203 30.57470318377018 1.98
      vertex 17.07493254095316 30.62729253321886 1.98
      vertex 17.324368047714234 30.58112625479698 1.98
    endloop
  endfacet
  facet normal 0 0 -1
    outer loop
      vertex 17.07493254095316 30.62729253321886 1.98
      vertex 17.07997322380543 30.67790554910898 1.98
      vertex 17.327578108012677 30.610025663673877 1.98
    endloop
  endfacet
  facet normal 0 0 -1
    outer loop
      vertex 17.07997322380543 30.67790554910898 1.98
      vertex 17.087030175328255 30.726542231440543 1.98
      vertex 17.332072186470032 30.637861762940883 1.98
    endloop
  endfacet
  facet normal 0 0 -1
    outer loop
      vertex 17.087030175328255 30.726542231440543 1.98
      vertex 17.096103402972222 30.773202587664127 1.98
      vertex 17.344912427663804 30.690344010293483 1.98
    endloop
  endfacet
  facet normal 0 0 -1
    outer loop
      vertex 17.096103402972222 30.773202587664127 1.98
      vertex 17.107192899286748 30.81788661032915 1.98
      vertex 17.35325858294964 30.714990165829658 1.98
    endloop
  endfacet
  facet normal 0 0 -1
    outer loop
      vertex 17.107192899286748 30.81788661032915 1.98
      vertex 17.120298671722413 30.860594306886195 1.98
      vertex 17.362888756394387 30.738573004305362 1.98
    endloop
  endfacet
  facet normal 0 0 -1
    outer loop
      vertex 17.120298671722413 30.860594306886195 1.98
      vertex 17.135420712828637 30.9013256624341 1.98
      vertex 17.373802955448628 30.761092533171176 1.98
    endloop
  endfacet
  facet normal 0 0 -1
    outer loop
      vertex 17.135420712828637 30.9013256624341 1.98
      vertex 17.15255902260542 30.940080691874027 1.98
      vertex 17.386001180112363 30.78254874497652 1.98
    endloop
  endfacet
  facet normal 0 0 -1
    outer loop
      vertex 17.15216361284256 30.122024630010127 1.98
      vertex 17.39767559170723 30.23934948146343 1.98
      vertex 17.171225446462632 30.08486234843731 1.98
    endloop
  endfacet
  facet normal 0 0 -1
    outer loop
      vertex 17.171225446462632 30.08486234843731 1.98
      vertex 17.41209822446108 30.218699631094932 1.98
      vertex 17.19229378849268 30.049114574491977 1.98
    endloop
  endfacet
  facet normal 0 0 -1
    outer loop
      vertex 17.19229378849268 30.049114574491977 1.98
      vertex 17.427774998545647 30.198862497508525 1.98
      vertex 17.215368638932706 30.01478128582239 1.98
    endloop
  endfacet
  facet normal 0 0 -1
    outer loop
      vertex 17.215368638932706 30.01478128582239 1.98
      vertex 17.44458165317774 30.18004874587059 1.98
      vertex 17.240449997782708 29.98186249732971 1.98
    endloop
  endfacet
  facet normal 0 0 -1
    outer loop
      vertex 17.095981362462044 30.284818713366985 1.98
      vertex 17.337476778030396 30.380315755307674 1.98
      vertex 17.34437455534935 30.354789574444293 1.98
    endloop
  endfacet
  facet normal 0 0 -1
    outer loop
      vertex 17.095981362462044 30.284818713366985 1.98
      vertex 17.34437455534935 30.354789574444293 1.98
      vertex 17.352526481449605 30.330076110363006 1.98
    endloop
  endfacet
  facet normal 0 0 -1
    outer loop
      vertex 17.107017162442208 30.2419984459877 1.98
      vertex 17.352526481449605 30.330076110363006 1.98
      vertex 17.361932541429997 30.306175370514392 1.98
    endloop
  endfacet
  facet normal 0 0 -1
    outer loop
      vertex 17.074913020431996 30.421766494214534 1.98
      vertex 17.324308286607266 30.461770635843276 1.98
      vertex 17.327443639934064 30.433806289732455 1.98
    endloop
  endfacet
  facet normal 0 0 -1
    outer loop
      vertex 17.079929287731648 30.37470273375511 1.98
      vertex 17.327443639934064 30.433806289732455 1.98
      vertex 17.33183313459158 30.406654660403728 1.98
    endloop
  endfacet
  facet normal 0 0 -1
    outer loop
      vertex 17.086952070891858 30.329053473472595 1.98
      vertex 17.33183313459158 30.406654660403728 1.98
      vertex 17.337476778030396 30.380315755307674 1.98
    endloop
  endfacet
  facet normal 0 0 -1
    outer loop
      vertex 17.07190325409174 30.470244747400283 1.98
      vertex 17.322427074611188 30.49054770618677 1.98
      vertex 17.324308286607266 30.461770635843276 1.98
    endloop
  endfacet
  facet normal 0 0 -1
    outer loop
      vertex 17.070900003612042 30.52013750076294 1.98
      vertex 17.321799996495248 30.52013750076294 1.98
      vertex 17.322427074611188 30.49054770618677 1.98
    endloop
  endfacet
  facet normal 0 0 -1
    outer loop
      vertex 17.070900003612042 30.52013750076294 1.98
      vertex 17.322442013025285 30.551163536310195 1.98
      vertex 17.321799996495248 30.52013750076294 1.98
    endloop
  endfacet
  facet normal 0 0 -1
    outer loop
      vertex 17.12005947083235 30.200592678785323 1.98
      vertex 17.361932541429997 30.306175370514392 1.98
      vertex 17.37259275019169 30.283087354898452 1.98
    endloop
  endfacet
  facet normal 0 0 -1
    outer loop
      vertex 17.135108287632466 30.160601404309272 1.98
      vertex 17.37259275019169 30.283087354898452 1.98
      vertex 17.3845071002841 30.260812056064605 1.98
    endloop
  endfacet
  facet normal 0 0 -1
    outer loop
      vertex 17.15216361284256 30.122024630010127 1.98
      vertex 17.3845071002841 30.260812056064605 1.98
      vertex 17.39767559170723 30.23934948146343 1.98
    endloop
  endfacet
  facet normal 0 0 -1
    outer loop
      vertex 17.240449997782708 29.98186249732971 1.98
      vertex 17.462401624023915 30.16246901154518 1.98
      vertex 17.267222929000855 29.950689275562763 1.98
    endloop
  endfacet
  facet normal 0 0 -1
    outer loop
      vertex 17.267222929000855 29.950689275562763 1.98
      vertex 17.481234911084176 30.14612330198288 1.98
      vertex 17.29538017809391 29.92159267961979 1.98
    endloop
  endfacet
  facet normal 0 0 -1
    outer loop
      vertex 17.19229378849268 30.049114574491977 1.98
      vertex 17.41209822446108 30.218699631094932 1.98
      vertex 17.427774998545647 30.198862497508525 1.98
    endloop
  endfacet
  facet normal 0 0 -1
    outer loop
      vertex 17.29538017809391 29.92159267961979 1.98
      vertex 17.50108150690794 30.131011609733104 1.98
      vertex 17.324921745061875 29.89457270950079 1.98
    endloop
  endfacet
  facet normal 0 0 -1
    outer loop
      vertex 17.215368638932706 30.01478128582239 1.98
      vertex 17.427774998545647 30.198862497508525 1.98
      vertex 17.44458165317774 30.18004874587059 1.98
    endloop
  endfacet
  facet normal 0 0 -1
    outer loop
      vertex 17.240449997782708 29.98186249732971 1.98
      vertex 17.44458165317774 30.18004874587059 1.98
      vertex 17.462401624023915 30.16246901154518 1.98
    endloop
  endfacet
  facet normal 0 0 -1
    outer loop
      vertex 17.171225446462632 30.08486234843731 1.98
      vertex 17.39767559170723 30.23934948146343 1.98
      vertex 17.41209822446108 30.218699631094932 1.98
    endloop
  endfacet
  facet normal 0 0 -1
    outer loop
      vertex 17.07190813422203 30.57470318377018 1.98
      vertex 17.324368047714234 30.58112625479698 1.98
      vertex 17.322442013025285 30.551163536310195 1.98
    endloop
  endfacet
  facet normal 0 0 -1
    outer loop
      vertex 17.07493254095316 30.62729253321886 1.98
      vertex 17.327578108012677 30.610025663673877 1.98
      vertex 17.324368047714234 30.58112625479698 1.98
    endloop
  endfacet
  facet normal 0 0 -1
    outer loop
      vertex 17.07997322380543 30.67790554910898 1.98
      vertex 17.332072186470032 30.637861762940883 1.98
      vertex 17.327578108012677 30.610025663673877 1.98
    endloop
  endfacet
  facet normal 0 0 -1
    outer loop
      vertex 17.087030175328255 30.726542231440543 1.98
      vertex 17.337850297987462 30.664634537696838 1.98
      vertex 17.332072186470032 30.637861762940883 1.98
    endloop
  endfacet
  facet normal 0 0 -1
    outer loop
      vertex 17.087030175328255 30.726542231440543 1.98
      vertex 17.344912427663804 30.690344010293483 1.98
      vertex 17.337850297987462 30.664634537696838 1.98
    endloop
  endfacet
  facet normal 0 0 -1
    outer loop
      vertex 17.096103402972222 30.773202587664127 1.98
      vertex 17.35325858294964 30.714990165829658 1.98
      vertex 17.344912427663804 30.690344010293483 1.98
    endloop
  endfacet
  facet normal 0 0 -1
    outer loop
      vertex 17.15255902260542 30.940080691874027 1.98
      vertex 17.171713608503342 30.976859395205974 1.98
      vertex 17.39948343038559 30.802941639721393 1.98
    endloop
  endfacet
  facet normal 0 0 -1
    outer loop
      vertex 17.107192899286748 30.81788661032915 1.98
      vertex 17.362888756394387 30.738573004305362 1.98
      vertex 17.35325858294964 30.714990165829658 1.98
    endloop
  endfacet
  facet normal 0 0 -1
    outer loop
      vertex 17.120298671722413 30.860594306886195 1.98
      vertex 17.373802955448628 30.761092533171176 1.98
      vertex 17.362888756394387 30.738573004305362 1.98
    endloop
  endfacet
  facet normal 0 0 -1
    outer loop
      vertex 17.135420712828637 30.9013256624341 1.98
      vertex 17.386001180112363 30.78254874497652 1.98
      vertex 17.373802955448628 30.761092533171176 1.98
    endloop
  endfacet
  facet normal 0 0 -1
    outer loop
      vertex 17.15255902260542 30.940080691874027 1.98
      vertex 17.39948343038559 30.802941639721393 1.98
      vertex 17.386001180112363 30.78254874497652 1.98
    endloop
  endfacet
  facet normal 0 0 -1
    outer loop
      vertex 17.171713608503342 30.976859395205974 1.98
      vertex 17.192884470522404 31.01166175752878 1.98
      vertex 17.41424970626831 30.822271224856376 1.98
    endloop
  endfacet
  facet normal 0 0 -1
    outer loop
      vertex 17.192884470522404 31.01166175752878 1.98
      vertex 17.216071601212025 31.04448779374361 1.98
      vertex 17.430300000309945 30.84053750038147 1.98
    endloop
  endfacet
  facet normal 0 0 -1
    outer loop
      vertex 17.216071601212025 31.04448779374361 1.98
      vertex 17.241275000572205 31.07533749639988 1.98
      vertex 17.447514052689076 30.857593712210655 1.98
    endloop
  endfacet
  facet normal 0 0 -1
    outer loop
      vertex 17.171713608503342 30.976859395205974 1.98
      vertex 17.41424970626831 30.822271224856376 1.98
      vertex 17.39948343038559 30.802941639721393 1.98
    endloop
  endfacet
  facet normal 0 0 -1
    outer loop
      vertex 17.192884470522404 31.01166175752878 1.98
      vertex 17.430300000309945 30.84053750038147 1.98
      vertex 17.41424970626831 30.822271224856376 1.98
    endloop
  endfacet
  facet normal 0 0 -1
    outer loop
      vertex 17.216071601212025 31.04448779374361 1.98
      vertex 17.447514052689076 30.857593712210655 1.98
      vertex 17.430300000309945 30.84053750038147 1.98
    endloop
  endfacet
  facet normal 0 0 -1
    outer loop
      vertex 17.241275000572205 31.07533749639988 1.98
      vertex 17.268334317207337 31.104054217040538 1.98
      vertex 17.46577159613371 30.8732854321599 1.98
    endloop
  endfacet
  facet normal 0 0 -1
    outer loop
      vertex 17.268334317207337 31.104054217040538 1.98
      vertex 17.297089199721814 31.13047359585762 1.98
      vertex 17.46577159613371 30.8732854321599 1.98
    endloop
  endfacet
  facet normal 0 0 -1
    outer loop
      vertex 17.297089199721814 31.13047359585762 1.98
      vertex 17.327539648115636 31.154595632851123 1.98
      vertex 17.485072630643845 30.887612645328044 1.98
    endloop
  endfacet
  facet normal 0 0 -1
    outer loop
      vertex 17.241275000572205 31.07533749639988 1.98
      vertex 17.46577159613371 30.8732854321599 1.98
      vertex 17.447514052689076 30.857593712210655 1.98
    endloop
  endfacet
  facet normal -0.9996147221526303 -0.027756211119673968 0
    outer loop
      vertex 17.07271568030119 27.560672555863857 1.98
      vertex 17.070900003612042 27.626062501966953 2.5
      vertex 17.070900003612042 27.626062501966953 1.98
    endloop
  endfacet
  facet normal -0.9995841086475729 0.02883764448143006 0
    outer loop
      vertex 17.070900003612042 27.626062501966953 1.98
      vertex 17.072735796868802 27.689695638418197 2.5
      vertex 17.072735796868802 27.689695638418197 1.98
    endloop
  endfacet
  facet normal -0.9761228762232459 -0.2172190841377837 0
    outer loop
      vertex 17.099950890243054 27.381054219603538 1.98
      vertex 17.087241123616696 27.43816841840744 2.5
      vertex 17.087241123616696 27.43816841840744 1.98
    endloop
  endfacet
  facet normal -0.988698950464411 -0.14991459352101777 0
    outer loop
      vertex 17.078162725269795 27.498041194677352 1.98
      vertex 17.087241123616696 27.43816841840744 1.98
      vertex 17.078162725269795 27.498041194677352 2.5
    endloop
  endfacet
  facet normal -0.9576591514844396 -0.28790441048741 0
    outer loop
      vertex 17.099950890243054 27.381054219603538 1.98
      vertex 17.116292010247708 27.326698598265647 1.98
      vertex 17.099950890243054 27.381054219603538 2.5
    endloop
  endfacet
  facet normal -0.9325715114758162 -0.3609852849960946 0
    outer loop
      vertex 17.116292010247708 27.326698598265647 1.98
      vertex 17.13626449853182 27.275101554393768 1.98
      vertex 17.116292010247708 27.326698598265647 2.5
    endloop
  endfacet
  facet normal -0.9003591624101197 -0.43514753666331135 0
    outer loop
      vertex 17.13626449853182 27.275101554393768 1.98
      vertex 17.159868340194226 27.22626309543848 1.98
      vertex 17.13626449853182 27.275101554393768 2.5
    endloop
  endfacet
  facet normal -0.7617575893799442 -0.6478621574239819 0
    outer loop
      vertex 17.21797012090683 27.136861909925937 1.98
      vertex 17.252468045055867 27.096299183368682 1.98
      vertex 17.21797012090683 27.136861909925937 2.5
    endloop
  endfacet
  facet normal -0.8608759184499278 -0.5088149496948701 0
    outer loop
      vertex 17.159868340194226 27.22626309543848 1.98
      vertex 17.18710355013609 27.180183206498622 1.98
      vertex 17.159868340194226 27.22626309543848 2.5
    endloop
  endfacet
  facet normal -0.8144194510739262 -0.5802766217179912 0
    outer loop
      vertex 17.21797012090683 27.136861909925937 1.98
      vertex 17.18710355013609 27.180183206498622 2.5
      vertex 17.18710355013609 27.180183206498622 1.98
    endloop
  endfacet
  facet normal -0.9962394354513265 -0.08664287190313175 0
    outer loop
      vertex 17.078162725269795 27.498041194677352 1.98
      vertex 17.07271568030119 27.560672555863857 2.5
      vertex 17.07271568030119 27.560672555863857 1.98
    endloop
  endfacet
  facet normal -0.9959509854411325 0.08989791209386826 0
    outer loop
      vertex 17.072735796868802 27.689695638418197 1.98
      vertex 17.078243198990823 27.750710432231426 2.5
      vertex 17.078243198990823 27.750710432231426 1.98
    endloop
  endfacet
  facet normal -0.9878708863816865 0.15527753166334507 0
    outer loop
      vertex 17.078243198990823 27.750710432231426 1.98
      vertex 17.087422187626363 27.809106875956058 2.5
      vertex 17.087422187626363 27.809106875956058 1.98
    endloop
  endfacet
  facet normal -0.9744725919706315 0.22450649767443037 0
    outer loop
      vertex 17.087422187626363 27.809106875956058 1.98
      vertex 17.100272777676583 27.864884984493255 2.5
      vertex 17.100272777676583 27.864884984493255 1.98
    endloop
  endfacet
  facet normal -0.9549403165018188 0.2967978974309055 0
    outer loop
      vertex 17.100272777676583 27.864884984493255 1.98
      vertex 17.116794969141484 27.918044750392436 2.5
      vertex 17.116794969141484 27.918044750392436 1.98
    endloop
  endfacet
  facet normal -0.9286209531811681 0.3710298172827877 0
    outer loop
      vertex 17.116794969141484 27.918044750392436 1.98
      vertex 17.136988754570485 27.96858616620302 2.5
      vertex 17.136988754570485 27.96858616620302 1.98
    endloop
  endfacet
  facet normal -0.8951444485339649 0.4457761952581406 0
    outer loop
      vertex 17.136988754570485 27.96858616620302 1.98
      vertex 17.160854141414166 28.01650924682617 2.5
      vertex 17.160854141414166 28.01650924682617 1.98
    endloop
  endfacet
  facet normal -0.8545318932358581 0.5193989251459229 0
    outer loop
      vertex 17.160854141414166 28.01650924682617 1.98
      vertex 17.188391122221947 28.061813977360725 2.5
      vertex 17.188391122221947 28.061813977360725 1.98
    endloop
  endfacet
  facet normal -0.8072588700446793 0.5901975234903883 0
    outer loop
      vertex 17.188391122221947 28.061813977360725 1.98
      vertex 17.21959970444441 28.104500372707843 2.5
      vertex 17.21959970444441 28.104500372707843 1.98
    endloop
  endfacet
  facet normal -0.704072459456688 -0.7101281376164521 0
    outer loop
      vertex 17.252468045055867 27.096299183368682 1.98
      vertex 17.29059733748436 27.05849504172802 1.98
      vertex 17.252468045055867 27.096299183368682 2.5
    endloop
  endfacet
  facet normal -0.6428329031742459 -0.7660064350882249 0
    outer loop
      vertex 17.29059733748436 27.05849504172802 1.98
      vertex 17.33235799074173 27.023449485003948 1.98
      vertex 17.29059733748436 27.05849504172802 2.5
    endloop
  endfacet
  facet normal -0.5796218657829663 -0.8148855703141842 0
    outer loop
      vertex 17.33235799074173 27.023449485003948 1.98
      vertex 17.377749997377396 26.991162498295306 1.98
      vertex 17.33235799074173 27.023449485003948 2.5
    endloop
  endfacet
  facet normal -0.5183234418693257 -0.855184664039724 0
    outer loop
      vertex 17.377749997377396 26.991162498295306 1.98
      vertex 17.426783430576325 26.961443562805652 1.98
      vertex 17.377749997377396 26.991162498295306 2.5
    endloop
  endfacet
  facet normal 0.9682706582286352 0.24990384633591686 0
    outer loop
      vertex 17.330613608658314 27.50461486428976 1.98
      vertex 17.330613608658314 27.50461486428976 2.5
      vertex 17.340093638002873 27.46788379997015 1.98
    endloop
  endfacet
  facet normal 0.943949087602063 0.33009107836358237 0
    outer loop
      vertex 17.340093638002873 27.46788379997015 1.98
      vertex 17.340093638002873 27.46788379997015 2.5
      vertex 17.352282251417638 27.43302847892046 1.98
    endloop
  endfacet
  facet normal 0.9113375950202854 0.41165979631564953 0
    outer loop
      vertex 17.352282251417638 27.43302847892046 1.98
      vertex 17.352282251417638 27.43302847892046 2.5
      vertex 17.367179441452027 27.40004889369011 1.98
    endloop
  endfacet
  facet normal 0.8702590841156707 0.4925942818528796 0
    outer loop
      vertex 17.367179441452027 27.40004889369011 1.98
      vertex 17.367179441452027 27.40004889369011 2.5
      vertex 17.38478520810604 27.368945044279098 1.98
    endloop
  endfacet
  facet normal 0.8211454203377366 0.5707190190087956 0
    outer loop
      vertex 17.38478520810604 27.368945044279098 1.98
      vertex 17.38478520810604 27.368945044279098 2.5
      vertex 17.405099558830262 27.339716938138007 1.98
    endloop
  endfacet
  facet normal -0.7542475087888243 0.6565902036170298 0
    outer loop
      vertex 17.21959970444441 28.104500372707843 1.98
      vertex 17.25447988063097 28.144568417966365 2.5
      vertex 17.25447988063097 28.144568417966365 1.98
    endloop
  endfacet
  facet normal -0.6967799826803245 0.7172849194957376 0
    outer loop
      vertex 17.25447988063097 28.144568417966365 1.98
      vertex 17.293031658232213 28.18201812058687 2.5
      vertex 17.293031658232213 28.18201812058687 1.98
    endloop
  endfacet
  facet normal 0.9994892830141019 0.03195579978589977 0
    outer loop
      vertex 17.319779287278653 27.58370421528816 1.98
      vertex 17.31842500269413 27.626062501966953 1.98
      vertex 17.31842500269413 27.626062501966953 2.5
    endloop
  endfacet
  facet normal 0.9950015442599506 0.09985953595082221 0
    outer loop
      vertex 17.319779287278653 27.58370421528816 1.98
      vertex 17.319779287278653 27.58370421528816 2.5
      vertex 17.32384216338396 27.54322167187929 1.98
    endloop
  endfacet
  facet normal 0.9849643138426841 0.17275792443882432 0
    outer loop
      vertex 17.330613608658314 27.50461486428976 1.98
      vertex 17.32384216338396 27.54322167187929 1.98
      vertex 17.32384216338396 27.54322167187929 2.5
    endloop
  endfacet
  facet normal 0.9994477068364502 -0.03323072824000333 0
    outer loop
      vertex 17.31842500269413 27.626062501966953 1.98
      vertex 17.319799262285233 27.66739474684 1.98
      vertex 17.319799262285233 27.66739474684 2.5
    endloop
  endfacet
  facet normal 0.9945962409081901 -0.10381867640890698 0
    outer loop
      vertex 17.319799262285233 27.66739474684 1.98
      vertex 17.32392204105854 27.70689149647951 1.98
      vertex 17.32392204105854 27.70689149647951 2.5
    endloop
  endfacet
  facet normal 0.9837602754418452 -0.17948738246067547 0
    outer loop
      vertex 17.32392204105854 27.70689149647951 1.98
      vertex 17.330793346464635 27.744552735984325 1.98
      vertex 17.330793346464635 27.744552735984325 2.5
    endloop
  endfacet
  facet normal 0.9657886103598247 -0.25933060000555014 0
    outer loop
      vertex 17.330793346464635 27.744552735984325 1.98
      vertex 17.340413163602353 27.780378472805022 1.98
      vertex 17.340413163602353 27.780378472805022 2.5
    endloop
  endfacet
  facet normal 0.9397200954687843 -0.34194464781911527 0
    outer loop
      vertex 17.340413163602353 27.780378472805022 1.98
      vertex 17.352781507372857 27.814368714392185 1.98
      vertex 17.352781507372857 27.814368714392185 2.5
    endloop
  endfacet
  facet normal 0.9049788506307033 -0.42545655466937055 0
    outer loop
      vertex 17.352781507372857 27.814368714392185 1.98
      vertex 17.367898370325566 27.84652344584465 1.98
      vertex 17.367898370325566 27.84652344584465 2.5
    endloop
  endfacet
  facet normal 0.8615546039749981 -0.5076649134709671 0
    outer loop
      vertex 17.367898370325566 27.84652344584465 1.98
      vertex 17.38576375991106 27.876842674613 1.98
      vertex 17.38576375991106 27.876842674613 2.5
    endloop
  endfacet
  facet normal -0.6363511950044544 0.7713994792689473 0
    outer loop
      vertex 17.293031658232213 28.18201812058687 1.98
      vertex 17.335255029797555 28.216849480569362 2.5
      vertex 17.335255029797555 28.216849480569362 1.98
    endloop
  endfacet
  facet normal -0.5744976688470477 0.8185062177462721 0
    outer loop
      vertex 17.335255029797555 28.216849480569362 1.98
      vertex 17.381150002777577 28.249062497913837 2.5
      vertex 17.381150002777577 28.249062497913837 1.98
    endloop
  endfacet
  facet normal -0.9980782877774573 -0.06196556678687709 0
    outer loop
      vertex 17.074913020431996 30.421766494214534 1.98
      vertex 17.07190325409174 30.470244747400283 2.5
      vertex 17.07190325409174 30.470244747400283 1.98
    endloop
  endfacet
  facet normal -0.9997978926363961 -0.02010407619915939 0
    outer loop
      vertex 17.07190325409174 30.470244747400283 1.98
      vertex 17.070900003612042 30.52013750076294 2.5
      vertex 17.070900003612042 30.52013750076294 1.98
    endloop
  endfacet
  facet normal -0.9998293708411421 0.01847239030028121 0
    outer loop
      vertex 17.070900003612042 30.52013750076294 1.98
      vertex 17.07190813422203 30.57470318377018 2.5
      vertex 17.07190813422203 30.57470318377018 1.98
    endloop
  endfacet
  facet normal -0.9983503981136393 0.057415003146718685 0
    outer loop
      vertex 17.07190813422203 30.57470318377018 1.98
      vertex 17.07493254095316 30.62729253321886 2.5
      vertex 17.07493254095316 30.62729253321886 1.98
    endloop
  endfacet
  facet normal -0.9146009196436148 -0.4043577101862335 0
    outer loop
      vertex 17.135108287632466 30.160601404309272 1.98
      vertex 17.15216361284256 30.122024630010127 1.98
      vertex 17.135108287632466 30.160601404309272 2.5
    endloop
  endfacet
  facet normal -0.9797962922074746 -0.19999806443184673 0
    outer loop
      vertex 17.086952070891858 30.329053473472595 1.98
      vertex 17.095981362462044 30.284818713366985 1.98
      vertex 17.086952070891858 30.329053473472595 2.5
    endloop
  endfacet
  facet normal -0.9538020008753392 -0.3004359218305954 0
    outer loop
      vertex 17.107017162442208 30.2419984459877 1.98
      vertex 17.12005947083235 30.200592678785323 1.98
      vertex 17.107017162442208 30.2419984459877 2.5
    endloop
  endfacet
  facet normal -0.9683571136266095 -0.2495686288152857 0
    outer loop
      vertex 17.095981362462044 30.284818713366985 1.98
      vertex 17.107017162442208 30.2419984459877 1.98
      vertex 17.095981362462044 30.284818713366985 2.5
    endloop
  endfacet
  facet normal -0.9943678144805745 -0.10598419469489577 0
    outer loop
      vertex 17.079929287731648 30.37470273375511 1.98
      vertex 17.074913020431996 30.421766494214534 2.5
      vertex 17.074913020431996 30.421766494214534 1.98
    endloop
  endfacet
  facet normal -0.9883722832289996 -0.15205337794568852 0
    outer loop
      vertex 17.086952070891858 30.329053473472595 1.98
      vertex 17.079929287731648 30.37470273375511 2.5
      vertex 17.079929287731648 30.37470273375511 1.98
    endloop
  endfacet
  facet normal -0.9359277835644557 -0.35219197031182486 0
    outer loop
      vertex 17.135108287632466 30.160601404309272 1.98
      vertex 17.12005947083235 30.200592678785323 2.5
      vertex 17.12005947083235 30.200592678785323 1.98
    endloop
  endfacet
  facet normal -0.8897761092738327 -0.4563972779996835 0
    outer loop
      vertex 17.15216361284256 30.122024630010127 1.98
      vertex 17.171225446462632 30.08486234843731 1.98
      vertex 17.15216361284256 30.122024630010127 2.5
    endloop
  endfacet
  facet normal -0.8615101095814697 -0.507740417033078 0
    outer loop
      vertex 17.171225446462632 30.08486234843731 1.98
      vertex 17.19229378849268 30.049114574491977 1.98
      vertex 17.171225446462632 30.08486234843731 2.5
    endloop
  endfacet
  facet normal -0.8299693327932012 -0.5578090234325799 0
    outer loop
      vertex 17.19229378849268 30.049114574491977 1.98
      vertex 17.215368638932706 30.01478128582239 1.98
      vertex 17.19229378849268 30.049114574491977 2.5
    endloop
  endfacet
  facet normal -0.7954273269504388 -0.6060489811397092 0
    outer loop
      vertex 17.215368638932706 30.01478128582239 1.98
      vertex 17.240449997782708 29.98186249732971 1.98
      vertex 17.215368638932706 30.01478128582239 2.5
    endloop
  endfacet
  facet normal -0.9950772453710882 0.0991023498444266 0
    outer loop
      vertex 17.07493254095316 30.62729253321886 1.98
      vertex 17.07997322380543 30.67790554910898 2.5
      vertex 17.07997322380543 30.67790554910898 1.98
    endloop
  endfacet
  facet normal -0.989637026209171 0.14359163052165866 0
    outer loop
      vertex 17.07997322380543 30.67790554910898 1.98
      vertex 17.087030175328255 30.726542231440543 2.5
      vertex 17.087030175328255 30.726542231440543 1.98
    endloop
  endfacet
  facet normal -0.9816138894690549 0.19087737425225174 0
    outer loop
      vertex 17.087030175328255 30.726542231440543 1.98
      vertex 17.096103402972222 30.773202587664127 2.5
      vertex 17.096103402972222 30.773202587664127 1.98
    endloop
  endfacet
  facet normal -0.9705576387815126 0.24086898887747046 0
    outer loop
      vertex 17.096103402972222 30.773202587664127 1.98
      vertex 17.107192899286748 30.81788661032915 2.5
      vertex 17.107192899286748 30.81788661032915 1.98
    endloop
  endfacet
  facet normal -0.9559993173691409 0.2933688892669719 0
    outer loop
      vertex 17.107192899286748 30.81788661032915 1.98
      vertex 17.120298671722413 30.860594306886195 2.5
      vertex 17.120298671722413 30.860594306886195 1.98
    endloop
  endfacet
  facet normal -0.9374759566192437 0.3480500405988109 0
    outer loop
      vertex 17.120298671722413 30.860594306886195 1.98
      vertex 17.135420712828637 30.9013256624341 2.5
      vertex 17.135420712828637 30.9013256624341 1.98
    endloop
  endfacet
  facet normal -0.9145644747355649 0.40444013345816726 0
    outer loop
      vertex 17.135420712828637 30.9013256624341 1.98
      vertex 17.15255902260542 30.940080691874027 2.5
      vertex 17.15255902260542 30.940080691874027 1.98
    endloop
  endfacet
  facet normal -0.8869238527436747 0.4619156626856425 0
    outer loop
      vertex 17.15255902260542 30.940080691874027 1.98
      vertex 17.171713608503342 30.976859395205974 2.5
      vertex 17.171713608503342 30.976859395205974 1.98
    endloop
  endfacet
  facet normal -0.8543422731488085 0.5197107660140655 0
    outer loop
      vertex 17.171713608503342 30.976859395205974 1.98
      vertex 17.192884470522404 31.01166175752878 2.5
      vertex 17.192884470522404 31.01166175752878 1.98
    endloop
  endfacet
  facet normal -0.816782472254455 0.5769457452983777 0
    outer loop
      vertex 17.192884470522404 31.01166175752878 1.98
      vertex 17.216071601212025 31.04448779374361 2.5
      vertex 17.216071601212025 31.04448779374361 1.98
    endloop
  endfacet
  facet normal -0.7744155811409313 0.6326772539661544 0
    outer loop
      vertex 17.216071601212025 31.04448779374361 1.98
      vertex 17.241275000572205 31.07533749639988 2.5
      vertex 17.241275000572205 31.07533749639988 1.98
    endloop
  endfacet
  facet normal -0.758618609074917 -0.651534961429729 0
    outer loop
      vertex 17.240449997782708 29.98186249732971 1.98
      vertex 17.267222929000855 29.950689275562763 1.98
      vertex 17.240449997782708 29.98186249732971 2.5
    endloop
  endfacet
  facet normal -0.718611361002536 -0.6954119008458822 0
    outer loop
      vertex 17.267222929000855 29.950689275562763 1.98
      vertex 17.29538017809391 29.92159267961979 1.98
      vertex 17.267222929000855 29.950689275562763 2.5
    endloop
  endfacet
  facet normal -0.6749125525335652 -0.7378977208479693 0
    outer loop
      vertex 17.29538017809391 29.92159267961979 1.98
      vertex 17.324921745061875 29.89457270950079 1.98
      vertex 17.29538017809391 29.92159267961979 2.5
    endloop
  endfacet
  facet normal -0.6277999492667284 -0.7783747321828305 0
    outer loop
      vertex 17.324921745061875 29.89457270950079 1.98
      vertex 17.355847629904748 29.869629365205764 1.98
      vertex 17.324921745061875 29.89457270950079 2.5
    endloop
  endfacet
  facet normal -0.5776862166593516 -0.8162589264944089 0
    outer loop
      vertex 17.355847629904748 29.869629365205764 1.98
      vertex 17.38815784007311 29.846762646734714 1.98
      vertex 17.355847629904748 29.869629365205764 2.5
    endloop
  endfacet
  facet normal 0.9496688609281528 0.31325557390639475 0
    outer loop
      vertex 17.34437455534935 30.354789574444293 1.98
      vertex 17.352526481449605 30.330076110363006 2.5
      vertex 17.352526481449605 30.330076110363006 1.98
    endloop
  endfacet
  facet normal 0.9778055145368152 0.20951461939777435 0
    outer loop
      vertex 17.33183313459158 30.406654660403728 1.98
      vertex 17.337476778030396 30.380315755307674 2.5
      vertex 17.337476778030396 30.380315755307674 1.98
    endloop
  endfacet
  facet normal 0.9871827584130328 0.15959386420547592 0
    outer loop
      vertex 17.327443639934064 30.433806289732455 1.98
      vertex 17.33183313459158 30.406654660403728 2.5
      vertex 17.33183313459158 30.406654660403728 1.98
    endloop
  endfacet
  facet normal 0.9937732350671702 0.11142152962570023 0
    outer loop
      vertex 17.327443639934064 30.433806289732455 1.98
      vertex 17.324308286607266 30.461770635843276 1.98
      vertex 17.327443639934064 30.433806289732455 2.5
    endloop
  endfacet
  facet normal 0.997870081028588 0.06523267117019688 0
    outer loop
      vertex 17.324308286607266 30.461770635843276 1.98
      vertex 17.322427074611188 30.49054770618677 1.98
      vertex 17.324308286607266 30.461770635843276 2.5
    endloop
  endfacet
  facet normal 0.9997755171656898 0.021187620821546224 0
    outer loop
      vertex 17.322427074611188 30.49054770618677 1.98
      vertex 17.321799996495248 30.52013750076294 1.98
      vertex 17.322427074611188 30.49054770618677 2.5
    endloop
  endfacet
  facet normal 0.9997859720908912 -0.020688402796539322 0
    outer loop
      vertex 17.321799996495248 30.52013750076294 1.98
      vertex 17.322442013025285 30.551163536310195 1.98
      vertex 17.321799996495248 30.52013750076294 2.5
    endloop
  endfacet
  facet normal 0.9653747321106352 0.2608670669178453 0
    outer loop
      vertex 17.34437455534935 30.354789574444293 1.98
      vertex 17.337476778030396 30.380315755307674 1.98
      vertex 17.34437455534935 30.354789574444293 2.5
    endloop
  endfacet
  facet normal 0.9305329162025482 0.3662082629646436 0
    outer loop
      vertex 17.352526481449605 30.330076110363006 1.98
      vertex 17.361932541429997 30.306175370514392 2.5
      vertex 17.361932541429997 30.306175370514392 1.98
    endloop
  endfacet
  facet normal 0.9078965105080729 0.4191943775950063 0
    outer loop
      vertex 17.361932541429997 30.306175370514392 1.98
      vertex 17.37259275019169 30.283087354898452 2.5
      vertex 17.37259275019169 30.283087354898452 1.98
    endloop
  endfacet
  facet normal 0.852353262211928 0.5229664581946767 0
    outer loop
      vertex 17.3845071002841 30.260812056064605 1.98
      vertex 17.39767559170723 30.23934948146343 2.5
      vertex 17.39767559170723 30.23934948146343 1.98
    endloop
  endfacet
  facet normal 0.88179031578388 0.47164164255265373 0
    outer loop
      vertex 17.37259275019169 30.283087354898452 1.98
      vertex 17.3845071002841 30.260812056064605 2.5
      vertex 17.3845071002841 30.260812056064605 1.98
    endloop
  endfacet
  facet normal -0.7277974485678704 0.6857921506244425 0
    outer loop
      vertex 17.241275000572205 31.07533749639988 1.98
      vertex 17.268334317207337 31.104054217040538 2.5
      vertex 17.268334317207337 31.104054217040538 1.98
    endloop
  endfacet
  facet normal -0.6765693779653839 0.7363788948629189 0
    outer loop
      vertex 17.268334317207337 31.104054217040538 1.98
      vertex 17.297089199721814 31.13047359585762 2.5
      vertex 17.297089199721814 31.13047359585762 1.98
    endloop
  endfacet
  facet normal 0.9979403547116635 -0.06414864330567951 0
    outer loop
      vertex 17.322442013025285 30.551163536310195 1.98
      vertex 17.324368047714234 30.58112625479698 1.98
      vertex 17.322442013025285 30.551163536310195 2.5
    endloop
  endfacet
  facet normal 0.993887452641742 -0.11039805922800007 0
    outer loop
      vertex 17.324368047714234 30.58112625479698 1.98
      vertex 17.327578108012677 30.610025663673877 1.98
      vertex 17.324368047714234 30.58112625479698 2.5
    endloop
  endfacet
  facet normal 0.9872166617616225 -0.15938401030291074 0
    outer loop
      vertex 17.327578108012677 30.610025663673877 1.98
      vertex 17.332072186470032 30.637861762940883 1.98
      vertex 17.327578108012677 30.610025663673877 2.5
    endloop
  endfacet
  facet normal 0.9774940109121522 -0.21096316889654804 0
    outer loop
      vertex 17.332072186470032 30.637861762940883 1.98
      vertex 17.337850297987462 30.664634537696838 1.98
      vertex 17.332072186470032 30.637861762940883 2.5
    endloop
  endfacet
  facet normal 0.9642818293715828 -0.26487837500217687 0
    outer loop
      vertex 17.337850297987462 30.664634537696838 1.98
      vertex 17.344912427663804 30.690344010293483 1.98
      vertex 17.337850297987462 30.664634537696838 2.5
    endloop
  endfacet
  facet normal 0.9471648464857274 -0.3207471801616786 0
    outer loop
      vertex 17.344912427663804 30.690344010293483 1.98
      vertex 17.35325858294964 30.714990165829658 1.98
      vertex 17.344912427663804 30.690344010293483 2.5
    endloop
  endfacet
  facet normal 0.9257854793005517 -0.37804926440379155 0
    outer loop
      vertex 17.35325858294964 30.714990165829658 1.98
      vertex 17.362888756394387 30.738573004305362 1.98
      vertex 17.35325858294964 30.714990165829658 2.5
    endloop
  endfacet
  facet normal 0.8998824973902454 -0.4361324235718954 0
    outer loop
      vertex 17.362888756394387 30.738573004305362 1.98
      vertex 17.373802955448628 30.761092533171176 1.98
      vertex 17.362888756394387 30.738573004305362 2.5
    endloop
  endfacet
  facet normal 0.8693313134141416 -0.4942297719863137 0
    outer loop
      vertex 17.373802955448628 30.761092533171176 1.98
      vertex 17.386001180112363 30.78254874497652 1.98
      vertex 17.373802955448628 30.761092533171176 2.5
    endloop
  endfacet
  facet normal 0.8341777520095996 -0.5514956736477729 0
    outer loop
      vertex 17.386001180112363 30.78254874497652 1.98
      vertex 17.39948343038559 30.802941639721393 1.98
      vertex 17.386001180112363 30.78254874497652 2.5
    endloop
  endfacet
  facet normal -0.6209471145431391 0.7838524612071776 0
    outer loop
      vertex 17.297089199721814 31.13047359585762 1.98
      vertex 17.327539648115636 31.154595632851123 2.5
      vertex 17.327539648115636 31.154595632851123 1.98
    endloop
  endfacet
  facet normal -0.5617014764755134 0.8273399853296275 0
    outer loop
      vertex 17.327539648115636 31.154595632851123 1.98
      vertex 17.35968564748764 31.17642034292221 2.5
      vertex 17.35968564748764 31.17642034292221 1.98
    endloop
  endfacet
  facet normal -0.49978729107478653 0.8661481765149234 0
    outer loop
      vertex 17.35968564748764 31.17642034292221 1.98
      vertex 17.393527220189572 31.19594770371914 2.5
      vertex 17.393527220189572 31.19594770371914 1.98
    endloop
  endfacet
  facet normal -0.9996147221526303 -0.027756211119673968 0
    outer loop
      vertex 17.07271568030119 27.560672555863857 1.98
      vertex 17.07271568030119 27.560672555863857 2.5
      vertex 17.070900003612042 27.626062501966953 2.5
    endloop
  endfacet
  facet normal -0.9995841086475729 0.02883764448143006 0
    outer loop
      vertex 17.070900003612042 27.626062501966953 1.98
      vertex 17.070900003612042 27.626062501966953 2.5
      vertex 17.072735796868802 27.689695638418197 2.5
    endloop
  endfacet
  facet normal -0.988698950464411 -0.14991459352101777 0
    outer loop
      vertex 17.087241123616696 27.43816841840744 1.98
      vertex 17.087241123616696 27.43816841840744 2.5
      vertex 17.078162725269795 27.498041194677352 2.5
    endloop
  endfacet
  facet normal -0.9761228762232459 -0.2172190841377837 0
    outer loop
      vertex 17.099950890243054 27.381054219603538 1.98
      vertex 17.099950890243054 27.381054219603538 2.5
      vertex 17.087241123616696 27.43816841840744 2.5
    endloop
  endfacet
  facet normal -0.9576591514844396 -0.28790441048741 0
    outer loop
      vertex 17.116292010247708 27.326698598265647 1.98
      vertex 17.116292010247708 27.326698598265647 2.5
      vertex 17.099950890243054 27.381054219603538 2.5
    endloop
  endfacet
  facet normal -0.9325715114758162 -0.3609852849960946 0
    outer loop
      vertex 17.13626449853182 27.275101554393768 1.98
      vertex 17.13626449853182 27.275101554393768 2.5
      vertex 17.116292010247708 27.326698598265647 2.5
    endloop
  endfacet
  facet normal -0.9003591624101197 -0.43514753666331135 0
    outer loop
      vertex 17.159868340194226 27.22626309543848 1.98
      vertex 17.159868340194226 27.22626309543848 2.5
      vertex 17.13626449853182 27.275101554393768 2.5
    endloop
  endfacet
  facet normal -0.8608759184499278 -0.5088149496948701 0
    outer loop
      vertex 17.159868340194226 27.22626309543848 2.5
      vertex 17.18710355013609 27.180183206498622 1.98
      vertex 17.18710355013609 27.180183206498622 2.5
    endloop
  endfacet
  facet normal -0.8144194510739262 -0.5802766217179912 0
    outer loop
      vertex 17.21797012090683 27.136861909925937 1.98
      vertex 17.21797012090683 27.136861909925937 2.5
      vertex 17.18710355013609 27.180183206498622 2.5
    endloop
  endfacet
  facet normal -0.9962394354513265 -0.08664287190313175 0
    outer loop
      vertex 17.078162725269795 27.498041194677352 1.98
      vertex 17.078162725269795 27.498041194677352 2.5
      vertex 17.07271568030119 27.560672555863857 2.5
    endloop
  endfacet
  facet normal -0.9959509854411325 0.08989791209386826 0
    outer loop
      vertex 17.072735796868802 27.689695638418197 1.98
      vertex 17.072735796868802 27.689695638418197 2.5
      vertex 17.078243198990823 27.750710432231426 2.5
    endloop
  endfacet
  facet normal -0.9878708863816865 0.15527753166334507 0
    outer loop
      vertex 17.078243198990823 27.750710432231426 1.98
      vertex 17.078243198990823 27.750710432231426 2.5
      vertex 17.087422187626363 27.809106875956058 2.5
    endloop
  endfacet
  facet normal -0.9744725919706315 0.22450649767443037 0
    outer loop
      vertex 17.087422187626363 27.809106875956058 1.98
      vertex 17.087422187626363 27.809106875956058 2.5
      vertex 17.100272777676583 27.864884984493255 2.5
    endloop
  endfacet
  facet normal -0.9549403165018188 0.2967978974309055 0
    outer loop
      vertex 17.100272777676583 27.864884984493255 1.98
      vertex 17.100272777676583 27.864884984493255 2.5
      vertex 17.116794969141484 27.918044750392436 2.5
    endloop
  endfacet
  facet normal -0.9286209531811681 0.3710298172827877 0
    outer loop
      vertex 17.116794969141484 27.918044750392436 1.98
      vertex 17.116794969141484 27.918044750392436 2.5
      vertex 17.136988754570485 27.96858616620302 2.5
    endloop
  endfacet
  facet normal -0.8951444485339649 0.4457761952581406 0
    outer loop
      vertex 17.136988754570485 27.96858616620302 1.98
      vertex 17.136988754570485 27.96858616620302 2.5
      vertex 17.160854141414166 28.01650924682617 2.5
    endloop
  endfacet
  facet normal -0.8545318932358581 0.5193989251459229 0
    outer loop
      vertex 17.160854141414166 28.01650924682617 1.98
      vertex 17.160854141414166 28.01650924682617 2.5
      vertex 17.188391122221947 28.061813977360725 2.5
    endloop
  endfacet
  facet normal -0.8072588700446793 0.5901975234903883 0
    outer loop
      vertex 17.188391122221947 28.061813977360725 1.98
      vertex 17.188391122221947 28.061813977360725 2.5
      vertex 17.21959970444441 28.104500372707843 2.5
    endloop
  endfacet
  facet normal -0.7542475087888243 0.6565902036170298 0
    outer loop
      vertex 17.21959970444441 28.104500372707843 1.98
      vertex 17.21959970444441 28.104500372707843 2.5
      vertex 17.25447988063097 28.144568417966365 2.5
    endloop
  endfacet
  facet normal -0.7617575893799442 -0.6478621574239819 0
    outer loop
      vertex 17.252468045055867 27.096299183368682 1.98
      vertex 17.252468045055867 27.096299183368682 2.5
      vertex 17.21797012090683 27.136861909925937 2.5
    endloop
  endfacet
  facet normal -0.704072459456688 -0.7101281376164521 0
    outer loop
      vertex 17.29059733748436 27.05849504172802 1.98
      vertex 17.29059733748436 27.05849504172802 2.5
      vertex 17.252468045055867 27.096299183368682 2.5
    endloop
  endfacet
  facet normal -0.6428329031742459 -0.7660064350882249 0
    outer loop
      vertex 17.33235799074173 27.023449485003948 1.98
      vertex 17.33235799074173 27.023449485003948 2.5
      vertex 17.29059733748436 27.05849504172802 2.5
    endloop
  endfacet
  facet normal -0.5796218657829663 -0.8148855703141842 0
    outer loop
      vertex 17.377749997377396 26.991162498295306 1.98
      vertex 17.377749997377396 26.991162498295306 2.5
      vertex 17.33235799074173 27.023449485003948 2.5
    endloop
  endfacet
  facet normal 0.9682706582286352 0.24990384633591686 0
    outer loop
      vertex 17.340093638002873 27.46788379997015 1.98
      vertex 17.330613608658314 27.50461486428976 2.5
      vertex 17.340093638002873 27.46788379997015 2.5
    endloop
  endfacet
  facet normal 0.943949087602063 0.33009107836358237 0
    outer loop
      vertex 17.352282251417638 27.43302847892046 1.98
      vertex 17.340093638002873 27.46788379997015 2.5
      vertex 17.352282251417638 27.43302847892046 2.5
    endloop
  endfacet
  facet normal 0.9113375950202854 0.41165979631564953 0
    outer loop
      vertex 17.367179441452027 27.40004889369011 1.98
      vertex 17.352282251417638 27.43302847892046 2.5
      vertex 17.367179441452027 27.40004889369011 2.5
    endloop
  endfacet
  facet normal 0.8702590841156707 0.4925942818528796 0
    outer loop
      vertex 17.38478520810604 27.368945044279098 1.98
      vertex 17.367179441452027 27.40004889369011 2.5
      vertex 17.38478520810604 27.368945044279098 2.5
    endloop
  endfacet
  facet normal -0.6967799826803245 0.7172849194957376 0
    outer loop
      vertex 17.25447988063097 28.144568417966365 1.98
      vertex 17.25447988063097 28.144568417966365 2.5
      vertex 17.293031658232213 28.18201812058687 2.5
    endloop
  endfacet
  facet normal -0.6363511950044544 0.7713994792689473 0
    outer loop
      vertex 17.293031658232213 28.18201812058687 1.98
      vertex 17.293031658232213 28.18201812058687 2.5
      vertex 17.335255029797555 28.216849480569362 2.5
    endloop
  endfacet
  facet normal 0.9950015442599506 0.09985953595082221 0
    outer loop
      vertex 17.32384216338396 27.54322167187929 1.98
      vertex 17.319779287278653 27.58370421528816 2.5
      vertex 17.32384216338396 27.54322167187929 2.5
    endloop
  endfacet
  facet normal 0.9994892830141019 0.03195579978589977 0
    outer loop
      vertex 17.319779287278653 27.58370421528816 1.98
      vertex 17.31842500269413 27.626062501966953 2.5
      vertex 17.319779287278653 27.58370421528816 2.5
    endloop
  endfacet
  facet normal 0.9849643138426841 0.17275792443882432 0
    outer loop
      vertex 17.330613608658314 27.50461486428976 1.98
      vertex 17.32384216338396 27.54322167187929 2.5
      vertex 17.330613608658314 27.50461486428976 2.5
    endloop
  endfacet
  facet normal 0.9994477068364502 -0.03323072824000333 0
    outer loop
      vertex 17.31842500269413 27.626062501966953 1.98
      vertex 17.319799262285233 27.66739474684 2.5
      vertex 17.31842500269413 27.626062501966953 2.5
    endloop
  endfacet
  facet normal 0.9945962409081901 -0.10381867640890698 0
    outer loop
      vertex 17.319799262285233 27.66739474684 1.98
      vertex 17.32392204105854 27.70689149647951 2.5
      vertex 17.319799262285233 27.66739474684 2.5
    endloop
  endfacet
  facet normal 0.9837602754418452 -0.17948738246067547 0
    outer loop
      vertex 17.32392204105854 27.70689149647951 1.98
      vertex 17.330793346464635 27.744552735984325 2.5
      vertex 17.32392204105854 27.70689149647951 2.5
    endloop
  endfacet
  facet normal 0.9657886103598247 -0.25933060000555014 0
    outer loop
      vertex 17.330793346464635 27.744552735984325 1.98
      vertex 17.340413163602353 27.780378472805022 2.5
      vertex 17.330793346464635 27.744552735984325 2.5
    endloop
  endfacet
  facet normal 0.9397200954687843 -0.34194464781911527 0
    outer loop
      vertex 17.340413163602353 27.780378472805022 1.98
      vertex 17.352781507372857 27.814368714392185 2.5
      vertex 17.340413163602353 27.780378472805022 2.5
    endloop
  endfacet
  facet normal 0.9049788506307033 -0.42545655466937055 0
    outer loop
      vertex 17.352781507372857 27.814368714392185 1.98
      vertex 17.367898370325566 27.84652344584465 2.5
      vertex 17.352781507372857 27.814368714392185 2.5
    endloop
  endfacet
  facet normal 0.8615546039749981 -0.5076649134709671 0
    outer loop
      vertex 17.367898370325566 27.84652344584465 1.98
      vertex 17.38576375991106 27.876842674613 2.5
      vertex 17.367898370325566 27.84652344584465 2.5
    endloop
  endfacet
  facet normal 0.8101076017745957 -0.586281223942071 0
    outer loop
      vertex 17.38576375991106 27.876842674613 1.98
      vertex 17.40637766122818 27.90532640814781 2.5
      vertex 17.38576375991106 27.876842674613 2.5
    endloop
  endfacet
  facet normal -0.5744976688470477 0.8185062177462721 0
    outer loop
      vertex 17.335255029797555 28.216849480569362 1.98
      vertex 17.335255029797555 28.216849480569362 2.5
      vertex 17.381150002777577 28.249062497913837 2.5
    endloop
  endfacet
  facet normal -0.9980782877774573 -0.06196556678687709 0
    outer loop
      vertex 17.074913020431996 30.421766494214534 1.98
      vertex 17.074913020431996 30.421766494214534 2.5
      vertex 17.07190325409174 30.470244747400283 2.5
    endloop
  endfacet
  facet normal -0.9997978926363961 -0.02010407619915939 0
    outer loop
      vertex 17.07190325409174 30.470244747400283 1.98
      vertex 17.07190325409174 30.470244747400283 2.5
      vertex 17.070900003612042 30.52013750076294 2.5
    endloop
  endfacet
  facet normal -0.9998293708411421 0.01847239030028121 0
    outer loop
      vertex 17.070900003612042 30.52013750076294 1.98
      vertex 17.070900003612042 30.52013750076294 2.5
      vertex 17.07190813422203 30.57470318377018 2.5
    endloop
  endfacet
  facet normal -0.9983503981136393 0.057415003146718685 0
    outer loop
      vertex 17.07190813422203 30.57470318377018 1.98
      vertex 17.07190813422203 30.57470318377018 2.5
      vertex 17.07493254095316 30.62729253321886 2.5
    endloop
  endfacet
  facet normal -0.9146009196436148 -0.4043577101862335 0
    outer loop
      vertex 17.15216361284256 30.122024630010127 1.98
      vertex 17.15216361284256 30.122024630010127 2.5
      vertex 17.135108287632466 30.160601404309272 2.5
    endloop
  endfacet
  facet normal -0.9797962922074746 -0.19999806443184673 0
    outer loop
      vertex 17.095981362462044 30.284818713366985 1.98
      vertex 17.095981362462044 30.284818713366985 2.5
      vertex 17.086952070891858 30.329053473472595 2.5
    endloop
  endfacet
  facet normal -0.9883722832289996 -0.15205337794568852 0
    outer loop
      vertex 17.086952070891858 30.329053473472595 1.98
      vertex 17.086952070891858 30.329053473472595 2.5
      vertex 17.079929287731648 30.37470273375511 2.5
    endloop
  endfacet
  facet normal -0.9683571136266095 -0.2495686288152857 0
    outer loop
      vertex 17.107017162442208 30.2419984459877 1.98
      vertex 17.107017162442208 30.2419984459877 2.5
      vertex 17.095981362462044 30.284818713366985 2.5
    endloop
  endfacet
  facet normal -0.9943678144805745 -0.10598419469489577 0
    outer loop
      vertex 17.079929287731648 30.37470273375511 1.98
      vertex 17.079929287731648 30.37470273375511 2.5
      vertex 17.074913020431996 30.421766494214534 2.5
    endloop
  endfacet
  facet normal -0.9538020008753392 -0.3004359218305954 0
    outer loop
      vertex 17.12005947083235 30.200592678785323 1.98
      vertex 17.12005947083235 30.200592678785323 2.5
      vertex 17.107017162442208 30.2419984459877 2.5
    endloop
  endfacet
  facet normal -0.9359277835644557 -0.35219197031182486 0
    outer loop
      vertex 17.135108287632466 30.160601404309272 1.98
      vertex 17.135108287632466 30.160601404309272 2.5
      vertex 17.12005947083235 30.200592678785323 2.5
    endloop
  endfacet
  facet normal -0.8897761092738327 -0.4563972779996835 0
    outer loop
      vertex 17.171225446462632 30.08486234843731 1.98
      vertex 17.171225446462632 30.08486234843731 2.5
      vertex 17.15216361284256 30.122024630010127 2.5
    endloop
  endfacet
  facet normal -0.8615101095814697 -0.507740417033078 0
    outer loop
      vertex 17.171225446462632 30.08486234843731 2.5
      vertex 17.19229378849268 30.049114574491977 1.98
      vertex 17.19229378849268 30.049114574491977 2.5
    endloop
  endfacet
  facet normal -0.8299693327932012 -0.5578090234325799 0
    outer loop
      vertex 17.215368638932706 30.01478128582239 1.98
      vertex 17.215368638932706 30.01478128582239 2.5
      vertex 17.19229378849268 30.049114574491977 2.5
    endloop
  endfacet
  facet normal -0.7954273269504388 -0.6060489811397092 0
    outer loop
      vertex 17.240449997782708 29.98186249732971 1.98
      vertex 17.240449997782708 29.98186249732971 2.5
      vertex 17.215368638932706 30.01478128582239 2.5
    endloop
  endfacet
  facet normal -0.9950772453710882 0.0991023498444266 0
    outer loop
      vertex 17.07493254095316 30.62729253321886 1.98
      vertex 17.07493254095316 30.62729253321886 2.5
      vertex 17.07997322380543 30.67790554910898 2.5
    endloop
  endfacet
  facet normal -0.989637026209171 0.14359163052165866 0
    outer loop
      vertex 17.07997322380543 30.67790554910898 1.98
      vertex 17.07997322380543 30.67790554910898 2.5
      vertex 17.087030175328255 30.726542231440543 2.5
    endloop
  endfacet
  facet normal -0.9816138894690549 0.19087737425225174 0
    outer loop
      vertex 17.087030175328255 30.726542231440543 1.98
      vertex 17.087030175328255 30.726542231440543 2.5
      vertex 17.096103402972222 30.773202587664127 2.5
    endloop
  endfacet
  facet normal -0.9705576387815126 0.24086898887747046 0
    outer loop
      vertex 17.096103402972222 30.773202587664127 1.98
      vertex 17.096103402972222 30.773202587664127 2.5
      vertex 17.107192899286748 30.81788661032915 2.5
    endloop
  endfacet
  facet normal -0.9559993173691409 0.2933688892669719 0
    outer loop
      vertex 17.107192899286748 30.81788661032915 1.98
      vertex 17.107192899286748 30.81788661032915 2.5
      vertex 17.120298671722413 30.860594306886195 2.5
    endloop
  endfacet
  facet normal -0.9374759566192437 0.3480500405988109 0
    outer loop
      vertex 17.120298671722413 30.860594306886195 1.98
      vertex 17.120298671722413 30.860594306886195 2.5
      vertex 17.135420712828637 30.9013256624341 2.5
    endloop
  endfacet
  facet normal -0.9145644747355649 0.40444013345816726 0
    outer loop
      vertex 17.135420712828637 30.9013256624341 1.98
      vertex 17.135420712828637 30.9013256624341 2.5
      vertex 17.15255902260542 30.940080691874027 2.5
    endloop
  endfacet
  facet normal -0.8869238527436747 0.4619156626856425 0
    outer loop
      vertex 17.15255902260542 30.940080691874027 1.98
      vertex 17.15255902260542 30.940080691874027 2.5
      vertex 17.171713608503342 30.976859395205974 2.5
    endloop
  endfacet
  facet normal -0.8543422731488085 0.5197107660140655 0
    outer loop
      vertex 17.171713608503342 30.976859395205974 1.98
      vertex 17.171713608503342 30.976859395205974 2.5
      vertex 17.192884470522404 31.01166175752878 2.5
    endloop
  endfacet
  facet normal -0.816782472254455 0.5769457452983777 0
    outer loop
      vertex 17.192884470522404 31.01166175752878 1.98
      vertex 17.192884470522404 31.01166175752878 2.5
      vertex 17.216071601212025 31.04448779374361 2.5
    endloop
  endfacet
  facet normal -0.7744155811409313 0.6326772539661544 0
    outer loop
      vertex 17.216071601212025 31.04448779374361 1.98
      vertex 17.216071601212025 31.04448779374361 2.5
      vertex 17.241275000572205 31.07533749639988 2.5
    endloop
  endfacet
  facet normal -0.758618609074917 -0.651534961429729 0
    outer loop
      vertex 17.267222929000855 29.950689275562763 1.98
      vertex 17.267222929000855 29.950689275562763 2.5
      vertex 17.240449997782708 29.98186249732971 2.5
    endloop
  endfacet
  facet normal -0.718611361002536 -0.6954119008458822 0
    outer loop
      vertex 17.29538017809391 29.92159267961979 1.98
      vertex 17.29538017809391 29.92159267961979 2.5
      vertex 17.267222929000855 29.950689275562763 2.5
    endloop
  endfacet
  facet normal -0.6749125525335652 -0.7378977208479693 0
    outer loop
      vertex 17.324921745061875 29.89457270950079 1.98
      vertex 17.324921745061875 29.89457270950079 2.5
      vertex 17.29538017809391 29.92159267961979 2.5
    endloop
  endfacet
  facet normal -0.6277999492667284 -0.7783747321828305 0
    outer loop
      vertex 17.355847629904748 29.869629365205764 1.98
      vertex 17.355847629904748 29.869629365205764 2.5
      vertex 17.324921745061875 29.89457270950079 2.5
    endloop
  endfacet
  facet normal -0.5776862166593516 -0.8162589264944089 0
    outer loop
      vertex 17.38815784007311 29.846762646734714 1.98
      vertex 17.38815784007311 29.846762646734714 2.5
      vertex 17.355847629904748 29.869629365205764 2.5
    endloop
  endfacet
  facet normal 0.9496688609281528 0.31325557390639475 0
    outer loop
      vertex 17.34437455534935 30.354789574444293 1.98
      vertex 17.34437455534935 30.354789574444293 2.5
      vertex 17.352526481449605 30.330076110363006 2.5
    endloop
  endfacet
  facet normal 0.9305329162025482 0.3662082629646436 0
    outer loop
      vertex 17.352526481449605 30.330076110363006 1.98
      vertex 17.352526481449605 30.330076110363006 2.5
      vertex 17.361932541429997 30.306175370514392 2.5
    endloop
  endfacet
  facet normal 0.9937732350671702 0.11142152962570023 0
    outer loop
      vertex 17.324308286607266 30.461770635843276 1.98
      vertex 17.324308286607266 30.461770635843276 2.5
      vertex 17.327443639934064 30.433806289732455 2.5
    endloop
  endfacet
  facet normal 0.9778055145368152 0.20951461939777435 0
    outer loop
      vertex 17.33183313459158 30.406654660403728 1.98
      vertex 17.33183313459158 30.406654660403728 2.5
      vertex 17.337476778030396 30.380315755307674 2.5
    endloop
  endfacet
  facet normal 0.9871827584130328 0.15959386420547592 0
    outer loop
      vertex 17.327443639934064 30.433806289732455 1.98
      vertex 17.327443639934064 30.433806289732455 2.5
      vertex 17.33183313459158 30.406654660403728 2.5
    endloop
  endfacet
  facet normal 0.997870081028588 0.06523267117019688 0
    outer loop
      vertex 17.322427074611188 30.49054770618677 1.98
      vertex 17.322427074611188 30.49054770618677 2.5
      vertex 17.324308286607266 30.461770635843276 2.5
    endloop
  endfacet
  facet normal 0.9997755171656898 0.021187620821546224 0
    outer loop
      vertex 17.321799996495248 30.52013750076294 1.98
      vertex 17.321799996495248 30.52013750076294 2.5
      vertex 17.322427074611188 30.49054770618677 2.5
    endloop
  endfacet
  facet normal 0.9997859720908912 -0.020688402796539322 0
    outer loop
      vertex 17.322442013025285 30.551163536310195 1.98
      vertex 17.322442013025285 30.551163536310195 2.5
      vertex 17.321799996495248 30.52013750076294 2.5
    endloop
  endfacet
  facet normal 0.9653747321106352 0.2608670669178453 0
    outer loop
      vertex 17.337476778030396 30.380315755307674 1.98
      vertex 17.337476778030396 30.380315755307674 2.5
      vertex 17.34437455534935 30.354789574444293 2.5
    endloop
  endfacet
  facet normal 0.9078965105080729 0.4191943775950063 0
    outer loop
      vertex 17.361932541429997 30.306175370514392 1.98
      vertex 17.361932541429997 30.306175370514392 2.5
      vertex 17.37259275019169 30.283087354898452 2.5
    endloop
  endfacet
  facet normal 0.852353262211928 0.5229664581946767 0
    outer loop
      vertex 17.3845071002841 30.260812056064605 1.98
      vertex 17.3845071002841 30.260812056064605 2.5
      vertex 17.39767559170723 30.23934948146343 2.5
    endloop
  endfacet
  facet normal 0.88179031578388 0.47164164255265373 0
    outer loop
      vertex 17.37259275019169 30.283087354898452 1.98
      vertex 17.37259275019169 30.283087354898452 2.5
      vertex 17.3845071002841 30.260812056064605 2.5
    endloop
  endfacet
  facet normal -0.7277974485678704 0.6857921506244425 0
    outer loop
      vertex 17.241275000572205 31.07533749639988 1.98
      vertex 17.241275000572205 31.07533749639988 2.5
      vertex 17.268334317207337 31.104054217040538 2.5
    endloop
  endfacet
  facet normal -0.6765693779653839 0.7363788948629189 0
    outer loop
      vertex 17.268334317207337 31.104054217040538 1.98
      vertex 17.268334317207337 31.104054217040538 2.5
      vertex 17.297089199721814 31.13047359585762 2.5
    endloop
  endfacet
  facet normal -0.6209471145431391 0.7838524612071776 0
    outer loop
      vertex 17.297089199721814 31.13047359585762 1.98
      vertex 17.297089199721814 31.13047359585762 2.5
      vertex 17.327539648115636 31.154595632851123 2.5
    endloop
  endfacet
  facet normal 0.9979403547116635 -0.06414864330567951 0
    outer loop
      vertex 17.324368047714234 30.58112625479698 1.98
      vertex 17.324368047714234 30.58112625479698 2.5
      vertex 17.322442013025285 30.551163536310195 2.5
    endloop
  endfacet
  facet normal 0.993887452641742 -0.11039805922800007 0
    outer loop
      vertex 17.327578108012677 30.610025663673877 1.98
      vertex 17.327578108012677 30.610025663673877 2.5
      vertex 17.324368047714234 30.58112625479698 2.5
    endloop
  endfacet
  facet normal 0.9872166617616225 -0.15938401030291074 0
    outer loop
      vertex 17.332072186470032 30.637861762940883 1.98
      vertex 17.332072186470032 30.637861762940883 2.5
      vertex 17.327578108012677 30.610025663673877 2.5
    endloop
  endfacet
  facet normal 0.9774940109121522 -0.21096316889654804 0
    outer loop
      vertex 17.337850297987462 30.664634537696838 1.98
      vertex 17.337850297987462 30.664634537696838 2.5
      vertex 17.332072186470032 30.637861762940883 2.5
    endloop
  endfacet
  facet normal 0.9642818293715828 -0.26487837500217687 0
    outer loop
      vertex 17.344912427663804 30.690344010293483 1.98
      vertex 17.344912427663804 30.690344010293483 2.5
      vertex 17.337850297987462 30.664634537696838 2.5
    endloop
  endfacet
  facet normal 0.9471648464857274 -0.3207471801616786 0
    outer loop
      vertex 17.35325858294964 30.714990165829658 1.98
      vertex 17.35325858294964 30.714990165829658 2.5
      vertex 17.344912427663804 30.690344010293483 2.5
    endloop
  endfacet
  facet normal 0.9257854793005517 -0.37804926440379155 0
    outer loop
      vertex 17.362888756394387 30.738573004305362 1.98
      vertex 17.362888756394387 30.738573004305362 2.5
      vertex 17.35325858294964 30.714990165829658 2.5
    endloop
  endfacet
  facet normal 0.8998824973902454 -0.4361324235718954 0
    outer loop
      vertex 17.373802955448628 30.761092533171176 1.98
      vertex 17.373802955448628 30.761092533171176 2.5
      vertex 17.362888756394387 30.738573004305362 2.5
    endloop
  endfacet
  facet normal 0.8693313134141416 -0.4942297719863137 0
    outer loop
      vertex 17.386001180112363 30.78254874497652 1.98
      vertex 17.386001180112363 30.78254874497652 2.5
      vertex 17.373802955448628 30.761092533171176 2.5
    endloop
  endfacet
  facet normal 0.8341777520095996 -0.5514956736477729 0
    outer loop
      vertex 17.39948343038559 30.802941639721393 1.98
      vertex 17.39948343038559 30.802941639721393 2.5
      vertex 17.386001180112363 30.78254874497652 2.5
    endloop
  endfacet
  facet normal -0.5617014764755134 0.8273399853296275 0
    outer loop
      vertex 17.327539648115636 31.154595632851123 1.98
      vertex 17.327539648115636 31.154595632851123 2.5
      vertex 17.35968564748764 31.17642034292221 2.5
    endloop
  endfacet
  facet normal -0.49978729107478653 0.8661481765149234 0
    outer loop
      vertex 17.35968564748764 31.17642034292221 1.98
      vertex 17.35968564748764 31.17642034292221 2.5
      vertex 17.393527220189572 31.19594770371914 2.5
    endloop
  endfacet
  facet normal 0 0 1
    outer loop
      vertex 17.078162725269795 27.498041194677352 2.5
      vertex 17.087241123616696 27.43816841840744 2.5
      vertex 17.330613608658314 27.50461486428976 2.5
    endloop
  endfacet
  facet normal 0 0 1
    outer loop
      vertex 17.099950890243054 27.381054219603538 2.5
      vertex 17.116292010247708 27.326698598265647 2.5
      vertex 17.352282251417638 27.43302847892046 2.5
    endloop
  endfacet
  facet normal 0 0 1
    outer loop
      vertex 17.099950890243054 27.381054219603538 2.5
      vertex 17.340093638002873 27.46788379997015 2.5
      vertex 17.087241123616696 27.43816841840744 2.5
    endloop
  endfacet
  facet normal 0 0 1
    outer loop
      vertex 17.13626449853182 27.275101554393768 2.5
      vertex 17.159868340194226 27.22626309543848 2.5
      vertex 17.38478520810604 27.368945044279098 2.5
    endloop
  endfacet
  facet normal 0 0 1
    outer loop
      vertex 17.116292010247708 27.326698598265647 2.5
      vertex 17.13626449853182 27.275101554393768 2.5
      vertex 17.367179441452027 27.40004889369011 2.5
    endloop
  endfacet
  facet normal 0 0 1
    outer loop
      vertex 17.07271568030119 27.560672555863857 2.5
      vertex 17.319779287278653 27.58370421528816 2.5
      vertex 17.070900003612042 27.626062501966953 2.5
    endloop
  endfacet
  facet normal 0 0 1
    outer loop
      vertex 17.070900003612042 27.626062501966953 2.5
      vertex 17.319799262285233 27.66739474684 2.5
      vertex 17.072735796868802 27.689695638418197 2.5
    endloop
  endfacet
  facet normal 0 0 1
    outer loop
      vertex 17.078162725269795 27.498041194677352 2.5
      vertex 17.32384216338396 27.54322167187929 2.5
      vertex 17.07271568030119 27.560672555863857 2.5
    endloop
  endfacet
  facet normal 0 0 1
    outer loop
      vertex 17.072735796868802 27.689695638418197 2.5
      vertex 17.32392204105854 27.70689149647951 2.5
      vertex 17.078243198990823 27.750710432231426 2.5
    endloop
  endfacet
  facet normal 0 0 1
    outer loop
      vertex 17.078243198990823 27.750710432231426 2.5
      vertex 17.330793346464635 27.744552735984325 2.5
      vertex 17.087422187626363 27.809106875956058 2.5
    endloop
  endfacet
  facet normal 0 0 1
    outer loop
      vertex 17.087422187626363 27.809106875956058 2.5
      vertex 17.340413163602353 27.780378472805022 2.5
      vertex 17.100272777676583 27.864884984493255 2.5
    endloop
  endfacet
  facet normal 0 0 1
    outer loop
      vertex 17.100272777676583 27.864884984493255 2.5
      vertex 17.352781507372857 27.814368714392185 2.5
      vertex 17.116794969141484 27.918044750392436 2.5
    endloop
  endfacet
  facet normal 0 0 1
    outer loop
      vertex 17.116794969141484 27.918044750392436 2.5
      vertex 17.367898370325566 27.84652344584465 2.5
      vertex 17.136988754570485 27.96858616620302 2.5
    endloop
  endfacet
  facet normal 0 0 1
    outer loop
      vertex 17.136988754570485 27.96858616620302 2.5
      vertex 17.367898370325566 27.84652344584465 2.5
      vertex 17.160854141414166 28.01650924682617 2.5
    endloop
  endfacet
  facet normal 0 0 1
    outer loop
      vertex 17.159868340194226 27.22626309543848 2.5
      vertex 17.18710355013609 27.180183206498622 2.5
      vertex 17.405099558830262 27.339716938138007 2.5
    endloop
  endfacet
  facet normal 0 0 1
    outer loop
      vertex 17.21797012090683 27.136861909925937 2.5
      vertex 17.405099558830262 27.339716938138007 2.5
      vertex 17.18710355013609 27.180183206498622 2.5
    endloop
  endfacet
  facet normal 0 0 1
    outer loop
      vertex 17.078162725269795 27.498041194677352 2.5
      vertex 17.330613608658314 27.50461486428976 2.5
      vertex 17.32384216338396 27.54322167187929 2.5
    endloop
  endfacet
  facet normal 0 0 1
    outer loop
      vertex 17.087241123616696 27.43816841840744 2.5
      vertex 17.340093638002873 27.46788379997015 2.5
      vertex 17.330613608658314 27.50461486428976 2.5
    endloop
  endfacet
  facet normal 0 0 1
    outer loop
      vertex 17.099950890243054 27.381054219603538 2.5
      vertex 17.352282251417638 27.43302847892046 2.5
      vertex 17.340093638002873 27.46788379997015 2.5
    endloop
  endfacet
  facet normal 0 0 1
    outer loop
      vertex 17.21797012090683 27.136861909925937 2.5
      vertex 17.252468045055867 27.096299183368682 2.5
      vertex 17.428122486174107 27.312364567816257 2.5
    endloop
  endfacet
  facet normal 0 0 1
    outer loop
      vertex 17.116292010247708 27.326698598265647 2.5
      vertex 17.367179441452027 27.40004889369011 2.5
      vertex 17.352282251417638 27.43302847892046 2.5
    endloop
  endfacet
  facet normal 0 0 1
    outer loop
      vertex 17.13626449853182 27.275101554393768 2.5
      vertex 17.38478520810604 27.368945044279098 2.5
      vertex 17.367179441452027 27.40004889369011 2.5
    endloop
  endfacet
  facet normal 0 0 1
    outer loop
      vertex 17.29059733748436 27.05849504172802 2.5
      vertex 17.33235799074173 27.023449485003948 2.5
      vertex 17.482294085621835 27.263287056982517 2.5
    endloop
  endfacet
  facet normal 0 0 1
    outer loop
      vertex 17.252468045055867 27.096299183368682 2.5
      vertex 17.29059733748436 27.05849504172802 2.5
      vertex 17.45385399758816 27.286887940764426 2.5
    endloop
  endfacet
  facet normal 0 0 1
    outer loop
      vertex 17.159868340194226 27.22626309543848 2.5
      vertex 17.405099558830262 27.339716938138007 2.5
      vertex 17.38478520810604 27.368945044279098 2.5
    endloop
  endfacet
  facet normal 0 0 1
    outer loop
      vertex 17.21797012090683 27.136861909925937 2.5
      vertex 17.428122486174107 27.312364567816257 2.5
      vertex 17.405099558830262 27.339716938138007 2.5
    endloop
  endfacet
  facet normal 0 0 1
    outer loop
      vertex 17.252468045055867 27.096299183368682 2.5
      vertex 17.45385399758816 27.286887940764426 2.5
      vertex 17.428122486174107 27.312364567816257 2.5
    endloop
  endfacet
  facet normal 0 0 1
    outer loop
      vertex 17.07271568030119 27.560672555863857 2.5
      vertex 17.32384216338396 27.54322167187929 2.5
      vertex 17.319779287278653 27.58370421528816 2.5
    endloop
  endfacet
  facet normal 0 0 1
    outer loop
      vertex 17.070900003612042 27.626062501966953 2.5
      vertex 17.319779287278653 27.58370421528816 2.5
      vertex 17.31842500269413 27.626062501966953 2.5
    endloop
  endfacet
  facet normal 0 0 1
    outer loop
      vertex 17.070900003612042 27.626062501966953 2.5
      vertex 17.31842500269413 27.626062501966953 2.5
      vertex 17.319799262285233 27.66739474684 2.5
    endloop
  endfacet
  facet normal 0 0 1
    outer loop
      vertex 17.072735796868802 27.689695638418197 2.5
      vertex 17.319799262285233 27.66739474684 2.5
      vertex 17.32392204105854 27.70689149647951 2.5
    endloop
  endfacet
  facet normal 0 0 1
    outer loop
      vertex 17.078243198990823 27.750710432231426 2.5
      vertex 17.32392204105854 27.70689149647951 2.5
      vertex 17.330793346464635 27.744552735984325 2.5
    endloop
  endfacet
  facet normal 0 0 1
    outer loop
      vertex 17.087422187626363 27.809106875956058 2.5
      vertex 17.330793346464635 27.744552735984325 2.5
      vertex 17.340413163602353 27.780378472805022 2.5
    endloop
  endfacet
  facet normal 0 0 1
    outer loop
      vertex 17.100272777676583 27.864884984493255 2.5
      vertex 17.340413163602353 27.780378472805022 2.5
      vertex 17.352781507372857 27.814368714392185 2.5
    endloop
  endfacet
  facet normal 0 0 1
    outer loop
      vertex 17.116794969141484 27.918044750392436 2.5
      vertex 17.352781507372857 27.814368714392185 2.5
      vertex 17.367898370325566 27.84652344584465 2.5
    endloop
  endfacet
  facet normal 0 0 1
    outer loop
      vertex 17.160854141414166 28.01650924682617 2.5
      vertex 17.38576375991106 27.876842674613 2.5
      vertex 17.188391122221947 28.061813977360725 2.5
    endloop
  endfacet
  facet normal 0 0 1
    outer loop
      vertex 17.188391122221947 28.061813977360725 2.5
      vertex 17.40637766122818 27.90532640814781 2.5
      vertex 17.21959970444441 28.104500372707843 2.5
    endloop
  endfacet
  facet normal 0 0 1
    outer loop
      vertex 17.160854141414166 28.01650924682617 2.5
      vertex 17.367898370325566 27.84652344584465 2.5
      vertex 17.38576375991106 27.876842674613 2.5
    endloop
  endfacet
  facet normal 0 0 1
    outer loop
      vertex 17.21959970444441 28.104500372707843 2.5
      vertex 17.429740089178086 27.931974631547927 2.5
      vertex 17.25447988063097 28.144568417966365 2.5
    endloop
  endfacet
  facet normal 0 0 1
    outer loop
      vertex 17.188391122221947 28.061813977360725 2.5
      vertex 17.38576375991106 27.876842674613 2.5
      vertex 17.40637766122818 27.90532640814781 2.5
    endloop
  endfacet
  facet normal 0 0 1
    outer loop
      vertex 17.21959970444441 28.104500372707843 2.5
      vertex 17.40637766122818 27.90532640814781 2.5
      vertex 17.429740089178086 27.931974631547927 2.5
    endloop
  endfacet
  facet normal 0 0 1
    outer loop
      vertex 17.25447988063097 28.144568417966365 2.5
      vertex 17.455851036310197 27.956787352263927 2.5
      vertex 17.293031658232213 28.18201812058687 2.5
    endloop
  endfacet
  facet normal 0 0 1
    outer loop
      vertex 17.25447988063097 28.144568417966365 2.5
      vertex 17.429740089178086 27.931974631547927 2.5
      vertex 17.455851036310197 27.956787352263927 2.5
    endloop
  endfacet
  facet normal 0 0 1
    outer loop
      vertex 17.293031658232213 28.18201812058687 2.5
      vertex 17.484710502624512 27.97976457029581 2.5
      vertex 17.335255029797555 28.216849480569362 2.5
    endloop
  endfacet
  facet normal 0 0 1
    outer loop
      vertex 17.086952070891858 30.329053473472595 2.5
      vertex 17.095981362462044 30.284818713366985 2.5
      vertex 17.337476778030396 30.380315755307674 2.5
    endloop
  endfacet
  facet normal 0 0 1
    outer loop
      vertex 17.095981362462044 30.284818713366985 2.5
      vertex 17.107017162442208 30.2419984459877 2.5
      vertex 17.352526481449605 30.330076110363006 2.5
    endloop
  endfacet
  facet normal 0 0 1
    outer loop
      vertex 17.074913020431996 30.421766494214534 2.5
      vertex 17.324308286607266 30.461770635843276 2.5
      vertex 17.07190325409174 30.470244747400283 2.5
    endloop
  endfacet
  facet normal 0 0 1
    outer loop
      vertex 17.079929287731648 30.37470273375511 2.5
      vertex 17.327443639934064 30.433806289732455 2.5
      vertex 17.074913020431996 30.421766494214534 2.5
    endloop
  endfacet
  facet normal 0 0 1
    outer loop
      vertex 17.086952070891858 30.329053473472595 2.5
      vertex 17.33183313459158 30.406654660403728 2.5
      vertex 17.079929287731648 30.37470273375511 2.5
    endloop
  endfacet
  facet normal 0 0 1
    outer loop
      vertex 17.07190325409174 30.470244747400283 2.5
      vertex 17.322427074611188 30.49054770618677 2.5
      vertex 17.070900003612042 30.52013750076294 2.5
    endloop
  endfacet
  facet normal 0 0 1
    outer loop
      vertex 17.070900003612042 30.52013750076294 2.5
      vertex 17.322442013025285 30.551163536310195 2.5
      vertex 17.07190813422203 30.57470318377018 2.5
    endloop
  endfacet
  facet normal 0 0 1
    outer loop
      vertex 17.107017162442208 30.2419984459877 2.5
      vertex 17.12005947083235 30.200592678785323 2.5
      vertex 17.361932541429997 30.306175370514392 2.5
    endloop
  endfacet
  facet normal 0 0 1
    outer loop
      vertex 17.135108287632466 30.160601404309272 2.5
      vertex 17.37259275019169 30.283087354898452 2.5
      vertex 17.12005947083235 30.200592678785323 2.5
    endloop
  endfacet
  facet normal 0 0 1
    outer loop
      vertex 17.135108287632466 30.160601404309272 2.5
      vertex 17.15216361284256 30.122024630010127 2.5
      vertex 17.3845071002841 30.260812056064605 2.5
    endloop
  endfacet
  facet normal 0 0 1
    outer loop
      vertex 17.07190813422203 30.57470318377018 2.5
      vertex 17.324368047714234 30.58112625479698 2.5
      vertex 17.07493254095316 30.62729253321886 2.5
    endloop
  endfacet
  facet normal 0 0 1
    outer loop
      vertex 17.07493254095316 30.62729253321886 2.5
      vertex 17.327578108012677 30.610025663673877 2.5
      vertex 17.07997322380543 30.67790554910898 2.5
    endloop
  endfacet
  facet normal 0 0 1
    outer loop
      vertex 17.07997322380543 30.67790554910898 2.5
      vertex 17.332072186470032 30.637861762940883 2.5
      vertex 17.087030175328255 30.726542231440543 2.5
    endloop
  endfacet
  facet normal 0 0 1
    outer loop
      vertex 17.087030175328255 30.726542231440543 2.5
      vertex 17.344912427663804 30.690344010293483 2.5
      vertex 17.096103402972222 30.773202587664127 2.5
    endloop
  endfacet
  facet normal 0 0 1
    outer loop
      vertex 17.096103402972222 30.773202587664127 2.5
      vertex 17.35325858294964 30.714990165829658 2.5
      vertex 17.107192899286748 30.81788661032915 2.5
    endloop
  endfacet
  facet normal 0 0 1
    outer loop
      vertex 17.107192899286748 30.81788661032915 2.5
      vertex 17.362888756394387 30.738573004305362 2.5
      vertex 17.120298671722413 30.860594306886195 2.5
    endloop
  endfacet
  facet normal 0 0 1
    outer loop
      vertex 17.120298671722413 30.860594306886195 2.5
      vertex 17.373802955448628 30.761092533171176 2.5
      vertex 17.135420712828637 30.9013256624341 2.5
    endloop
  endfacet
  facet normal 0 0 1
    outer loop
      vertex 17.135420712828637 30.9013256624341 2.5
      vertex 17.386001180112363 30.78254874497652 2.5
      vertex 17.15255902260542 30.940080691874027 2.5
    endloop
  endfacet
  facet normal 0 0 1
    outer loop
      vertex 17.15216361284256 30.122024630010127 2.5
      vertex 17.171225446462632 30.08486234843731 2.5
      vertex 17.39767559170723 30.23934948146343 2.5
    endloop
  endfacet
  facet normal 0 0 1
    outer loop
      vertex 17.171225446462632 30.08486234843731 2.5
      vertex 17.19229378849268 30.049114574491977 2.5
      vertex 17.41209822446108 30.218699631094932 2.5
    endloop
  endfacet
  facet normal 0 0 1
    outer loop
      vertex 17.19229378849268 30.049114574491977 2.5
      vertex 17.215368638932706 30.01478128582239 2.5
      vertex 17.427774998545647 30.198862497508525 2.5
    endloop
  endfacet
  facet normal 0 0 1
    outer loop
      vertex 17.215368638932706 30.01478128582239 2.5
      vertex 17.240449997782708 29.98186249732971 2.5
      vertex 17.44458165317774 30.18004874587059 2.5
    endloop
  endfacet
  facet normal 0 0 1
    outer loop
      vertex 17.095981362462044 30.284818713366985 2.5
      vertex 17.34437455534935 30.354789574444293 2.5
      vertex 17.337476778030396 30.380315755307674 2.5
    endloop
  endfacet
  facet normal 0 0 1
    outer loop
      vertex 17.095981362462044 30.284818713366985 2.5
      vertex 17.352526481449605 30.330076110363006 2.5
      vertex 17.34437455534935 30.354789574444293 2.5
    endloop
  endfacet
  facet normal 0 0 1
    outer loop
      vertex 17.107017162442208 30.2419984459877 2.5
      vertex 17.361932541429997 30.306175370514392 2.5
      vertex 17.352526481449605 30.330076110363006 2.5
    endloop
  endfacet
  facet normal 0 0 1
    outer loop
      vertex 17.074913020431996 30.421766494214534 2.5
      vertex 17.327443639934064 30.433806289732455 2.5
      vertex 17.324308286607266 30.461770635843276 2.5
    endloop
  endfacet
  facet normal 0 0 1
    outer loop
      vertex 17.079929287731648 30.37470273375511 2.5
      vertex 17.33183313459158 30.406654660403728 2.5
      vertex 17.327443639934064 30.433806289732455 2.5
    endloop
  endfacet
  facet normal 0 0 1
    outer loop
      vertex 17.086952070891858 30.329053473472595 2.5
      vertex 17.337476778030396 30.380315755307674 2.5
      vertex 17.33183313459158 30.406654660403728 2.5
    endloop
  endfacet
  facet normal 0 0 1
    outer loop
      vertex 17.07190325409174 30.470244747400283 2.5
      vertex 17.324308286607266 30.461770635843276 2.5
      vertex 17.322427074611188 30.49054770618677 2.5
    endloop
  endfacet
  facet normal 0 0 1
    outer loop
      vertex 17.070900003612042 30.52013750076294 2.5
      vertex 17.322427074611188 30.49054770618677 2.5
      vertex 17.321799996495248 30.52013750076294 2.5
    endloop
  endfacet
  facet normal 0 0 1
    outer loop
      vertex 17.070900003612042 30.52013750076294 2.5
      vertex 17.321799996495248 30.52013750076294 2.5
      vertex 17.322442013025285 30.551163536310195 2.5
    endloop
  endfacet
  facet normal 0 0 1
    outer loop
      vertex 17.12005947083235 30.200592678785323 2.5
      vertex 17.37259275019169 30.283087354898452 2.5
      vertex 17.361932541429997 30.306175370514392 2.5
    endloop
  endfacet
  facet normal 0 0 1
    outer loop
      vertex 17.135108287632466 30.160601404309272 2.5
      vertex 17.3845071002841 30.260812056064605 2.5
      vertex 17.37259275019169 30.283087354898452 2.5
    endloop
  endfacet
  facet normal 0 0 1
    outer loop
      vertex 17.15216361284256 30.122024630010127 2.5
      vertex 17.39767559170723 30.23934948146343 2.5
      vertex 17.3845071002841 30.260812056064605 2.5
    endloop
  endfacet
  facet normal 0 0 1
    outer loop
      vertex 17.240449997782708 29.98186249732971 2.5
      vertex 17.267222929000855 29.950689275562763 2.5
      vertex 17.462401624023915 30.16246901154518 2.5
    endloop
  endfacet
  facet normal 0 0 1
    outer loop
      vertex 17.267222929000855 29.950689275562763 2.5
      vertex 17.29538017809391 29.92159267961979 2.5
      vertex 17.481234911084176 30.14612330198288 2.5
    endloop
  endfacet
  facet normal 0 0 1
    outer loop
      vertex 17.19229378849268 30.049114574491977 2.5
      vertex 17.427774998545647 30.198862497508525 2.5
      vertex 17.41209822446108 30.218699631094932 2.5
    endloop
  endfacet
  facet normal 0 0 1
    outer loop
      vertex 17.29538017809391 29.92159267961979 2.5
      vertex 17.324921745061875 29.89457270950079 2.5
      vertex 17.50108150690794 30.131011609733104 2.5
    endloop
  endfacet
  facet normal 0 0 1
    outer loop
      vertex 17.215368638932706 30.01478128582239 2.5
      vertex 17.44458165317774 30.18004874587059 2.5
      vertex 17.427774998545647 30.198862497508525 2.5
    endloop
  endfacet
  facet normal 0 0 1
    outer loop
      vertex 17.240449997782708 29.98186249732971 2.5
      vertex 17.462401624023915 30.16246901154518 2.5
      vertex 17.44458165317774 30.18004874587059 2.5
    endloop
  endfacet
  facet normal 0 0 1
    outer loop
      vertex 17.171225446462632 30.08486234843731 2.5
      vertex 17.41209822446108 30.218699631094932 2.5
      vertex 17.39767559170723 30.23934948146343 2.5
    endloop
  endfacet
  facet normal 0 0 1
    outer loop
      vertex 17.07190813422203 30.57470318377018 2.5
      vertex 17.322442013025285 30.551163536310195 2.5
      vertex 17.324368047714234 30.58112625479698 2.5
    endloop
  endfacet
  facet normal 0 0 1
    outer loop
      vertex 17.07493254095316 30.62729253321886 2.5
      vertex 17.324368047714234 30.58112625479698 2.5
      vertex 17.327578108012677 30.610025663673877 2.5
    endloop
  endfacet
  facet normal 0 0 1
    outer loop
      vertex 17.07997322380543 30.67790554910898 2.5
      vertex 17.327578108012677 30.610025663673877 2.5
      vertex 17.332072186470032 30.637861762940883 2.5
    endloop
  endfacet
  facet normal 0 0 1
    outer loop
      vertex 17.087030175328255 30.726542231440543 2.5
      vertex 17.332072186470032 30.637861762940883 2.5
      vertex 17.337850297987462 30.664634537696838 2.5
    endloop
  endfacet
  facet normal 0 0 1
    outer loop
      vertex 17.087030175328255 30.726542231440543 2.5
      vertex 17.337850297987462 30.664634537696838 2.5
      vertex 17.344912427663804 30.690344010293483 2.5
    endloop
  endfacet
  facet normal 0 0 1
    outer loop
      vertex 17.096103402972222 30.773202587664127 2.5
      vertex 17.344912427663804 30.690344010293483 2.5
      vertex 17.35325858294964 30.714990165829658 2.5
    endloop
  endfacet
  facet normal 0 0 1
    outer loop
      vertex 17.15255902260542 30.940080691874027 2.5
      vertex 17.39948343038559 30.802941639721393 2.5
      vertex 17.171713608503342 30.976859395205974 2.5
    endloop
  endfacet
  facet normal 0 0 1
    outer loop
      vertex 17.107192899286748 30.81788661032915 2.5
      vertex 17.35325858294964 30.714990165829658 2.5
      vertex 17.362888756394387 30.738573004305362 2.5
    endloop
  endfacet
  facet normal 0 0 1
    outer loop
      vertex 17.120298671722413 30.860594306886195 2.5
      vertex 17.362888756394387 30.738573004305362 2.5
      vertex 17.373802955448628 30.761092533171176 2.5
    endloop
  endfacet
  facet normal 0 0 1
    outer loop
      vertex 17.135420712828637 30.9013256624341 2.5
      vertex 17.373802955448628 30.761092533171176 2.5
      vertex 17.386001180112363 30.78254874497652 2.5
    endloop
  endfacet
  facet normal 0 0 1
    outer loop
      vertex 17.15255902260542 30.940080691874027 2.5
      vertex 17.386001180112363 30.78254874497652 2.5
      vertex 17.39948343038559 30.802941639721393 2.5
    endloop
  endfacet
  facet normal 0 0 1
    outer loop
      vertex 17.171713608503342 30.976859395205974 2.5
      vertex 17.41424970626831 30.822271224856376 2.5
      vertex 17.192884470522404 31.01166175752878 2.5
    endloop
  endfacet
  facet normal 0 0 1
    outer loop
      vertex 17.192884470522404 31.01166175752878 2.5
      vertex 17.430300000309945 30.84053750038147 2.5
      vertex 17.216071601212025 31.04448779374361 2.5
    endloop
  endfacet
  facet normal 0 0 1
    outer loop
      vertex 17.216071601212025 31.04448779374361 2.5
      vertex 17.447514052689076 30.857593712210655 2.5
      vertex 17.241275000572205 31.07533749639988 2.5
    endloop
  endfacet
  facet normal 0 0 1
    outer loop
      vertex 17.171713608503342 30.976859395205974 2.5
      vertex 17.39948343038559 30.802941639721393 2.5
      vertex 17.41424970626831 30.822271224856376 2.5
    endloop
  endfacet
  facet normal 0 0 1
    outer loop
      vertex 17.192884470522404 31.01166175752878 2.5
      vertex 17.41424970626831 30.822271224856376 2.5
      vertex 17.430300000309945 30.84053750038147 2.5
    endloop
  endfacet
  facet normal 0 0 1
    outer loop
      vertex 17.216071601212025 31.04448779374361 2.5
      vertex 17.430300000309945 30.84053750038147 2.5
      vertex 17.447514052689076 30.857593712210655 2.5
    endloop
  endfacet
  facet normal 0 0 1
    outer loop
      vertex 17.241275000572205 31.07533749639988 2.5
      vertex 17.46577159613371 30.8732854321599 2.5
      vertex 17.268334317207337 31.104054217040538 2.5
    endloop
  endfacet
  facet normal 0 0 1
    outer loop
      vertex 17.268334317207337 31.104054217040538 2.5
      vertex 17.46577159613371 30.8732854321599 2.5
      vertex 17.297089199721814 31.13047359585762 2.5
    endloop
  endfacet
  facet normal 0 0 1
    outer loop
      vertex 17.297089199721814 31.13047359585762 2.5
      vertex 17.485072630643845 30.887612645328044 2.5
      vertex 17.327539648115636 31.154595632851123 2.5
    endloop
  endfacet
  facet normal 0 0 1
    outer loop
      vertex 17.241275000572205 31.07533749639988 2.5
      vertex 17.447514052689076 30.857593712210655 2.5
      vertex 17.46577159613371 30.8732854321599 2.5
    endloop
  endfacet
  facet normal 0 0 -1
    outer loop
      vertex 17.660875003039838 24.93038750141859 1.98
      vertex 17.660875003039838 25.25588749796152 1.98
      vertex 18.403641843344325 25.506987500190736 1.98
    endloop
  endfacet
  facet normal -1 0 0
    outer loop
      vertex 17.660875003039838 24.93038750141859 1.98
      vertex 17.660875003039838 25.25588749796152 2.5
      vertex 17.660875003039838 25.25588749796152 1.98
    endloop
  endfacet
  facet normal 0 0 -1
    outer loop
      vertex 17.33235799074173 27.023449485003948 1.98
      vertex 17.513442750275136 27.241561909019946 1.98
      vertex 17.377749997377396 26.991162498295306 1.98
    endloop
  endfacet
  facet normal 0 0 -1
    outer loop
      vertex 17.377749997377396 26.991162498295306 1.98
      vertex 17.547299998998643 27.221712496876716 1.98
      vertex 17.426783430576325 26.961443562805652 1.98
    endloop
  endfacet
  facet normal 0 0 -1
    outer loop
      vertex 17.29059733748436 27.05849504172802 1.98
      vertex 17.45385399758816 27.286887940764426 1.98
      vertex 17.482294085621835 27.263287056982517 1.98
    endloop
  endfacet
  facet normal 0 0 -1
    outer loop
      vertex 17.33235799074173 27.023449485003948 1.98
      vertex 17.482294085621835 27.263287056982517 1.98
      vertex 17.513442750275136 27.241561909019946 1.98
    endloop
  endfacet
  facet normal 0 0 -1
    outer loop
      vertex 17.426783430576325 26.961443562805652 1.98
      vertex 17.584253254532815 27.203532029688358 1.98
      vertex 17.479468341171742 26.93410214483738 1.98
    endloop
  endfacet
  facet normal 0 0 -1
    outer loop
      vertex 17.426783430576325 26.961443562805652 1.98
      vertex 17.547299998998643 27.221712496876716 1.98
      vertex 17.584253254532815 27.203532029688358 1.98
    endloop
  endfacet
  facet normal 0 0 -1
    outer loop
      vertex 17.479468341171742 26.93410214483738 1.98
      vertex 17.624697636067868 27.186805990338325 1.98
      vertex 17.535804736614228 26.909138236939906 1.98
    endloop
  endfacet
  facet normal 0 0 -1
    outer loop
      vertex 17.377749997377396 26.991162498295306 1.98
      vertex 17.513442750275136 27.241561909019946 1.98
      vertex 17.547299998998643 27.221712496876716 1.98
    endloop
  endfacet
  facet normal 0 0 -1
    outer loop
      vertex 17.293031658232213 28.18201812058687 1.98
      vertex 17.484710502624512 27.97976457029581 1.98
      vertex 17.455851036310197 27.956787352263927 1.98
    endloop
  endfacet
  facet normal 0 0 -1
    outer loop
      vertex 17.335255029797555 28.216849480569362 1.98
      vertex 17.381150002777577 28.249062497913837 1.98
      vertex 17.516318488121033 28.000906285643577 1.98
    endloop
  endfacet
  facet normal 0 0 -1
    outer loop
      vertex 17.335255029797555 28.216849480569362 1.98
      vertex 17.516318488121033 28.000906285643577 1.98
      vertex 17.484710502624512 27.97976457029581 1.98
    endloop
  endfacet
  facet normal 0 0 -1
    outer loop
      vertex 17.381150002777577 28.249062497913837 1.98
      vertex 17.430642600357533 28.27878143340349 1.98
      vertex 17.55067500025034 28.020212498307227 1.98
    endloop
  endfacet
  facet normal 0 0 -1
    outer loop
      vertex 17.381150002777577 28.249062497913837 1.98
      vertex 17.55067500025034 28.020212498307227 1.98
      vertex 17.516318488121033 28.000906285643577 1.98
    endloop
  endfacet
  facet normal 0 0 -1
    outer loop
      vertex 17.588091123104096 28.037893709540366 1.98
      vertex 17.430642600357533 28.27878143340349 1.98
      vertex 17.483666564524174 28.306122851371764 1.98
    endloop
  endfacet
  facet normal 0 0 -1
    outer loop
      vertex 17.55067500025034 28.020212498307227 1.98
      vertex 17.430642600357533 28.27878143340349 1.98
      vertex 17.588091123104096 28.037893709540366 1.98
    endloop
  endfacet
  facet normal 0 0 -1
    outer loop
      vertex 17.628877955675126 28.05416042804718 1.98
      vertex 17.483666564524174 28.306122851371764 1.98
      vertex 17.5402218952775 28.331086759269237 1.98
    endloop
  endfacet
  facet normal 0 0 -1
    outer loop
      vertex 17.479468341171742 26.93410214483738 1.98
      vertex 17.584253254532815 27.203532029688358 1.98
      vertex 17.624697636067868 27.186805990338325 1.98
    endloop
  endfacet
  facet normal 0 0 -1
    outer loop
      vertex 17.535804736614228 26.909138236939906 1.98
      vertex 17.668633136153222 27.17153439372778 1.98
      vertex 17.59579260200262 26.886551846563815 1.98
    endloop
  endfacet
  facet normal 0 0 -1
    outer loop
      vertex 17.535804736614228 26.909138236939906 1.98
      vertex 17.624697636067868 27.186805990338325 1.98
      vertex 17.668633136153222 27.17153439372778 1.98
    endloop
  endfacet
  facet normal 0 0 -1
    outer loop
      vertex 17.59579260200262 26.886551846563815 1.98
      vertex 17.716059762239457 27.15771723240614 1.98
      vertex 17.659431952238084 26.866342973709106 1.98
    endloop
  endfacet
  facet normal 0 0 -1
    outer loop
      vertex 17.59579260200262 26.886551846563815 1.98
      vertex 17.668633136153222 27.17153439372778 1.98
      vertex 17.716059762239457 27.15771723240614 1.98
    endloop
  endfacet
  facet normal 0 0 -1
    outer loop
      vertex 17.659431952238084 26.866342973709106 1.98
      vertex 17.766977514326573 27.145354513823985 1.98
      vertex 17.726722779870034 26.848511610925197 1.98
    endloop
  endfacet
  facet normal 0 0 -1
    outer loop
      vertex 17.659431952238084 26.866342973709106 1.98
      vertex 17.716059762239457 27.15771723240614 1.98
      vertex 17.766977514326573 27.145354513823985 1.98
    endloop
  endfacet
  facet normal 0 0 -1
    outer loop
      vertex 17.588091123104096 28.037893709540366 1.98
      vertex 17.483666564524174 28.306122851371764 1.98
      vertex 17.628877955675126 28.05416042804718 1.98
    endloop
  endfacet
  facet normal 0 0 -1
    outer loop
      vertex 17.628877955675126 28.05416042804718 1.98
      vertex 17.5402218952775 28.331086759269237 1.98
      vertex 17.67303550541401 28.069012646377086 1.98
    endloop
  endfacet
  facet normal 0 0 -1
    outer loop
      vertex 17.67303550541401 28.069012646377086 1.98
      vertex 17.5402218952775 28.331086759269237 1.98
      vertex 17.60030857771635 28.353673149645328 1.98
    endloop
  endfacet
  facet normal 0 0 -1
    outer loop
      vertex 17.67303550541401 28.069012646377086 1.98
      vertex 17.60030857771635 28.353673149645328 1.98
      vertex 17.720563757419587 28.082450371980666 1.98
    endloop
  endfacet
  facet normal 0 0 -1
    outer loop
      vertex 17.720563757419587 28.082450371980666 1.98
      vertex 17.60030857771635 28.353673149645328 1.98
      vertex 17.663926626741887 28.373882029950618 1.98
    endloop
  endfacet
  facet normal 0 0 -1
    outer loop
      vertex 17.726722779870034 26.848511610925197 1.98
      vertex 17.82138639241457 27.134446230530738 1.98
      vertex 17.797665092349053 26.83305776566267 1.98
    endloop
  endfacet
  facet normal 0 0 -1
    outer loop
      vertex 17.726722779870034 26.848511610925197 1.98
      vertex 17.766977514326573 27.145354513823985 1.98
      vertex 17.82138639241457 27.134446230530738 1.98
    endloop
  endfacet
  facet normal 0 0 -1
    outer loop
      vertex 17.797665092349053 26.83305776566267 1.98
      vertex 17.82138639241457 27.134446230530738 1.98
      vertex 17.87928638905287 27.124992382526397 1.98
    endloop
  endfacet
  facet normal 0 0 -1
    outer loop
      vertex 17.797665092349053 26.83305776566267 1.98
      vertex 17.87928638905287 27.124992382526397 1.98
      vertex 17.87225887477398 26.819981437921523 1.98
    endloop
  endfacet
  facet normal 0 0 -1
    outer loop
      vertex 17.720563757419587 28.082450371980666 1.98
      vertex 17.663926626741887 28.373882029950618 1.98
      vertex 17.771462719142438 28.09447359740734 1.98
    endloop
  endfacet
  facet normal 0 0 -1
    outer loop
      vertex 17.731076034903527 28.391713385283946 1.98
      vertex 17.825732398033143 28.105082322657108 1.98
      vertex 17.771462719142438 28.09447359740734 1.98
    endloop
  endfacet
  facet normal 0 0 -1
    outer loop
      vertex 17.825732398033143 28.105082322657108 1.98
      vertex 17.80175680220127 28.407167230546474 1.98
      vertex 17.88337277919054 28.11427655518055 1.98
    endloop
  endfacet
  facet normal 0 0 -1
    outer loop
      vertex 17.87225887477398 26.819981437921523 1.98
      vertex 17.87928638905287 27.124992382526397 1.98
      vertex 17.940677511692048 27.116992969810962 1.98
    endloop
  endfacet
  facet normal 0 0 -1
    outer loop
      vertex 17.87225887477398 26.819981437921523 1.98
      vertex 17.940677511692048 27.116992969810962 1.98
      vertex 17.950504142045975 26.809282620251178 1.98
    endloop
  endfacet
  facet normal 0 0 -1
    outer loop
      vertex 17.950504142045975 26.809282620251178 1.98
      vertex 18.00555976033211 27.110447999835014 1.98
      vertex 18.03240088671446 26.800961320102214 1.98
    endloop
  endfacet
  facet normal 0 0 -1
    outer loop
      vertex 17.940677511692048 27.116992969810962 1.98
      vertex 18.00555976033211 27.110447999835014 1.98
      vertex 17.950504142045975 26.809282620251178 1.98
    endloop
  endfacet
  facet normal 0 0 -1
    outer loop
      vertex 18.00555976033211 27.110447999835014 1.98
      vertex 18.07393313497305 27.105357472598552 1.98
      vertex 18.03240088671446 26.800961320102214 1.98
    endloop
  endfacet
  facet normal 0 0 -1
    outer loop
      vertex 17.88337277919054 28.11427655518055 1.98
      vertex 17.8759689360857 28.4202435657382 1.98
      vertex 17.944383877515794 28.122056287527084 1.98
    endloop
  endfacet
  facet normal 0 0 -1
    outer loop
      vertex 17.944383877515794 28.122056287527084 1.98
      vertex 17.953712429106236 28.430942383408546 1.98
      vertex 18.00876567810774 28.128421527147292 1.98
    endloop
  endfacet
  facet normal 0 0 -1
    outer loop
      vertex 18.00876567810774 28.128421527147292 1.98
      vertex 18.034987281262875 28.43926368355751 1.98
      vertex 18.07651819586754 28.133372266590595 1.98
    endloop
  endfacet
  facet normal 0 0 -1
    outer loop
      vertex 17.324921745061875 29.89457270950079 1.98
      vertex 17.52194141894579 30.117133949697017 1.98
      vertex 17.355847629904748 29.869629365205764 1.98
    endloop
  endfacet
  facet normal 0 0 -1
    outer loop
      vertex 17.355847629904748 29.869629365205764 1.98
      vertex 17.52194141894579 30.117133949697017 1.98
      vertex 17.38815784007311 29.846762646734714 1.98
    endloop
  endfacet
  facet normal 0 0 -1
    outer loop
      vertex 17.267222929000855 29.950689275562763 1.98
      vertex 17.462401624023915 30.16246901154518 1.98
      vertex 17.481234911084176 30.14612330198288 1.98
    endloop
  endfacet
  facet normal 0 0 -1
    outer loop
      vertex 17.29538017809391 29.92159267961979 1.98
      vertex 17.481234911084176 30.14612330198288 1.98
      vertex 17.50108150690794 30.131011609733104 1.98
    endloop
  endfacet
  facet normal 0 0 -1
    outer loop
      vertex 17.38815784007311 29.846762646734714 1.98
      vertex 17.543814647197724 30.104490306973457 1.98
      vertex 17.42185236811638 29.82597256153822 1.98
    endloop
  endfacet
  facet normal 0 0 -1
    outer loop
      vertex 17.324921745061875 29.89457270950079 1.98
      vertex 17.50108150690794 30.131011609733104 1.98
      vertex 17.52194141894579 30.117133949697017 1.98
    endloop
  endfacet
  facet normal 0 0 -1
    outer loop
      vertex 17.42185236811638 29.82597256153822 1.98
      vertex 17.566701184213162 30.093080696463584 1.98
      vertex 17.456931214034558 29.807259094715118 1.98
    endloop
  endfacet
  facet normal 0 0 -1
    outer loop
      vertex 17.456931214034558 29.807259094715118 1.98
      vertex 17.590601037442685 30.08290510326624 1.98
      vertex 17.493394377827645 29.790622261166572 1.98
    endloop
  endfacet
  facet normal 0 0 -1
    outer loop
      vertex 17.38815784007311 29.846762646734714 1.98
      vertex 17.52194141894579 30.117133949697017 1.98
      vertex 17.543814647197724 30.104490306973457 1.98
    endloop
  endfacet
  facet normal 0 0 -1
    outer loop
      vertex 17.42185236811638 29.82597256153822 1.98
      vertex 17.543814647197724 30.104490306973457 1.98
      vertex 17.566701184213162 30.093080696463584 1.98
    endloop
  endfacet
  facet normal 0 0 -1
    outer loop
      vertex 17.493394377827645 29.790622261166572 1.98
      vertex 17.61551419943571 30.073963534832 1.98
      vertex 17.53124186694622 29.776062053442 1.98
    endloop
  endfacet
  facet normal 0 0 -1
    outer loop
      vertex 17.456931214034558 29.807259094715118 1.98
      vertex 17.566701184213162 30.093080696463584 1.98
      vertex 17.590601037442685 30.08290510326624 1.98
    endloop
  endfacet
  facet normal 0 0 -1
    outer loop
      vertex 17.297089199721814 31.13047359585762 1.98
      vertex 17.485072630643845 30.887612645328044 1.98
      vertex 17.46577159613371 30.8732854321599 1.98
    endloop
  endfacet
  facet normal 0 0 -1
    outer loop
      vertex 17.327539648115636 31.154595632851123 1.98
      vertex 17.35968564748764 31.17642034292221 1.98
      vertex 17.505417156219483 30.90057536661625 1.98
    endloop
  endfacet
  facet normal 0 0 -1
    outer loop
      vertex 17.35968564748764 31.17642034292221 1.98
      vertex 17.393527220189572 31.19594770371914 1.98
      vertex 17.526805180311204 30.912173596024513 1.98
    endloop
  endfacet
  facet normal 0 0 -1
    outer loop
      vertex 17.327539648115636 31.154595632851123 1.98
      vertex 17.505417156219483 30.90057536661625 1.98
      vertex 17.485072630643845 30.887612645328044 1.98
    endloop
  endfacet
  facet normal 0 0 -1
    outer loop
      vertex 17.35968564748764 31.17642034292221 1.98
      vertex 17.526805180311204 30.912173596024513 1.98
      vertex 17.505417156219483 30.90057536661625 1.98
    endloop
  endfacet
  facet normal 0 0 -1
    outer loop
      vertex 17.393527220189572 31.19594770371914 1.98
      vertex 17.429064351320267 31.21317773759365 1.98
      vertex 17.549236688017846 30.922407326102256 1.98
    endloop
  endfacet
  facet normal 0 0 -1
    outer loop
      vertex 17.393527220189572 31.19594770371914 1.98
      vertex 17.549236688017846 30.922407326102256 1.98
      vertex 17.526805180311204 30.912173596024513 1.98
    endloop
  endfacet
  facet normal 0 0 -1
    outer loop
      vertex 17.429064351320267 31.21317773759365 1.98
      vertex 17.466297040879727 31.228110429644584 1.98
      vertex 17.549236688017846 30.922407326102256 1.98
    endloop
  endfacet
  facet normal 0 0 -1
    outer loop
      vertex 17.466297040879727 31.228110429644584 1.98
      vertex 17.50522529631853 31.24074578732252 1.98
      vertex 17.57271168678999 30.93127655684948 1.98
    endloop
  endfacet
  facet normal 0 0 -1
    outer loop
      vertex 17.466297040879727 31.228110429644584 1.98
      vertex 17.57271168678999 30.93127655684948 1.98
      vertex 17.549236688017846 30.922407326102256 1.98
    endloop
  endfacet
  facet normal 0 0 -1
    outer loop
      vertex 17.50522529631853 31.24074578732252 1.98
      vertex 17.5458491101861 31.25108380317688 1.98
      vertex 17.597230176627637 30.93878128826618 1.98
    endloop
  endfacet
  facet normal 0 0 -1
    outer loop
      vertex 17.53124186694622 29.776062053442 1.98
      vertex 17.641440677642823 30.06625599116087 1.98
      vertex 17.570473666489125 29.763578478991985 1.98
    endloop
  endfacet
  facet normal 0 0 -1
    outer loop
      vertex 17.53124186694622 29.776062053442 1.98
      vertex 17.61551419943571 30.073963534832 1.98
      vertex 17.641440677642823 30.06625599116087 1.98
    endloop
  endfacet
  facet normal 0 0 -1
    outer loop
      vertex 17.493394377827645 29.790622261166572 1.98
      vertex 17.590601037442685 30.08290510326624 1.98
      vertex 17.61551419943571 30.073963534832 1.98
    endloop
  endfacet
  facet normal 0 0 -1
    outer loop
      vertex 17.570473666489125 29.763578478991985 1.98
      vertex 17.66838047206402 30.059782472252845 1.98
      vertex 17.611089791357518 29.753171522915363 1.98
    endloop
  endfacet
  facet normal 0 0 -1
    outer loop
      vertex 17.570473666489125 29.763578478991985 1.98
      vertex 17.641440677642823 30.06625599116087 1.98
      vertex 17.66838047206402 30.059782472252845 1.98
    endloop
  endfacet
  facet normal 0 0 -1
    outer loop
      vertex 17.611089791357518 29.753171522915363 1.98
      vertex 17.6963335826993 30.054542970657348 1.98
      vertex 17.65309023410082 29.744841200113296 1.98
    endloop
  endfacet
  facet normal 0 0 -1
    outer loop
      vertex 17.611089791357518 29.753171522915363 1.98
      vertex 17.66838047206402 30.059782472252845 1.98
      vertex 17.6963335826993 30.054542970657348 1.98
    endloop
  endfacet
  facet normal 0 0 -1
    outer loop
      vertex 17.65309023410082 29.744841200113296 1.98
      vertex 17.725300002098084 30.05053750127554 1.98
      vertex 17.69647500216961 29.738587503135204 1.98
    endloop
  endfacet
  facet normal 0 0 -1
    outer loop
      vertex 17.65309023410082 29.744841200113296 1.98
      vertex 17.6963335826993 30.054542970657348 1.98
      vertex 17.725300002098084 30.05053750127554 1.98
    endloop
  endfacet
  facet normal 0 0 -1
    outer loop
      vertex 17.50522529631853 31.24074578732252 1.98
      vertex 17.597230176627637 30.93878128826618 1.98
      vertex 17.57271168678999 30.93127655684948 1.98
    endloop
  endfacet
  facet normal 0 0 -1
    outer loop
      vertex 17.5458491101861 31.25108380317688 1.98
      vertex 17.622792157530785 30.944921520352363 1.98
      vertex 17.597230176627637 30.93878128826618 1.98
    endloop
  endfacet
  facet normal 0 0 -1
    outer loop
      vertex 17.5458491101861 31.25108380317688 1.98
      vertex 17.588168489933015 31.25912448465824 1.98
      vertex 17.622792157530785 30.944921520352363 1.98
    endloop
  endfacet
  facet normal 0 0 -1
    outer loop
      vertex 17.588168489933015 31.25912448465824 1.98
      vertex 17.649397629499436 30.949697260558604 1.98
      vertex 17.622792157530785 30.944921520352363 1.98
    endloop
  endfacet
  facet normal 0 0 -1
    outer loop
      vertex 17.588168489933015 31.25912448465824 1.98
      vertex 17.632183435559273 31.264867824316024 1.98
      vertex 17.649397629499436 30.949697260558604 1.98
    endloop
  endfacet
  facet normal 0 0 -1
    outer loop
      vertex 17.649397629499436 30.949697260558604 1.98
      vertex 17.632183435559273 31.264867824316024 1.98
      vertex 17.67704659998417 30.953108508884906 1.98
    endloop
  endfacet
  facet normal 0 0 -1
    outer loop
      vertex 17.632183435559273 31.264867824316024 1.98
      vertex 17.677893932163716 31.26831382960081 1.98
      vertex 17.67704659998417 30.953108508884906 1.98
    endloop
  endfacet
  facet normal 0 0 -1
    outer loop
      vertex 17.67704659998417 30.953108508884906 1.98
      vertex 17.677893932163716 31.26831382960081 1.98
      vertex 17.705739054083825 30.955155250430106 1.98
    endloop
  endfacet
  facet normal 0 0 -1
    outer loop
      vertex 17.677893932163716 31.26831382960081 1.98
      vertex 17.725300002098084 31.2694625005126 1.98
      vertex 17.705739054083825 30.955155250430106 1.98
    endloop
  endfacet
  facet normal 0 0 -1
    outer loop
      vertex 17.663926626741887 28.373882029950618 1.98
      vertex 17.731076034903527 28.391713385283946 1.98
      vertex 17.771462719142438 28.09447359740734 1.98
    endloop
  endfacet
  facet normal 0 0 -1
    outer loop
      vertex 17.731076034903527 28.391713385283946 1.98
      vertex 17.80175680220127 28.407167230546474 1.98
      vertex 17.825732398033143 28.105082322657108 1.98
    endloop
  endfacet
  facet normal 0 0 -1
    outer loop
      vertex 17.88337277919054 28.11427655518055 1.98
      vertex 17.80175680220127 28.407167230546474 1.98
      vertex 17.8759689360857 28.4202435657382 1.98
    endloop
  endfacet
  facet normal 0 0 -1
    outer loop
      vertex 17.944383877515794 28.122056287527084 1.98
      vertex 17.8759689360857 28.4202435657382 1.98
      vertex 17.953712429106236 28.430942383408546 1.98
    endloop
  endfacet
  facet normal 0 0 -1
    outer loop
      vertex 18.00876567810774 28.128421527147292 1.98
      vertex 17.953712429106236 28.430942383408546 1.98
      vertex 18.034987281262875 28.43926368355751 1.98
    endloop
  endfacet
  facet normal 0 0 -1
    outer loop
      vertex 17.705739054083825 30.955155250430106 1.98
      vertex 17.725300002098084 31.2694625005126 1.98
      vertex 17.735474999248982 30.955837500095367 1.98
    endloop
  endfacet
  facet normal 0 0 -1
    outer loop
      vertex 17.735474999248982 30.955837500095367 1.98
      vertex 17.768029588460923 31.267957766354083 1.98
      vertex 17.75772159844637 30.955441196262836 1.98
    endloop
  endfacet
  facet normal 0 0 -1
    outer loop
      vertex 17.725300002098084 31.2694625005126 1.98
      vertex 17.746674704551697 31.26908631324768 1.98
      vertex 17.735474999248982 30.955837500095367 1.98
    endloop
  endfacet
  facet normal 0 0 -1
    outer loop
      vertex 17.735474999248982 30.955837500095367 1.98
      vertex 17.746674704551697 31.26908631324768 1.98
      vertex 17.768029588460923 31.267957766354083 1.98
    endloop
  endfacet
  facet normal 0 0 -1
    outer loop
      vertex 17.75772159844637 30.955441196262836 1.98
      vertex 17.78936464637518 31.26607685238123 1.98
      vertex 17.779607544839383 30.954252292215823 1.98
    endloop
  endfacet
  facet normal 0 0 -1
    outer loop
      vertex 17.75772159844637 30.955441196262836 1.98
      vertex 17.768029588460923 31.267957766354083 1.98
      vertex 17.78936464637518 31.26607685238123 1.98
    endloop
  endfacet
  facet normal 0 0 -1
    outer loop
      vertex 17.779607544839383 30.954252292215823 1.98
      vertex 17.78936464637518 31.26607685238123 1.98
      vertex 17.81067987829447 31.263443563878536 1.98
    endloop
  endfacet
  facet normal 0 0 -1
    outer loop
      vertex 17.779607544839383 30.954252292215823 1.98
      vertex 17.83197529911995 31.260057915747165 1.98
      vertex 17.80113283842802 30.95227078050375 1.98
    endloop
  endfacet
  facet normal 0 0 -1
    outer loop
      vertex 17.80113283842802 30.95227078050375 1.98
      vertex 17.874506655335427 31.25102951079607 1.98
      vertex 17.822297486662865 30.949496668577194 1.98
    endloop
  endfacet
  facet normal 0 0 -1
    outer loop
      vertex 17.779607544839383 30.954252292215823 1.98
      vertex 17.81067987829447 31.263443563878536 1.98
      vertex 17.83197529911995 31.260057915747165 1.98
    endloop
  endfacet
  facet normal 0 0 -1
    outer loop
      vertex 17.80113283842802 30.95227078050375 1.98
      vertex 17.83197529911995 31.260057915747165 1.98
      vertex 17.853250886499882 31.255919893085956 1.98
    endloop
  endfacet
  facet normal 0 0 -1
    outer loop
      vertex 17.822297486662865 30.949496668577194 1.98
      vertex 17.895742605626584 31.245386761426925 1.98
      vertex 17.843101482093335 30.945929956436157 1.98
    endloop
  endfacet
  facet normal 0 0 -1
    outer loop
      vertex 17.80113283842802 30.95227078050375 1.98
      vertex 17.853250886499882 31.255919893085956 1.98
      vertex 17.874506655335427 31.25102951079607 1.98
    endloop
  endfacet
  facet normal 0 0 -1
    outer loop
      vertex 17.822297486662865 30.949496668577194 1.98
      vertex 17.874506655335427 31.25102951079607 1.98
      vertex 17.895742605626584 31.245386761426925 1.98
    endloop
  endfacet
  facet normal 0 0 -1
    outer loop
      vertex 17.843101482093335 30.945929956436157 1.98
      vertex 17.938155028223992 31.23184415400028 1.98
      vertex 17.86354482471943 30.941570636630058 1.98
    endloop
  endfacet
  facet normal 0 0 -1
    outer loop
      vertex 17.86354482471943 30.941570636630058 1.98
      vertex 17.959331507980824 31.223944303393363 1.98
      vertex 17.88362751454115 30.936418716609477 1.98
    endloop
  endfacet
  facet normal 0 0 -1
    outer loop
      vertex 17.843101482093335 30.945929956436157 1.98
      vertex 17.895742605626584 31.245386761426925 1.98
      vertex 17.916958729922772 31.238991644978523 1.98
    endloop
  endfacet
  facet normal 0 0 -1
    outer loop
      vertex 17.843101482093335 30.945929956436157 1.98
      vertex 17.916958729922772 31.238991644978523 1.98
      vertex 17.938155028223992 31.23184415400028 1.98
    endloop
  endfacet
  facet normal 0 0 -1
    outer loop
      vertex 17.88362751454115 30.936418716609477 1.98
      vertex 18.001624996960164 31.205887500941753 1.98
      vertex 17.903349559009076 30.930474188923835 1.98
    endloop
  endfacet
  facet normal 0 0 -1
    outer loop
      vertex 17.903349559009076 30.930474188923835 1.98
      vertex 18.022751922905446 31.195740607380866 1.98
      vertex 17.922710943222047 30.92373705357313 1.98
    endloop
  endfacet
  facet normal 0 0 -1
    outer loop
      vertex 17.86354482471943 30.941570636630058 1.98
      vertex 17.938155028223992 31.23184415400028 1.98
      vertex 17.959331507980824 31.223944303393363 1.98
    endloop
  endfacet
  facet normal 0 0 -1
    outer loop
      vertex 17.88362751454115 30.936418716609477 1.98
      vertex 17.959331507980824 31.223944303393363 1.98
      vertex 17.98048816919327 31.215292085707187 1.98
    endloop
  endfacet
  facet normal 0 0 -1
    outer loop
      vertex 17.88362751454115 30.936418716609477 1.98
      vertex 17.98048816919327 31.215292085707187 1.98
      vertex 18.001624996960164 31.205887500941753 1.98
    endloop
  endfacet
  facet normal 0 0 -1
    outer loop
      vertex 17.922710943222047 30.92373705357313 1.98
      vertex 18.043878848850728 31.184861463308334 1.98
      vertex 17.941711689531804 30.916207325458526 1.98
    endloop
  endfacet
  facet normal 0 0 -1
    outer loop
      vertex 17.903349559009076 30.930474188923835 1.98
      vertex 18.001624996960164 31.205887500941753 1.98
      vertex 18.022751922905446 31.195740607380866 1.98
    endloop
  endfacet
  facet normal 0 0 -1
    outer loop
      vertex 17.941711689531804 30.916207325458526 1.98
      vertex 18.08613269329071 31.16090643852949 1.98
      vertex 17.960351775586606 30.90788498222828 1.98
    endloop
  endfacet
  facet normal 0 0 -1
    outer loop
      vertex 17.922710943222047 30.92373705357313 1.98
      vertex 18.022751922905446 31.195740607380866 1.98
      vertex 18.043878848850728 31.184861463308334 1.98
    endloop
  endfacet
  facet normal 0 0 -1
    outer loop
      vertex 17.960351775586606 30.90788498222828 1.98
      vertex 18.107259611785413 31.1478305503726 1.98
      vertex 17.978631216287614 30.89877004623413 1.98
    endloop
  endfacet
  facet normal 0 0 -1
    outer loop
      vertex 17.941711689531804 30.916207325458526 1.98
      vertex 18.043878848850728 31.184861463308334 1.98
      vertex 18.06500576734543 31.173250076174735 1.98
    endloop
  endfacet
  facet normal 0 0 -1
    outer loop
      vertex 17.978631216287614 30.89877004623413 1.98
      vertex 18.128386537730695 31.134022411704063 1.98
      vertex 17.996549996733666 30.88886250257492 1.98
    endloop
  endfacet
  facet normal 0 0 -1
    outer loop
      vertex 17.941711689531804 30.916207325458526 1.98
      vertex 18.06500576734543 31.173250076174735 1.98
      vertex 18.08613269329071 31.16090643852949 1.98
    endloop
  endfacet
  facet normal 0 0 -1
    outer loop
      vertex 17.660875003039838 26.318837498128413 1.98
      vertex 17.660875003039838 26.642637503147125 1.98
      vertex 18.801488725199746 25.936612497270108 1.98
    endloop
  endfacet
  facet normal 0 0 -1
    outer loop
      vertex 17.660875003039838 24.93038750141859 1.98
      vertex 18.403641843344325 25.506987500190736 1.98
      vertex 18.604902025700756 25.506987500190736 1.98
    endloop
  endfacet
  facet normal 0 0 -1
    outer loop
      vertex 17.660875003039838 24.93038750141859 1.98
      vertex 18.604902025700756 25.506987500190736 1.98
      vertex 18.732216435824107 25.506987500190736 1.98
    endloop
  endfacet
  facet normal 0 0 -1
    outer loop
      vertex 18.03240088671446 26.800961320102214 1.98
      vertex 18.07393313497305 27.105357472598552 1.98
      vertex 18.11794910877943 26.79501753002405 1.98
    endloop
  endfacet
  facet normal 0 0 -1
    outer loop
      vertex 18.07393313497305 27.105357472598552 1.98
      vertex 18.145797635614873 27.101721373200416 1.98
      vertex 18.11794910877943 26.79501753002405 1.98
    endloop
  endfacet
  facet normal 0 0 -1
    outer loop
      vertex 18.11794910877943 26.79501753002405 1.98
      vertex 18.145797635614873 27.101721373200416 1.98
      vertex 18.207148815691472 26.79145125746727 1.98
    endloop
  endfacet
  facet normal 0 0 -1
    outer loop
      vertex 18.145797635614873 27.101721373200416 1.98
      vertex 18.221153254806996 27.099539716541766 1.98
      vertex 18.207148815691472 26.79145125746727 1.98
    endloop
  endfacet
  facet normal 0 0 -1
    outer loop
      vertex 18.07651819586754 28.133372266590595 1.98
      vertex 18.11979349255562 28.445207473635673 1.98
      vertex 18.147641423344613 28.13690850585699 1.98
    endloop
  endfacet
  facet normal 0 0 -1
    outer loop
      vertex 18.147641423344613 28.13690850585699 1.98
      vertex 18.208131062984467 28.448773746192455 1.98
      vertex 18.22213535308838 28.13903025239706 1.98
    endloop
  endfacet
  facet normal 0 0 -1
    outer loop
      vertex 18.207148815691472 26.79145125746727 1.98
      vertex 18.221153254806996 27.099539716541766 1.98
      vertex 18.3 26.79026250243187 1.98
    endloop
  endfacet
  facet normal 0 0 -1
    outer loop
      vertex 18.221153254806996 27.099539716541766 1.98
      vertex 18.3 27.098812502622604 1.98
      vertex 18.3 26.79026250243187 1.98
    endloop
  endfacet
  facet normal 0 0 -1
    outer loop
      vertex 18.3 26.79026250243187 1.98
      vertex 18.37663106173277 27.099549774825572 1.98
      vertex 18.39088683128357 26.79148631989956 1.98
    endloop
  endfacet
  facet normal 0 0 -1
    outer loop
      vertex 18.3 26.79026250243187 1.98
      vertex 18.3 27.098812502622604 1.98
      vertex 18.37663106173277 27.099549774825572 1.98
    endloop
  endfacet
  facet normal 0 0 -1
    outer loop
      vertex 18.22213535308838 28.13903025239706 1.98
      vertex 18.3 28.449962501227855 1.98
      vertex 18.3 28.139737498760223 1.98
    endloop
  endfacet
  facet normal 0 0 -1
    outer loop
      vertex 18.3 28.139737498760223 1.98
      vertex 18.3 28.449962501227855 1.98
      vertex 18.375156062841416 28.13899518996477 1.98
    endloop
  endfacet
  facet normal 0 0 -1
    outer loop
      vertex 17.660875003039838 26.318837498128413 1.98
      vertex 18.801488725199746 25.936612497270108 1.98
      vertex 18.757807148134717 25.936612497270108 1.98
    endloop
  endfacet
  facet normal 0 0 -1
    outer loop
      vertex 17.660875003039838 24.93038750141859 1.98
      vertex 18.732216435824107 25.506987500190736 1.98
      vertex 19.248374885112142 25.506987500190736 1.98
    endloop
  endfacet
  facet normal 0 0 -1
    outer loop
      vertex 17.660875003039838 26.642637503147125 1.98
      vertex 19.495200003683568 25.95773750245571 1.98
      vertex 18.801488725199746 25.936612497270108 1.98
    endloop
  endfacet
  facet normal 0 0 -1
    outer loop
      vertex 18.39088683128357 26.79148631989956 1.98
      vertex 18.450031954050065 27.10176161378622 1.98
      vertex 18.478362719714642 26.795157764852046 1.98
    endloop
  endfacet
  facet normal 0 0 -1
    outer loop
      vertex 18.37663106173277 27.099549774825572 1.98
      vertex 18.450031954050065 27.10176161378622 1.98
      vertex 18.39088683128357 26.79148631989956 1.98
    endloop
  endfacet
  facet normal 0 0 -1
    outer loop
      vertex 18.478362719714642 26.795157764852046 1.98
      vertex 18.520202662050725 27.105448004603385 1.98
      vertex 18.562427665293217 26.801276852190494 1.98
    endloop
  endfacet
  facet normal 0 0 -1
    outer loop
      vertex 18.450031954050065 27.10176161378622 1.98
      vertex 18.520202662050725 27.105448004603385 1.98
      vertex 18.478362719714642 26.795157764852046 1.98
    endloop
  endfacet
  facet normal 0 0 -1
    outer loop
      vertex 18.375156062841416 28.13899518996477 1.98
      vertex 18.39039393812418 28.44871353805065 1.98
      vertex 18.4472627222538 28.136768271028995 1.98
    endloop
  endfacet
  facet normal 0 0 -1
    outer loop
      vertex 18.4472627222538 28.136768271028995 1.98
      vertex 18.477437275648118 28.444966641068458 1.98
      vertex 18.516319970786572 28.133056727051734 1.98
    endloop
  endfacet
  facet normal 0 0 -1
    outer loop
      vertex 18.520202662050725 27.105448004603385 1.98
      vertex 18.58714319318533 27.11060894727707 1.98
      vertex 18.562427665293217 26.801276852190494 1.98
    endloop
  endfacet
  facet normal 0 0 -1
    outer loop
      vertex 18.562427665293217 26.801276852190494 1.98
      vertex 18.58714319318533 27.11060894727707 1.98
      vertex 18.643081653118134 26.80984356701374 1.98
    endloop
  endfacet
  facet normal 0 0 -1
    outer loop
      vertex 18.58714319318533 27.11060894727707 1.98
      vertex 18.65085354745388 27.11724444925785 1.98
      vertex 18.643081653118134 26.80984356701374 1.98
    endloop
  endfacet
  facet normal 0 0 -1
    outer loop
      vertex 18.643081653118134 26.80984356701374 1.98
      vertex 18.65085354745388 27.11724444925785 1.98
      vertex 18.720324705541135 26.820857916772365 1.98
    endloop
  endfacet
  facet normal 0 0 -1
    outer loop
      vertex 18.516319970786572 28.133056727051734 1.98
      vertex 18.561130027472974 28.438721817731857 1.98
      vertex 18.582327808439732 28.12786058038473 1.98
    endloop
  endfacet
  facet normal 0 0 -1
    outer loop
      vertex 18.582327808439732 28.12786058038473 1.98
      vertex 18.641472186148167 28.429979068040847 1.98
      vertex 18.64528624266386 28.121179808676242 1.98
    endloop
  endfacet
  facet normal 0 0 -1
    outer loop
      vertex 18.07651819586754 28.133372266590595 1.98
      vertex 18.034987281262875 28.43926368355751 1.98
      vertex 18.11979349255562 28.445207473635673 1.98
    endloop
  endfacet
  facet normal 0 0 -1
    outer loop
      vertex 18.147641423344613 28.13690850585699 1.98
      vertex 18.11979349255562 28.445207473635673 1.98
      vertex 18.208131062984467 28.448773746192455 1.98
    endloop
  endfacet
  facet normal 0 0 -1
    outer loop
      vertex 18.22213535308838 28.13903025239706 1.98
      vertex 18.208131062984467 28.448773746192455 1.98
      vertex 18.3 28.449962501227855 1.98
    endloop
  endfacet
  facet normal 0 0 -1
    outer loop
      vertex 18.3 28.449962501227855 1.98
      vertex 18.39039393812418 28.44871353805065 1.98
      vertex 18.375156062841416 28.13899518996477 1.98
    endloop
  endfacet
  facet normal 0 0 -1
    outer loop
      vertex 18.049213315546513 30.855739568173885 1.98
      vertex 18.212894234061242 31.071467381715774 1.98
      vertex 18.066527511179448 30.843715754151344 1.98
    endloop
  endfacet
  facet normal 0 0 -1
    outer loop
      vertex 17.996549996733666 30.88886250257492 1.98
      vertex 18.149513463675977 31.11948202997446 1.98
      vertex 18.014224554598332 30.878312942385673 1.98
    endloop
  endfacet
  facet normal 0 0 -1
    outer loop
      vertex 17.960351775586606 30.90788498222828 1.98
      vertex 18.08613269329071 31.16090643852949 1.98
      vertex 18.107259611785413 31.1478305503726 1.98
    endloop
  endfacet
  facet normal 0 0 -1
    outer loop
      vertex 18.014224554598332 30.878312942385673 1.98
      vertex 18.170640382170678 31.10420939028263 1.98
      vertex 18.031778994202615 30.867271964251994 1.98
    endloop
  endfacet
  facet normal 0 0 -1
    outer loop
      vertex 17.978631216287614 30.89877004623413 1.98
      vertex 18.107259611785413 31.1478305503726 1.98
      vertex 18.128386537730695 31.134022411704063 1.98
    endloop
  endfacet
  facet normal 0 0 -1
    outer loop
      vertex 18.031778994202615 30.867271964251994 1.98
      vertex 18.19176730811596 31.088204514980315 1.98
      vertex 18.049213315546513 30.855739568173885 1.98
    endloop
  endfacet
  facet normal 0 0 -1
    outer loop
      vertex 17.996549996733666 30.88886250257492 1.98
      vertex 18.128386537730695 31.134022411704063 1.98
      vertex 18.149513463675977 31.11948202997446 1.98
    endloop
  endfacet
  facet normal 0 0 -1
    outer loop
      vertex 18.014224554598332 30.878312942385673 1.98
      vertex 18.149513463675977 31.11948202997446 1.98
      vertex 18.170640382170678 31.10420939028263 1.98
    endloop
  endfacet
  facet normal 0 0 -1
    outer loop
      vertex 18.066527511179448 30.843715754151344 1.98
      vertex 18.234021152555943 31.053998005390167 1.98
      vertex 18.08372159600258 30.83120051473379 1.98
    endloop
  endfacet
  facet normal 0 0 -1
    outer loop
      vertex 18.08372159600258 30.83120051473379 1.98
      vertex 18.255148078501225 31.035796378552913 1.98
      vertex 18.100795562565327 30.818193857371806 1.98
    endloop
  endfacet
  facet normal 0 0 -1
    outer loop
      vertex 18.100795562565327 30.818193857371806 1.98
      vertex 18.276274996995927 31.016862501204013 1.98
      vertex 18.11774941086769 30.80469578206539 1.98
    endloop
  endfacet
  facet normal 0 0 -1
    outer loop
      vertex 18.11774941086769 30.80469578206539 1.98
      vertex 18.298294673860074 30.996208210289478 1.98
      vertex 18.134583133459092 30.790706288814544 1.98
    endloop
  endfacet
  facet normal 0 0 -1
    outer loop
      vertex 18.031778994202615 30.867271964251994 1.98
      vertex 18.170640382170678 31.10420939028263 1.98
      vertex 18.19176730811596 31.088204514980315 1.98
    endloop
  endfacet
  facet normal 0 0 -1
    outer loop
      vertex 18.049213315546513 30.855739568173885 1.98
      vertex 18.19176730811596 31.088204514980315 1.98
      vertex 18.212894234061242 31.071467381715774 1.98
    endloop
  endfacet
  facet normal 0 0 -1
    outer loop
      vertex 18.066527511179448 30.843715754151344 1.98
      vertex 18.212894234061242 31.071467381715774 1.98
      vertex 18.234021152555943 31.053998005390167 1.98
    endloop
  endfacet
  facet normal 0 0 -1
    outer loop
      vertex 18.08372159600258 30.83120051473379 1.98
      vertex 18.234021152555943 31.053998005390167 1.98
      vertex 18.255148078501225 31.035796378552913 1.98
    endloop
  endfacet
  facet normal 0 0 -1
    outer loop
      vertex 18.134583133459092 30.790706288814544 1.98
      vertex 18.32209985256195 30.972845342755317 1.98
      vertex 18.15129674524069 30.776225370168685 1.98
    endloop
  endfacet
  facet normal 0 0 -1
    outer loop
      vertex 18.15129674524069 30.776225370168685 1.98
      vertex 18.34769053310156 30.94677389115095 1.98
      vertex 18.167890238761903 30.761253033578395 1.98
    endloop
  endfacet
  facet normal 0 0 -1
    outer loop
      vertex 18.167890238761903 30.761253033578395 1.98
      vertex 18.34769053310156 30.94677389115095 1.98
      vertex 18.184363606572152 30.745789271593093 1.98
    endloop
  endfacet
  facet normal 0 0 -1
    outer loop
      vertex 18.200716863572598 30.72983409911394 1.98
      vertex 18.184363606572152 30.745789271593093 1.98
      vertex 18.375066715478898 30.91799386292696 1.98
    endloop
  endfacet
  facet normal 0 0 -1
    outer loop
      vertex 18.134583133459092 30.790706288814544 1.98
      vertex 18.298294673860074 30.996208210289478 1.98
      vertex 18.32209985256195 30.972845342755317 1.98
    endloop
  endfacet
  facet normal 0 0 -1
    outer loop
      vertex 18.200716863572598 30.72983409911394 1.98
      vertex 18.404228399693967 30.886505250632762 1.98
      vertex 18.21695000231266 30.713387501239776 1.98
    endloop
  endfacet
  facet normal 0 0 -1
    outer loop
      vertex 18.15129674524069 30.776225370168685 1.98
      vertex 18.32209985256195 30.972845342755317 1.98
      vertex 18.34769053310156 30.94677389115095 1.98
    endloop
  endfacet
  facet normal 0 0 -1
    outer loop
      vertex 18.100795562565327 30.818193857371806 1.98
      vertex 18.255148078501225 31.035796378552913 1.98
      vertex 18.276274996995927 31.016862501204013 1.98
    endloop
  endfacet
  facet normal 0 0 -1
    outer loop
      vertex 18.11774941086769 30.80469578206539 1.98
      vertex 18.276274996995927 31.016862501204013 1.98
      vertex 18.298294673860074 30.996208210289478 1.98
    endloop
  endfacet
  facet normal 0 0 -1
    outer loop
      vertex 18.249288465082646 30.67938098758459 1.98
      vertex 18.435175593197346 30.85230806171894 1.98
      vertex 18.26545769274235 30.66191131323576 1.98
    endloop
  endfacet
  facet normal 0 0 -1
    outer loop
      vertex 18.21695000231266 30.713387501239776 1.98
      vertex 18.404228399693967 30.886505250632762 1.98
      vertex 18.233119229972363 30.69653971940279 1.98
    endloop
  endfacet
  facet normal 0 0 -1
    outer loop
      vertex 18.233119229972363 30.69653971940279 1.98
      vertex 18.435175593197346 30.85230806171894 1.98
      vertex 18.249288465082646 30.67938098758459 1.98
    endloop
  endfacet
  facet normal 0 0 -1
    outer loop
      vertex 18.184363606572152 30.745789271593093 1.98
      vertex 18.34769053310156 30.94677389115095 1.98
      vertex 18.375066715478898 30.91799386292696 1.98
    endloop
  endfacet
  facet normal 0 0 -1
    outer loop
      vertex 18.26545769274235 30.66191131323576 1.98
      vertex 18.467908281087876 30.815402296185493 1.98
      vertex 18.28162692040205 30.644130696356296 1.98
    endloop
  endfacet
  facet normal 0 0 -1
    outer loop
      vertex 18.28162692040205 30.644130696356296 1.98
      vertex 18.467908281087876 30.815402296185493 1.98
      vertex 18.297796155512334 30.62603912949562 1.98
    endloop
  endfacet
  facet normal 0 0 -1
    outer loop
      vertex 18.200716863572598 30.72983409911394 1.98
      vertex 18.375066715478898 30.91799386292696 1.98
      vertex 18.404228399693967 30.886505250632762 1.98
    endloop
  endfacet
  facet normal 0 0 -1
    outer loop
      vertex 18.233119229972363 30.69653971940279 1.98
      vertex 18.404228399693967 30.886505250632762 1.98
      vertex 18.435175593197346 30.85230806171894 1.98
    endloop
  endfacet
  facet normal 0 0 -1
    outer loop
      vertex 18.4472627222538 28.136768271028995 1.98
      vertex 18.39039393812418 28.44871353805065 1.98
      vertex 18.477437275648118 28.444966641068458 1.98
    endloop
  endfacet
  facet normal 0 0 -1
    outer loop
      vertex 18.516319970786572 28.133056727051734 1.98
      vertex 18.477437275648118 28.444966641068458 1.98
      vertex 18.561130027472974 28.438721817731857 1.98
    endloop
  endfacet
  facet normal 0 0 -1
    outer loop
      vertex 18.582327808439732 28.12786058038473 1.98
      vertex 18.561130027472974 28.438721817731857 1.98
      vertex 18.641472186148167 28.429979068040847 1.98
    endloop
  endfacet
  facet normal 0 0 -1
    outer loop
      vertex 18.64528624266386 28.121179808676242 1.98
      vertex 18.641472186148167 28.429979068040847 1.98
      vertex 18.71846375912428 28.41873838454485 1.98
    endloop
  endfacet
  facet normal 0 0 -1
    outer loop
      vertex 18.39481153637171 30.510959838330745 1.98
      vertex 18.61669408082962 30.64069341570139 1.98
      vertex 18.41098077148199 30.490691643953323 1.98
    endloop
  endfacet
  facet normal 0 0 -1
    outer loop
      vertex 18.41098077148199 30.490691643953323 1.98
      vertex 18.61669408082962 30.64069341570139 1.98
      vertex 18.427149999141694 30.470112499594688 1.98
    endloop
  endfacet
  facet normal 0 0 -1
    outer loop
      vertex 18.443424704670907 30.449362796545028 1.98
      vertex 18.427149999141694 30.470112499594688 1.98
      vertex 18.658354292809964 30.590244752168655 1.98
    endloop
  endfacet
  facet normal 0 0 -1
    outer loop
      vertex 18.443424704670907 30.449362796545028 1.98
      vertex 18.658354292809964 30.590244752168655 1.98
      vertex 18.45991035848856 30.42858291119337 1.98
    endloop
  endfacet
  facet normal 0 0 -1
    outer loop
      vertex 18.297796155512334 30.62603912949562 1.98
      vertex 18.502426478266717 30.77578794658184 1.98
      vertex 18.313965383172036 30.60763661265373 1.98
    endloop
  endfacet
  facet normal 0 0 -1
    outer loop
      vertex 18.313965383172036 30.60763661265373 1.98
      vertex 18.502426478266717 30.77578794658184 1.98
      vertex 18.33013461828232 30.58892315328121 1.98
    endloop
  endfacet
  facet normal 0 0 -1
    outer loop
      vertex 18.26545769274235 30.66191131323576 1.98
      vertex 18.435175593197346 30.85230806171894 1.98
      vertex 18.467908281087876 30.815402296185493 1.98
    endloop
  endfacet
  facet normal 0 0 -1
    outer loop
      vertex 18.33013461828232 30.58892315328121 1.98
      vertex 18.538730177283288 30.73346501290798 1.98
      vertex 18.34630384594202 30.569898743927478 1.98
    endloop
  endfacet
  facet normal 0 0 -1
    outer loop
      vertex 18.34630384594202 30.569898743927478 1.98
      vertex 18.538730177283288 30.73346501290798 1.98
      vertex 18.362473073601723 30.550563384592532 1.98
    endloop
  endfacet
  facet normal 0 0 -1
    outer loop
      vertex 18.378642308712006 30.530917082726955 1.98
      vertex 18.362473073601723 30.550563384592532 1.98
      vertex 18.57681937813759 30.688433502614497 1.98
    endloop
  endfacet
  facet normal 0 0 -1
    outer loop
      vertex 18.297796155512334 30.62603912949562 1.98
      vertex 18.467908281087876 30.815402296185493 1.98
      vertex 18.502426478266717 30.77578794658184 1.98
    endloop
  endfacet
  facet normal 0 0 -1
    outer loop
      vertex 18.378642308712006 30.530917082726955 1.98
      vertex 18.57681937813759 30.688433502614497 1.98
      vertex 18.39481153637171 30.510959838330745 1.98
    endloop
  endfacet
  facet normal 0 0 -1
    outer loop
      vertex 18.33013461828232 30.58892315328121 1.98
      vertex 18.502426478266717 30.77578794658184 1.98
      vertex 18.538730177283288 30.73346501290798 1.98
    endloop
  endfacet
  facet normal 0 0 -1
    outer loop
      vertex 18.362473073601723 30.550563384592532 1.98
      vertex 18.538730177283288 30.73346501290798 1.98
      vertex 18.57681937813759 30.688433502614497 1.98
    endloop
  endfacet
  facet normal 0 0 -1
    outer loop
      vertex 18.45991035848856 30.42858291119337 1.98
      vertex 18.658354292809964 30.590244752168655 1.98
      vertex 18.476606953144074 30.407772858440875 1.98
    endloop
  endfacet
  facet normal 0 0 -1
    outer loop
      vertex 18.476606953144074 30.407772858440875 1.98
      vertex 18.701799999177457 30.537087497115134 1.98
      vertex 18.49351449608803 30.3869326159358 1.98
    endloop
  endfacet
  facet normal 0 0 -1
    outer loop
      vertex 18.49351449608803 30.3869326159358 1.98
      vertex 18.701799999177457 30.537087497115134 1.98
      vertex 18.510632987320424 30.36606220602989 1.98
    endloop
  endfacet
  facet normal 0 0 -1
    outer loop
      vertex 18.52796242684126 30.345161613821983 1.98
      vertex 18.510632987320424 30.36606220602989 1.98
      vertex 18.726129885017873 30.507562947273254 1.98
    endloop
  endfacet
  facet normal 0 0 -1
    outer loop
      vertex 18.52796242684126 30.345161613821983 1.98
      vertex 18.726129885017873 30.507562947273254 1.98
      vertex 18.545502807199956 30.324230846762656 1.98
    endloop
  endfacet
  facet normal 0 0 -1
    outer loop
      vertex 18.563254143297673 30.303269897401332 1.98
      vertex 18.77367662936449 30.45134341418743 1.98
      vertex 18.58121642023325 30.28227877318859 1.98
    endloop
  endfacet
  facet normal 0 0 -1
    outer loop
      vertex 18.545502807199956 30.324230846762656 1.98
      vertex 18.750088754296304 30.4789815813303 1.98
      vertex 18.563254143297673 30.303269897401332 1.98
    endloop
  endfacet
  facet normal 0 0 -1
    outer loop
      vertex 18.476606953144074 30.407772858440875 1.98
      vertex 18.658354292809964 30.590244752168655 1.98
      vertex 18.701799999177457 30.537087497115134 1.98
    endloop
  endfacet
  facet normal 0 0 -1
    outer loop
      vertex 18.58121642023325 30.28227877318859 1.98
      vertex 18.77367662936449 30.45134341418743 1.98
      vertex 18.59938964545727 30.26125747412443 1.98
    endloop
  endfacet
  facet normal 0 0 -1
    outer loop
      vertex 18.59938964545727 30.26125747412443 1.98
      vertex 18.796893487870694 30.42464844584465 1.98
      vertex 18.617773818969727 30.240205992758273 1.98
    endloop
  endfacet
  facet normal 0 0 -1
    outer loop
      vertex 18.510632987320424 30.36606220602989 1.98
      vertex 18.701799999177457 30.537087497115134 1.98
      vertex 18.726129885017873 30.507562947273254 1.98
    endloop
  endfacet
  facet normal 0 0 -1
    outer loop
      vertex 18.545502807199956 30.324230846762656 1.98
      vertex 18.726129885017873 30.507562947273254 1.98
      vertex 18.750088754296304 30.4789815813303 1.98
    endloop
  endfacet
  facet normal 0 0 -1
    outer loop
      vertex 18.39481153637171 30.510959838330745 1.98
      vertex 18.57681937813759 30.688433502614497 1.98
      vertex 18.61669408082962 30.64069341570139 1.98
    endloop
  endfacet
  facet normal 0 0 -1
    outer loop
      vertex 18.427149999141694 30.470112499594688 1.98
      vertex 18.61669408082962 30.64069341570139 1.98
      vertex 18.658354292809964 30.590244752168655 1.98
    endloop
  endfacet
  facet normal -1 0 0
    outer loop
      vertex 17.660875003039838 26.318837498128413 1.98
      vertex 17.660875003039838 26.642637503147125 2.5
      vertex 17.660875003039838 26.642637503147125 1.98
    endloop
  endfacet
  facet normal -0.4606267152909912 -0.8875939551169961 0
    outer loop
      vertex 17.426783430576325 26.961443562805652 1.98
      vertex 17.479468341171742 26.93410214483738 1.98
      vertex 17.426783430576325 26.961443562805652 2.5
    endloop
  endfacet
  facet normal 0.7650579161021993 0.643961477892397 0
    outer loop
      vertex 17.428122486174107 27.312364567816257 1.98
      vertex 17.405099558830262 27.339716938138007 1.98
      vertex 17.405099558830262 27.339716938138007 2.5
    endloop
  endfacet
  facet normal 0.7035784990277174 0.7106175453124586 0
    outer loop
      vertex 17.428122486174107 27.312364567816257 1.98
      vertex 17.428122486174107 27.312364567816257 2.5
      vertex 17.45385399758816 27.286887940764426 1.98
    endloop
  endfacet
  facet normal 0.6385990988224204 0.7695395967610715 0
    outer loop
      vertex 17.45385399758816 27.286887940764426 1.98
      vertex 17.45385399758816 27.286887940764426 2.5
      vertex 17.482294085621835 27.263287056982517 1.98
    endloop
  endfacet
  facet normal -0.4051287510711427 -0.9142596431296397 0
    outer loop
      vertex 17.479468341171742 26.93410214483738 1.98
      vertex 17.535804736614228 26.909138236939906 1.98
      vertex 17.479468341171742 26.93410214483738 2.5
    endloop
  endfacet
  facet normal -0.35236697175681325 -0.9358619114030302 0
    outer loop
      vertex 17.535804736614228 26.909138236939906 1.98
      vertex 17.59579260200262 26.886551846563815 1.98
      vertex 17.535804736614228 26.909138236939906 2.5
    endloop
  endfacet
  facet normal 0.5720668481809635 0.820206999002263 0
    outer loop
      vertex 17.482294085621835 27.263287056982517 1.98
      vertex 17.482294085621835 27.263287056982517 2.5
      vertex 17.513442750275136 27.241561909019946 1.98
    endloop
  endfacet
  facet normal 0.5057585529644477 0.8626750756242515 0
    outer loop
      vertex 17.513442750275136 27.241561909019946 1.98
      vertex 17.513442750275136 27.241561909019946 2.5
      vertex 17.547299998998643 27.221712496876716 1.98
    endloop
  endfacet
  facet normal 0.8101076017745957 -0.586281223942071 0
    outer loop
      vertex 17.38576375991106 27.876842674613 1.98
      vertex 17.40637766122818 27.90532640814781 1.98
      vertex 17.40637766122818 27.90532640814781 2.5
    endloop
  endfacet
  facet normal 0.7519438234364998 -0.6592271887564243 0
    outer loop
      vertex 17.40637766122818 27.90532640814781 1.98
      vertex 17.429740089178086 27.931974631547927 1.98
      vertex 17.429740089178086 27.931974631547927 2.5
    endloop
  endfacet
  facet normal -0.5147934722153267 0.857314225336596 0
    outer loop
      vertex 17.381150002777577 28.249062497913837 1.98
      vertex 17.430642600357533 28.27878143340349 2.5
      vertex 17.430642600357533 28.27878143340349 1.98
    endloop
  endfacet
  facet normal 0.6888562852296622 -0.7248979364707767 0
    outer loop
      vertex 17.429740089178086 27.931974631547927 1.98
      vertex 17.455851036310197 27.956787352263927 1.98
      vertex 17.455851036310197 27.956787352263927 2.5
    endloop
  endfacet
  facet normal 0.6228692471429382 -0.782325955701068 0
    outer loop
      vertex 17.455851036310197 27.956787352263927 1.98
      vertex 17.484710502624512 27.97976457029581 1.98
      vertex 17.484710502624512 27.97976457029581 2.5
    endloop
  endfacet
  facet normal 0.5559689495313438 -0.8312030601225036 0
    outer loop
      vertex 17.484710502624512 27.97976457029581 1.98
      vertex 17.516318488121033 28.000906285643577 1.98
      vertex 17.516318488121033 28.000906285643577 2.5
    endloop
  endfacet
  facet normal 0.4898886838711445 -0.8717849949471476 0
    outer loop
      vertex 17.516318488121033 28.000906285643577 1.98
      vertex 17.55067500025034 28.020212498307227 1.98
      vertex 17.55067500025034 28.020212498307227 2.5
    endloop
  endfacet
  facet normal -0.3026594647729726 -0.9530987610858267 0
    outer loop
      vertex 17.59579260200262 26.886551846563815 1.98
      vertex 17.659431952238084 26.866342973709106 1.98
      vertex 17.59579260200262 26.886551846563815 2.5
    endloop
  endfacet
  facet normal 0.441451335750364 0.8972851933271938 0
    outer loop
      vertex 17.547299998998643 27.221712496876716 1.98
      vertex 17.547299998998643 27.221712496876716 2.5
      vertex 17.584253254532815 27.203532029688358 1.98
    endloop
  endfacet
  facet normal 0.38216515360198394 0.9240940403294311 0
    outer loop
      vertex 17.584253254532815 27.203532029688358 1.98
      vertex 17.584253254532815 27.203532029688358 2.5
      vertex 17.624697636067868 27.186805990338325 1.98
    endloop
  endfacet
  facet normal -0.2561487549788716 -0.9666373752978799 0
    outer loop
      vertex 17.659431952238084 26.866342973709106 1.98
      vertex 17.726722779870034 26.848511610925197 1.98
      vertex 17.659431952238084 26.866342973709106 2.5
    endloop
  endfacet
  facet normal 0.32832276213776534 0.9445655953200012 0
    outer loop
      vertex 17.624697636067868 27.186805990338325 1.98
      vertex 17.624697636067868 27.186805990338325 2.5
      vertex 17.668633136153222 27.17153439372778 1.98
    endloop
  endfacet
  facet normal 0.2797088597375104 0.9600848680113346 0
    outer loop
      vertex 17.668633136153222 27.17153439372778 1.98
      vertex 17.668633136153222 27.17153439372778 2.5
      vertex 17.716059762239457 27.15771723240614 1.98
    endloop
  endfacet
  facet normal 0.4272530021443335 -0.904132109903555 0
    outer loop
      vertex 17.55067500025034 28.020212498307227 1.98
      vertex 17.588091123104096 28.037893709540366 1.98
      vertex 17.588091123104096 28.037893709540366 2.5
    endloop
  endfacet
  facet normal 0.3704478538876882 -0.9288532648109743 0
    outer loop
      vertex 17.588091123104096 28.037893709540366 1.98
      vertex 17.628877955675126 28.05416042804718 1.98
      vertex 17.628877955675126 28.05416042804718 2.5
    endloop
  endfacet
  facet normal 0.31879659335518523 -0.9478231544255125 0
    outer loop
      vertex 17.628877955675126 28.05416042804718 1.98
      vertex 17.67303550541401 28.069012646377086 1.98
      vertex 17.67303550541401 28.069012646377086 2.5
    endloop
  endfacet
  facet normal 0.2720662783000503 -0.9622785148863917 0
    outer loop
      vertex 17.67303550541401 28.069012646377086 1.98
      vertex 17.720563757419587 28.082450371980666 1.98
      vertex 17.720563757419587 28.082450371980666 2.5
    endloop
  endfacet
  facet normal -0.32025514022039436 0.9473313280803161 0
    outer loop
      vertex 17.660875003039838 25.25588749796152 1.98
      vertex 17.660875003039838 25.25588749796152 2.5
      vertex 18.403641843344325 25.506987500190736 1.98
    endloop
  endfacet
  facet normal -0.2128452556010695 -0.9770859210776274 0
    outer loop
      vertex 17.726722779870034 26.848511610925197 1.98
      vertex 17.797665092349053 26.83305776566267 1.98
      vertex 17.726722779870034 26.848511610925197 2.5
    endloop
  endfacet
  facet normal 0.23594287918558782 0.9717669256368088 0
    outer loop
      vertex 17.716059762239457 27.15771723240614 1.98
      vertex 17.716059762239457 27.15771723240614 2.5
      vertex 17.766977514326573 27.145354513823985 1.98
    endloop
  endfacet
  facet normal 0.19657542915658865 0.9804887050098553 0
    outer loop
      vertex 17.82138639241457 27.134446230530738 1.98
      vertex 17.766977514326573 27.145354513823985 1.98
      vertex 17.766977514326573 27.145354513823985 2.5
    endloop
  endfacet
  facet normal -0.1726675206663579 -0.984980165945961 0
    outer loop
      vertex 17.797665092349053 26.83305776566267 1.98
      vertex 17.87225887477398 26.819981437921523 1.98
      vertex 17.797665092349053 26.83305776566267 2.5
    endloop
  endfacet
  facet normal 0.16114497081039025 0.9869307464977056 0
    outer loop
      vertex 17.82138639241457 27.134446230530738 1.98
      vertex 17.82138639241457 27.134446230530738 2.5
      vertex 17.87928638905287 27.124992382526397 1.98
    endloop
  endfacet
  facet normal 0.22989075347886487 -0.973216441222054 0
    outer loop
      vertex 17.720563757419587 28.082450371980666 1.98
      vertex 17.771462719142438 28.09447359740734 1.98
      vertex 17.771462719142438 28.09447359740734 2.5
    endloop
  endfacet
  facet normal 0.191850398081182 -0.9814241818684172 0
    outer loop
      vertex 17.771462719142438 28.09447359740734 1.98
      vertex 17.825732398033143 28.105082322657108 1.98
      vertex 17.825732398033143 28.105082322657108 2.5
    endloop
  endfacet
  facet normal 0.1575189344665869 -0.987515967103576 0
    outer loop
      vertex 17.825732398033143 28.105082322657108 1.98
      vertex 17.88337277919054 28.11427655518055 1.98
      vertex 17.88337277919054 28.11427655518055 2.5
    endloop
  endfacet
  facet normal -0.13547381031999614 -0.990780927711763 0
    outer loop
      vertex 17.87225887477398 26.819981437921523 1.98
      vertex 17.950504142045975 26.809282620251178 1.98
      vertex 17.87225887477398 26.819981437921523 2.5
    endloop
  endfacet
  facet normal 0.1292101394136493 0.9916172345581259 0
    outer loop
      vertex 17.87928638905287 27.124992382526397 1.98
      vertex 17.87928638905287 27.124992382526397 2.5
      vertex 17.940677511692048 27.116992969810962 1.98
    endloop
  endfacet
  facet normal -0.10108674386523289 -0.994877615696888 0
    outer loop
      vertex 17.950504142045975 26.809282620251178 1.98
      vertex 18.03240088671446 26.800961320102214 1.98
      vertex 17.950504142045975 26.809282620251178 2.5
    endloop
  endfacet
  facet normal 0.10036523618332954 0.9949506617746754 0
    outer loop
      vertex 17.940677511692048 27.116992969810962 1.98
      vertex 17.940677511692048 27.116992969810962 2.5
      vertex 18.00555976033211 27.110447999835014 1.98
    endloop
  endfacet
  facet normal 0.07424640126474025 0.9972399269479915 0
    outer loop
      vertex 18.00555976033211 27.110447999835014 1.98
      vertex 18.00555976033211 27.110447999835014 2.5
      vertex 18.07393313497305 27.105357472598552 1.98
    endloop
  endfacet
  facet normal 0.12648920641096198 -0.9919679836877424 0
    outer loop
      vertex 17.88337277919054 28.11427655518055 1.98
      vertex 17.944383877515794 28.122056287527084 1.98
      vertex 17.944383877515794 28.122056287527084 2.5
    endloop
  endfacet
  facet normal 0.09838738027542021 -0.9951481916792794 0
    outer loop
      vertex 17.944383877515794 28.122056287527084 1.98
      vertex 18.00876567810774 28.128421527147292 1.98
      vertex 18.00876567810774 28.128421527147292 2.5
    endloop
  endfacet
  facet normal -0.45830153320702915 0.8887967735427973 0
    outer loop
      vertex 17.430642600357533 28.27878143340349 1.98
      vertex 17.483666564524174 28.306122851371764 2.5
      vertex 17.483666564524174 28.306122851371764 1.98
    endloop
  endfacet
  facet normal -0.4038165872939835 0.9148399662379428 0
    outer loop
      vertex 17.483666564524174 28.306122851371764 1.98
      vertex 17.5402218952775 28.331086759269237 2.5
      vertex 17.5402218952775 28.331086759269237 1.98
    endloop
  endfacet
  facet normal -0.35905386041156256 -0.933316840801426 0
    outer loop
      vertex 17.493394377827645 29.790622261166572 1.98
      vertex 17.53124186694622 29.776062053442 1.98
      vertex 17.493394377827645 29.790622261166572 2.5
    endloop
  endfacet
  facet normal -0.3032197395328102 -0.9529206627824032 0
    outer loop
      vertex 17.53124186694622 29.776062053442 1.98
      vertex 17.570473666489125 29.763578478991985 1.98
      vertex 17.53124186694622 29.776062053442 2.5
    endloop
  endfacet
  facet normal -0.3518592738507612 0.9360529105799602 0
    outer loop
      vertex 17.5402218952775 28.331086759269237 1.98
      vertex 17.60030857771635 28.353673149645328 2.5
      vertex 17.60030857771635 28.353673149645328 1.98
    endloop
  endfacet
  facet normal -0.3027516183265782 0.9530694925348506 0
    outer loop
      vertex 17.60030857771635 28.353673149645328 1.98
      vertex 17.663926626741887 28.373882029950618 2.5
      vertex 17.663926626741887 28.373882029950618 1.98
    endloop
  endfacet
  facet normal -0.2566526151478136 0.9665037170843103 0
    outer loop
      vertex 17.663926626741887 28.373882029950618 1.98
      vertex 17.731076034903527 28.391713385283946 2.5
      vertex 17.731076034903527 28.391713385283946 1.98
    endloop
  endfacet
  facet normal -0.24820896091906747 -0.9687065147501986 0
    outer loop
      vertex 17.570473666489125 29.763578478991985 1.98
      vertex 17.611089791357518 29.753171522915363 1.98
      vertex 17.570473666489125 29.763578478991985 2.5
    endloop
  endfacet
  facet normal -0.1945492182995143 -0.9808927574709928 0
    outer loop
      vertex 17.611089791357518 29.753171522915363 1.98
      vertex 17.65309023410082 29.744841200113296 1.98
      vertex 17.611089791357518 29.753171522915363 2.5
    endloop
  endfacet
  facet normal -0.14267042339659108 -0.9897702512643212 0
    outer loop
      vertex 17.65309023410082 29.744841200113296 1.98
      vertex 17.69647500216961 29.738587503135204 1.98
      vertex 17.65309023410082 29.744841200113296 2.5
    endloop
  endfacet
  facet normal -0.5251044822773417 -0.8510377680762734 0
    outer loop
      vertex 17.38815784007311 29.846762646734714 1.98
      vertex 17.42185236811638 29.82597256153822 1.98
      vertex 17.38815784007311 29.846762646734714 2.5
    endloop
  endfacet
  facet normal -0.4706812276545215 -0.8823033389564116 0
    outer loop
      vertex 17.42185236811638 29.82597256153822 1.98
      vertex 17.456931214034558 29.807259094715118 1.98
      vertex 17.42185236811638 29.82597256153822 2.5
    endloop
  endfacet
  facet normal -0.4150983908797544 -0.9097765252461939 0
    outer loop
      vertex 17.456931214034558 29.807259094715118 1.98
      vertex 17.493394377827645 29.790622261166572 1.98
      vertex 17.456931214034558 29.807259094715118 2.5
    endloop
  endfacet
  facet normal 0.7022919005795599 0.7118890969669008 0
    outer loop
      vertex 17.462401624023915 30.16246901154518 1.98
      vertex 17.44458165317774 30.18004874587059 1.98
      vertex 17.462401624023915 30.16246901154518 2.5
    endloop
  endfacet
  facet normal 0.6554691495380364 0.7552219501602712 0
    outer loop
      vertex 17.462401624023915 30.16246901154518 1.98
      vertex 17.481234911084176 30.14612330198288 2.5
      vertex 17.481234911084176 30.14612330198288 1.98
    endloop
  endfacet
  facet normal 0.8198332227465048 0.5726023811346577 0
    outer loop
      vertex 17.39767559170723 30.23934948146343 1.98
      vertex 17.41209822446108 30.218699631094932 2.5
      vertex 17.41209822446108 30.218699631094932 1.98
    endloop
  endfacet
  facet normal 0.7845772264436386 0.6200311086921426 0
    outer loop
      vertex 17.41209822446108 30.218699631094932 1.98
      vertex 17.427774998545647 30.198862497508525 2.5
      vertex 17.427774998545647 30.198862497508525 1.98
    endloop
  endfacet
  facet normal 0.7457670532990419 0.6662068013865245 0
    outer loop
      vertex 17.427774998545647 30.198862497508525 1.98
      vertex 17.44458165317774 30.18004874587059 2.5
      vertex 17.44458165317774 30.18004874587059 1.98
    endloop
  endfacet
  facet normal 0.6058016273174242 0.7956157290674694 0
    outer loop
      vertex 17.481234911084176 30.14612330198288 1.98
      vertex 17.50108150690794 30.131011609733104 2.5
      vertex 17.50108150690794 30.131011609733104 1.98
    endloop
  endfacet
  facet normal 0.553900045390531 0.8325831728520386 0
    outer loop
      vertex 17.50108150690794 30.131011609733104 1.98
      vertex 17.52194141894579 30.117133949697017 2.5
      vertex 17.52194141894579 30.117133949697017 1.98
    endloop
  endfacet
  facet normal 0.5004490346726892 0.8657659982323016 0
    outer loop
      vertex 17.52194141894579 30.117133949697017 1.98
      vertex 17.543814647197724 30.104490306973457 2.5
      vertex 17.543814647197724 30.104490306973457 1.98
    endloop
  endfacet
  facet normal 0.794658700157353 -0.607056463818833 0
    outer loop
      vertex 17.39948343038559 30.802941639721393 1.98
      vertex 17.41424970626831 30.822271224856376 1.98
      vertex 17.39948343038559 30.802941639721393 2.5
    endloop
  endfacet
  facet normal 0.7512033868809962 -0.6600708079732963 0
    outer loop
      vertex 17.41424970626831 30.822271224856376 1.98
      vertex 17.430300000309945 30.84053750038147 1.98
      vertex 17.41424970626831 30.822271224856376 2.5
    endloop
  endfacet
  facet normal 0.703842553070629 -0.7103560096789628 0
    outer loop
      vertex 17.430300000309945 30.84053750038147 1.98
      vertex 17.447514052689076 30.857593712210655 1.98
      vertex 17.430300000309945 30.84053750038147 2.5
    endloop
  endfacet
  facet normal 0.6518060114372719 -0.7583857352655275 0
    outer loop
      vertex 17.447514052689076 30.857593712210655 1.98
      vertex 17.46577159613371 30.8732854321599 1.98
      vertex 17.447514052689076 30.857593712210655 2.5
    endloop
  endfacet
  facet normal 0.596037165633645 -0.8029568464017296 0
    outer loop
      vertex 17.46577159613371 30.8732854321599 1.98
      vertex 17.485072630643845 30.887612645328044 1.98
      vertex 17.46577159613371 30.8732854321599 2.5
    endloop
  endfacet
  facet normal -0.43627165506570875 0.899815004868349 0
    outer loop
      vertex 17.393527220189572 31.19594770371914 1.98
      vertex 17.429064351320267 31.21317773759365 2.5
      vertex 17.429064351320267 31.21317773759365 1.98
    endloop
  endfacet
  facet normal -0.3722418586324641 0.9281357652207184 0
    outer loop
      vertex 17.429064351320267 31.21317773759365 1.98
      vertex 17.466297040879727 31.228110429644584 2.5
      vertex 17.466297040879727 31.228110429644584 1.98
    endloop
  endfacet
  facet normal 0.5373535401175943 -0.8433570850612978 0
    outer loop
      vertex 17.485072630643845 30.887612645328044 1.98
      vertex 17.505417156219483 30.90057536661625 1.98
      vertex 17.485072630643845 30.887612645328044 2.5
    endloop
  endfacet
  facet normal 0.4766977801708374 -0.8790672479282777 0
    outer loop
      vertex 17.505417156219483 30.90057536661625 1.98
      vertex 17.526805180311204 30.912173596024513 1.98
      vertex 17.505417156219483 30.90057536661625 2.5
    endloop
  endfacet
  facet normal 0.41506609032193525 -0.9097912621392135 0
    outer loop
      vertex 17.526805180311204 30.912173596024513 1.98
      vertex 17.549236688017846 30.922407326102256 1.98
      vertex 17.526805180311204 30.912173596024513 2.5
    endloop
  endfacet
  facet normal 0.35343187964383027 -0.9354602644962687 0
    outer loop
      vertex 17.549236688017846 30.922407326102256 1.98
      vertex 17.57271168678999 30.93127655684948 1.98
      vertex 17.549236688017846 30.922407326102256 2.5
    endloop
  endfacet
  facet normal -0.3087252729513019 0.9511512528726145 0
    outer loop
      vertex 17.466297040879727 31.228110429644584 1.98
      vertex 17.50522529631853 31.24074578732252 2.5
      vertex 17.50522529631853 31.24074578732252 1.98
    endloop
  endfacet
  facet normal -0.24662122412623372 0.9691119500916693 0
    outer loop
      vertex 17.50522529631853 31.24074578732252 1.98
      vertex 17.5458491101861 31.25108380317688 2.5
      vertex 17.5458491101861 31.25108380317688 1.98
    endloop
  endfacet
  facet normal 0.44616035822351274 0.8949530349408659 0
    outer loop
      vertex 17.543814647197724 30.104490306973457 1.98
      vertex 17.566701184213162 30.093080696463584 2.5
      vertex 17.566701184213162 30.093080696463584 1.98
    endloop
  endfacet
  facet normal 0.39173256796117123 0.9200791244227566 0
    outer loop
      vertex 17.566701184213162 30.093080696463584 1.98
      vertex 17.590601037442685 30.08290510326624 2.5
      vertex 17.590601037442685 30.08290510326624 1.98
    endloop
  endfacet
  facet normal 0.3378106058309735 0.9412141066665494 0
    outer loop
      vertex 17.590601037442685 30.08290510326624 1.98
      vertex 17.61551419943571 30.073963534832 2.5
      vertex 17.61551419943571 30.073963534832 1.98
    endloop
  endfacet
  facet normal 0.2849591184520136 0.9585396709636234 0
    outer loop
      vertex 17.61551419943571 30.073963534832 1.98
      vertex 17.641440677642823 30.06625599116087 2.5
      vertex 17.641440677642823 30.06625599116087 1.98
    endloop
  endfacet
  facet normal 0.23364487338426937 0.9723220007493654 0
    outer loop
      vertex 17.641440677642823 30.06625599116087 1.98
      vertex 17.66838047206402 30.059782472252845 2.5
      vertex 17.66838047206402 30.059782472252845 1.98
    endloop
  endfacet
  facet normal 0.9957580221233405 -0.09201065904020554 0
    outer loop
      vertex 17.69647500216961 29.738587503135204 1.98
      vertex 17.725300002098084 30.05053750127554 1.98
      vertex 17.69647500216961 29.738587503135204 2.5
    endloop
  endfacet
  facet normal 0.18423056384748943 0.9828830547651314 0
    outer loop
      vertex 17.66838047206402 30.059782472252845 1.98
      vertex 17.6963335826993 30.054542970657348 2.5
      vertex 17.6963335826993 30.054542970657348 1.98
    endloop
  endfacet
  facet normal 0.13697637369424762 0.9905743147536049 0
    outer loop
      vertex 17.6963335826993 30.054542970657348 1.98
      vertex 17.725300002098084 30.05053750127554 2.5
      vertex 17.725300002098084 30.05053750127554 1.98
    endloop
  endfacet
  facet normal 0.29268115498552516 -0.9562100927705893 0
    outer loop
      vertex 17.57271168678999 30.93127655684948 1.98
      vertex 17.597230176627637 30.93878128826618 1.98
      vertex 17.57271168678999 30.93127655684948 2.5
    endloop
  endfacet
  facet normal -0.1866606307990886 0.9824244545560163 0
    outer loop
      vertex 17.5458491101861 31.25108380317688 1.98
      vertex 17.588168489933015 31.25912448465824 2.5
      vertex 17.588168489933015 31.25912448465824 1.98
    endloop
  endfacet
  facet normal 0.23356561053850167 -0.9723410438594974 0
    outer loop
      vertex 17.597230176627637 30.93878128826618 1.98
      vertex 17.622792157530785 30.944921520352363 1.98
      vertex 17.597230176627637 30.93878128826618 2.5
    endloop
  endfacet
  facet normal 0.17667836607329154 -0.9842686396313113 0
    outer loop
      vertex 17.622792157530785 30.944921520352363 1.98
      vertex 17.649397629499436 30.949697260558604 1.98
      vertex 17.622792157530785 30.944921520352363 2.5
    endloop
  endfacet
  facet normal -0.1293892421707898 0.9915938805834115 0
    outer loop
      vertex 17.588168489933015 31.25912448465824 1.98
      vertex 17.632183435559273 31.264867824316024 2.5
      vertex 17.632183435559273 31.264867824316024 1.98
    endloop
  endfacet
  facet normal 0.12244861656945094 -0.992474854240765 0
    outer loop
      vertex 17.649397629499436 30.949697260558604 1.98
      vertex 17.67704659998417 30.953108508884906 1.98
      vertex 17.649397629499436 30.949697260558604 2.5
    endloop
  endfacet
  facet normal -0.07517429813823918 0.9971704091575437 0
    outer loop
      vertex 17.632183435559273 31.264867824316024 1.98
      vertex 17.677893932163716 31.26831382960081 2.5
      vertex 17.677893932163716 31.26831382960081 1.98
    endloop
  endfacet
  facet normal 0.07115299010371565 -0.9974654139363934 0
    outer loop
      vertex 17.67704659998417 30.953108508884906 1.98
      vertex 17.705739054083825 30.955155250430106 1.98
      vertex 17.67704659998417 30.953108508884906 2.5
    endloop
  endfacet
  facet normal 0.022937564661614618 -0.9997368994527481 0
    outer loop
      vertex 17.705739054083825 30.955155250430106 1.98
      vertex 17.735474999248982 30.955837500095367 1.98
      vertex 17.705739054083825 30.955155250430106 2.5
    endloop
  endfacet
  facet normal -0.0242233507375495 0.9997065715894067 0
    outer loop
      vertex 17.677893932163716 31.26831382960081 1.98
      vertex 17.725300002098084 31.2694625005126 2.5
      vertex 17.725300002098084 31.2694625005126 1.98
    endloop
  endfacet
  facet normal -0.21359699208463112 0.9769218622655539 0
    outer loop
      vertex 17.731076034903527 28.391713385283946 1.98
      vertex 17.80175680220127 28.407167230546474 2.5
      vertex 17.80175680220127 28.407167230546474 1.98
    endloop
  endfacet
  facet normal -0.17352891621336242 0.984828774578513 0
    outer loop
      vertex 17.80175680220127 28.407167230546474 1.98
      vertex 17.8759689360857 28.4202435657382 2.5
      vertex 17.8759689360857 28.4202435657382 1.98
    endloop
  endfacet
  facet normal -0.13633198879932332 0.9906632065591319 0
    outer loop
      vertex 17.8759689360857 28.4202435657382 1.98
      vertex 17.953712429106236 28.430942383408546 2.5
      vertex 17.953712429106236 28.430942383408546 1.98
    endloop
  endfacet
  facet normal -0.10185223753560815 0.9947995384543512 0
    outer loop
      vertex 17.953712429106236 28.430942383408546 1.98
      vertex 18.034987281262875 28.43926368355751 2.5
      vertex 18.034987281262875 28.43926368355751 1.98
    endloop
  endfacet
  facet normal -0.01781130508092221 -0.9998413661233038 0
    outer loop
      vertex 17.735474999248982 30.955837500095367 1.98
      vertex 17.75772159844637 30.955441196262836 1.98
      vertex 17.735474999248982 30.955837500095367 2.5
    endloop
  endfacet
  facet normal 0.017596924107170165 0.9998451621436024 0
    outer loop
      vertex 17.725300002098084 31.2694625005126 1.98
      vertex 17.746674704551697 31.26908631324768 2.5
      vertex 17.746674704551697 31.26908631324768 1.98
    endloop
  endfacet
  facet normal -0.05424274079688542 -0.9985277788178164 0
    outer loop
      vertex 17.75772159844637 30.955441196262836 1.98
      vertex 17.779607544839383 30.954252292215823 1.98
      vertex 17.75772159844637 30.955441196262836 2.5
    endloop
  endfacet
  facet normal -0.0916674560701149 -0.9957896753319115 0
    outer loop
      vertex 17.779607544839383 30.954252292215823 1.98
      vertex 17.80113283842802 30.95227078050375 1.98
      vertex 17.779607544839383 30.954252292215823 2.5
    endloop
  endfacet
  facet normal 0.052773607706161775 0.998606502246844 0
    outer loop
      vertex 17.746674704551697 31.26908631324768 1.98
      vertex 17.768029588460923 31.267957766354083 2.5
      vertex 17.768029588460923 31.267957766354083 1.98
    endloop
  endfacet
  facet normal 0.08782009358941374 0.9961363516918488 0
    outer loop
      vertex 17.768029588460923 31.267957766354083 1.98
      vertex 17.78936464637518 31.26607685238123 2.5
      vertex 17.78936464637518 31.26607685238123 1.98
    endloop
  endfacet
  facet normal -0.1299612847139298 -0.9915190691436574 0
    outer loop
      vertex 17.80113283842802 30.95227078050375 1.98
      vertex 17.822297486662865 30.949496668577194 1.98
      vertex 17.80113283842802 30.95227078050375 2.5
    endloop
  endfacet
  facet normal -0.16897821710164332 -0.9856197857922445 0
    outer loop
      vertex 17.822297486662865 30.949496668577194 1.98
      vertex 17.843101482093335 30.945929956436157 1.98
      vertex 17.822297486662865 30.949496668577194 2.5
    endloop
  endfacet
  facet normal 0.12260813178262221 0.9924551607104348 0
    outer loop
      vertex 17.78936464637518 31.26607685238123 1.98
      vertex 17.81067987829447 31.263443563878536 2.5
      vertex 17.81067987829447 31.263443563878536 1.98
    endloop
  endfacet
  facet normal 0.157012837701898 0.9875965617582908 0
    outer loop
      vertex 17.81067987829447 31.263443563878536 1.98
      vertex 17.83197529911995 31.260057915747165 2.5
      vertex 17.83197529911995 31.260057915747165 1.98
    endloop
  endfacet
  facet normal -0.2085503133330463 -0.9780116394034829 0
    outer loop
      vertex 17.843101482093335 30.945929956436157 1.98
      vertex 17.86354482471943 30.941570636630058 1.98
      vertex 17.843101482093335 30.945929956436157 2.5
    endloop
  endfacet
  facet normal -0.24848905069478391 -0.9686347049764453 0
    outer loop
      vertex 17.86354482471943 30.941570636630058 1.98
      vertex 17.88362751454115 30.936418716609477 1.98
      vertex 17.86354482471943 30.941570636630058 2.5
    endloop
  endfacet
  facet normal 0.19091868996390612 0.9816058546190858 0
    outer loop
      vertex 17.83197529911995 31.260057915747165 1.98
      vertex 17.853250886499882 31.255919893085956 2.5
      vertex 17.853250886499882 31.255919893085956 1.98
    endloop
  endfacet
  facet normal 0.22421542435799202 0.974539605906279 0
    outer loop
      vertex 17.853250886499882 31.255919893085956 1.98
      vertex 17.874506655335427 31.25102951079607 2.5
      vertex 17.874506655335427 31.25102951079607 1.98
    endloop
  endfacet
  facet normal -0.3684121757098069 -0.9296625564089188 0
    outer loop
      vertex 17.922710943222047 30.92373705357313 1.98
      vertex 17.941711689531804 30.916207325458526 1.98
      vertex 17.922710943222047 30.92373705357313 2.5
    endloop
  endfacet
  facet normal -0.40768663135346006 -0.9131219034803995 0
    outer loop
      vertex 17.941711689531804 30.916207325458526 1.98
      vertex 17.960351775586606 30.90788498222828 1.98
      vertex 17.941711689531804 30.916207325458526 2.5
    endloop
  endfacet
  facet normal -0.28859091577689167 -0.9574524966446404 0
    outer loop
      vertex 17.88362751454115 30.936418716609477 1.98
      vertex 17.903349559009076 30.930474188923835 1.98
      vertex 17.88362751454115 30.936418716609477 2.5
    endloop
  endfacet
  facet normal -0.32863989197649646 -0.9444553040783226 0
    outer loop
      vertex 17.903349559009076 30.930474188923835 1.98
      vertex 17.922710943222047 30.92373705357313 1.98
      vertex 17.903349559009076 30.930474188923835 2.5
    endloop
  endfacet
  facet normal 0.25680551094887344 0.96646310304444 0
    outer loop
      vertex 17.874506655335427 31.25102951079607 1.98
      vertex 17.895742605626584 31.245386761426925 2.5
      vertex 17.895742605626584 31.245386761426925 1.98
    endloop
  endfacet
  facet normal 0.2886012628467607 0.9574493778175716 0
    outer loop
      vertex 17.895742605626584 31.245386761426925 1.98
      vertex 17.916958729922772 31.238991644978523 2.5
      vertex 17.916958729922772 31.238991644978523 1.98
    endloop
  endfacet
  facet normal 0.31952740998973206 0.9475770334201087 0
    outer loop
      vertex 17.916958729922772 31.238991644978523 1.98
      vertex 17.938155028223992 31.23184415400028 2.5
      vertex 17.938155028223992 31.23184415400028 1.98
    endloop
  endfacet
  facet normal 0.34951979935581146 0.936928978022493 0
    outer loop
      vertex 17.938155028223992 31.23184415400028 1.98
      vertex 17.959331507980824 31.223944303393363 2.5
      vertex 17.959331507980824 31.223944303393363 1.98
    endloop
  endfacet
  facet normal -0.446242632047039 -0.894912014302932 0
    outer loop
      vertex 17.960351775586606 30.90788498222828 1.98
      vertex 17.978631216287614 30.89877004623413 1.98
      vertex 17.960351775586606 30.90788498222828 2.5
    endloop
  endfacet
  facet normal -0.48387540037142285 -0.8751369018133078 0
    outer loop
      vertex 17.978631216287614 30.89877004623413 1.98
      vertex 17.996549996733666 30.88886250257492 1.98
      vertex 17.978631216287614 30.89877004623413 2.5
    endloop
  endfacet
  facet normal -0.5125234304790895 -0.8586732400686223 0
    outer loop
      vertex 17.996549996733666 30.88886250257492 1.98
      vertex 18.014224554598332 30.878312942385673 1.98
      vertex 17.996549996733666 30.88886250257492 2.5
    endloop
  endfacet
  facet normal -0.5324051439792037 -0.846489670737029 0
    outer loop
      vertex 18.014224554598332 30.878312942385673 1.98
      vertex 18.031778994202615 30.867271964251994 1.98
      vertex 18.014224554598332 30.878312942385673 2.5
    endloop
  endfacet
  facet normal -0.5516997956744087 -0.8340427659615637 0
    outer loop
      vertex 18.031778994202615 30.867271964251994 1.98
      vertex 18.049213315546513 30.855739568173885 1.98
      vertex 18.031778994202615 30.867271964251994 2.5
    endloop
  endfacet
  facet normal 0.37852865334785735 0.9255895735122872 0
    outer loop
      vertex 17.959331507980824 31.223944303393363 1.98
      vertex 17.98048816919327 31.215292085707187 2.5
      vertex 17.98048816919327 31.215292085707187 1.98
    endloop
  endfacet
  facet normal 0.40651523350841967 0.9136440033873123 0
    outer loop
      vertex 17.98048816919327 31.215292085707187 1.98
      vertex 18.001624996960164 31.205887500941753 2.5
      vertex 18.001624996960164 31.205887500941753 1.98
    endloop
  endfacet
  facet normal 0.4329380491997722 0.901423677054855 0
    outer loop
      vertex 18.001624996960164 31.205887500941753 1.98
      vertex 18.022751922905446 31.195740607380866 2.5
      vertex 18.022751922905446 31.195740607380866 1.98
    endloop
  endfacet
  facet normal 0.4578094646681222 0.8890503326922989 0
    outer loop
      vertex 18.022751922905446 31.195740607380866 1.98
      vertex 18.043878848850728 31.184861463308334 2.5
      vertex 18.043878848850728 31.184861463308334 1.98
    endloop
  endfacet
  facet normal -0.06931173338944502 -0.9975950499148192 0
    outer loop
      vertex 18.03240088671446 26.800961320102214 1.98
      vertex 18.11794910877943 26.79501753002405 1.98
      vertex 18.03240088671446 26.800961320102214 2.5
    endloop
  endfacet
  facet normal 0.05053196010080998 0.9987224444300679 0
    outer loop
      vertex 18.07393313497305 27.105357472598552 1.98
      vertex 18.07393313497305 27.105357472598552 2.5
      vertex 18.145797635614873 27.101721373200416 1.98
    endloop
  endfacet
  facet normal -0.03994884980864201 -0.9992017260788566 0
    outer loop
      vertex 18.11794910877943 26.79501753002405 1.98
      vertex 18.207148815691472 26.79145125746727 1.98
      vertex 18.11794910877943 26.79501753002405 2.5
    endloop
  endfacet
  facet normal 0.02893935365424904 0.9995811691954157 0
    outer loop
      vertex 18.145797635614873 27.101721373200416 1.98
      vertex 18.145797635614873 27.101721373200416 2.5
      vertex 18.221153254806996 27.099539716541766 1.98
    endloop
  endfacet
  facet normal 0.07287663112157208 -0.9973409630795129 0
    outer loop
      vertex 18.00876567810774 28.128421527147292 1.98
      vertex 18.07651819586754 28.133372266590595 1.98
      vertex 18.07651819586754 28.133372266590595 2.5
    endloop
  endfacet
  facet normal 0.04965855132503647 -0.9987662530744111 0
    outer loop
      vertex 18.07651819586754 28.133372266590595 1.98
      vertex 18.147641423344613 28.13690850585699 1.98
      vertex 18.147641423344613 28.13690850585699 2.5
    endloop
  endfacet
  facet normal 0.02847059426136852 -0.999594630468974 0
    outer loop
      vertex 18.147641423344613 28.13690850585699 1.98
      vertex 18.22213535308838 28.13903025239706 1.98
      vertex 18.22213535308838 28.13903025239706 2.5
    endloop
  endfacet
  facet normal -0.012801749711897306 -0.9999180542446036 0
    outer loop
      vertex 18.207148815691472 26.79145125746727 1.98
      vertex 18.3 26.79026250243187 1.98
      vertex 18.207148815691472 26.79145125746727 2.5
    endloop
  endfacet
  facet normal 0.009222739489225437 0.9999574696337409 0
    outer loop
      vertex 18.221153254806996 27.099539716541766 1.98
      vertex 18.221153254806996 27.099539716541766 2.5
      vertex 18.3 27.098812502622604 1.98
    endloop
  endfacet
  facet normal 0.013464068642994502 -0.9999093553195593 0
    outer loop
      vertex 18.3 26.79026250243187 1.98
      vertex 18.39088683128357 26.79148631989956 1.98
      vertex 18.3 26.79026250243187 2.5
    endloop
  endfacet
  facet normal -0.009620616835090749 0.9999537207949738 0
    outer loop
      vertex 18.3 27.098812502622604 1.98
      vertex 18.3 27.098812502622604 2.5
      vertex 18.37663106173277 27.099549774825572 1.98
    endloop
  endfacet
  facet normal 0.009082648141941294 -0.9999587519006621 0
    outer loop
      vertex 18.22213535308838 28.13903025239706 1.98
      vertex 18.3 28.139737498760223 1.98
      vertex 18.3 28.139737498760223 2.5
    endloop
  endfacet
  facet normal -0.009876416655794489 -0.9999512270076183 0
    outer loop
      vertex 18.3 28.139737498760223 1.98
      vertex 18.375156062841416 28.13899518996477 1.98
      vertex 18.375156062841416 28.13899518996477 2.5
    endloop
  endfacet
  facet normal -0.32904538560787966 -0.9443141078106171 0
    outer loop
      vertex 17.660875003039838 26.318837498128413 1.98
      vertex 18.757807148134717 25.936612497270108 1.98
      vertex 18.757807148134717 25.936612497270108 2.5
    endloop
  endfacet
  facet normal -0.030120007490602417 0.9995462896478412 0
    outer loop
      vertex 18.37663106173277 27.099549774825572 1.98
      vertex 18.37663106173277 27.099549774825572 2.5
      vertex 18.450031954050065 27.10176161378622 1.98
    endloop
  endfacet
  facet normal 0.041934018047177044 -0.9991203822014738 0
    outer loop
      vertex 18.39088683128357 26.79148631989956 1.98
      vertex 18.478362719714642 26.795157764852046 1.98
      vertex 18.39088683128357 26.79148631989956 2.5
    endloop
  endfacet
  facet normal -0.05246226551848651 0.9986229071559835 0
    outer loop
      vertex 18.450031954050065 27.10176161378622 1.98
      vertex 18.450031954050065 27.10176161378622 2.5
      vertex 18.520202662050725 27.105448004603385 1.98
    endloop
  endfacet
  facet normal 0.0725979276344484 -0.997361289053863 0
    outer loop
      vertex 18.478362719714642 26.795157764852046 1.98
      vertex 18.562427665293217 26.801276852190494 1.98
      vertex 18.478362719714642 26.795157764852046 2.5
    endloop
  endfacet
  facet normal -0.030868961252157275 -0.9995234400609186 0
    outer loop
      vertex 18.375156062841416 28.13899518996477 1.98
      vertex 18.4472627222538 28.136768271028995 1.98
      vertex 18.4472627222538 28.136768271028995 2.5
    endloop
  endfacet
  facet normal -0.05366844202974462 -0.9985588106516812 0
    outer loop
      vertex 18.4472627222538 28.136768271028995 1.98
      vertex 18.516319970786572 28.133056727051734 1.98
      vertex 18.516319970786572 28.133056727051734 2.5
    endloop
  endfacet
  facet normal -0.07686930880993019 0.9970411773658516 0
    outer loop
      vertex 18.520202662050725 27.105448004603385 1.98
      vertex 18.520202662050725 27.105448004603385 2.5
      vertex 18.58714319318533 27.11060894727707 1.98
    endloop
  endfacet
  facet normal 0.10562151124098627 -0.9944064040236115 0
    outer loop
      vertex 18.562427665293217 26.801276852190494 1.98
      vertex 18.643081653118134 26.80984356701374 1.98
      vertex 18.562427665293217 26.801276852190494 2.5
    endloop
  endfacet
  facet normal -0.103590744395936 0.9946200066736521 0
    outer loop
      vertex 18.58714319318533 27.11060894727707 1.98
      vertex 18.58714319318533 27.11060894727707 2.5
      vertex 18.65085354745388 27.11724444925785 1.98
    endloop
  endfacet
  facet normal 0.14116547541599297 -0.9899860143206957 0
    outer loop
      vertex 18.643081653118134 26.80984356701374 1.98
      vertex 18.720324705541135 26.820857916772365 1.98
      vertex 18.643081653118134 26.80984356701374 2.5
    endloop
  endfacet
  facet normal -0.132904954233265 0.9911287873633041 0
    outer loop
      vertex 18.65085354745388 27.11724444925785 1.98
      vertex 18.65085354745388 27.11724444925785 2.5
      vertex 18.711333724856377 27.12535451054573 1.98
    endloop
  endfacet
  facet normal -0.07847736561089677 -0.9969158956937008 0
    outer loop
      vertex 18.516319970786572 28.133056727051734 1.98
      vertex 18.582327808439732 28.12786058038473 1.98
      vertex 18.582327808439732 28.12786058038473 2.5
    endloop
  endfacet
  facet normal -0.10552157363272878 -0.9944170138820395 0
    outer loop
      vertex 18.582327808439732 28.12786058038473 1.98
      vertex 18.64528624266386 28.121179808676242 1.98
      vertex 18.64528624266386 28.121179808676242 2.5
    endloop
  endfacet
  facet normal -0.06991522386248446 0.9975529366766752 0
    outer loop
      vertex 18.034987281262875 28.43926368355751 1.98
      vertex 18.11979349255562 28.445207473635673 2.5
      vertex 18.11979349255562 28.445207473635673 1.98
    endloop
  endfacet
  facet normal -0.04033810196281105 0.9991860875382713 0
    outer loop
      vertex 18.11979349255562 28.445207473635673 1.98
      vertex 18.208131062984467 28.448773746192455 2.5
      vertex 18.208131062984467 28.448773746192455 1.98
    endloop
  endfacet
  facet normal -0.012938601083857063 0.9999162927975486 0
    outer loop
      vertex 18.208131062984467 28.448773746192455 1.98
      vertex 18.3 28.449962501227855 2.5
      vertex 18.3 28.449962501227855 1.98
    endloop
  endfacet
  facet normal 0.01381557217894247 0.9999045604283283 0
    outer loop
      vertex 18.3 28.449962501227855 1.98
      vertex 18.39039393812418 28.44871353805065 2.5
      vertex 18.39039393812418 28.44871353805065 1.98
    endloop
  endfacet
  facet normal -0.5703979555737233 -0.8213684753369324 0
    outer loop
      vertex 18.049213315546513 30.855739568173885 1.98
      vertex 18.066527511179448 30.843715754151344 1.98
      vertex 18.049213315546513 30.855739568173885 2.5
    endloop
  endfacet
  facet normal -0.5884930550464444 -0.8085022722058994 0
    outer loop
      vertex 18.066527511179448 30.843715754151344 1.98
      vertex 18.08372159600258 30.83120051473379 1.98
      vertex 18.066527511179448 30.843715754151344 2.5
    endloop
  endfacet
  facet normal -0.6059819264839535 -0.7954784125133733 0
    outer loop
      vertex 18.08372159600258 30.83120051473379 1.98
      vertex 18.100795562565327 30.818193857371806 1.98
      vertex 18.08372159600258 30.83120051473379 2.5
    endloop
  endfacet
  facet normal -0.6228643351939862 -0.7823298664523513 0
    outer loop
      vertex 18.100795562565327 30.818193857371806 1.98
      vertex 18.11774941086769 30.80469578206539 1.98
      vertex 18.100795562565327 30.818193857371806 2.5
    endloop
  endfacet
  facet normal 0.4816506368482525 0.8763633173653907 0
    outer loop
      vertex 18.043878848850728 31.184861463308334 1.98
      vertex 18.06500576734543 31.173250076174735 2.5
      vertex 18.06500576734543 31.173250076174735 1.98
    endloop
  endfacet
  facet normal 0.5044684861981007 0.8634301051231632 0
    outer loop
      vertex 18.06500576734543 31.173250076174735 1.98
      vertex 18.08613269329071 31.16090643852949 2.5
      vertex 18.08613269329071 31.16090643852949 1.98
    endloop
  endfacet
  facet normal 0.5262766191687103 0.8503134246360882 0
    outer loop
      vertex 18.08613269329071 31.16090643852949 1.98
      vertex 18.107259611785413 31.1478305503726 2.5
      vertex 18.107259611785413 31.1478305503726 1.98
    endloop
  endfacet
  facet normal -0.6391427989906633 -0.7690880850061198 0
    outer loop
      vertex 18.11774941086769 30.80469578206539 1.98
      vertex 18.134583133459092 30.790706288814544 1.98
      vertex 18.11774941086769 30.80469578206539 2.5
    endloop
  endfacet
  facet normal -0.6548217747431989 -0.7557833309369605 0
    outer loop
      vertex 18.134583133459092 30.790706288814544 1.98
      vertex 18.15129674524069 30.776225370168685 1.98
      vertex 18.134583133459092 30.790706288814544 2.5
    endloop
  endfacet
  facet normal -0.6699083058980404 -0.7424438441315394 0
    outer loop
      vertex 18.15129674524069 30.776225370168685 1.98
      vertex 18.167890238761903 30.761253033578395 1.98
      vertex 18.15129674524069 30.776225370168685 2.5
    endloop
  endfacet
  facet normal -0.6844116226996 -0.7290958309534492 0
    outer loop
      vertex 18.167890238761903 30.761253033578395 1.98
      vertex 18.184363606572152 30.745789271593093 1.98
      vertex 18.167890238761903 30.761253033578395 2.5
    endloop
  endfacet
  facet normal -0.6983412401471835 -0.7157649839924372 0
    outer loop
      vertex 18.200716863572598 30.72983409911394 1.98
      vertex 18.184363606572152 30.745789271593093 2.5
      vertex 18.184363606572152 30.745789271593093 1.98
    endloop
  endfacet
  facet normal 0.5470933520320781 0.8370716003797433 0
    outer loop
      vertex 18.107259611785413 31.1478305503726 1.98
      vertex 18.128386537730695 31.134022411704063 2.5
      vertex 18.128386537730695 31.134022411704063 1.98
    endloop
  endfacet
  facet normal 0.5669423192897444 0.8237574925901224 0
    outer loop
      vertex 18.128386537730695 31.134022411704063 1.98
      vertex 18.149513463675977 31.11948202997446 2.5
      vertex 18.149513463675977 31.11948202997446 1.98
    endloop
  endfacet
  facet normal 0.5858512413515985 0.810418609736222 0
    outer loop
      vertex 18.149513463675977 31.11948202997446 1.98
      vertex 18.170640382170678 31.10420939028263 2.5
      vertex 18.170640382170678 31.10420939028263 1.98
    endloop
  endfacet
  facet normal 0.6038487795729478 0.797098896880595 0
    outer loop
      vertex 18.170640382170678 31.10420939028263 1.98
      vertex 18.19176730811596 31.088204514980315 2.5
      vertex 18.19176730811596 31.088204514980315 1.98
    endloop
  endfacet
  facet normal -0.7117103141187066 -0.702473080464335 0
    outer loop
      vertex 18.200716863572598 30.72983409911394 1.98
      vertex 18.21695000231266 30.713387501239776 1.98
      vertex 18.200716863572598 30.72983409911394 2.5
    endloop
  endfacet
  facet normal -0.7214866443102591 -0.6924283515873115 0
    outer loop
      vertex 18.21695000231266 30.713387501239776 1.98
      vertex 18.233119229972363 30.69653971940279 1.98
      vertex 18.21695000231266 30.713387501239776 2.5
    endloop
  endfacet
  facet normal -0.7277798659731002 -0.6858108096874649 0
    outer loop
      vertex 18.233119229972363 30.69653971940279 1.98
      vertex 18.249288465082646 30.67938098758459 1.98
      vertex 18.233119229972363 30.69653971940279 2.5
    endloop
  endfacet
  facet normal -0.7338946251171868 -0.6792633356983903 0
    outer loop
      vertex 18.249288465082646 30.67938098758459 1.98
      vertex 18.26545769274235 30.66191131323576 1.98
      vertex 18.249288465082646 30.67938098758459 2.5
    endloop
  endfacet
  facet normal -0.7398358808076908 -0.672787388013114 0
    outer loop
      vertex 18.26545769274235 30.66191131323576 1.98
      vertex 18.28162692040205 30.644130696356296 1.98
      vertex 18.26545769274235 30.66191131323576 2.5
    endloop
  endfacet
  facet normal 0.6209686174166693 0.7838354267214709 0
    outer loop
      vertex 18.19176730811596 31.088204514980315 1.98
      vertex 18.212894234061242 31.071467381715774 2.5
      vertex 18.212894234061242 31.071467381715774 1.98
    endloop
  endfacet
  facet normal 0.6372435595561118 0.770662472035752 0
    outer loop
      vertex 18.212894234061242 31.071467381715774 1.98
      vertex 18.234021152555943 31.053998005390167 2.5
      vertex 18.234021152555943 31.053998005390167 1.98
    endloop
  endfacet
  facet normal 0.6527083579579694 0.7576092656850306 0
    outer loop
      vertex 18.234021152555943 31.053998005390167 1.98
      vertex 18.255148078501225 31.035796378552913 2.5
      vertex 18.255148078501225 31.035796378552913 1.98
    endloop
  endfacet
  facet normal 0.6673984841438358 0.7447007878084393 0
    outer loop
      vertex 18.255148078501225 31.035796378552913 1.98
      vertex 18.276274996995927 31.016862501204013 2.5
      vertex 18.276274996995927 31.016862501204013 1.98
    endloop
  endfacet
  facet normal -0.745608940074242 -0.6663837546649568 0
    outer loop
      vertex 18.28162692040205 30.644130696356296 1.98
      vertex 18.297796155512334 30.62603912949562 1.98
      vertex 18.28162692040205 30.644130696356296 2.5
    endloop
  endfacet
  facet normal -0.7512191651663748 -0.660052850828428 0
    outer loop
      vertex 18.297796155512334 30.62603912949562 1.98
      vertex 18.313965383172036 30.60763661265373 1.98
      vertex 18.297796155512334 30.62603912949562 2.5
    endloop
  endfacet
  facet normal -0.7566707502281408 -0.6537961270527554 0
    outer loop
      vertex 18.313965383172036 30.60763661265373 1.98
      vertex 18.33013461828232 30.58892315328121 1.98
      vertex 18.313965383172036 30.60763661265373 2.5
    endloop
  endfacet
  facet normal -0.7619693647435608 -0.6476130690406845 0
    outer loop
      vertex 18.33013461828232 30.58892315328121 1.98
      vertex 18.34630384594202 30.569898743927478 1.98
      vertex 18.33013461828232 30.58892315328121 2.5
    endloop
  endfacet
  facet normal -0.7671191156370296 -0.6415046862060024 0
    outer loop
      vertex 18.34630384594202 30.569898743927478 1.98
      vertex 18.362473073601723 30.550563384592532 1.98
      vertex 18.34630384594202 30.569898743927478 2.5
    endloop
  endfacet
  facet normal 0.6841322703883914 0.7293579619180318 0
    outer loop
      vertex 18.276274996995927 31.016862501204013 1.98
      vertex 18.298294673860074 30.996208210289478 2.5
      vertex 18.298294673860074 30.996208210289478 1.98
    endloop
  endfacet
  facet normal 0.7004451990464599 0.713706188240487 0
    outer loop
      vertex 18.298294673860074 30.996208210289478 1.98
      vertex 18.32209985256195 30.972845342755317 2.5
      vertex 18.32209985256195 30.972845342755317 1.98
    endloop
  endfacet
  facet normal 0.7136562599034988 0.7004960690114899 0
    outer loop
      vertex 18.32209985256195 30.972845342755317 1.98
      vertex 18.34769053310156 30.94677389115095 2.5
      vertex 18.34769053310156 30.94677389115095 1.98
    endloop
  endfacet
  facet normal 0.043006511807678234 0.9990747919661149 0
    outer loop
      vertex 18.39039393812418 28.44871353805065 1.98
      vertex 18.477437275648118 28.444966641068458 2.5
      vertex 18.477437275648118 28.444966641068458 1.98
    endloop
  endfacet
  facet normal 0.07440920812744962 0.9972277923051713 0
    outer loop
      vertex 18.477437275648118 28.444966641068458 1.98
      vertex 18.561130027472974 28.438721817731857 2.5
      vertex 18.561130027472974 28.438721817731857 1.98
    endloop
  endfacet
  facet normal 0.10818032711717489 0.9941312875193201 0
    outer loop
      vertex 18.561130027472974 28.438721817731857 1.98
      vertex 18.641472186148167 28.429979068040847 2.5
      vertex 18.641472186148167 28.429979068040847 1.98
    endloop
  endfacet
  facet normal -0.7721244539171446 -0.6354713429126063 0
    outer loop
      vertex 18.378642308712006 30.530917082726955 1.98
      vertex 18.362473073601723 30.550563384592532 2.5
      vertex 18.362473073601723 30.550563384592532 1.98
    endloop
  endfacet
  facet normal -0.7769903766359021 -0.6295124737566358 0
    outer loop
      vertex 18.378642308712006 30.530917082726955 1.98
      vertex 18.39481153637171 30.510959838330745 1.98
      vertex 18.378642308712006 30.530917082726955 2.5
    endloop
  endfacet
  facet normal -0.7817207429974417 -0.6236286394702603 0
    outer loop
      vertex 18.39481153637171 30.510959838330745 1.98
      vertex 18.41098077148199 30.490691643953323 1.98
      vertex 18.39481153637171 30.510959838330745 2.5
    endloop
  endfacet
  facet normal -0.7863201959967654 -0.6178191882481545 0
    outer loop
      vertex 18.41098077148199 30.490691643953323 1.98
      vertex 18.427149999141694 30.470112499594688 1.98
      vertex 18.41098077148199 30.490691643953323 2.5
    endloop
  endfacet
  facet normal -0.786845524418288 -0.6171499985440406 0
    outer loop
      vertex 18.443424704670907 30.449362796545028 1.98
      vertex 18.427149999141694 30.470112499594688 2.5
      vertex 18.427149999141694 30.470112499594688 1.98
    endloop
  endfacet
  facet normal -0.7834048854500687 -0.6215116937379093 0
    outer loop
      vertex 18.443424704670907 30.449362796545028 1.98
      vertex 18.45991035848856 30.42858291119337 1.98
      vertex 18.443424704670907 30.449362796545028 2.5
    endloop
  endfacet
  facet normal -0.7799803178464998 -0.6258040458259065 0
    outer loop
      vertex 18.45991035848856 30.42858291119337 1.98
      vertex 18.476606953144074 30.407772858440875 1.98
      vertex 18.45991035848856 30.42858291119337 2.5
    endloop
  endfacet
  facet normal -0.7765725301957994 -0.6300278607691048 0
    outer loop
      vertex 18.476606953144074 30.407772858440875 1.98
      vertex 18.49351449608803 30.3869326159358 1.98
      vertex 18.476606953144074 30.407772858440875 2.5
    endloop
  endfacet
  facet normal -0.769807888140305 -0.6382756578132709 0
    outer loop
      vertex 18.52796242684126 30.345161613821983 1.98
      vertex 18.510632987320424 30.36606220602989 2.5
      vertex 18.510632987320424 30.36606220602989 1.98
    endloop
  endfacet
  facet normal -0.7731814090014837 -0.6341849168613838 0
    outer loop
      vertex 18.49351449608803 30.3869326159358 1.98
      vertex 18.510632987320424 30.36606220602989 1.98
      vertex 18.49351449608803 30.3869326159358 2.5
    endloop
  endfacet
  facet normal 0.7245573328938926 0.6892145321666462 0
    outer loop
      vertex 18.34769053310156 30.94677389115095 1.98
      vertex 18.375066715478898 30.91799386292696 2.5
      vertex 18.375066715478898 30.91799386292696 1.98
    endloop
  endfacet
  facet normal 0.7336960670691244 0.6794778003491349 0
    outer loop
      vertex 18.375066715478898 30.91799386292696 1.98
      vertex 18.404228399693967 30.886505250632762 2.5
      vertex 18.404228399693967 30.886505250632762 1.98
    endloop
  endfacet
  facet normal 0.741461563671594 0.6709953424560223 0
    outer loop
      vertex 18.404228399693967 30.886505250632762 1.98
      vertex 18.435175593197346 30.85230806171894 2.5
      vertex 18.435175593197346 30.85230806171894 1.98
    endloop
  endfacet
  facet normal 0.748138011398537 0.663543153005622 0
    outer loop
      vertex 18.435175593197346 30.85230806171894 1.98
      vertex 18.467908281087876 30.815402296185493 2.5
      vertex 18.467908281087876 30.815402296185493 1.98
    endloop
  endfacet
  facet normal 0.753936640228346 0.656947138300483 0
    outer loop
      vertex 18.467908281087876 30.815402296185493 1.98
      vertex 18.502426478266717 30.77578794658184 2.5
      vertex 18.502426478266717 30.77578794658184 1.98
    endloop
  endfacet
  facet normal -0.7664521256459781 -0.642301439429153 0
    outer loop
      vertex 18.52796242684126 30.345161613821983 1.98
      vertex 18.545502807199956 30.324230846762656 1.98
      vertex 18.52796242684126 30.345161613821983 2.5
    endloop
  endfacet
  facet normal -0.7631142752531875 -0.6462635707703184 0
    outer loop
      vertex 18.545502807199956 30.324230846762656 1.98
      vertex 18.563254143297673 30.303269897401332 1.98
      vertex 18.545502807199956 30.324230846762656 2.5
    endloop
  endfacet
  facet normal -0.7597949561588435 -0.6501627677709493 0
    outer loop
      vertex 18.563254143297673 30.303269897401332 1.98
      vertex 18.58121642023325 30.28227877318859 1.98
      vertex 18.563254143297673 30.303269897401332 2.5
    endloop
  endfacet
  facet normal -0.7564941659683276 -0.6540004410211697 0
    outer loop
      vertex 18.58121642023325 30.28227877318859 1.98
      vertex 18.59938964545727 30.26125747412443 1.98
      vertex 18.58121642023325 30.28227877318859 2.5
    endloop
  endfacet
  facet normal -0.7532124185068998 -0.6577773579312282 0
    outer loop
      vertex 18.59938964545727 30.26125747412443 1.98
      vertex 18.617773818969727 30.240205992758273 1.98
      vertex 18.59938964545727 30.26125747412443 2.5
    endloop
  endfacet
  facet normal -0.7499498591331956 -0.6614946778214471 0
    outer loop
      vertex 18.617773818969727 30.240205992758273 1.98
      vertex 18.636368933320046 30.2191243365407 1.98
      vertex 18.617773818969727 30.240205992758273 2.5
    endloop
  endfacet
  facet normal -0.7467065486305734 -0.6651536140112427 0
    outer loop
      vertex 18.636368933320046 30.2191243365407 1.98
      vertex 18.655175003409386 30.198012498021125 1.98
      vertex 18.636368933320046 30.2191243365407 2.5
    endloop
  endfacet
  facet normal -0.7409242945094965 -0.6715885569346793 0
    outer loop
      vertex 18.655175003409386 30.198012498021125 1.98
      vertex 18.674253399670125 30.1769644215703 1.98
      vertex 18.655175003409386 30.198012498021125 2.5
    endloop
  endfacet
  facet normal -0.7325404884377223 -0.6807234627948586 0
    outer loop
      vertex 18.693673226237298 30.156066347658633 1.98
      vertex 18.674253399670125 30.1769644215703 2.5
      vertex 18.674253399670125 30.1769644215703 1.98
    endloop
  endfacet
  facet normal 0.759018188640222 0.6510694197344217 0
    outer loop
      vertex 18.502426478266717 30.77578794658184 1.98
      vertex 18.538730177283288 30.73346501290798 2.5
      vertex 18.538730177283288 30.73346501290798 1.98
    endloop
  endfacet
  facet normal 0.7635065366432549 0.645800099491338 0
    outer loop
      vertex 18.538730177283288 30.73346501290798 1.98
      vertex 18.57681937813759 30.688433502614497 2.5
      vertex 18.57681937813759 30.688433502614497 1.98
    endloop
  endfacet
  facet normal 0.7674989491889662 0.6410502031774367 0
    outer loop
      vertex 18.57681937813759 30.688433502614497 1.98
      vertex 18.61669408082962 30.64069341570139 2.5
      vertex 18.61669408082962 30.64069341570139 1.98
    endloop
  endfacet
  facet normal 0.7710725923505073 0.6367472475997585 0
    outer loop
      vertex 18.61669408082962 30.64069341570139 1.98
      vertex 18.658354292809964 30.590244752168655 2.5
      vertex 18.658354292809964 30.590244752168655 1.98
    endloop
  endfacet
  facet normal 0 0 -1
    outer loop
      vertex 18.65085354745388 27.11724444925785 1.98
      vertex 18.711333724856377 27.12535451054573 1.98
      vertex 18.720324705541135 26.820857916772365 1.98
    endloop
  endfacet
  facet normal 0 0 -1
    outer loop
      vertex 18.711333724856377 27.12535451054573 1.98
      vertex 18.794156807661057 26.83431989401579 1.98
      vertex 18.720324705541135 26.820857916772365 1.98
    endloop
  endfacet
  facet normal 0 0 -1
    outer loop
      vertex 18.711333724856377 27.12535451054573 1.98
      vertex 18.76858372539282 27.134939123690128 1.98
      vertex 18.794156807661057 26.83431989401579 1.98
    endloop
  endfacet
  facet normal 0 0 -1
    outer loop
      vertex 18.76858372539282 27.134939123690128 1.98
      vertex 18.864577959477902 26.85022951364517 1.98
      vertex 18.794156807661057 26.83431989401579 1.98
    endloop
  endfacet
  facet normal 0 0 -1
    outer loop
      vertex 18.76858372539282 27.134939123690128 1.98
      vertex 18.822603549063206 27.145998296141624 1.98
      vertex 18.864577959477902 26.85022951364517 1.98
    endloop
  endfacet
  facet normal 0 0 -1
    outer loop
      vertex 18.64528624266386 28.121179808676242 1.98
      vertex 18.71846375912428 28.41873838454485 1.98
      vertex 18.705195266008378 28.11301441937685 1.98
    endloop
  endfacet
  facet normal 0 0 -1
    outer loop
      vertex 18.705195266008378 28.11301441937685 1.98
      vertex 18.79210473150015 28.404999774694442 1.98
      vertex 18.762054878473283 28.103364419937133 1.98
    endloop
  endfacet
  facet normal 0 0 -1
    outer loop
      vertex 18.762054878473283 28.103364419937133 1.98
      vertex 18.862395118176938 28.388763238489627 1.98
      vertex 18.815865087509156 28.092229810357093 1.98
    endloop
  endfacet
  facet normal 0 0 -1
    outer loop
      vertex 18.864577959477902 26.85022951364517 1.98
      vertex 18.822603549063206 27.145998296141624 1.98
      vertex 18.93158816844225 26.868586760759353 1.98
    endloop
  endfacet
  facet normal 0 0 -1
    outer loop
      vertex 18.822603549063206 27.145998296141624 1.98
      vertex 18.87339319586754 27.15853202790022 1.98
      vertex 18.93158816844225 26.868586760759353 1.98
    endloop
  endfacet
  facet normal 0 0 -1
    outer loop
      vertex 18.93158816844225 26.868586760759353 1.98
      vertex 18.87339319586754 27.15853202790022 1.98
      vertex 18.99518742710352 26.889391642808913 1.98
    endloop
  endfacet
  facet normal 0 0 -1
    outer loop
      vertex 18.87339319586754 27.15853202790022 1.98
      vertex 18.920952665805817 27.17254031151533 1.98
      vertex 18.99518742710352 26.889391642808913 1.98
    endloop
  endfacet
  facet normal 0 0 -1
    outer loop
      vertex 18.920952665805817 27.17254031151533 1.98
      vertex 18.96528195142746 27.18802315443754 1.98
      vertex 19.055375742912293 26.912644159793853 1.98
    endloop
  endfacet
  facet normal 0 0 -1
    outer loop
      vertex 18.920952665805817 27.17254031151533 1.98
      vertex 19.055375742912293 26.912644159793853 1.98
      vertex 18.99518742710352 26.889391642808913 1.98
    endloop
  endfacet
  facet normal 0 0 -1
    outer loop
      vertex 18.815865087509156 28.092229810357093 1.98
      vertex 18.929334911704064 28.370028768479823 1.98
      vertex 18.866625885665417 28.07961057573557 1.98
    endloop
  endfacet
  facet normal 0 0 -1
    outer loop
      vertex 18.866625885665417 28.07961057573557 1.98
      vertex 18.99292411208153 28.34879637211561 1.98
      vertex 18.914337280392648 28.06550673097372 1.98
    endloop
  endfacet
  facet normal 0 0 -1
    outer loop
      vertex 18.866625885665417 28.07961057573557 1.98
      vertex 18.929334911704064 28.370028768479823 1.98
      vertex 18.99292411208153 28.34879637211561 1.98
    endloop
  endfacet
  facet normal 0 0 -1
    outer loop
      vertex 18.914337280392648 28.06550673097372 1.98
      vertex 19.05316271930933 28.32506604939699 1.98
      vertex 18.958999256789685 28.049918268620967 1.98
    endloop
  endfacet
  facet normal 0 0 -1
    outer loop
      vertex 18.914337280392648 28.06550673097372 1.98
      vertex 18.99292411208153 28.34879637211561 1.98
      vertex 19.05316271930933 28.32506604939699 1.98
    endloop
  endfacet
  facet normal 0 0 -1
    outer loop
      vertex 19.495200003683568 25.95773750245571 1.98
      vertex 19.254518423910145 25.936612497270108 1.98
      vertex 18.801488725199746 25.936612497270108 1.98
    endloop
  endfacet
  facet normal 0 0 -1
    outer loop
      vertex 19.495200003683568 25.95773750245571 1.98
      vertex 19.137017881689697 25.857792079026172 1.98
      vertex 19.254518423910145 25.936612497270108 1.98
    endloop
  endfacet
  facet normal 0 0 -1
    outer loop
      vertex 18.96528195142746 27.18802315443754 1.98
      vertex 19.11215310841799 26.93834430426359 1.98
      vertex 19.055375742912293 26.912644159793853 1.98
    endloop
  endfacet
  facet normal 0 0 -1
    outer loop
      vertex 18.96528195142746 27.18802315443754 1.98
      vertex 19.00638106763363 27.20498054921627 1.98
      vertex 19.11215310841799 26.93834430426359 1.98
    endloop
  endfacet
  facet normal 0 0 -1
    outer loop
      vertex 19.00638106763363 27.20498054921627 1.98
      vertex 19.044249999523164 27.223412503302097 1.98
      vertex 19.165519523620606 26.966492083668708 1.98
    endloop
  endfacet
  facet normal 0 0 -1
    outer loop
      vertex 19.00638106763363 27.20498054921627 1.98
      vertex 19.165519523620606 26.966492083668708 1.98
      vertex 19.11215310841799 26.93834430426359 1.98
    endloop
  endfacet
  facet normal 0 0 -1
    outer loop
      vertex 19.044249999523164 27.223412503302097 1.98
      vertex 19.215475003421307 26.997087498009204 1.98
      vertex 19.165519523620606 26.966492083668708 1.98
    endloop
  endfacet
  facet normal 0 0 -1
    outer loop
      vertex 19.044249999523164 27.223412503302097 1.98
      vertex 19.079109470546246 27.243449483811855 1.98
      vertex 19.215475003421307 26.997087498009204 1.98
    endloop
  endfacet
  facet normal 0 0 -1
    outer loop
      vertex 19.079109470546246 27.243449483811855 1.98
      vertex 19.11118017435074 27.265221965312957 1.98
      vertex 19.26186923235655 27.030120638012885 1.98
    endloop
  endfacet
  facet normal 0 0 -1
    outer loop
      vertex 18.958999256789685 28.049918268620967 1.98
      vertex 19.11005074083805 28.298837792873382 1.98
      vertex 19.00061183720827 28.03284518867731 1.98
    endloop
  endfacet
  facet normal 0 0 -1
    outer loop
      vertex 18.958999256789685 28.049918268620967 1.98
      vertex 19.05316271930933 28.32506604939699 1.98
      vertex 19.11005074083805 28.298837792873382 1.98
    endloop
  endfacet
  facet normal 0 0 -1
    outer loop
      vertex 19.00061183720827 28.03284518867731 1.98
      vertex 19.16358816921711 28.270111609995364 1.98
      vertex 19.039174999296666 28.01428749859333 1.98
    endloop
  endfacet
  facet normal 0 0 -1
    outer loop
      vertex 19.039174999296666 28.01428749859333 1.98
      vertex 19.213774996995927 28.23888750076294 1.98
      vertex 19.074785205721856 27.994134691357612 1.98
    endloop
  endfacet
  facet normal 0 0 -1
    outer loop
      vertex 19.00061183720827 28.03284518867731 1.98
      vertex 19.11005074083805 28.298837792873382 1.98
      vertex 19.16358816921711 28.270111609995364 1.98
    endloop
  endfacet
  facet normal 0 0 -1
    outer loop
      vertex 19.074785205721856 27.994134691357612 1.98
      vertex 19.260420712828637 28.205229510366916 1.98
      vertex 19.107546600699425 27.972276259958743 1.98
    endloop
  endfacet
  facet normal 0 0 -1
    outer loop
      vertex 19.039174999296666 28.01428749859333 1.98
      vertex 19.16358816921711 28.270111609995364 1.98
      vertex 19.213774996995927 28.23888750076294 1.98
    endloop
  endfacet
  facet normal 0 0 -1
    outer loop
      vertex 19.079109470546246 27.243449483811855 1.98
      vertex 19.26186923235655 27.030120638012885 1.98
      vertex 19.215475003421307 26.997087498009204 1.98
    endloop
  endfacet
  facet normal 0 0 -1
    outer loop
      vertex 19.11118017435074 27.265221965312957 1.98
      vertex 19.30455192476511 27.065581579506397 1.98
      vertex 19.26186923235655 27.030120638012885 1.98
    endloop
  endfacet
  facet normal 0 0 -1
    outer loop
      vertex 19.11118017435074 27.265221965312957 1.98
      vertex 19.140462133288384 27.288729955255985 1.98
      vertex 19.30455192476511 27.065581579506397 1.98
    endloop
  endfacet
  facet normal 0 0 -1
    outer loop
      vertex 19.140462133288384 27.288729955255985 1.98
      vertex 19.16695532500744 27.313973446190356 1.98
      vertex 19.343523080646992 27.1034703373909 1.98
    endloop
  endfacet
  facet normal 0 0 -1
    outer loop
      vertex 19.16695532500744 27.313973446190356 1.98
      vertex 19.190659764409066 27.340952438116073 1.98
      vertex 19.378782692551614 27.143786911666393 1.98
    endloop
  endfacet
  facet normal 0 0 -1
    outer loop
      vertex 19.140462133288384 27.288729955255985 1.98
      vertex 19.343523080646992 27.1034703373909 1.98
      vertex 19.30455192476511 27.065581579506397 1.98
    endloop
  endfacet
  facet normal 0 0 -1
    outer loop
      vertex 19.190659764409066 27.340952438116073 1.98
      vertex 19.211575444042683 27.369666938483714 1.98
      vertex 19.410330767929555 27.186531287431716 1.98
    endloop
  endfacet
  facet normal 0 0 -1
    outer loop
      vertex 19.16695532500744 27.313973446190356 1.98
      vertex 19.378782692551614 27.143786911666393 1.98
      vertex 19.343523080646992 27.1034703373909 1.98
    endloop
  endfacet
  facet normal 0 0 -1
    outer loop
      vertex 19.190659764409066 27.340952438116073 1.98
      vertex 19.410330767929555 27.186531287431716 1.98
      vertex 19.378782692551614 27.143786911666393 1.98
    endloop
  endfacet
  facet normal 0 0 -1
    outer loop
      vertex 19.211575444042683 27.369666938483714 1.98
      vertex 19.22970236390829 27.4001169398427 1.98
      vertex 19.438167306780816 27.23170347958803 1.98
    endloop
  endfacet
  facet normal 0 0 -1
    outer loop
      vertex 19.22970236390829 27.4001169398427 1.98
      vertex 19.24504053145647 27.43230244219303 1.98
      vertex 19.462292309105397 27.279303473234176 1.98
    endloop
  endfacet
  facet normal 0 0 -1
    outer loop
      vertex 19.107546600699425 27.972276259958743 1.98
      vertex 19.303334760665894 28.169194009900092 1.98
      vertex 19.137459169328213 27.948712204396724 1.98
    endloop
  endfacet
  facet normal 0 0 -1
    outer loop
      vertex 19.074785205721856 27.994134691357612 1.98
      vertex 19.213774996995927 28.23888750076294 1.98
      vertex 19.260420712828637 28.205229510366916 1.98
    endloop
  endfacet
  facet normal 0 0 -1
    outer loop
      vertex 19.137459169328213 27.948712204396724 1.98
      vertex 19.34251716285944 28.130780991911887 1.98
      vertex 19.16452292650938 27.923442532122134 1.98
    endloop
  endfacet
  facet normal 0 0 -1
    outer loop
      vertex 19.16452292650938 27.923442532122134 1.98
      vertex 19.377967897057534 28.0899904564023 1.98
      vertex 19.18873787224293 27.896467235684394 1.98
    endloop
  endfacet
  facet normal 0 0 -1
    outer loop
      vertex 19.107546600699425 27.972276259958743 1.98
      vertex 19.260420712828637 28.205229510366916 1.98
      vertex 19.303334760665894 28.169194009900092 1.98
    endloop
  endfacet
  facet normal 0 0 -1
    outer loop
      vertex 19.22862129956484 27.83739977777004 1.98
      vertex 19.461930181086064 27.953353774547576 1.98
      vertex 19.244289796054364 27.80530761629343 1.98
    endloop
  endfacet
  facet normal 0 0 -1
    outer loop
      vertex 19.244289796054364 27.80530761629343 1.98
      vertex 19.48245428800583 27.903053183853626 1.98
      vertex 19.257109466195107 27.771509838104247 1.98
    endloop
  endfacet
  facet normal 0 0 -1
    outer loop
      vertex 19.137459169328213 27.948712204396724 1.98
      vertex 19.303334760665894 28.169194009900092 1.98
      vertex 19.34251716285944 28.130780991911887 1.98
    endloop
  endfacet
  facet normal 0 0 -1
    outer loop
      vertex 19.210103991627694 27.867786315083503 1.98
      vertex 19.18873787224293 27.896467235684394 1.98
      vertex 19.409686985611916 28.046822410821914 1.98
    endloop
  endfacet
  facet normal 0 0 -1
    outer loop
      vertex 19.210103991627694 27.867786315083503 1.98
      vertex 19.437674406170846 28.001276847720145 1.98
      vertex 19.22862129956484 27.83739977777004 1.98
    endloop
  endfacet
  facet normal 0 0 -1
    outer loop
      vertex 19.16452292650938 27.923442532122134 1.98
      vertex 19.34251716285944 28.130780991911887 1.98
      vertex 19.377967897057534 28.0899904564023 1.98
    endloop
  endfacet
  facet normal 0 0 -1
    outer loop
      vertex 19.18873787224293 27.896467235684394 1.98
      vertex 19.377967897057534 28.0899904564023 1.98
      vertex 19.409686985611916 28.046822410821914 1.98
    endloop
  endfacet
  facet normal 0 0 -1
    outer loop
      vertex 18.705195266008378 28.11301441937685 1.98
      vertex 18.71846375912428 28.41873838454485 1.98
      vertex 18.79210473150015 28.404999774694442 1.98
    endloop
  endfacet
  facet normal 0 0 -1
    outer loop
      vertex 18.762054878473283 28.103364419937133 1.98
      vertex 18.79210473150015 28.404999774694442 1.98
      vertex 18.862395118176938 28.388763238489627 1.98
    endloop
  endfacet
  facet normal 0 0 -1
    outer loop
      vertex 18.815865087509156 28.092229810357093 1.98
      vertex 18.862395118176938 28.388763238489627 1.98
      vertex 18.929334911704064 28.370028768479823 1.98
    endloop
  endfacet
  facet normal 0 0 -1
    outer loop
      vertex 18.617773818969727 30.240205992758273 1.98
      vertex 18.819739352166653 30.398896668851375 1.98
      vertex 18.636368933320046 30.2191243365407 1.98
    endloop
  endfacet
  facet normal 0 0 -1
    outer loop
      vertex 18.636368933320046 30.2191243365407 1.98
      vertex 18.842214199900628 30.374088090658187 1.98
      vertex 18.655175003409386 30.198012498021125 1.98
    endloop
  endfacet
  facet normal 0 0 -1
    outer loop
      vertex 18.563254143297673 30.303269897401332 1.98
      vertex 18.750088754296304 30.4789815813303 1.98
      vertex 18.77367662936449 30.45134341418743 1.98
    endloop
  endfacet
  facet normal 0 0 -1
    outer loop
      vertex 18.59938964545727 30.26125747412443 1.98
      vertex 18.77367662936449 30.45134341418743 1.98
      vertex 18.796893487870694 30.42464844584465 1.98
    endloop
  endfacet
  facet normal 0 0 -1
    outer loop
      vertex 18.655175003409386 30.198012498021125 1.98
      vertex 18.86431804597378 30.350222703814506 1.98
      vertex 18.674253399670125 30.1769644215703 1.98
    endloop
  endfacet
  facet normal 0 0 -1
    outer loop
      vertex 18.693673226237298 30.156066347658633 1.98
      vertex 18.674253399670125 30.1769644215703 1.98
      vertex 18.86431804597378 30.350222703814506 1.98
    endloop
  endfacet
  facet normal 0 0 -1
    outer loop
      vertex 18.693673226237298 30.156066347658633 1.98
      vertex 18.886050890386105 30.32730051577091 1.98
      vertex 18.713434468209744 30.135318268835544 1.98
    endloop
  endfacet
  facet normal 0 0 -1
    outer loop
      vertex 18.617773818969727 30.240205992758273 1.98
      vertex 18.796893487870694 30.42464844584465 1.98
      vertex 18.819739352166653 30.398896668851375 1.98
    endloop
  endfacet
  facet normal 0 0 -1
    outer loop
      vertex 18.733537133038045 30.114720192551612 1.98
      vertex 18.928403551876546 30.284285721182822 1.98
      vertex 18.75398121327162 30.09427211880684 1.98
    endloop
  endfacet
  facet normal 0 0 -1
    outer loop
      vertex 18.75398121327162 30.09427211880684 1.98
      vertex 18.94902337640524 30.26419312208891 1.98
      vertex 18.774766716361047 30.07397404015064 1.98
    endloop
  endfacet
  facet normal 0 0 -1
    outer loop
      vertex 18.636368933320046 30.2191243365407 1.98
      vertex 18.819739352166653 30.398896668851375 1.98
      vertex 18.842214199900628 30.374088090658187 1.98
    endloop
  endfacet
  facet normal 0 0 -1
    outer loop
      vertex 18.713434468209744 30.135318268835544 1.98
      vertex 18.907412718236447 30.305321526527404 1.98
      vertex 18.733537133038045 30.114720192551612 1.98
    endloop
  endfacet
  facet normal 0 0 -1
    outer loop
      vertex 18.655175003409386 30.198012498021125 1.98
      vertex 18.842214199900628 30.374088090658187 1.98
      vertex 18.86431804597378 30.350222703814506 1.98
    endloop
  endfacet
  facet normal 0 0 -1
    outer loop
      vertex 18.693673226237298 30.156066347658633 1.98
      vertex 18.86431804597378 30.350222703814506 1.98
      vertex 18.886050890386105 30.32730051577091 1.98
    endloop
  endfacet
  facet normal 0 0 -1
    outer loop
      vertex 18.713434468209744 30.135318268835544 1.98
      vertex 18.886050890386105 30.32730051577091 1.98
      vertex 18.907412718236447 30.305321526527404 1.98
    endloop
  endfacet
  facet normal 0 0 -1
    outer loop
      vertex 18.774766716361047 30.07397404015064 1.98
      vertex 18.96927219182253 30.2450437143445 1.98
      vertex 18.79589364230633 30.053825964033603 1.98
    endloop
  endfacet
  facet normal 0 0 -1
    outer loop
      vertex 18.79589364230633 30.053825964033603 1.98
      vertex 18.989149998128415 30.2268374979496 1.98
      vertex 18.817361983656884 30.03382788300514 1.98
    endloop
  endfacet
  facet normal 0 0 -1
    outer loop
      vertex 18.817361983656884 30.03382788300514 1.98
      vertex 19.008787128329278 30.209484097361564 1.98
      vertex 18.839171747863293 30.013979804515838 1.98
    endloop
  endfacet
  facet normal 0 0 -1
    outer loop
      vertex 18.839171747863293 30.013979804515838 1.98
      vertex 19.02831390798092 30.192893122136592 1.98
      vertex 18.861322927474976 29.994281728565692 1.98
    endloop
  endfacet
  facet normal 0 0 -1
    outer loop
      vertex 18.733537133038045 30.114720192551612 1.98
      vertex 18.907412718236447 30.305321526527404 1.98
      vertex 18.928403551876546 30.284285721182822 1.98
    endloop
  endfacet
  facet normal 0 0 -1
    outer loop
      vertex 18.75398121327162 30.09427211880684 1.98
      vertex 18.928403551876546 30.284285721182822 1.98
      vertex 18.94902337640524 30.26419312208891 1.98
    endloop
  endfacet
  facet normal 0 0 -1
    outer loop
      vertex 18.774766716361047 30.07397404015064 1.98
      vertex 18.94902337640524 30.26419312208891 1.98
      vertex 18.96927219182253 30.2450437143445 1.98
    endloop
  endfacet
  facet normal 0 0 -1
    outer loop
      vertex 18.79589364230633 30.053825964033603 1.98
      vertex 18.96927219182253 30.2450437143445 1.98
      vertex 18.989149998128415 30.2268374979496 1.98
    endloop
  endfacet
  facet normal 0 0 -1
    outer loop
      vertex 18.861322927474976 29.994281728565692 1.98
      vertex 19.04773032218218 30.177064572274684 1.98
      vertex 18.883815529942513 29.974733655154704 1.98
    endloop
  endfacet
  facet normal 0 0 -1
    outer loop
      vertex 18.817361983656884 30.03382788300514 1.98
      vertex 18.989149998128415 30.2268374979496 1.98
      vertex 19.008787128329278 30.209484097361564 1.98
    endloop
  endfacet
  facet normal 0 0 -1
    outer loop
      vertex 18.883815529942513 29.974733655154704 1.98
      vertex 19.0670363932848 30.16199844777584 1.98
      vertex 18.906649555265904 29.955335576832294 1.98
    endloop
  endfacet
  facet normal 0 0 -1
    outer loop
      vertex 18.839171747863293 30.013979804515838 1.98
      vertex 19.008787128329278 30.209484097361564 1.98
      vertex 19.02831390798092 30.192893122136592 1.98
    endloop
  endfacet
  facet normal 0 0 -1
    outer loop
      vertex 18.906649555265904 29.955335576832294 1.98
      vertex 19.086232098937035 30.14769474864006 1.98
      vertex 18.92982500344515 29.93608750104904 1.98
    endloop
  endfacet
  facet normal 0 0 -1
    outer loop
      vertex 18.861322927474976 29.994281728565692 1.98
      vertex 19.02831390798092 30.192893122136592 1.98
      vertex 19.04773032218218 30.177064572274684 1.98
    endloop
  endfacet
  facet normal 0 0 -1
    outer loop
      vertex 18.92982500344515 29.93608750104904 1.98
      vertex 19.10531745404005 30.134153474867343 1.98
      vertex 18.953443194925786 29.91714401245117 1.98
    endloop
  endfacet
  facet normal 0 0 -1
    outer loop
      vertex 18.883815529942513 29.974733655154704 1.98
      vertex 19.04773032218218 30.177064572274684 1.98
      vertex 19.0670363932848 30.16199844777584 1.98
    endloop
  endfacet
  facet normal 0 0 -1
    outer loop
      vertex 19.123925003409386 28.902737502753734 1.98
      vertex 19.123925003409386 29.233312499523162 1.98
      vertex 19.495200003683568 28.902737502753734 1.98
    endloop
  endfacet
  facet normal 0 0 -1
    outer loop
      vertex 18.953443194925786 29.91714401245117 1.98
      vertex 19.124292458593846 30.12137462645769 1.98
      vertex 18.97761316895485 29.898651999235152 1.98
    endloop
  endfacet
  facet normal 0 0 -1
    outer loop
      vertex 18.97761316895485 29.898651999235152 1.98
      vertex 19.14315709769726 30.109358210861682 1.98
      vertex 19.00233491063118 29.880611461400985 1.98
    endloop
  endfacet
  facet normal 0 0 -1
    outer loop
      vertex 18.906649555265904 29.955335576832294 1.98
      vertex 19.0670363932848 30.16199844777584 1.98
      vertex 19.086232098937035 30.14769474864006 1.98
    endloop
  endfacet
  facet normal 0 0 -1
    outer loop
      vertex 18.92982500344515 29.93608750104904 1.98
      vertex 19.086232098937035 30.14769474864006 1.98
      vertex 19.10531745404005 30.134153474867343 1.98
    endloop
  endfacet
  facet normal 0 0 -1
    outer loop
      vertex 19.00233491063118 29.880611461400985 1.98
      vertex 19.16191139370203 30.098104213178157 1.98
      vertex 19.02760843485594 29.86302241384983 1.98
    endloop
  endfacet
  facet normal 0 0 -1
    outer loop
      vertex 18.953443194925786 29.91714401245117 1.98
      vertex 19.10531745404005 30.134153474867343 1.98
      vertex 19.124292458593846 30.12137462645769 1.98
    endloop
  endfacet
  facet normal 0 0 -1
    outer loop
      vertex 18.97761316895485 29.898651999235152 1.98
      vertex 19.124292458593846 30.12137462645769 1.98
      vertex 19.14315709769726 30.109358210861682 1.98
    endloop
  endfacet
  facet normal 0 0 -1
    outer loop
      vertex 19.02760843485594 29.86302241384983 1.98
      vertex 19.18055532425642 30.087612648308276 1.98
      vertex 19.053433726727963 29.845884834229945 1.98
    endloop
  endfacet
  facet normal 0 0 -1
    outer loop
      vertex 19.053433726727963 29.845884834229945 1.98
      vertex 19.19908890426159 30.07788350880146 1.98
      vertex 19.079810801148415 29.829198744893073 1.98
    endloop
  endfacet
  facet normal 0 0 -1
    outer loop
      vertex 19.00233491063118 29.880611461400985 1.98
      vertex 19.14315709769726 30.109358210861682 1.98
      vertex 19.16191139370203 30.098104213178157 1.98
    endloop
  endfacet
  facet normal 0 0 -1
    outer loop
      vertex 19.02760843485594 29.86302241384983 1.98
      vertex 19.16191139370203 30.098104213178157 1.98
      vertex 19.18055532425642 30.087612648308276 1.98
    endloop
  endfacet
  facet normal 0 0 -1
    outer loop
      vertex 19.079810801148415 29.829198744893073 1.98
      vertex 19.217512133717538 30.068916787207126 1.98
      vertex 19.106739643216134 29.812964130938052 1.98
    endloop
  endfacet
  facet normal 0 0 -1
    outer loop
      vertex 19.106739643216134 29.812964130938052 1.98
      vertex 19.235824997723103 30.060712498426437 1.98
      vertex 19.13422026783228 29.797180992364883 1.98
    endloop
  endfacet
  facet normal 0 0 -1
    outer loop
      vertex 19.053433726727963 29.845884834229945 1.98
      vertex 19.18055532425642 30.087612648308276 1.98
      vertex 19.19908890426159 30.07788350880146 1.98
    endloop
  endfacet
  facet normal 0 0 -1
    outer loop
      vertex 19.079810801148415 29.829198744893073 1.98
      vertex 19.19908890426159 30.07788350880146 1.98
      vertex 19.217512133717538 30.068916787207126 1.98
    endloop
  endfacet
  facet normal 0 0 -1
    outer loop
      vertex 19.162252660095692 29.781849336624145 1.98
      vertex 19.13422026783228 29.797180992364883 1.98
      vertex 19.235824997723103 30.060712498426437 1.98
    endloop
  endfacet
  facet normal 0 0 -1
    outer loop
      vertex 19.162252660095692 29.781849336624145 1.98
      vertex 19.235824997723103 30.060712498426437 1.98
      vertex 19.190836834907532 29.766969156265258 1.98
    endloop
  endfacet
  facet normal 0 0 -1
    outer loop
      vertex 19.106739643216134 29.812964130938052 1.98
      vertex 19.217512133717538 30.068916787207126 1.98
      vertex 19.235824997723103 30.060712498426437 1.98
    endloop
  endfacet
  facet normal 0 0 -1
    outer loop
      vertex 19.190836834907532 29.766969156265258 1.98
      vertex 19.235824997723103 30.060712498426437 1.98
      vertex 19.21997277736664 29.752540458738803 1.98
    endloop
  endfacet
  facet normal 0 0 -1
    outer loop
      vertex 19.21997277736664 29.752540458738803 1.98
      vertex 19.235824997723103 30.060712498426437 1.98
      vertex 19.249660502374173 29.7385632365942 1.98
    endloop
  endfacet
  facet normal 0 0 -1
    outer loop
      vertex 19.249660502374173 29.7385632365942 1.98
      vertex 19.235824997723103 30.060712498426437 1.98
      vertex 19.279900002479554 29.725037497282027 1.98
    endloop
  endfacet
  facet normal 0 0 -1
    outer loop
      vertex 19.235824997723103 30.060712498426437 1.98
      vertex 19.235824997723103 31.30676249861717 1.98
      vertex 19.495200003683568 31.30676249861717 1.98
    endloop
  endfacet
  facet normal 0 0 -1
    outer loop
      vertex 19.495200003683568 25.95773750245571 1.98
      vertex 19.427389158803177 25.90628011995908 1.98
      vertex 19.137017881689697 25.857792079026172 1.98
    endloop
  endfacet
  facet normal 0 0 -1
    outer loop
      vertex 19.495200003683568 25.95773750245571 1.98
      vertex 19.495200003683568 25.936612497270108 1.98
      vertex 19.427389158803177 25.90628011995908 1.98
    endloop
  endfacet
  facet normal 0 0 -1
    outer loop
      vertex 19.211575444042683 27.369666938483714 1.98
      vertex 19.438167306780816 27.23170347958803 1.98
      vertex 19.410330767929555 27.186531287431716 1.98
    endloop
  endfacet
  facet normal 0 0 -1
    outer loop
      vertex 19.24504053145647 27.43230244219303 1.98
      vertex 19.25758993923664 27.466223445534705 1.98
      vertex 19.499407689273358 27.38178690969944 1.98
    endloop
  endfacet
  facet normal 0 0 -1
    outer loop
      vertex 19.25758993923664 27.466223445534705 1.98
      vertex 19.267350594699383 27.501879957318305 1.98
      vertex 19.51239807456732 27.436670337617397 1.98
    endloop
  endfacet
  facet normal 0 0 -1
    outer loop
      vertex 19.267350594699383 27.501879957318305 1.98
      vertex 19.274322482943536 27.53927197009325 1.98
      vertex 19.5216769233346 27.493981581926345 1.98
    endloop
  endfacet
  facet normal 0 0 -1
    outer loop
      vertex 19.22970236390829 27.4001169398427 1.98
      vertex 19.462292309105397 27.279303473234176 1.98
      vertex 19.438167306780816 27.23170347958803 1.98
    endloop
  endfacet
  facet normal 0 0 -1
    outer loop
      vertex 19.24504053145647 27.43230244219303 1.98
      vertex 19.482705767452718 27.329331283271312 1.98
      vertex 19.462292309105397 27.279303473234176 1.98
    endloop
  endfacet
  facet normal 0 0 -1
    outer loop
      vertex 19.24504053145647 27.43230244219303 1.98
      vertex 19.499407689273358 27.38178690969944 1.98
      vertex 19.482705767452718 27.329331283271312 1.98
    endloop
  endfacet
  facet normal 0 0 -1
    outer loop
      vertex 19.25758993923664 27.466223445534705 1.98
      vertex 19.51239807456732 27.436670337617397 1.98
      vertex 19.499407689273358 27.38178690969944 1.98
    endloop
  endfacet
  facet normal 0 0 -1
    outer loop
      vertex 19.267350594699383 27.501879957318305 1.98
      vertex 19.5216769233346 27.493981581926345 1.98
      vertex 19.51239807456732 27.436670337617397 1.98
    endloop
  endfacet
  facet normal 0 0 -1
    outer loop
      vertex 19.274322482943536 27.53927197009325 1.98
      vertex 19.27850561887026 27.57839948385954 1.98
      vertex 19.52724422812462 27.553720635175704 1.98
    endloop
  endfacet
  facet normal 0 0 -1
    outer loop
      vertex 19.27850561887026 27.57839948385954 1.98
      vertex 19.279900002479554 27.61926249861717 1.98
      vertex 19.52909999638796 27.615887497365474 1.98
    endloop
  endfacet
  facet normal 0 0 -1
    outer loop
      vertex 19.274202364683152 27.69879740923643 1.98
      vertex 19.521636682748795 27.737886314094066 1.98
      vertex 19.278475593030453 27.659882766008376 1.98
    endloop
  endfacet
  facet normal 0 0 -1
    outer loop
      vertex 19.279900002479554 27.61926249861717 1.98
      vertex 19.278475593030453 27.659882766008376 1.98
      vertex 19.527234169840813 27.67807566821575 1.98
    endloop
  endfacet
  facet normal 0 0 -1
    outer loop
      vertex 19.257109466195107 27.771509838104247 1.98
      vertex 19.499246749281884 27.850375075638294 1.98
      vertex 19.26708032488823 27.736006435751914 1.98
    endloop
  endfacet
  facet normal 0 0 -1
    outer loop
      vertex 19.26708032488823 27.736006435751914 1.98
      vertex 19.512307542562485 27.79531944990158 1.98
      vertex 19.274202364683152 27.69879740923643 1.98
    endloop
  endfacet
  facet normal 0 0 -1
    outer loop
      vertex 19.244289796054364 27.80530761629343 1.98
      vertex 19.461930181086064 27.953353774547576 1.98
      vertex 19.48245428800583 27.903053183853626 1.98
    endloop
  endfacet
  facet normal 0 0 -1
    outer loop
      vertex 19.210103991627694 27.867786315083503 1.98
      vertex 19.409686985611916 28.046822410821914 1.98
      vertex 19.437674406170846 28.001276847720145 1.98
    endloop
  endfacet
  facet normal 0 0 -1
    outer loop
      vertex 19.22862129956484 27.83739977777004 1.98
      vertex 19.437674406170846 28.001276847720145 1.98
      vertex 19.461930181086064 27.953353774547576 1.98
    endloop
  endfacet
  facet normal 0 0 -1
    outer loop
      vertex 19.274322482943536 27.53927197009325 1.98
      vertex 19.52724422812462 27.553720635175704 1.98
      vertex 19.5216769233346 27.493981581926345 1.98
    endloop
  endfacet
  facet normal 0 0 -1
    outer loop
      vertex 19.27850561887026 27.57839948385954 1.98
      vertex 19.52909999638796 27.615887497365474 1.98
      vertex 19.52724422812462 27.553720635175704 1.98
    endloop
  endfacet
  facet normal 0 0 -1
    outer loop
      vertex 19.279900002479554 27.61926249861717 1.98
      vertex 19.527234169840813 27.67807566821575 1.98
      vertex 19.52909999638796 27.615887497365474 1.98
    endloop
  endfacet
  facet normal 0 0 -1
    outer loop
      vertex 19.278475593030453 27.659882766008376 1.98
      vertex 19.521636682748795 27.737886314094066 1.98
      vertex 19.527234169840813 27.67807566821575 1.98
    endloop
  endfacet
  facet normal 0 0 -1
    outer loop
      vertex 19.26708032488823 27.736006435751914 1.98
      vertex 19.499246749281884 27.850375075638294 1.98
      vertex 19.512307542562485 27.79531944990158 1.98
    endloop
  endfacet
  facet normal 0 0 -1
    outer loop
      vertex 19.257109466195107 27.771509838104247 1.98
      vertex 19.48245428800583 27.903053183853626 1.98
      vertex 19.499246749281884 27.850375075638294 1.98
    endloop
  endfacet
  facet normal 0 0 -1
    outer loop
      vertex 19.274202364683152 27.69879740923643 1.98
      vertex 19.512307542562485 27.79531944990158 1.98
      vertex 19.521636682748795 27.737886314094066 1.98
    endloop
  endfacet
  facet normal 0 0 -1
    outer loop
      vertex 19.123925003409386 29.233312499523162 1.98
      vertex 19.495200003683568 29.233312499523162 1.98
      vertex 19.495200003683568 28.902737502753734 1.98
    endloop
  endfacet
  facet normal 0 0 -1
    outer loop
      vertex 19.279900002479554 29.725037497282027 1.98
      vertex 19.235824997723103 30.060712498426437 1.98
      vertex 19.495200003683568 29.725037497282027 1.98
    endloop
  endfacet
  facet normal 0 0 -1
    outer loop
      vertex 19.495200003683568 29.725037497282027 1.98
      vertex 19.235824997723103 30.060712498426437 1.98
      vertex 19.495200003683568 31.30676249861717 1.98
    endloop
  endfacet
  facet normal 0.3413912724486789 -0.9399212728180334 0
    outer loop
      vertex 17.660875003039838 24.93038750141859 1.98
      vertex 19.248374885112142 25.506987500190736 1.98
      vertex 19.248374885112142 25.506987500190736 2.5
    endloop
  endfacet
  facet normal 0.3497924156509453 0.9368272337806349 0
    outer loop
      vertex 17.660875003039838 26.642637503147125 1.98
      vertex 19.495200003683568 25.95773750245571 2.5
      vertex 19.495200003683568 25.95773750245571 1.98
    endloop
  endfacet
  facet normal 0.17937501391105806 -0.9837807704892425 0
    outer loop
      vertex 18.720324705541135 26.820857916772365 1.98
      vertex 18.794156807661057 26.83431989401579 1.98
      vertex 18.720324705541135 26.820857916772365 2.5
    endloop
  endfacet
  facet normal -0.16511880573345541 0.9862736841227984 0
    outer loop
      vertex 18.711333724856377 27.12535451054573 1.98
      vertex 18.711333724856377 27.12535451054573 2.5
      vertex 18.76858372539282 27.134939123690128 1.98
    endloop
  endfacet
  facet normal 0.22036721601600423 -0.9754169826824606 0
    outer loop
      vertex 18.794156807661057 26.83431989401579 1.98
      vertex 18.864577959477902 26.85022951364517 1.98
      vertex 18.794156807661057 26.83431989401579 2.5
    endloop
  endfacet
  facet normal -0.2005644408027751 0.979680511741185 0
    outer loop
      vertex 18.76858372539282 27.134939123690128 1.98
      vertex 18.76858372539282 27.134939123690128 2.5
      vertex 18.822603549063206 27.145998296141624 1.98
    endloop
  endfacet
  facet normal -0.2395897178648324 0.9708742282569097 0
    outer loop
      vertex 18.822603549063206 27.145998296141624 1.98
      vertex 18.822603549063206 27.145998296141624 2.5
      vertex 18.87339319586754 27.15853202790022 1.98
    endloop
  endfacet
  facet normal -0.13504788286497732 -0.9908390733785621 0
    outer loop
      vertex 18.64528624266386 28.121179808676242 1.98
      vertex 18.705195266008378 28.11301441937685 1.98
      vertex 18.705195266008378 28.11301441937685 2.5
    endloop
  endfacet
  facet normal -0.16732358265723543 -0.9859020330067015 0
    outer loop
      vertex 18.705195266008378 28.11301441937685 1.98
      vertex 18.762054878473283 28.103364419937133 1.98
      vertex 18.762054878473283 28.103364419937133 2.5
    endloop
  endfacet
  facet normal -0.20263113316464412 -0.9792551372713918 0
    outer loop
      vertex 18.762054878473283 28.103364419937133 1.98
      vertex 18.815865087509156 28.092229810357093 1.98
      vertex 18.815865087509156 28.092229810357093 2.5
    endloop
  endfacet
  facet normal 0.26421219686433245 -0.9644645742732718 0
    outer loop
      vertex 18.864577959477902 26.85022951364517 1.98
      vertex 18.93158816844225 26.868586760759353 1.98
      vertex 18.864577959477902 26.85022951364517 2.5
    endloop
  endfacet
  facet normal -0.28254136820064407 0.9592551147923624 0
    outer loop
      vertex 18.87339319586754 27.15853202790022 1.98
      vertex 18.87339319586754 27.15853202790022 2.5
      vertex 18.920952665805817 27.17254031151533 1.98
    endloop
  endfacet
  facet normal 0.31091189210158254 -0.9504387383465669 0
    outer loop
      vertex 18.93158816844225 26.868586760759353 1.98
      vertex 18.99518742710352 26.889391642808913 1.98
      vertex 18.93158816844225 26.868586760759353 2.5
    endloop
  endfacet
  facet normal -0.32973550616942154 0.9440733530670142 0
    outer loop
      vertex 18.920952665805817 27.17254031151533 1.98
      vertex 18.920952665805817 27.17254031151533 2.5
      vertex 18.96528195142746 27.18802315443754 1.98
    endloop
  endfacet
  facet normal -0.3814079871422671 0.9244068083609533 0
    outer loop
      vertex 18.96528195142746 27.18802315443754 1.98
      vertex 18.96528195142746 27.18802315443754 2.5
      vertex 19.00638106763363 27.20498054921627 1.98
    endloop
  endfacet
  facet normal -0.24125849297681565 -0.9704608902818062 0
    outer loop
      vertex 18.815865087509156 28.092229810357093 1.98
      vertex 18.866625885665417 28.07961057573557 1.98
      vertex 18.866625885665417 28.07961057573557 2.5
    endloop
  endfacet
  facet normal -0.28348101697721045 -0.9589778480306865 0
    outer loop
      vertex 18.866625885665417 28.07961057573557 1.98
      vertex 18.914337280392648 28.06550673097372 1.98
      vertex 18.914337280392648 28.06550673097372 2.5
    endloop
  endfacet
  facet normal -0.3295361741288822 -0.9441429499501116 0
    outer loop
      vertex 18.914337280392648 28.06550673097372 1.98
      vertex 18.958999256789685 28.049918268620967 1.98
      vertex 18.958999256789685 28.049918268620967 2.5
    endloop
  endfacet
  facet normal -0.37958018291237033 -0.9251588429779026 0
    outer loop
      vertex 18.958999256789685 28.049918268620967 1.98
      vertex 19.00061183720827 28.03284518867731 1.98
      vertex 19.00061183720827 28.03284518867731 2.5
    endloop
  endfacet
  facet normal 0.3603715053284392 -0.932808864745246 0
    outer loop
      vertex 18.99518742710352 26.889391642808913 1.98
      vertex 19.055375742912293 26.912644159793853 1.98
      vertex 18.99518742710352 26.889391642808913 2.5
    endloop
  endfacet
  facet normal 0.41236959538198276 -0.9110166391479905 0
    outer loop
      vertex 19.055375742912293 26.912644159793853 1.98
      vertex 19.11215310841799 26.93834430426359 1.98
      vertex 19.055375742912293 26.912644159793853 2.5
    endloop
  endfacet
  facet normal -0.43764293273060184 0.8991488549906284 0
    outer loop
      vertex 19.00638106763363 27.20498054921627 1.98
      vertex 19.00638106763363 27.20498054921627 2.5
      vertex 19.044249999523164 27.223412503302097 1.98
    endloop
  endfacet
  facet normal -0.49833625590215097 0.8669838384038228 0
    outer loop
      vertex 19.044249999523164 27.223412503302097 1.98
      vertex 19.044249999523164 27.223412503302097 2.5
      vertex 19.079109470546246 27.243449483811855 1.98
    endloop
  endfacet
  facet normal 0.466527485879891 -0.8845067014548776 0
    outer loop
      vertex 19.11215310841799 26.93834430426359 1.98
      vertex 19.165519523620606 26.966492083668708 1.98
      vertex 19.11215310841799 26.93834430426359 2.5
    endloop
  endfacet
  facet normal -0.561681901026311 0.8273532752455081 0
    outer loop
      vertex 19.079109470546246 27.243449483811855 1.98
      vertex 19.079109470546246 27.243449483811855 2.5
      vertex 19.11118017435074 27.265221965312957 1.98
    endloop
  endfacet
  facet normal -0.6260325267299924 0.7797969450286794 0
    outer loop
      vertex 19.11118017435074 27.265221965312957 1.98
      vertex 19.11118017435074 27.265221965312957 2.5
      vertex 19.140462133288384 27.288729955255985 1.98
    endloop
  endfacet
  facet normal -0.6898253850854781 0.7239757855699814 0
    outer loop
      vertex 19.140462133288384 27.288729955255985 1.98
      vertex 19.140462133288384 27.288729955255985 2.5
      vertex 19.16695532500744 27.313973446190356 1.98
    endloop
  endfacet
  facet normal -0.43363050274142817 -0.901090776277405 0
    outer loop
      vertex 19.00061183720827 28.03284518867731 1.98
      vertex 19.039174999296666 28.01428749859333 1.98
      vertex 19.039174999296666 28.01428749859333 2.5
    endloop
  endfacet
  facet normal -0.49252578445644196 -0.8702978522583901 0
    outer loop
      vertex 19.039174999296666 28.01428749859333 1.98
      vertex 19.074785205721856 27.994134691357612 1.98
      vertex 19.074785205721856 27.994134691357612 2.5
    endloop
  endfacet
  facet normal -0.5550078050987165 -0.8318451396020206 0
    outer loop
      vertex 19.074785205721856 27.994134691357612 1.98
      vertex 19.107546600699425 27.972276259958743 1.98
      vertex 19.107546600699425 27.972276259958743 2.5
    endloop
  endfacet
  facet normal -0.6188167662464173 -0.78553536509334 0
    outer loop
      vertex 19.107546600699425 27.972276259958743 1.98
      vertex 19.137459169328213 27.948712204396724 1.98
      vertex 19.137459169328213 27.948712204396724 2.5
    endloop
  endfacet
  facet normal -0.682464964618262 -0.7309183073836598 0
    outer loop
      vertex 19.137459169328213 27.948712204396724 1.98
      vertex 19.16452292650938 27.923442532122134 1.98
      vertex 19.16452292650938 27.923442532122134 2.5
    endloop
  endfacet
  facet normal 0.5222833160173214 -0.8527720315594027 0
    outer loop
      vertex 19.165519523620606 26.966492083668708 1.98
      vertex 19.215475003421307 26.997087498009204 1.98
      vertex 19.165519523620606 26.966492083668708 2.5
    endloop
  endfacet
  facet normal 0.5800098300751801 -0.8146094751573667 0
    outer loop
      vertex 19.215475003421307 26.997087498009204 1.98
      vertex 19.26186923235655 27.030120638012885 1.98
      vertex 19.215475003421307 26.997087498009204 2.5
    endloop
  endfacet
  facet normal -0.7512252551264621 0.6600459196602779 0
    outer loop
      vertex 19.16695532500744 27.313973446190356 1.98
      vertex 19.16695532500744 27.313973446190356 2.5
      vertex 19.190659764409066 27.340952438116073 1.98
    endloop
  endfacet
  facet normal -0.8083019365961316 0.5887681880799465 0
    outer loop
      vertex 19.190659764409066 27.340952438116073 1.98
      vertex 19.190659764409066 27.340952438116073 2.5
      vertex 19.211575444042683 27.369666938483714 1.98
    endloop
  endfacet
  facet normal -0.859269082061852 0.5115238455952784 0
    outer loop
      vertex 19.211575444042683 27.369666938483714 1.98
      vertex 19.211575444042683 27.369666938483714 2.5
      vertex 19.22970236390829 27.4001169398427 1.98
    endloop
  endfacet
  facet normal -0.9027326851523435 0.43020192835183796 0
    outer loop
      vertex 19.22970236390829 27.4001169398427 1.98
      vertex 19.22970236390829 27.4001169398427 2.5
      vertex 19.24504053145647 27.43230244219303 1.98
    endloop
  endfacet
  facet normal 0.6390354098331829 -0.769177316994811 0
    outer loop
      vertex 19.26186923235655 27.030120638012885 1.98
      vertex 19.30455192476511 27.065581579506397 1.98
      vertex 19.26186923235655 27.030120638012885 2.5
    endloop
  endfacet
  facet normal 0.6970796617216419 -0.7169936856165758 0
    outer loop
      vertex 19.30455192476511 27.065581579506397 1.98
      vertex 19.343523080646992 27.1034703373909 1.98
      vertex 19.30455192476511 27.065581579506397 2.5
    endloop
  endfacet
  facet normal -0.9378741107378665 0.34697572308110564 0
    outer loop
      vertex 19.24504053145647 27.43230244219303 1.98
      vertex 19.24504053145647 27.43230244219303 2.5
      vertex 19.25758993923664 27.466223445534705 1.98
    endloop
  endfacet
  facet normal -0.964515149372562 0.26402751112492895 0
    outer loop
      vertex 19.25758993923664 27.466223445534705 1.98
      vertex 19.25758993923664 27.466223445534705 2.5
      vertex 19.267350594699383 27.501879957318305 1.98
    endloop
  endfacet
  facet normal -0.9830579491719478 0.1832950314925205 0
    outer loop
      vertex 19.267350594699383 27.501879957318305 1.98
      vertex 19.267350594699383 27.501879957318305 2.5
      vertex 19.274322482943536 27.53927197009325 1.98
    endloop
  endfacet
  facet normal -0.8019361188032498 -0.5974097934908499 0
    outer loop
      vertex 19.210103991627694 27.867786315083503 1.98
      vertex 19.210103991627694 27.867786315083503 2.5
      vertex 19.18873787224293 27.896467235684394 1.98
    endloop
  endfacet
  facet normal -0.8539344053790089 -0.5203806600076513 0
    outer loop
      vertex 19.210103991627694 27.867786315083503 1.98
      vertex 19.22862129956484 27.83739977777004 1.98
      vertex 19.22862129956484 27.83739977777004 2.5
    endloop
  endfacet
  facet normal -0.8986163091742412 -0.43873537455516887 0
    outer loop
      vertex 19.22862129956484 27.83739977777004 1.98
      vertex 19.244289796054364 27.80530761629343 1.98
      vertex 19.244289796054364 27.80530761629343 2.5
    endloop
  endfacet
  facet normal -0.7441552502631256 -0.6680067091772545 0
    outer loop
      vertex 19.16452292650938 27.923442532122134 1.98
      vertex 19.18873787224293 27.896467235684394 1.98
      vertex 19.18873787224293 27.896467235684394 2.5
    endloop
  endfacet
  facet normal 0.5282622444656283 0.8490812688265693 0
    outer loop
      vertex 19.16358816921711 28.270111609995364 1.98
      vertex 19.213774996995927 28.23888750076294 2.5
      vertex 19.213774996995927 28.23888750076294 1.98
    endloop
  endfacet
  facet normal 0.5851410868987602 0.8109315066162724 0
    outer loop
      vertex 19.213774996995927 28.23888750076294 1.98
      vertex 19.260420712828637 28.205229510366916 2.5
      vertex 19.260420712828637 28.205229510366916 1.98
    endloop
  endfacet
  facet normal -0.9943336175556942 0.10630454834392795 0
    outer loop
      vertex 19.274322482943536 27.53927197009325 1.98
      vertex 19.274322482943536 27.53927197009325 2.5
      vertex 19.27850561887026 27.57839948385954 1.98
    endloop
  endfacet
  facet normal -0.9994183058916929 0.034103516659996926 0
    outer loop
      vertex 19.27850561887026 27.57839948385954 1.98
      vertex 19.27850561887026 27.57839948385954 2.5
      vertex 19.279900002479554 27.61926249861717 1.98
    endloop
  endfacet
  facet normal -0.994024833640738 -0.1091541575273399 0
    outer loop
      vertex 19.274202364683152 27.69879740923643 1.98
      vertex 19.278475593030453 27.659882766008376 1.98
      vertex 19.278475593030453 27.659882766008376 2.5
    endloop
  endfacet
  facet normal -0.999385737729114 -0.035044931497074404 0
    outer loop
      vertex 19.279900002479554 27.61926249861717 1.98
      vertex 19.279900002479554 27.61926249861717 2.5
      vertex 19.278475593030453 27.659882766008376 1.98
    endloop
  endfacet
  facet normal -0.93499914781652 -0.3546499592307619 0
    outer loop
      vertex 19.244289796054364 27.80530761629343 1.98
      vertex 19.257109466195107 27.771509838104247 1.98
      vertex 19.257109466195107 27.771509838104247 2.5
    endloop
  endfacet
  facet normal -0.9627531631266472 -0.2703818538468059 0
    outer loop
      vertex 19.257109466195107 27.771509838104247 1.98
      vertex 19.26708032488823 27.736006435751914 1.98
      vertex 19.26708032488823 27.736006435751914 2.5
    endloop
  endfacet
  facet normal -0.9821702692141766 -0.1879935165683959 0
    outer loop
      vertex 19.26708032488823 27.736006435751914 1.98
      vertex 19.274202364683152 27.69879740923643 1.98
      vertex 19.274202364683152 27.69879740923643 2.5
    endloop
  endfacet
  facet normal 0.6430633884243141 0.7658129526641867 0
    outer loop
      vertex 19.260420712828637 28.205229510366916 1.98
      vertex 19.303334760665894 28.169194009900092 2.5
      vertex 19.303334760665894 28.169194009900092 1.98
    endloop
  endfacet
  facet normal 0.14446729083636486 0.9895095764460298 0
    outer loop
      vertex 18.641472186148167 28.429979068040847 1.98
      vertex 18.71846375912428 28.41873838454485 2.5
      vertex 18.71846375912428 28.41873838454485 1.98
    endloop
  endfacet
  facet normal 0.18339772087555797 0.9830387967815162 0
    outer loop
      vertex 18.71846375912428 28.41873838454485 1.98
      vertex 18.79210473150015 28.404999774694442 2.5
      vertex 18.79210473150015 28.404999774694442 1.98
    endloop
  endfacet
  facet normal 0.2250658335549458 0.974343558795468 0
    outer loop
      vertex 18.79210473150015 28.404999774694442 1.98
      vertex 18.862395118176938 28.388763238489627 2.5
      vertex 18.862395118176938 28.388763238489627 1.98
    endloop
  endfacet
  facet normal 0.2695142355000778 0.9629964054256944 0
    outer loop
      vertex 18.862395118176938 28.388763238489627 1.98
      vertex 18.929334911704064 28.370028768479823 2.5
      vertex 18.929334911704064 28.370028768479823 1.98
    endloop
  endfacet
  facet normal 0.3167109659269925 0.9485220946617907 0
    outer loop
      vertex 18.929334911704064 28.370028768479823 1.98
      vertex 18.99292411208153 28.34879637211561 2.5
      vertex 18.99292411208153 28.34879637211561 1.98
    endloop
  endfacet
  facet normal -0.7241175922064726 -0.6896765275526642 0
    outer loop
      vertex 18.693673226237298 30.156066347658633 1.98
      vertex 18.713434468209744 30.135318268835544 1.98
      vertex 18.693673226237298 30.156066347658633 2.5
    endloop
  endfacet
  facet normal -0.7156607065260149 -0.6984481033940068 0
    outer loop
      vertex 18.713434468209744 30.135318268835544 1.98
      vertex 18.733537133038045 30.114720192551612 1.98
      vertex 18.713434468209744 30.135318268835544 2.5
    endloop
  endfacet
  facet normal -0.7071758335761766 -0.7070377220529608 0
    outer loop
      vertex 18.733537133038045 30.114720192551612 1.98
      vertex 18.75398121327162 30.09427211880684 1.98
      vertex 18.733537133038045 30.114720192551612 2.5
    endloop
  endfacet
  facet normal -0.6986683441356327 -0.7154456966833842 0
    outer loop
      vertex 18.75398121327162 30.09427211880684 1.98
      vertex 18.774766716361047 30.07397404015064 1.98
      vertex 18.75398121327162 30.09427211880684 2.5
    endloop
  endfacet
  facet normal 0.7717307324737106 0.6359494292438591 0
    outer loop
      vertex 18.701799999177457 30.537087497115134 1.98
      vertex 18.726129885017873 30.507562947273254 2.5
      vertex 18.726129885017873 30.507562947273254 1.98
    endloop
  endfacet
  facet normal 0.7663578467433461 0.6424139247672813 0
    outer loop
      vertex 18.726129885017873 30.507562947273254 1.98
      vertex 18.750088754296304 30.4789815813303 2.5
      vertex 18.750088754296304 30.4789815813303 1.98
    endloop
  endfacet
  facet normal -0.6901434718127331 -0.7236725698230293 0
    outer loop
      vertex 18.774766716361047 30.07397404015064 1.98
      vertex 18.79589364230633 30.053825964033603 1.98
      vertex 18.774766716361047 30.07397404015064 2.5
    endloop
  endfacet
  facet normal -0.6816068307202906 -0.7317186127982813 0
    outer loop
      vertex 18.79589364230633 30.053825964033603 1.98
      vertex 18.817361983656884 30.03382788300514 1.98
      vertex 18.79589364230633 30.053825964033603 2.5
    endloop
  endfacet
  facet normal -0.6730629707419513 -0.7395851792836435 0
    outer loop
      vertex 18.817361983656884 30.03382788300514 1.98
      vertex 18.839171747863293 30.013979804515838 1.98
      vertex 18.817361983656884 30.03382788300514 2.5
    endloop
  endfacet
  facet normal 0.7606417199604782 0.6491719139454242 0
    outer loop
      vertex 18.750088754296304 30.4789815813303 1.98
      vertex 18.77367662936449 30.45134341418743 2.5
      vertex 18.77367662936449 30.45134341418743 1.98
    endloop
  endfacet
  facet normal 0.7545517394884679 0.6562405598825231 0
    outer loop
      vertex 18.77367662936449 30.45134341418743 1.98
      vertex 18.796893487870694 30.42464844584465 2.5
      vertex 18.796893487870694 30.42464844584465 1.98
    endloop
  endfacet
  facet normal 0.7480523436516342 0.6636397299418545 0
    outer loop
      vertex 18.796893487870694 30.42464844584465 1.98
      vertex 18.819739352166653 30.398896668851375 2.5
      vertex 18.819739352166653 30.398896668851375 1.98
    endloop
  endfacet
  facet normal 0.7411047588949266 0.6713894073809125 0
    outer loop
      vertex 18.819739352166653 30.398896668851375 1.98
      vertex 18.842214199900628 30.374088090658187 2.5
      vertex 18.842214199900628 30.374088090658187 1.98
    endloop
  endfacet
  facet normal 0.7742898118249717 0.6328311680883377 0
    outer loop
      vertex 18.701799999177457 30.537087497115134 1.98
      vertex 18.658354292809964 30.590244752168655 1.98
      vertex 18.701799999177457 30.537087497115134 2.5
    endloop
  endfacet
  facet normal -0.6645171963674954 -0.7472729727026688 0
    outer loop
      vertex 18.839171747863293 30.013979804515838 1.98
      vertex 18.861322927474976 29.994281728565692 1.98
      vertex 18.839171747863293 30.013979804515838 2.5
    endloop
  endfacet
  facet normal -0.6559740149505929 -0.7547834733945884 0
    outer loop
      vertex 18.861322927474976 29.994281728565692 1.98
      vertex 18.883815529942513 29.974733655154704 1.98
      vertex 18.861322927474976 29.994281728565692 2.5
    endloop
  endfacet
  facet normal -0.6474382896883065 -0.7621178787074088 0
    outer loop
      vertex 18.883815529942513 29.974733655154704 1.98
      vertex 18.906649555265904 29.955335576832294 1.98
      vertex 18.883815529942513 29.974733655154704 2.5
    endloop
  endfacet
  facet normal -0.6389141580272041 -0.7692780373001614 0
    outer loop
      vertex 18.906649555265904 29.955335576832294 1.98
      vertex 18.92982500344515 29.93608750104904 1.98
      vertex 18.906649555265904 29.955335576832294 2.5
    endloop
  endfacet
  facet normal 0.7336646423770826 0.6795117309698983 0
    outer loop
      vertex 18.86431804597378 30.350222703814506 1.98
      vertex 18.842214199900628 30.374088090658187 1.98
      vertex 18.86431804597378 30.350222703814506 2.5
    endloop
  endfacet
  facet normal 0.7256825431841527 0.6880296843289397 0
    outer loop
      vertex 18.86431804597378 30.350222703814506 1.98
      vertex 18.886050890386105 30.32730051577091 2.5
      vertex 18.886050890386105 30.32730051577091 1.98
    endloop
  endfacet
  facet normal 0.7171030887975759 0.6969671154631154 0
    outer loop
      vertex 18.886050890386105 30.32730051577091 1.98
      vertex 18.907412718236447 30.305321526527404 2.5
      vertex 18.907412718236447 30.305321526527404 1.98
    endloop
  endfacet
  facet normal 0.7078630340222514 0.7063497186697345 0
    outer loop
      vertex 18.907412718236447 30.305321526527404 1.98
      vertex 18.928403551876546 30.284285721182822 2.5
      vertex 18.928403551876546 30.284285721182822 1.98
    endloop
  endfacet
  facet normal -0.6256800844075996 -0.7800797600089999 0
    outer loop
      vertex 18.92982500344515 29.93608750104904 1.98
      vertex 18.953443194925786 29.91714401245117 1.98
      vertex 18.92982500344515 29.93608750104904 2.5
    endloop
  endfacet
  facet normal -0.6076386064420944 -0.7942136513313715 0
    outer loop
      vertex 18.953443194925786 29.91714401245117 1.98
      vertex 18.97761316895485 29.898651999235152 1.98
      vertex 18.953443194925786 29.91714401245117 2.5
    endloop
  endfacet
  facet normal -0.589476489064144 -0.8077855339386874 0
    outer loop
      vertex 18.97761316895485 29.898651999235152 1.98
      vertex 19.00233491063118 29.880611461400985 1.98
      vertex 18.97761316895485 29.898651999235152 2.5
    endloop
  endfacet
  facet normal 0.6978912397061688 0.7162037542078279 0
    outer loop
      vertex 18.928403551876546 30.284285721182822 1.98
      vertex 18.94902337640524 30.26419312208891 2.5
      vertex 18.94902337640524 30.26419312208891 1.98
    endloop
  endfacet
  facet normal 0.6871074922737362 0.7265557749142852 0
    outer loop
      vertex 18.94902337640524 30.26419312208891 1.98
      vertex 18.96927219182253 30.2450437143445 2.5
      vertex 18.96927219182253 30.2450437143445 1.98
    endloop
  endfacet
  facet normal 0.6754200466350544 0.737433224504769 0
    outer loop
      vertex 18.96927219182253 30.2450437143445 1.98
      vertex 18.989149998128415 30.2268374979496 2.5
      vertex 18.989149998128415 30.2268374979496 1.98
    endloop
  endfacet
  facet normal 0.6621904605618099 0.7493355683143155 0
    outer loop
      vertex 18.989149998128415 30.2268374979496 1.98
      vertex 19.008787128329278 30.209484097361564 2.5
      vertex 19.008787128329278 30.209484097361564 1.98
    endloop
  endfacet
  facet normal 0.36652401425692377 0.9304085914118541 0
    outer loop
      vertex 18.99292411208153 28.34879637211561 1.98
      vertex 19.05316271930933 28.32506604939699 2.5
      vertex 19.05316271930933 28.32506604939699 1.98
    endloop
  endfacet
  facet normal 0.4186929060095077 0.9081278822155576 0
    outer loop
      vertex 19.05316271930933 28.32506604939699 1.98
      vertex 19.11005074083805 28.298837792873382 2.5
      vertex 19.11005074083805 28.298837792873382 1.98
    endloop
  endfacet
  facet normal 0.4728021430348519 0.8811686181098662 0
    outer loop
      vertex 19.16358816921711 28.270111609995364 1.98
      vertex 19.11005074083805 28.298837792873382 1.98
      vertex 19.16358816921711 28.270111609995364 2.5
    endloop
  endfacet
  facet normal -1 0 0
    outer loop
      vertex 19.123925003409386 28.902737502753734 1.98
      vertex 19.123925003409386 29.233312499523162 2.5
      vertex 19.123925003409386 29.233312499523162 1.98
    endloop
  endfacet
  facet normal 0 -1 0
    outer loop
      vertex 19.123925003409386 28.902737502753734 1.98
      vertex 19.495200003683568 28.902737502753734 1.98
      vertex 19.123925003409386 28.902737502753734 2.5
    endloop
  endfacet
  facet normal -0.4617535154201453 -0.8870082812449598 0
    outer loop
      vertex 19.162252660095692 29.781849336624145 1.98
      vertex 19.190836834907532 29.766969156265258 1.98
      vertex 19.162252660095692 29.781849336624145 2.5
    endloop
  endfacet
  facet normal -0.443783400368427 -0.8961340823545526 0
    outer loop
      vertex 19.190836834907532 29.766969156265258 1.98
      vertex 19.21997277736664 29.752540458738803 1.98
      vertex 19.190836834907532 29.766969156265258 2.5
    endloop
  endfacet
  facet normal -0.42595990378052406 -0.9047420407891339 0
    outer loop
      vertex 19.21997277736664 29.752540458738803 1.98
      vertex 19.249660502374173 29.7385632365942 1.98
      vertex 19.21997277736664 29.752540458738803 2.5
    endloop
  endfacet
  facet normal -0.4083042302039092 -0.9128459101061872 0
    outer loop
      vertex 19.249660502374173 29.7385632365942 1.98
      vertex 19.279900002479554 29.725037497282027 1.98
      vertex 19.249660502374173 29.7385632365942 2.5
    endloop
  endfacet
  facet normal -0.5712278614101775 -0.8207915267281669 0
    outer loop
      vertex 19.00233491063118 29.880611461400985 1.98
      vertex 19.02760843485594 29.86302241384983 1.98
      vertex 19.00233491063118 29.880611461400985 2.5
    endloop
  endfacet
  facet normal -0.5529280528464595 -0.8332290011607991 0
    outer loop
      vertex 19.02760843485594 29.86302241384983 1.98
      vertex 19.053433726727963 29.845884834229945 1.98
      vertex 19.02760843485594 29.86302241384983 2.5
    endloop
  endfacet
  facet normal -0.534608590937228 -0.8450997896675349 0
    outer loop
      vertex 19.053433726727963 29.845884834229945 1.98
      vertex 19.079810801148415 29.829198744893073 1.98
      vertex 19.053433726727963 29.845884834229945 2.5
    endloop
  endfacet
  facet normal 0.6152193767529377 0.7883559592390526 0
    outer loop
      vertex 19.0670363932848 30.16199844777584 1.98
      vertex 19.04773032218218 30.177064572274684 1.98
      vertex 19.0670363932848 30.16199844777584 2.5
    endloop
  endfacet
  facet normal 0.597508625920615 0.8018624831917618 0
    outer loop
      vertex 19.0670363932848 30.16199844777584 1.98
      vertex 19.086232098937035 30.14769474864006 2.5
      vertex 19.086232098937035 30.14769474864006 1.98
    endloop
  endfacet
  facet normal 0.6474946220678378 0.7620700193507338 0
    outer loop
      vertex 19.008787128329278 30.209484097361564 1.98
      vertex 19.02831390798092 30.192893122136592 2.5
      vertex 19.02831390798092 30.192893122136592 1.98
    endloop
  endfacet
  facet normal 0.6318592920636105 0.775083114919215 0
    outer loop
      vertex 19.02831390798092 30.192893122136592 1.98
      vertex 19.04773032218218 30.177064572274684 2.5
      vertex 19.04773032218218 30.177064572274684 1.98
    endloop
  endfacet
  facet normal -0.5163024176710912 -0.8564063366807757 0
    outer loop
      vertex 19.079810801148415 29.829198744893073 1.98
      vertex 19.106739643216134 29.812964130938052 1.98
      vertex 19.079810801148415 29.829198744893073 2.5
    endloop
  endfacet
  facet normal -0.49803897006490383 -0.867154648431691 0
    outer loop
      vertex 19.106739643216134 29.812964130938052 1.98
      vertex 19.13422026783228 29.797180992364883 1.98
      vertex 19.106739643216134 29.812964130938052 2.5
    endloop
  endfacet
  facet normal 0.5786568617382641 0.8155711105496709 0
    outer loop
      vertex 19.086232098937035 30.14769474864006 1.98
      vertex 19.10531745404005 30.134153474867343 2.5
      vertex 19.10531745404005 30.134153474867343 1.98
    endloop
  endfacet
  facet normal 0.558593273612942 0.8294417126443406 0
    outer loop
      vertex 19.10531745404005 30.134153474867343 1.98
      vertex 19.124292458593846 30.12137462645769 2.5
      vertex 19.124292458593846 30.12137462645769 1.98
    endloop
  endfacet
  facet normal -0.47984706408880506 -0.8773521499861696 0
    outer loop
      vertex 19.162252660095692 29.781849336624145 1.98
      vertex 19.13422026783228 29.797180992364883 2.5
      vertex 19.13422026783228 29.797180992364883 1.98
    endloop
  endfacet
  facet normal 0.5372460219656827 0.8434255817095241 0
    outer loop
      vertex 19.124292458593846 30.12137462645769 1.98
      vertex 19.14315709769726 30.109358210861682 2.5
      vertex 19.14315709769726 30.109358210861682 1.98
    endloop
  endfacet
  facet normal 0.5145434953953737 0.857464279924424 0
    outer loop
      vertex 19.14315709769726 30.109358210861682 1.98
      vertex 19.16191139370203 30.098104213178157 2.5
      vertex 19.16191139370203 30.098104213178157 1.98
    endloop
  endfacet
  facet normal 0.49041583424557117 0.8714885596043246 0
    outer loop
      vertex 19.16191139370203 30.098104213178157 1.98
      vertex 19.18055532425642 30.087612648308276 2.5
      vertex 19.18055532425642 30.087612648308276 1.98
    endloop
  endfacet
  facet normal 0.4647968220515041 0.8854173672403441 0
    outer loop
      vertex 19.18055532425642 30.087612648308276 1.98
      vertex 19.19908890426159 30.07788350880146 2.5
      vertex 19.19908890426159 30.07788350880146 1.98
    endloop
  endfacet
  facet normal 0.43762631331729335 0.8991569439715817 0
    outer loop
      vertex 19.19908890426159 30.07788350880146 1.98
      vertex 19.217512133717538 30.068916787207126 2.5
      vertex 19.217512133717538 30.068916787207126 1.98
    endloop
  endfacet
  facet normal 0.4088514829049028 0.9126009341034349 0
    outer loop
      vertex 19.217512133717538 30.068916787207126 1.98
      vertex 19.235824997723103 30.060712498426437 2.5
      vertex 19.235824997723103 30.060712498426437 1.98
    endloop
  endfacet
  facet normal -1 0 0
    outer loop
      vertex 19.235824997723103 30.060712498426437 1.98
      vertex 19.235824997723103 31.30676249861717 2.5
      vertex 19.235824997723103 31.30676249861717 1.98
    endloop
  endfacet
  facet normal 1 0 0
    outer loop
      vertex 19.495200003683568 25.95773750245571 1.98
      vertex 19.495200003683568 25.95773750245571 2.5
      vertex 19.495200003683568 25.936612497270108 1.98
    endloop
  endfacet
  facet normal 0.7527375825176115 -0.6583206907469507 0
    outer loop
      vertex 19.343523080646992 27.1034703373909 1.98
      vertex 19.378782692551614 27.143786911666393 1.98
      vertex 19.343523080646992 27.1034703373909 2.5
    endloop
  endfacet
  facet normal 0.8045861744053792 -0.5938359099580597 0
    outer loop
      vertex 19.378782692551614 27.143786911666393 1.98
      vertex 19.410330767929555 27.186531287431716 1.98
      vertex 19.378782692551614 27.143786911666393 2.5
    endloop
  endfacet
  facet normal 0.8513362501013003 -0.5246204239861961 0
    outer loop
      vertex 19.410330767929555 27.186531287431716 1.98
      vertex 19.438167306780816 27.23170347958803 1.98
      vertex 19.410330767929555 27.186531287431716 2.5
    endloop
  endfacet
  facet normal 0.8919778052021237 -0.4520791911012964 0
    outer loop
      vertex 19.438167306780816 27.23170347958803 1.98
      vertex 19.462292309105397 27.279303473234176 1.98
      vertex 19.438167306780816 27.23170347958803 2.5
    endloop
  endfacet
  facet normal 0.9258868527811221 -0.3778009209187672 0
    outer loop
      vertex 19.462292309105397 27.279303473234176 1.98
      vertex 19.482705767452718 27.329331283271312 1.98
      vertex 19.462292309105397 27.279303473234176 2.5
    endloop
  endfacet
  facet normal 0.9528654287392863 -0.3033932674162305 0
    outer loop
      vertex 19.482705767452718 27.329331283271312 1.98
      vertex 19.499407689273358 27.38178690969944 1.98
      vertex 19.482705767452718 27.329331283271312 2.5
    endloop
  endfacet
  facet normal 0.7000611720541139 0.7140828771103676 0
    outer loop
      vertex 19.303334760665894 28.169194009900092 1.98
      vertex 19.34251716285944 28.130780991911887 2.5
      vertex 19.34251716285944 28.130780991911887 1.98
    endloop
  endfacet
  facet normal 0.7547822967038613 0.6559753688839576 0
    outer loop
      vertex 19.34251716285944 28.130780991911887 1.98
      vertex 19.377967897057534 28.0899904564023 2.5
      vertex 19.377967897057534 28.0899904564023 1.98
    endloop
  endfacet
  facet normal 0.805848055526206 0.5921223787399298 0
    outer loop
      vertex 19.377967897057534 28.0899904564023 1.98
      vertex 19.409686985611916 28.046822410821914 2.5
      vertex 19.409686985611916 28.046822410821914 1.98
    endloop
  endfacet
  facet normal 0.8519972877521621 0.5235461982126882 0
    outer loop
      vertex 19.409686985611916 28.046822410821914 1.98
      vertex 19.437674406170846 28.001276847720145 2.5
      vertex 19.437674406170846 28.001276847720145 1.98
    endloop
  endfacet
  facet normal 0.8922252188466311 0.45159069836975274 0
    outer loop
      vertex 19.437674406170846 28.001276847720145 1.98
      vertex 19.461930181086064 27.953353774547576 2.5
      vertex 19.461930181086064 27.953353774547576 1.98
    endloop
  endfacet
  facet normal 0.9258910859431981 0.377790546428739 0
    outer loop
      vertex 19.461930181086064 27.953353774547576 1.98
      vertex 19.48245428800583 27.903053183853626 2.5
      vertex 19.48245428800583 27.903053183853626 1.98
    endloop
  endfacet
  facet normal 0.973113365467612 -0.230326676588488 0
    outer loop
      vertex 19.499407689273358 27.38178690969944 1.98
      vertex 19.51239807456732 27.436670337617397 1.98
      vertex 19.499407689273358 27.38178690969944 2.5
    endloop
  endfacet
  facet normal 0.9871459063805543 -0.15982164908457777 0
    outer loop
      vertex 19.51239807456732 27.436670337617397 1.98
      vertex 19.5216769233346 27.493981581926345 1.98
      vertex 19.51239807456732 27.436670337617397 2.5
    endloop
  endfacet
  facet normal 0.9956855482170336 -0.09279164332926279 0
    outer loop
      vertex 19.5216769233346 27.493981581926345 1.98
      vertex 19.52724422812462 27.553720635175704 1.98
      vertex 19.5216769233346 27.493981581926345 2.5
    endloop
  endfacet
  facet normal 0.9995547443256995 -0.02983811481956715 0
    outer loop
      vertex 19.52724422812462 27.553720635175704 1.98
      vertex 19.52909999638796 27.615887497365474 1.98
      vertex 19.52724422812462 27.553720635175704 2.5
    endloop
  endfacet
  facet normal 0.9995502161171047 0.029989422472752367 0
    outer loop
      vertex 19.52909999638796 27.615887497365474 1.98
      vertex 19.527234169840813 27.67807566821575 1.98
      vertex 19.52909999638796 27.615887497365474 2.5
    endloop
  endfacet
  facet normal 0.9956493135296902 0.09317963547823438 0
    outer loop
      vertex 19.527234169840813 27.67807566821575 1.98
      vertex 19.521636682748795 27.737886314094066 1.98
      vertex 19.527234169840813 27.67807566821575 2.5
    endloop
  endfacet
  facet normal 0.9527623634098856 0.303716774099833 0
    outer loop
      vertex 19.499246749281884 27.850375075638294 1.98
      vertex 19.48245428800583 27.903053183853626 1.98
      vertex 19.499246749281884 27.850375075638294 2.5
    endloop
  endfacet
  facet normal 0.9729957904439832 0.2308228580064985 0
    outer loop
      vertex 19.499246749281884 27.850375075638294 1.98
      vertex 19.512307542562485 27.79531944990158 2.5
      vertex 19.512307542562485 27.79531944990158 1.98
    endloop
  endfacet
  facet normal 0.9870629208121152 0.16033337256434238 0
    outer loop
      vertex 19.512307542562485 27.79531944990158 1.98
      vertex 19.521636682748795 27.737886314094066 2.5
      vertex 19.521636682748795 27.737886314094066 1.98
    endloop
  endfacet
  facet normal 0 1 0
    outer loop
      vertex 19.123925003409386 29.233312499523162 1.98
      vertex 19.495200003683568 29.233312499523162 2.5
      vertex 19.495200003683568 29.233312499523162 1.98
    endloop
  endfacet
  facet normal 0 -1 0
    outer loop
      vertex 19.279900002479554 29.725037497282027 1.98
      vertex 19.495200003683568 29.725037497282027 1.98
      vertex 19.279900002479554 29.725037497282027 2.5
    endloop
  endfacet
  facet normal 1 0 0
    outer loop
      vertex 19.495200003683568 28.902737502753734 1.98
      vertex 19.495200003683568 29.233312499523162 1.98
      vertex 19.495200003683568 28.902737502753734 2.5
    endloop
  endfacet
  facet normal 0 1 0
    outer loop
      vertex 19.235824997723103 31.30676249861717 1.98
      vertex 19.495200003683568 31.30676249861717 2.5
      vertex 19.495200003683568 31.30676249861717 1.98
    endloop
  endfacet
  facet normal 1 0 0
    outer loop
      vertex 19.495200003683568 29.725037497282027 1.98
      vertex 19.495200003683568 31.30676249861717 1.98
      vertex 19.495200003683568 29.725037497282027 2.5
    endloop
  endfacet
  facet normal -1 0 0
    outer loop
      vertex 17.660875003039838 24.93038750141859 1.98
      vertex 17.660875003039838 24.93038750141859 2.5
      vertex 17.660875003039838 25.25588749796152 2.5
    endloop
  endfacet
  facet normal 0.3413912724486789 -0.9399212728180334 0
    outer loop
      vertex 17.660875003039838 24.93038750141859 1.98
      vertex 19.248374885112142 25.506987500190736 2.5
      vertex 17.660875003039838 24.93038750141859 2.5
    endloop
  endfacet
  facet normal 0 0 1
    outer loop
      vertex 17.660875003039838 24.93038750141859 2.5
      vertex 18.403641843344325 25.506987500190736 2.5
      vertex 17.660875003039838 25.25588749796152 2.5
    endloop
  endfacet
  facet normal -1 0 0
    outer loop
      vertex 17.660875003039838 26.318837498128413 1.98
      vertex 17.660875003039838 26.318837498128413 2.5
      vertex 17.660875003039838 26.642637503147125 2.5
    endloop
  endfacet
  facet normal -0.5183234418693257 -0.855184664039724 0
    outer loop
      vertex 17.426783430576325 26.961443562805652 1.98
      vertex 17.426783430576325 26.961443562805652 2.5
      vertex 17.377749997377396 26.991162498295306 2.5
    endloop
  endfacet
  facet normal -0.4606267152909912 -0.8875939551169961 0
    outer loop
      vertex 17.479468341171742 26.93410214483738 1.98
      vertex 17.479468341171742 26.93410214483738 2.5
      vertex 17.426783430576325 26.961443562805652 2.5
    endloop
  endfacet
  facet normal 0.7650579161021993 0.643961477892397 0
    outer loop
      vertex 17.428122486174107 27.312364567816257 1.98
      vertex 17.405099558830262 27.339716938138007 2.5
      vertex 17.428122486174107 27.312364567816257 2.5
    endloop
  endfacet
  facet normal 0.8211454203377366 0.5707190190087956 0
    outer loop
      vertex 17.405099558830262 27.339716938138007 1.98
      vertex 17.38478520810604 27.368945044279098 2.5
      vertex 17.405099558830262 27.339716938138007 2.5
    endloop
  endfacet
  facet normal 0.7035784990277174 0.7106175453124586 0
    outer loop
      vertex 17.45385399758816 27.286887940764426 1.98
      vertex 17.428122486174107 27.312364567816257 2.5
      vertex 17.45385399758816 27.286887940764426 2.5
    endloop
  endfacet
  facet normal 0.6385990988224204 0.7695395967610715 0
    outer loop
      vertex 17.482294085621835 27.263287056982517 1.98
      vertex 17.45385399758816 27.286887940764426 2.5
      vertex 17.482294085621835 27.263287056982517 2.5
    endloop
  endfacet
  facet normal -0.4051287510711427 -0.9142596431296397 0
    outer loop
      vertex 17.535804736614228 26.909138236939906 1.98
      vertex 17.535804736614228 26.909138236939906 2.5
      vertex 17.479468341171742 26.93410214483738 2.5
    endloop
  endfacet
  facet normal 0.5720668481809635 0.820206999002263 0
    outer loop
      vertex 17.513442750275136 27.241561909019946 1.98
      vertex 17.482294085621835 27.263287056982517 2.5
      vertex 17.513442750275136 27.241561909019946 2.5
    endloop
  endfacet
  facet normal 0.5057585529644477 0.8626750756242515 0
    outer loop
      vertex 17.547299998998643 27.221712496876716 1.98
      vertex 17.513442750275136 27.241561909019946 2.5
      vertex 17.547299998998643 27.221712496876716 2.5
    endloop
  endfacet
  facet normal 0.7519438234364998 -0.6592271887564243 0
    outer loop
      vertex 17.40637766122818 27.90532640814781 1.98
      vertex 17.429740089178086 27.931974631547927 2.5
      vertex 17.40637766122818 27.90532640814781 2.5
    endloop
  endfacet
  facet normal -0.5147934722153267 0.857314225336596 0
    outer loop
      vertex 17.381150002777577 28.249062497913837 1.98
      vertex 17.381150002777577 28.249062497913837 2.5
      vertex 17.430642600357533 28.27878143340349 2.5
    endloop
  endfacet
  facet normal 0.6888562852296622 -0.7248979364707767 0
    outer loop
      vertex 17.429740089178086 27.931974631547927 1.98
      vertex 17.455851036310197 27.956787352263927 2.5
      vertex 17.429740089178086 27.931974631547927 2.5
    endloop
  endfacet
  facet normal 0.6228692471429382 -0.782325955701068 0
    outer loop
      vertex 17.455851036310197 27.956787352263927 1.98
      vertex 17.484710502624512 27.97976457029581 2.5
      vertex 17.455851036310197 27.956787352263927 2.5
    endloop
  endfacet
  facet normal 0.5559689495313438 -0.8312030601225036 0
    outer loop
      vertex 17.484710502624512 27.97976457029581 1.98
      vertex 17.516318488121033 28.000906285643577 2.5
      vertex 17.484710502624512 27.97976457029581 2.5
    endloop
  endfacet
  facet normal 0.4898886838711445 -0.8717849949471476 0
    outer loop
      vertex 17.516318488121033 28.000906285643577 1.98
      vertex 17.55067500025034 28.020212498307227 2.5
      vertex 17.516318488121033 28.000906285643577 2.5
    endloop
  endfacet
  facet normal -0.35236697175681325 -0.9358619114030302 0
    outer loop
      vertex 17.59579260200262 26.886551846563815 1.98
      vertex 17.59579260200262 26.886551846563815 2.5
      vertex 17.535804736614228 26.909138236939906 2.5
    endloop
  endfacet
  facet normal 0.441451335750364 0.8972851933271938 0
    outer loop
      vertex 17.584253254532815 27.203532029688358 1.98
      vertex 17.547299998998643 27.221712496876716 2.5
      vertex 17.584253254532815 27.203532029688358 2.5
    endloop
  endfacet
  facet normal 0.38216515360198394 0.9240940403294311 0
    outer loop
      vertex 17.624697636067868 27.186805990338325 1.98
      vertex 17.584253254532815 27.203532029688358 2.5
      vertex 17.624697636067868 27.186805990338325 2.5
    endloop
  endfacet
  facet normal -0.3026594647729726 -0.9530987610858267 0
    outer loop
      vertex 17.659431952238084 26.866342973709106 1.98
      vertex 17.659431952238084 26.866342973709106 2.5
      vertex 17.59579260200262 26.886551846563815 2.5
    endloop
  endfacet
  facet normal -0.2561487549788716 -0.9666373752978799 0
    outer loop
      vertex 17.726722779870034 26.848511610925197 1.98
      vertex 17.726722779870034 26.848511610925197 2.5
      vertex 17.659431952238084 26.866342973709106 2.5
    endloop
  endfacet
  facet normal 0.32832276213776534 0.9445655953200012 0
    outer loop
      vertex 17.668633136153222 27.17153439372778 1.98
      vertex 17.624697636067868 27.186805990338325 2.5
      vertex 17.668633136153222 27.17153439372778 2.5
    endloop
  endfacet
  facet normal 0.2797088597375104 0.9600848680113346 0
    outer loop
      vertex 17.716059762239457 27.15771723240614 1.98
      vertex 17.668633136153222 27.17153439372778 2.5
      vertex 17.716059762239457 27.15771723240614 2.5
    endloop
  endfacet
  facet normal 0.4272530021443335 -0.904132109903555 0
    outer loop
      vertex 17.55067500025034 28.020212498307227 1.98
      vertex 17.588091123104096 28.037893709540366 2.5
      vertex 17.55067500025034 28.020212498307227 2.5
    endloop
  endfacet
  facet normal 0.3704478538876882 -0.9288532648109743 0
    outer loop
      vertex 17.588091123104096 28.037893709540366 1.98
      vertex 17.628877955675126 28.05416042804718 2.5
      vertex 17.588091123104096 28.037893709540366 2.5
    endloop
  endfacet
  facet normal 0.31879659335518523 -0.9478231544255125 0
    outer loop
      vertex 17.628877955675126 28.05416042804718 1.98
      vertex 17.67303550541401 28.069012646377086 2.5
      vertex 17.628877955675126 28.05416042804718 2.5
    endloop
  endfacet
  facet normal 0.2720662783000503 -0.9622785148863917 0
    outer loop
      vertex 17.67303550541401 28.069012646377086 1.98
      vertex 17.720563757419587 28.082450371980666 2.5
      vertex 17.67303550541401 28.069012646377086 2.5
    endloop
  endfacet
  facet normal -0.32904538560787966 -0.9443141078106171 0
    outer loop
      vertex 17.660875003039838 26.318837498128413 1.98
      vertex 18.757807148134717 25.936612497270108 2.5
      vertex 17.660875003039838 26.318837498128413 2.5
    endloop
  endfacet
  facet normal -0.2128452556010695 -0.9770859210776274 0
    outer loop
      vertex 17.797665092349053 26.83305776566267 1.98
      vertex 17.797665092349053 26.83305776566267 2.5
      vertex 17.726722779870034 26.848511610925197 2.5
    endloop
  endfacet
  facet normal 0.23594287918558782 0.9717669256368088 0
    outer loop
      vertex 17.766977514326573 27.145354513823985 1.98
      vertex 17.716059762239457 27.15771723240614 2.5
      vertex 17.766977514326573 27.145354513823985 2.5
    endloop
  endfacet
  facet normal 0.19657542915658865 0.9804887050098553 0
    outer loop
      vertex 17.82138639241457 27.134446230530738 1.98
      vertex 17.766977514326573 27.145354513823985 2.5
      vertex 17.82138639241457 27.134446230530738 2.5
    endloop
  endfacet
  facet normal -0.1726675206663579 -0.984980165945961 0
    outer loop
      vertex 17.87225887477398 26.819981437921523 1.98
      vertex 17.87225887477398 26.819981437921523 2.5
      vertex 17.797665092349053 26.83305776566267 2.5
    endloop
  endfacet
  facet normal 0.16114497081039025 0.9869307464977056 0
    outer loop
      vertex 17.87928638905287 27.124992382526397 1.98
      vertex 17.82138639241457 27.134446230530738 2.5
      vertex 17.87928638905287 27.124992382526397 2.5
    endloop
  endfacet
  facet normal 0.22989075347886487 -0.973216441222054 0
    outer loop
      vertex 17.720563757419587 28.082450371980666 1.98
      vertex 17.771462719142438 28.09447359740734 2.5
      vertex 17.720563757419587 28.082450371980666 2.5
    endloop
  endfacet
  facet normal 0.191850398081182 -0.9814241818684172 0
    outer loop
      vertex 17.771462719142438 28.09447359740734 1.98
      vertex 17.825732398033143 28.105082322657108 2.5
      vertex 17.771462719142438 28.09447359740734 2.5
    endloop
  endfacet
  facet normal 0.1575189344665869 -0.987515967103576 0
    outer loop
      vertex 17.825732398033143 28.105082322657108 1.98
      vertex 17.88337277919054 28.11427655518055 2.5
      vertex 17.825732398033143 28.105082322657108 2.5
    endloop
  endfacet
  facet normal -0.13547381031999614 -0.990780927711763 0
    outer loop
      vertex 17.950504142045975 26.809282620251178 1.98
      vertex 17.950504142045975 26.809282620251178 2.5
      vertex 17.87225887477398 26.819981437921523 2.5
    endloop
  endfacet
  facet normal 0.1292101394136493 0.9916172345581259 0
    outer loop
      vertex 17.940677511692048 27.116992969810962 1.98
      vertex 17.87928638905287 27.124992382526397 2.5
      vertex 17.940677511692048 27.116992969810962 2.5
    endloop
  endfacet
  facet normal 0.10036523618332954 0.9949506617746754 0
    outer loop
      vertex 18.00555976033211 27.110447999835014 1.98
      vertex 17.940677511692048 27.116992969810962 2.5
      vertex 18.00555976033211 27.110447999835014 2.5
    endloop
  endfacet
  facet normal -0.10108674386523289 -0.994877615696888 0
    outer loop
      vertex 18.03240088671446 26.800961320102214 1.98
      vertex 18.03240088671446 26.800961320102214 2.5
      vertex 17.950504142045975 26.809282620251178 2.5
    endloop
  endfacet
  facet normal 0.12648920641096198 -0.9919679836877424 0
    outer loop
      vertex 17.88337277919054 28.11427655518055 1.98
      vertex 17.944383877515794 28.122056287527084 2.5
      vertex 17.88337277919054 28.11427655518055 2.5
    endloop
  endfacet
  facet normal 0.09838738027542021 -0.9951481916792794 0
    outer loop
      vertex 17.944383877515794 28.122056287527084 1.98
      vertex 18.00876567810774 28.128421527147292 2.5
      vertex 17.944383877515794 28.122056287527084 2.5
    endloop
  endfacet
  facet normal 0.07287663112157208 -0.9973409630795129 0
    outer loop
      vertex 18.00876567810774 28.128421527147292 1.98
      vertex 18.07651819586754 28.133372266590595 2.5
      vertex 18.00876567810774 28.128421527147292 2.5
    endloop
  endfacet
  facet normal -0.45830153320702915 0.8887967735427973 0
    outer loop
      vertex 17.430642600357533 28.27878143340349 1.98
      vertex 17.430642600357533 28.27878143340349 2.5
      vertex 17.483666564524174 28.306122851371764 2.5
    endloop
  endfacet
  facet normal -0.4038165872939835 0.9148399662379428 0
    outer loop
      vertex 17.483666564524174 28.306122851371764 1.98
      vertex 17.483666564524174 28.306122851371764 2.5
      vertex 17.5402218952775 28.331086759269237 2.5
    endloop
  endfacet
  facet normal -0.35905386041156256 -0.933316840801426 0
    outer loop
      vertex 17.53124186694622 29.776062053442 1.98
      vertex 17.53124186694622 29.776062053442 2.5
      vertex 17.493394377827645 29.790622261166572 2.5
    endloop
  endfacet
  facet normal -0.3518592738507612 0.9360529105799602 0
    outer loop
      vertex 17.5402218952775 28.331086759269237 1.98
      vertex 17.5402218952775 28.331086759269237 2.5
      vertex 17.60030857771635 28.353673149645328 2.5
    endloop
  endfacet
  facet normal -0.3027516183265782 0.9530694925348506 0
    outer loop
      vertex 17.60030857771635 28.353673149645328 1.98
      vertex 17.60030857771635 28.353673149645328 2.5
      vertex 17.663926626741887 28.373882029950618 2.5
    endloop
  endfacet
  facet normal -0.2566526151478136 0.9665037170843103 0
    outer loop
      vertex 17.663926626741887 28.373882029950618 1.98
      vertex 17.663926626741887 28.373882029950618 2.5
      vertex 17.731076034903527 28.391713385283946 2.5
    endloop
  endfacet
  facet normal -0.3032197395328102 -0.9529206627824032 0
    outer loop
      vertex 17.570473666489125 29.763578478991985 1.98
      vertex 17.570473666489125 29.763578478991985 2.5
      vertex 17.53124186694622 29.776062053442 2.5
    endloop
  endfacet
  facet normal -0.24820896091906747 -0.9687065147501986 0
    outer loop
      vertex 17.611089791357518 29.753171522915363 1.98
      vertex 17.611089791357518 29.753171522915363 2.5
      vertex 17.570473666489125 29.763578478991985 2.5
    endloop
  endfacet
  facet normal -0.1945492182995143 -0.9808927574709928 0
    outer loop
      vertex 17.65309023410082 29.744841200113296 1.98
      vertex 17.65309023410082 29.744841200113296 2.5
      vertex 17.611089791357518 29.753171522915363 2.5
    endloop
  endfacet
  facet normal -0.14267042339659108 -0.9897702512643212 0
    outer loop
      vertex 17.69647500216961 29.738587503135204 1.98
      vertex 17.69647500216961 29.738587503135204 2.5
      vertex 17.65309023410082 29.744841200113296 2.5
    endloop
  endfacet
  facet normal -0.5251044822773417 -0.8510377680762734 0
    outer loop
      vertex 17.42185236811638 29.82597256153822 1.98
      vertex 17.42185236811638 29.82597256153822 2.5
      vertex 17.38815784007311 29.846762646734714 2.5
    endloop
  endfacet
  facet normal -0.4706812276545215 -0.8823033389564116 0
    outer loop
      vertex 17.456931214034558 29.807259094715118 1.98
      vertex 17.456931214034558 29.807259094715118 2.5
      vertex 17.42185236811638 29.82597256153822 2.5
    endloop
  endfacet
  facet normal 0.6554691495380364 0.7552219501602712 0
    outer loop
      vertex 17.462401624023915 30.16246901154518 1.98
      vertex 17.462401624023915 30.16246901154518 2.5
      vertex 17.481234911084176 30.14612330198288 2.5
    endloop
  endfacet
  facet normal 0.8198332227465048 0.5726023811346577 0
    outer loop
      vertex 17.39767559170723 30.23934948146343 1.98
      vertex 17.39767559170723 30.23934948146343 2.5
      vertex 17.41209822446108 30.218699631094932 2.5
    endloop
  endfacet
  facet normal 0.7845772264436386 0.6200311086921426 0
    outer loop
      vertex 17.41209822446108 30.218699631094932 1.98
      vertex 17.41209822446108 30.218699631094932 2.5
      vertex 17.427774998545647 30.198862497508525 2.5
    endloop
  endfacet
  facet normal 0.7457670532990419 0.6662068013865245 0
    outer loop
      vertex 17.427774998545647 30.198862497508525 1.98
      vertex 17.427774998545647 30.198862497508525 2.5
      vertex 17.44458165317774 30.18004874587059 2.5
    endloop
  endfacet
  facet normal 0.7022919005795599 0.7118890969669008 0
    outer loop
      vertex 17.44458165317774 30.18004874587059 1.98
      vertex 17.44458165317774 30.18004874587059 2.5
      vertex 17.462401624023915 30.16246901154518 2.5
    endloop
  endfacet
  facet normal -0.4150983908797544 -0.9097765252461939 0
    outer loop
      vertex 17.493394377827645 29.790622261166572 1.98
      vertex 17.493394377827645 29.790622261166572 2.5
      vertex 17.456931214034558 29.807259094715118 2.5
    endloop
  endfacet
  facet normal 0.6058016273174242 0.7956157290674694 0
    outer loop
      vertex 17.481234911084176 30.14612330198288 1.98
      vertex 17.481234911084176 30.14612330198288 2.5
      vertex 17.50108150690794 30.131011609733104 2.5
    endloop
  endfacet
  facet normal 0.553900045390531 0.8325831728520386 0
    outer loop
      vertex 17.50108150690794 30.131011609733104 1.98
      vertex 17.50108150690794 30.131011609733104 2.5
      vertex 17.52194141894579 30.117133949697017 2.5
    endloop
  endfacet
  facet normal 0.5004490346726892 0.8657659982323016 0
    outer loop
      vertex 17.52194141894579 30.117133949697017 1.98
      vertex 17.52194141894579 30.117133949697017 2.5
      vertex 17.543814647197724 30.104490306973457 2.5
    endloop
  endfacet
  facet normal 0.44616035822351274 0.8949530349408659 0
    outer loop
      vertex 17.543814647197724 30.104490306973457 1.98
      vertex 17.543814647197724 30.104490306973457 2.5
      vertex 17.566701184213162 30.093080696463584 2.5
    endloop
  endfacet
  facet normal 0.794658700157353 -0.607056463818833 0
    outer loop
      vertex 17.41424970626831 30.822271224856376 1.98
      vertex 17.41424970626831 30.822271224856376 2.5
      vertex 17.39948343038559 30.802941639721393 2.5
    endloop
  endfacet
  facet normal 0.7512033868809962 -0.6600708079732963 0
    outer loop
      vertex 17.430300000309945 30.84053750038147 1.98
      vertex 17.430300000309945 30.84053750038147 2.5
      vertex 17.41424970626831 30.822271224856376 2.5
    endloop
  endfacet
  facet normal 0.703842553070629 -0.7103560096789628 0
    outer loop
      vertex 17.447514052689076 30.857593712210655 1.98
      vertex 17.447514052689076 30.857593712210655 2.5
      vertex 17.430300000309945 30.84053750038147 2.5
    endloop
  endfacet
  facet normal 0.6518060114372719 -0.7583857352655275 0
    outer loop
      vertex 17.46577159613371 30.8732854321599 1.98
      vertex 17.46577159613371 30.8732854321599 2.5
      vertex 17.447514052689076 30.857593712210655 2.5
    endloop
  endfacet
  facet normal -0.43627165506570875 0.899815004868349 0
    outer loop
      vertex 17.393527220189572 31.19594770371914 1.98
      vertex 17.393527220189572 31.19594770371914 2.5
      vertex 17.429064351320267 31.21317773759365 2.5
    endloop
  endfacet
  facet normal -0.3722418586324641 0.9281357652207184 0
    outer loop
      vertex 17.429064351320267 31.21317773759365 1.98
      vertex 17.429064351320267 31.21317773759365 2.5
      vertex 17.466297040879727 31.228110429644584 2.5
    endloop
  endfacet
  facet normal 0.596037165633645 -0.8029568464017296 0
    outer loop
      vertex 17.485072630643845 30.887612645328044 1.98
      vertex 17.485072630643845 30.887612645328044 2.5
      vertex 17.46577159613371 30.8732854321599 2.5
    endloop
  endfacet
  facet normal 0.5373535401175943 -0.8433570850612978 0
    outer loop
      vertex 17.505417156219483 30.90057536661625 1.98
      vertex 17.505417156219483 30.90057536661625 2.5
      vertex 17.485072630643845 30.887612645328044 2.5
    endloop
  endfacet
  facet normal 0.4766977801708374 -0.8790672479282777 0
    outer loop
      vertex 17.526805180311204 30.912173596024513 1.98
      vertex 17.526805180311204 30.912173596024513 2.5
      vertex 17.505417156219483 30.90057536661625 2.5
    endloop
  endfacet
  facet normal 0.41506609032193525 -0.9097912621392135 0
    outer loop
      vertex 17.549236688017846 30.922407326102256 1.98
      vertex 17.549236688017846 30.922407326102256 2.5
      vertex 17.526805180311204 30.912173596024513 2.5
    endloop
  endfacet
  facet normal -0.3087252729513019 0.9511512528726145 0
    outer loop
      vertex 17.466297040879727 31.228110429644584 1.98
      vertex 17.466297040879727 31.228110429644584 2.5
      vertex 17.50522529631853 31.24074578732252 2.5
    endloop
  endfacet
  facet normal -0.24662122412623372 0.9691119500916693 0
    outer loop
      vertex 17.50522529631853 31.24074578732252 1.98
      vertex 17.50522529631853 31.24074578732252 2.5
      vertex 17.5458491101861 31.25108380317688 2.5
    endloop
  endfacet
  facet normal 0.39173256796117123 0.9200791244227566 0
    outer loop
      vertex 17.566701184213162 30.093080696463584 1.98
      vertex 17.566701184213162 30.093080696463584 2.5
      vertex 17.590601037442685 30.08290510326624 2.5
    endloop
  endfacet
  facet normal 0.3378106058309735 0.9412141066665494 0
    outer loop
      vertex 17.590601037442685 30.08290510326624 1.98
      vertex 17.590601037442685 30.08290510326624 2.5
      vertex 17.61551419943571 30.073963534832 2.5
    endloop
  endfacet
  facet normal 0.2849591184520136 0.9585396709636234 0
    outer loop
      vertex 17.61551419943571 30.073963534832 1.98
      vertex 17.61551419943571 30.073963534832 2.5
      vertex 17.641440677642823 30.06625599116087 2.5
    endloop
  endfacet
  facet normal 0.23364487338426937 0.9723220007493654 0
    outer loop
      vertex 17.641440677642823 30.06625599116087 1.98
      vertex 17.641440677642823 30.06625599116087 2.5
      vertex 17.66838047206402 30.059782472252845 2.5
    endloop
  endfacet
  facet normal 0.18423056384748943 0.9828830547651314 0
    outer loop
      vertex 17.66838047206402 30.059782472252845 1.98
      vertex 17.66838047206402 30.059782472252845 2.5
      vertex 17.6963335826993 30.054542970657348 2.5
    endloop
  endfacet
  facet normal 0.9957580221233405 -0.09201065904020554 0
    outer loop
      vertex 17.725300002098084 30.05053750127554 1.98
      vertex 17.725300002098084 30.05053750127554 2.5
      vertex 17.69647500216961 29.738587503135204 2.5
    endloop
  endfacet
  facet normal 0.13697637369424762 0.9905743147536049 0
    outer loop
      vertex 17.6963335826993 30.054542970657348 1.98
      vertex 17.6963335826993 30.054542970657348 2.5
      vertex 17.725300002098084 30.05053750127554 2.5
    endloop
  endfacet
  facet normal 0.35343187964383027 -0.9354602644962687 0
    outer loop
      vertex 17.57271168678999 30.93127655684948 1.98
      vertex 17.57271168678999 30.93127655684948 2.5
      vertex 17.549236688017846 30.922407326102256 2.5
    endloop
  endfacet
  facet normal 0.29268115498552516 -0.9562100927705893 0
    outer loop
      vertex 17.597230176627637 30.93878128826618 1.98
      vertex 17.597230176627637 30.93878128826618 2.5
      vertex 17.57271168678999 30.93127655684948 2.5
    endloop
  endfacet
  facet normal -0.1866606307990886 0.9824244545560163 0
    outer loop
      vertex 17.5458491101861 31.25108380317688 1.98
      vertex 17.5458491101861 31.25108380317688 2.5
      vertex 17.588168489933015 31.25912448465824 2.5
    endloop
  endfacet
  facet normal 0.23356561053850167 -0.9723410438594974 0
    outer loop
      vertex 17.622792157530785 30.944921520352363 1.98
      vertex 17.622792157530785 30.944921520352363 2.5
      vertex 17.597230176627637 30.93878128826618 2.5
    endloop
  endfacet
  facet normal -0.1293892421707898 0.9915938805834115 0
    outer loop
      vertex 17.588168489933015 31.25912448465824 1.98
      vertex 17.588168489933015 31.25912448465824 2.5
      vertex 17.632183435559273 31.264867824316024 2.5
    endloop
  endfacet
  facet normal 0.17667836607329154 -0.9842686396313113 0
    outer loop
      vertex 17.649397629499436 30.949697260558604 1.98
      vertex 17.649397629499436 30.949697260558604 2.5
      vertex 17.622792157530785 30.944921520352363 2.5
    endloop
  endfacet
  facet normal 0.12244861656945094 -0.992474854240765 0
    outer loop
      vertex 17.67704659998417 30.953108508884906 1.98
      vertex 17.67704659998417 30.953108508884906 2.5
      vertex 17.649397629499436 30.949697260558604 2.5
    endloop
  endfacet
  facet normal -0.07517429813823918 0.9971704091575437 0
    outer loop
      vertex 17.632183435559273 31.264867824316024 1.98
      vertex 17.632183435559273 31.264867824316024 2.5
      vertex 17.677893932163716 31.26831382960081 2.5
    endloop
  endfacet
  facet normal 0.07115299010371565 -0.9974654139363934 0
    outer loop
      vertex 17.705739054083825 30.955155250430106 1.98
      vertex 17.705739054083825 30.955155250430106 2.5
      vertex 17.67704659998417 30.953108508884906 2.5
    endloop
  endfacet
  facet normal -0.0242233507375495 0.9997065715894067 0
    outer loop
      vertex 17.677893932163716 31.26831382960081 1.98
      vertex 17.677893932163716 31.26831382960081 2.5
      vertex 17.725300002098084 31.2694625005126 2.5
    endloop
  endfacet
  facet normal -0.21359699208463112 0.9769218622655539 0
    outer loop
      vertex 17.731076034903527 28.391713385283946 1.98
      vertex 17.731076034903527 28.391713385283946 2.5
      vertex 17.80175680220127 28.407167230546474 2.5
    endloop
  endfacet
  facet normal -0.17352891621336242 0.984828774578513 0
    outer loop
      vertex 17.80175680220127 28.407167230546474 1.98
      vertex 17.80175680220127 28.407167230546474 2.5
      vertex 17.8759689360857 28.4202435657382 2.5
    endloop
  endfacet
  facet normal -0.13633198879932332 0.9906632065591319 0
    outer loop
      vertex 17.8759689360857 28.4202435657382 1.98
      vertex 17.8759689360857 28.4202435657382 2.5
      vertex 17.953712429106236 28.430942383408546 2.5
    endloop
  endfacet
  facet normal -0.10185223753560815 0.9947995384543512 0
    outer loop
      vertex 17.953712429106236 28.430942383408546 1.98
      vertex 17.953712429106236 28.430942383408546 2.5
      vertex 18.034987281262875 28.43926368355751 2.5
    endloop
  endfacet
  facet normal 0.022937564661614618 -0.9997368994527481 0
    outer loop
      vertex 17.735474999248982 30.955837500095367 1.98
      vertex 17.735474999248982 30.955837500095367 2.5
      vertex 17.705739054083825 30.955155250430106 2.5
    endloop
  endfacet
  facet normal -0.01781130508092221 -0.9998413661233038 0
    outer loop
      vertex 17.75772159844637 30.955441196262836 1.98
      vertex 17.75772159844637 30.955441196262836 2.5
      vertex 17.735474999248982 30.955837500095367 2.5
    endloop
  endfacet
  facet normal 0.017596924107170165 0.9998451621436024 0
    outer loop
      vertex 17.725300002098084 31.2694625005126 1.98
      vertex 17.725300002098084 31.2694625005126 2.5
      vertex 17.746674704551697 31.26908631324768 2.5
    endloop
  endfacet
  facet normal 0.052773607706161775 0.998606502246844 0
    outer loop
      vertex 17.746674704551697 31.26908631324768 1.98
      vertex 17.746674704551697 31.26908631324768 2.5
      vertex 17.768029588460923 31.267957766354083 2.5
    endloop
  endfacet
  facet normal -0.05424274079688542 -0.9985277788178164 0
    outer loop
      vertex 17.779607544839383 30.954252292215823 1.98
      vertex 17.779607544839383 30.954252292215823 2.5
      vertex 17.75772159844637 30.955441196262836 2.5
    endloop
  endfacet
  facet normal -0.0916674560701149 -0.9957896753319115 0
    outer loop
      vertex 17.80113283842802 30.95227078050375 1.98
      vertex 17.80113283842802 30.95227078050375 2.5
      vertex 17.779607544839383 30.954252292215823 2.5
    endloop
  endfacet
  facet normal 0.08782009358941374 0.9961363516918488 0
    outer loop
      vertex 17.768029588460923 31.267957766354083 1.98
      vertex 17.768029588460923 31.267957766354083 2.5
      vertex 17.78936464637518 31.26607685238123 2.5
    endloop
  endfacet
  facet normal 0.12260813178262221 0.9924551607104348 0
    outer loop
      vertex 17.78936464637518 31.26607685238123 1.98
      vertex 17.78936464637518 31.26607685238123 2.5
      vertex 17.81067987829447 31.263443563878536 2.5
    endloop
  endfacet
  facet normal -0.1299612847139298 -0.9915190691436574 0
    outer loop
      vertex 17.822297486662865 30.949496668577194 1.98
      vertex 17.822297486662865 30.949496668577194 2.5
      vertex 17.80113283842802 30.95227078050375 2.5
    endloop
  endfacet
  facet normal -0.16897821710164332 -0.9856197857922445 0
    outer loop
      vertex 17.843101482093335 30.945929956436157 1.98
      vertex 17.843101482093335 30.945929956436157 2.5
      vertex 17.822297486662865 30.949496668577194 2.5
    endloop
  endfacet
  facet normal 0.157012837701898 0.9875965617582908 0
    outer loop
      vertex 17.81067987829447 31.263443563878536 1.98
      vertex 17.81067987829447 31.263443563878536 2.5
      vertex 17.83197529911995 31.260057915747165 2.5
    endloop
  endfacet
  facet normal -0.2085503133330463 -0.9780116394034829 0
    outer loop
      vertex 17.86354482471943 30.941570636630058 1.98
      vertex 17.86354482471943 30.941570636630058 2.5
      vertex 17.843101482093335 30.945929956436157 2.5
    endloop
  endfacet
  facet normal -0.24848905069478391 -0.9686347049764453 0
    outer loop
      vertex 17.88362751454115 30.936418716609477 1.98
      vertex 17.88362751454115 30.936418716609477 2.5
      vertex 17.86354482471943 30.941570636630058 2.5
    endloop
  endfacet
  facet normal 0.19091868996390612 0.9816058546190858 0
    outer loop
      vertex 17.83197529911995 31.260057915747165 1.98
      vertex 17.83197529911995 31.260057915747165 2.5
      vertex 17.853250886499882 31.255919893085956 2.5
    endloop
  endfacet
  facet normal 0.22421542435799202 0.974539605906279 0
    outer loop
      vertex 17.853250886499882 31.255919893085956 1.98
      vertex 17.853250886499882 31.255919893085956 2.5
      vertex 17.874506655335427 31.25102951079607 2.5
    endloop
  endfacet
  facet normal -0.32863989197649646 -0.9444553040783226 0
    outer loop
      vertex 17.922710943222047 30.92373705357313 1.98
      vertex 17.922710943222047 30.92373705357313 2.5
      vertex 17.903349559009076 30.930474188923835 2.5
    endloop
  endfacet
  facet normal -0.3684121757098069 -0.9296625564089188 0
    outer loop
      vertex 17.941711689531804 30.916207325458526 1.98
      vertex 17.941711689531804 30.916207325458526 2.5
      vertex 17.922710943222047 30.92373705357313 2.5
    endloop
  endfacet
  facet normal -0.40768663135346006 -0.9131219034803995 0
    outer loop
      vertex 17.960351775586606 30.90788498222828 1.98
      vertex 17.960351775586606 30.90788498222828 2.5
      vertex 17.941711689531804 30.916207325458526 2.5
    endloop
  endfacet
  facet normal -0.28859091577689167 -0.9574524966446404 0
    outer loop
      vertex 17.903349559009076 30.930474188923835 1.98
      vertex 17.903349559009076 30.930474188923835 2.5
      vertex 17.88362751454115 30.936418716609477 2.5
    endloop
  endfacet
  facet normal 0.25680551094887344 0.96646310304444 0
    outer loop
      vertex 17.874506655335427 31.25102951079607 1.98
      vertex 17.874506655335427 31.25102951079607 2.5
      vertex 17.895742605626584 31.245386761426925 2.5
    endloop
  endfacet
  facet normal 0.2886012628467607 0.9574493778175716 0
    outer loop
      vertex 17.895742605626584 31.245386761426925 1.98
      vertex 17.895742605626584 31.245386761426925 2.5
      vertex 17.916958729922772 31.238991644978523 2.5
    endloop
  endfacet
  facet normal 0.31952740998973206 0.9475770334201087 0
    outer loop
      vertex 17.916958729922772 31.238991644978523 1.98
      vertex 17.916958729922772 31.238991644978523 2.5
      vertex 17.938155028223992 31.23184415400028 2.5
    endloop
  endfacet
  facet normal 0.34951979935581146 0.936928978022493 0
    outer loop
      vertex 17.938155028223992 31.23184415400028 1.98
      vertex 17.938155028223992 31.23184415400028 2.5
      vertex 17.959331507980824 31.223944303393363 2.5
    endloop
  endfacet
  facet normal -0.446242632047039 -0.894912014302932 0
    outer loop
      vertex 17.978631216287614 30.89877004623413 1.98
      vertex 17.978631216287614 30.89877004623413 2.5
      vertex 17.960351775586606 30.90788498222828 2.5
    endloop
  endfacet
  facet normal -0.48387540037142285 -0.8751369018133078 0
    outer loop
      vertex 17.996549996733666 30.88886250257492 1.98
      vertex 17.996549996733666 30.88886250257492 2.5
      vertex 17.978631216287614 30.89877004623413 2.5
    endloop
  endfacet
  facet normal -0.5125234304790895 -0.8586732400686223 0
    outer loop
      vertex 18.014224554598332 30.878312942385673 1.98
      vertex 18.014224554598332 30.878312942385673 2.5
      vertex 17.996549996733666 30.88886250257492 2.5
    endloop
  endfacet
  facet normal -0.5324051439792037 -0.846489670737029 0
    outer loop
      vertex 18.031778994202615 30.867271964251994 1.98
      vertex 18.031778994202615 30.867271964251994 2.5
      vertex 18.014224554598332 30.878312942385673 2.5
    endloop
  endfacet
  facet normal 0.37852865334785735 0.9255895735122872 0
    outer loop
      vertex 17.959331507980824 31.223944303393363 1.98
      vertex 17.959331507980824 31.223944303393363 2.5
      vertex 17.98048816919327 31.215292085707187 2.5
    endloop
  endfacet
  facet normal 0.40651523350841967 0.9136440033873123 0
    outer loop
      vertex 17.98048816919327 31.215292085707187 1.98
      vertex 17.98048816919327 31.215292085707187 2.5
      vertex 18.001624996960164 31.205887500941753 2.5
    endloop
  endfacet
  facet normal 0.4329380491997722 0.901423677054855 0
    outer loop
      vertex 18.001624996960164 31.205887500941753 1.98
      vertex 18.001624996960164 31.205887500941753 2.5
      vertex 18.022751922905446 31.195740607380866 2.5
    endloop
  endfacet
  facet normal 0.4578094646681222 0.8890503326922989 0
    outer loop
      vertex 18.022751922905446 31.195740607380866 1.98
      vertex 18.022751922905446 31.195740607380866 2.5
      vertex 18.043878848850728 31.184861463308334 2.5
    endloop
  endfacet
  facet normal -0.32025514022039436 0.9473313280803161 0
    outer loop
      vertex 17.660875003039838 25.25588749796152 2.5
      vertex 18.403641843344325 25.506987500190736 2.5
      vertex 18.403641843344325 25.506987500190736 1.98
    endloop
  endfacet
  facet normal 0.3497924156509453 0.9368272337806349 0
    outer loop
      vertex 17.660875003039838 26.642637503147125 1.98
      vertex 17.660875003039838 26.642637503147125 2.5
      vertex 19.495200003683568 25.95773750245571 2.5
    endloop
  endfacet
  facet normal 0.07424640126474025 0.9972399269479915 0
    outer loop
      vertex 18.07393313497305 27.105357472598552 1.98
      vertex 18.00555976033211 27.110447999835014 2.5
      vertex 18.07393313497305 27.105357472598552 2.5
    endloop
  endfacet
  facet normal -0.06931173338944502 -0.9975950499148192 0
    outer loop
      vertex 18.11794910877943 26.79501753002405 1.98
      vertex 18.11794910877943 26.79501753002405 2.5
      vertex 18.03240088671446 26.800961320102214 2.5
    endloop
  endfacet
  facet normal 0.05053196010080998 0.9987224444300679 0
    outer loop
      vertex 18.145797635614873 27.101721373200416 1.98
      vertex 18.07393313497305 27.105357472598552 2.5
      vertex 18.145797635614873 27.101721373200416 2.5
    endloop
  endfacet
  facet normal -0.03994884980864201 -0.9992017260788566 0
    outer loop
      vertex 18.207148815691472 26.79145125746727 1.98
      vertex 18.207148815691472 26.79145125746727 2.5
      vertex 18.11794910877943 26.79501753002405 2.5
    endloop
  endfacet
  facet normal 0.02893935365424904 0.9995811691954157 0
    outer loop
      vertex 18.221153254806996 27.099539716541766 1.98
      vertex 18.145797635614873 27.101721373200416 2.5
      vertex 18.221153254806996 27.099539716541766 2.5
    endloop
  endfacet
  facet normal 0.04965855132503647 -0.9987662530744111 0
    outer loop
      vertex 18.07651819586754 28.133372266590595 1.98
      vertex 18.147641423344613 28.13690850585699 2.5
      vertex 18.07651819586754 28.133372266590595 2.5
    endloop
  endfacet
  facet normal 0.02847059426136852 -0.999594630468974 0
    outer loop
      vertex 18.147641423344613 28.13690850585699 1.98
      vertex 18.22213535308838 28.13903025239706 2.5
      vertex 18.147641423344613 28.13690850585699 2.5
    endloop
  endfacet
  facet normal -0.012801749711897306 -0.9999180542446036 0
    outer loop
      vertex 18.3 26.79026250243187 1.98
      vertex 18.3 26.79026250243187 2.5
      vertex 18.207148815691472 26.79145125746727 2.5
    endloop
  endfacet
  facet normal 0.009222739489225437 0.9999574696337409 0
    outer loop
      vertex 18.3 27.098812502622604 1.98
      vertex 18.221153254806996 27.099539716541766 2.5
      vertex 18.3 27.098812502622604 2.5
    endloop
  endfacet
  facet normal 0.013464068642994502 -0.9999093553195593 0
    outer loop
      vertex 18.39088683128357 26.79148631989956 1.98
      vertex 18.39088683128357 26.79148631989956 2.5
      vertex 18.3 26.79026250243187 2.5
    endloop
  endfacet
  facet normal -0.009620616835090749 0.9999537207949738 0
    outer loop
      vertex 18.37663106173277 27.099549774825572 1.98
      vertex 18.3 27.098812502622604 2.5
      vertex 18.37663106173277 27.099549774825572 2.5
    endloop
  endfacet
  facet normal 0.009082648141941294 -0.9999587519006621 0
    outer loop
      vertex 18.22213535308838 28.13903025239706 1.98
      vertex 18.3 28.139737498760223 2.5
      vertex 18.22213535308838 28.13903025239706 2.5
    endloop
  endfacet
  facet normal -0.009876416655794489 -0.9999512270076183 0
    outer loop
      vertex 18.3 28.139737498760223 1.98
      vertex 18.375156062841416 28.13899518996477 2.5
      vertex 18.3 28.139737498760223 2.5
    endloop
  endfacet
  facet normal -0.030120007490602417 0.9995462896478412 0
    outer loop
      vertex 18.450031954050065 27.10176161378622 1.98
      vertex 18.37663106173277 27.099549774825572 2.5
      vertex 18.450031954050065 27.10176161378622 2.5
    endloop
  endfacet
  facet normal 0.041934018047177044 -0.9991203822014738 0
    outer loop
      vertex 18.478362719714642 26.795157764852046 1.98
      vertex 18.478362719714642 26.795157764852046 2.5
      vertex 18.39088683128357 26.79148631989956 2.5
    endloop
  endfacet
  facet normal -0.05246226551848651 0.9986229071559835 0
    outer loop
      vertex 18.520202662050725 27.105448004603385 1.98
      vertex 18.450031954050065 27.10176161378622 2.5
      vertex 18.520202662050725 27.105448004603385 2.5
    endloop
  endfacet
  facet normal -0.030868961252157275 -0.9995234400609186 0
    outer loop
      vertex 18.375156062841416 28.13899518996477 1.98
      vertex 18.4472627222538 28.136768271028995 2.5
      vertex 18.375156062841416 28.13899518996477 2.5
    endloop
  endfacet
  facet normal -0.05366844202974462 -0.9985588106516812 0
    outer loop
      vertex 18.4472627222538 28.136768271028995 1.98
      vertex 18.516319970786572 28.133056727051734 2.5
      vertex 18.4472627222538 28.136768271028995 2.5
    endloop
  endfacet
  facet normal 0.0725979276344484 -0.997361289053863 0
    outer loop
      vertex 18.562427665293217 26.801276852190494 1.98
      vertex 18.562427665293217 26.801276852190494 2.5
      vertex 18.478362719714642 26.795157764852046 2.5
    endloop
  endfacet
  facet normal -0.07686930880993019 0.9970411773658516 0
    outer loop
      vertex 18.58714319318533 27.11060894727707 1.98
      vertex 18.520202662050725 27.105448004603385 2.5
      vertex 18.58714319318533 27.11060894727707 2.5
    endloop
  endfacet
  facet normal 0.10562151124098627 -0.9944064040236115 0
    outer loop
      vertex 18.643081653118134 26.80984356701374 1.98
      vertex 18.643081653118134 26.80984356701374 2.5
      vertex 18.562427665293217 26.801276852190494 2.5
    endloop
  endfacet
  facet normal -0.103590744395936 0.9946200066736521 0
    outer loop
      vertex 18.65085354745388 27.11724444925785 1.98
      vertex 18.58714319318533 27.11060894727707 2.5
      vertex 18.65085354745388 27.11724444925785 2.5
    endloop
  endfacet
  facet normal -0.07847736561089677 -0.9969158956937008 0
    outer loop
      vertex 18.516319970786572 28.133056727051734 1.98
      vertex 18.582327808439732 28.12786058038473 2.5
      vertex 18.516319970786572 28.133056727051734 2.5
    endloop
  endfacet
  facet normal -0.10552157363272878 -0.9944170138820395 0
    outer loop
      vertex 18.582327808439732 28.12786058038473 1.98
      vertex 18.64528624266386 28.121179808676242 2.5
      vertex 18.582327808439732 28.12786058038473 2.5
    endloop
  endfacet
  facet normal -0.13504788286497732 -0.9908390733785621 0
    outer loop
      vertex 18.64528624266386 28.121179808676242 1.98
      vertex 18.705195266008378 28.11301441937685 2.5
      vertex 18.64528624266386 28.121179808676242 2.5
    endloop
  endfacet
  facet normal -0.06991522386248446 0.9975529366766752 0
    outer loop
      vertex 18.034987281262875 28.43926368355751 1.98
      vertex 18.034987281262875 28.43926368355751 2.5
      vertex 18.11979349255562 28.445207473635673 2.5
    endloop
  endfacet
  facet normal -0.04033810196281105 0.9991860875382713 0
    outer loop
      vertex 18.11979349255562 28.445207473635673 1.98
      vertex 18.11979349255562 28.445207473635673 2.5
      vertex 18.208131062984467 28.448773746192455 2.5
    endloop
  endfacet
  facet normal -0.012938601083857063 0.9999162927975486 0
    outer loop
      vertex 18.208131062984467 28.448773746192455 1.98
      vertex 18.208131062984467 28.448773746192455 2.5
      vertex 18.3 28.449962501227855 2.5
    endloop
  endfacet
  facet normal 0.01381557217894247 0.9999045604283283 0
    outer loop
      vertex 18.3 28.449962501227855 1.98
      vertex 18.3 28.449962501227855 2.5
      vertex 18.39039393812418 28.44871353805065 2.5
    endloop
  endfacet
  facet normal -0.5516997956744087 -0.8340427659615637 0
    outer loop
      vertex 18.049213315546513 30.855739568173885 1.98
      vertex 18.049213315546513 30.855739568173885 2.5
      vertex 18.031778994202615 30.867271964251994 2.5
    endloop
  endfacet
  facet normal -0.5703979555737233 -0.8213684753369324 0
    outer loop
      vertex 18.066527511179448 30.843715754151344 1.98
      vertex 18.066527511179448 30.843715754151344 2.5
      vertex 18.049213315546513 30.855739568173885 2.5
    endloop
  endfacet
  facet normal -0.5884930550464444 -0.8085022722058994 0
    outer loop
      vertex 18.08372159600258 30.83120051473379 1.98
      vertex 18.08372159600258 30.83120051473379 2.5
      vertex 18.066527511179448 30.843715754151344 2.5
    endloop
  endfacet
  facet normal -0.6059819264839535 -0.7954784125133733 0
    outer loop
      vertex 18.100795562565327 30.818193857371806 1.98
      vertex 18.100795562565327 30.818193857371806 2.5
      vertex 18.08372159600258 30.83120051473379 2.5
    endloop
  endfacet
  facet normal -0.6228643351939862 -0.7823298664523513 0
    outer loop
      vertex 18.11774941086769 30.80469578206539 1.98
      vertex 18.11774941086769 30.80469578206539 2.5
      vertex 18.100795562565327 30.818193857371806 2.5
    endloop
  endfacet
  facet normal 0.4816506368482525 0.8763633173653907 0
    outer loop
      vertex 18.043878848850728 31.184861463308334 1.98
      vertex 18.043878848850728 31.184861463308334 2.5
      vertex 18.06500576734543 31.173250076174735 2.5
    endloop
  endfacet
  facet normal 0.5044684861981007 0.8634301051231632 0
    outer loop
      vertex 18.06500576734543 31.173250076174735 1.98
      vertex 18.06500576734543 31.173250076174735 2.5
      vertex 18.08613269329071 31.16090643852949 2.5
    endloop
  endfacet
  facet normal 0.5262766191687103 0.8503134246360882 0
    outer loop
      vertex 18.08613269329071 31.16090643852949 1.98
      vertex 18.08613269329071 31.16090643852949 2.5
      vertex 18.107259611785413 31.1478305503726 2.5
    endloop
  endfacet
  facet normal 0.5470933520320781 0.8370716003797433 0
    outer loop
      vertex 18.107259611785413 31.1478305503726 1.98
      vertex 18.107259611785413 31.1478305503726 2.5
      vertex 18.128386537730695 31.134022411704063 2.5
    endloop
  endfacet
  facet normal -0.6391427989906633 -0.7690880850061198 0
    outer loop
      vertex 18.134583133459092 30.790706288814544 1.98
      vertex 18.134583133459092 30.790706288814544 2.5
      vertex 18.11774941086769 30.80469578206539 2.5
    endloop
  endfacet
  facet normal -0.6548217747431989 -0.7557833309369605 0
    outer loop
      vertex 18.15129674524069 30.776225370168685 1.98
      vertex 18.15129674524069 30.776225370168685 2.5
      vertex 18.134583133459092 30.790706288814544 2.5
    endloop
  endfacet
  facet normal -0.6983412401471835 -0.7157649839924372 0
    outer loop
      vertex 18.200716863572598 30.72983409911394 1.98
      vertex 18.200716863572598 30.72983409911394 2.5
      vertex 18.184363606572152 30.745789271593093 2.5
    endloop
  endfacet
  facet normal -0.6699083058980404 -0.7424438441315394 0
    outer loop
      vertex 18.167890238761903 30.761253033578395 1.98
      vertex 18.167890238761903 30.761253033578395 2.5
      vertex 18.15129674524069 30.776225370168685 2.5
    endloop
  endfacet
  facet normal -0.6844116226996 -0.7290958309534492 0
    outer loop
      vertex 18.184363606572152 30.745789271593093 1.98
      vertex 18.184363606572152 30.745789271593093 2.5
      vertex 18.167890238761903 30.761253033578395 2.5
    endloop
  endfacet
  facet normal 0.5858512413515985 0.810418609736222 0
    outer loop
      vertex 18.149513463675977 31.11948202997446 1.98
      vertex 18.149513463675977 31.11948202997446 2.5
      vertex 18.170640382170678 31.10420939028263 2.5
    endloop
  endfacet
  facet normal 0.5669423192897444 0.8237574925901224 0
    outer loop
      vertex 18.128386537730695 31.134022411704063 1.98
      vertex 18.128386537730695 31.134022411704063 2.5
      vertex 18.149513463675977 31.11948202997446 2.5
    endloop
  endfacet
  facet normal 0.6038487795729478 0.797098896880595 0
    outer loop
      vertex 18.170640382170678 31.10420939028263 1.98
      vertex 18.170640382170678 31.10420939028263 2.5
      vertex 18.19176730811596 31.088204514980315 2.5
    endloop
  endfacet
  facet normal 0.6209686174166693 0.7838354267214709 0
    outer loop
      vertex 18.19176730811596 31.088204514980315 1.98
      vertex 18.19176730811596 31.088204514980315 2.5
      vertex 18.212894234061242 31.071467381715774 2.5
    endloop
  endfacet
  facet normal -0.7117103141187066 -0.702473080464335 0
    outer loop
      vertex 18.21695000231266 30.713387501239776 1.98
      vertex 18.21695000231266 30.713387501239776 2.5
      vertex 18.200716863572598 30.72983409911394 2.5
    endloop
  endfacet
  facet normal -0.7214866443102591 -0.6924283515873115 0
    outer loop
      vertex 18.233119229972363 30.69653971940279 1.98
      vertex 18.233119229972363 30.69653971940279 2.5
      vertex 18.21695000231266 30.713387501239776 2.5
    endloop
  endfacet
  facet normal -0.7277798659731002 -0.6858108096874649 0
    outer loop
      vertex 18.249288465082646 30.67938098758459 1.98
      vertex 18.249288465082646 30.67938098758459 2.5
      vertex 18.233119229972363 30.69653971940279 2.5
    endloop
  endfacet
  facet normal -0.7338946251171868 -0.6792633356983903 0
    outer loop
      vertex 18.26545769274235 30.66191131323576 1.98
      vertex 18.26545769274235 30.66191131323576 2.5
      vertex 18.249288465082646 30.67938098758459 2.5
    endloop
  endfacet
  facet normal -0.7398358808076908 -0.672787388013114 0
    outer loop
      vertex 18.28162692040205 30.644130696356296 1.98
      vertex 18.28162692040205 30.644130696356296 2.5
      vertex 18.26545769274235 30.66191131323576 2.5
    endloop
  endfacet
  facet normal 0.6372435595561118 0.770662472035752 0
    outer loop
      vertex 18.212894234061242 31.071467381715774 1.98
      vertex 18.212894234061242 31.071467381715774 2.5
      vertex 18.234021152555943 31.053998005390167 2.5
    endloop
  endfacet
  facet normal 0.6527083579579694 0.7576092656850306 0
    outer loop
      vertex 18.234021152555943 31.053998005390167 1.98
      vertex 18.234021152555943 31.053998005390167 2.5
      vertex 18.255148078501225 31.035796378552913 2.5
    endloop
  endfacet
  facet normal 0.6673984841438358 0.7447007878084393 0
    outer loop
      vertex 18.255148078501225 31.035796378552913 1.98
      vertex 18.255148078501225 31.035796378552913 2.5
      vertex 18.276274996995927 31.016862501204013 2.5
    endloop
  endfacet
  facet normal -0.745608940074242 -0.6663837546649568 0
    outer loop
      vertex 18.297796155512334 30.62603912949562 1.98
      vertex 18.297796155512334 30.62603912949562 2.5
      vertex 18.28162692040205 30.644130696356296 2.5
    endloop
  endfacet
  facet normal -0.7512191651663748 -0.660052850828428 0
    outer loop
      vertex 18.313965383172036 30.60763661265373 1.98
      vertex 18.313965383172036 30.60763661265373 2.5
      vertex 18.297796155512334 30.62603912949562 2.5
    endloop
  endfacet
  facet normal -0.7566707502281408 -0.6537961270527554 0
    outer loop
      vertex 18.33013461828232 30.58892315328121 1.98
      vertex 18.33013461828232 30.58892315328121 2.5
      vertex 18.313965383172036 30.60763661265373 2.5
    endloop
  endfacet
  facet normal -0.7619693647435608 -0.6476130690406845 0
    outer loop
      vertex 18.34630384594202 30.569898743927478 1.98
      vertex 18.34630384594202 30.569898743927478 2.5
      vertex 18.33013461828232 30.58892315328121 2.5
    endloop
  endfacet
  facet normal -0.7671191156370296 -0.6415046862060024 0
    outer loop
      vertex 18.362473073601723 30.550563384592532 1.98
      vertex 18.362473073601723 30.550563384592532 2.5
      vertex 18.34630384594202 30.569898743927478 2.5
    endloop
  endfacet
  facet normal 0.6841322703883914 0.7293579619180318 0
    outer loop
      vertex 18.276274996995927 31.016862501204013 1.98
      vertex 18.276274996995927 31.016862501204013 2.5
      vertex 18.298294673860074 30.996208210289478 2.5
    endloop
  endfacet
  facet normal 0.7004451990464599 0.713706188240487 0
    outer loop
      vertex 18.298294673860074 30.996208210289478 1.98
      vertex 18.298294673860074 30.996208210289478 2.5
      vertex 18.32209985256195 30.972845342755317 2.5
    endloop
  endfacet
  facet normal 0.7136562599034988 0.7004960690114899 0
    outer loop
      vertex 18.32209985256195 30.972845342755317 1.98
      vertex 18.32209985256195 30.972845342755317 2.5
      vertex 18.34769053310156 30.94677389115095 2.5
    endloop
  endfacet
  facet normal 0.7245573328938926 0.6892145321666462 0
    outer loop
      vertex 18.34769053310156 30.94677389115095 1.98
      vertex 18.34769053310156 30.94677389115095 2.5
      vertex 18.375066715478898 30.91799386292696 2.5
    endloop
  endfacet
  facet normal 0.043006511807678234 0.9990747919661149 0
    outer loop
      vertex 18.39039393812418 28.44871353805065 1.98
      vertex 18.39039393812418 28.44871353805065 2.5
      vertex 18.477437275648118 28.444966641068458 2.5
    endloop
  endfacet
  facet normal 0.07440920812744962 0.9972277923051713 0
    outer loop
      vertex 18.477437275648118 28.444966641068458 1.98
      vertex 18.477437275648118 28.444966641068458 2.5
      vertex 18.561130027472974 28.438721817731857 2.5
    endloop
  endfacet
  facet normal 0.10818032711717489 0.9941312875193201 0
    outer loop
      vertex 18.561130027472974 28.438721817731857 1.98
      vertex 18.561130027472974 28.438721817731857 2.5
      vertex 18.641472186148167 28.429979068040847 2.5
    endloop
  endfacet
  facet normal 0.14446729083636486 0.9895095764460298 0
    outer loop
      vertex 18.641472186148167 28.429979068040847 1.98
      vertex 18.641472186148167 28.429979068040847 2.5
      vertex 18.71846375912428 28.41873838454485 2.5
    endloop
  endfacet
  facet normal -0.7721244539171446 -0.6354713429126063 0
    outer loop
      vertex 18.378642308712006 30.530917082726955 1.98
      vertex 18.378642308712006 30.530917082726955 2.5
      vertex 18.362473073601723 30.550563384592532 2.5
    endloop
  endfacet
  facet normal -0.7769903766359021 -0.6295124737566358 0
    outer loop
      vertex 18.39481153637171 30.510959838330745 1.98
      vertex 18.39481153637171 30.510959838330745 2.5
      vertex 18.378642308712006 30.530917082726955 2.5
    endloop
  endfacet
  facet normal -0.7817207429974417 -0.6236286394702603 0
    outer loop
      vertex 18.41098077148199 30.490691643953323 1.98
      vertex 18.41098077148199 30.490691643953323 2.5
      vertex 18.39481153637171 30.510959838330745 2.5
    endloop
  endfacet
  facet normal -0.7863201959967654 -0.6178191882481545 0
    outer loop
      vertex 18.427149999141694 30.470112499594688 1.98
      vertex 18.427149999141694 30.470112499594688 2.5
      vertex 18.41098077148199 30.490691643953323 2.5
    endloop
  endfacet
  facet normal -0.786845524418288 -0.6171499985440406 0
    outer loop
      vertex 18.443424704670907 30.449362796545028 1.98
      vertex 18.443424704670907 30.449362796545028 2.5
      vertex 18.427149999141694 30.470112499594688 2.5
    endloop
  endfacet
  facet normal -0.7834048854500687 -0.6215116937379093 0
    outer loop
      vertex 18.45991035848856 30.42858291119337 1.98
      vertex 18.45991035848856 30.42858291119337 2.5
      vertex 18.443424704670907 30.449362796545028 2.5
    endloop
  endfacet
  facet normal -0.7799803178464998 -0.6258040458259065 0
    outer loop
      vertex 18.476606953144074 30.407772858440875 1.98
      vertex 18.476606953144074 30.407772858440875 2.5
      vertex 18.45991035848856 30.42858291119337 2.5
    endloop
  endfacet
  facet normal -0.769807888140305 -0.6382756578132709 0
    outer loop
      vertex 18.52796242684126 30.345161613821983 1.98
      vertex 18.52796242684126 30.345161613821983 2.5
      vertex 18.510632987320424 30.36606220602989 2.5
    endloop
  endfacet
  facet normal -0.7765725301957994 -0.6300278607691048 0
    outer loop
      vertex 18.49351449608803 30.3869326159358 1.98
      vertex 18.49351449608803 30.3869326159358 2.5
      vertex 18.476606953144074 30.407772858440875 2.5
    endloop
  endfacet
  facet normal -0.7731814090014837 -0.6341849168613838 0
    outer loop
      vertex 18.510632987320424 30.36606220602989 1.98
      vertex 18.510632987320424 30.36606220602989 2.5
      vertex 18.49351449608803 30.3869326159358 2.5
    endloop
  endfacet
  facet normal 0.7336960670691244 0.6794778003491349 0
    outer loop
      vertex 18.375066715478898 30.91799386292696 1.98
      vertex 18.375066715478898 30.91799386292696 2.5
      vertex 18.404228399693967 30.886505250632762 2.5
    endloop
  endfacet
  facet normal 0.741461563671594 0.6709953424560223 0
    outer loop
      vertex 18.404228399693967 30.886505250632762 1.98
      vertex 18.404228399693967 30.886505250632762 2.5
      vertex 18.435175593197346 30.85230806171894 2.5
    endloop
  endfacet
  facet normal 0.748138011398537 0.663543153005622 0
    outer loop
      vertex 18.435175593197346 30.85230806171894 1.98
      vertex 18.435175593197346 30.85230806171894 2.5
      vertex 18.467908281087876 30.815402296185493 2.5
    endloop
  endfacet
  facet normal 0.753936640228346 0.656947138300483 0
    outer loop
      vertex 18.467908281087876 30.815402296185493 1.98
      vertex 18.467908281087876 30.815402296185493 2.5
      vertex 18.502426478266717 30.77578794658184 2.5
    endloop
  endfacet
  facet normal 0.759018188640222 0.6510694197344217 0
    outer loop
      vertex 18.502426478266717 30.77578794658184 1.98
      vertex 18.502426478266717 30.77578794658184 2.5
      vertex 18.538730177283288 30.73346501290798 2.5
    endloop
  endfacet
  facet normal -0.7664521256459781 -0.642301439429153 0
    outer loop
      vertex 18.545502807199956 30.324230846762656 1.98
      vertex 18.545502807199956 30.324230846762656 2.5
      vertex 18.52796242684126 30.345161613821983 2.5
    endloop
  endfacet
  facet normal -0.7631142752531875 -0.6462635707703184 0
    outer loop
      vertex 18.563254143297673 30.303269897401332 1.98
      vertex 18.563254143297673 30.303269897401332 2.5
      vertex 18.545502807199956 30.324230846762656 2.5
    endloop
  endfacet
  facet normal -0.7597949561588435 -0.6501627677709493 0
    outer loop
      vertex 18.58121642023325 30.28227877318859 1.98
      vertex 18.58121642023325 30.28227877318859 2.5
      vertex 18.563254143297673 30.303269897401332 2.5
    endloop
  endfacet
  facet normal -0.7564941659683276 -0.6540004410211697 0
    outer loop
      vertex 18.59938964545727 30.26125747412443 1.98
      vertex 18.59938964545727 30.26125747412443 2.5
      vertex 18.58121642023325 30.28227877318859 2.5
    endloop
  endfacet
  facet normal -0.7532124185068998 -0.6577773579312282 0
    outer loop
      vertex 18.617773818969727 30.240205992758273 1.98
      vertex 18.617773818969727 30.240205992758273 2.5
      vertex 18.59938964545727 30.26125747412443 2.5
    endloop
  endfacet
  facet normal -0.7499498591331956 -0.6614946778214471 0
    outer loop
      vertex 18.636368933320046 30.2191243365407 1.98
      vertex 18.636368933320046 30.2191243365407 2.5
      vertex 18.617773818969727 30.240205992758273 2.5
    endloop
  endfacet
  facet normal -0.7467065486305734 -0.6651536140112427 0
    outer loop
      vertex 18.655175003409386 30.198012498021125 1.98
      vertex 18.655175003409386 30.198012498021125 2.5
      vertex 18.636368933320046 30.2191243365407 2.5
    endloop
  endfacet
  facet normal -0.7409242945094965 -0.6715885569346793 0
    outer loop
      vertex 18.674253399670125 30.1769644215703 1.98
      vertex 18.674253399670125 30.1769644215703 2.5
      vertex 18.655175003409386 30.198012498021125 2.5
    endloop
  endfacet
  facet normal 0.7635065366432549 0.645800099491338 0
    outer loop
      vertex 18.538730177283288 30.73346501290798 1.98
      vertex 18.538730177283288 30.73346501290798 2.5
      vertex 18.57681937813759 30.688433502614497 2.5
    endloop
  endfacet
  facet normal 0.7674989491889662 0.6410502031774367 0
    outer loop
      vertex 18.57681937813759 30.688433502614497 1.98
      vertex 18.57681937813759 30.688433502614497 2.5
      vertex 18.61669408082962 30.64069341570139 2.5
    endloop
  endfacet
  facet normal 0.7710725923505073 0.6367472475997585 0
    outer loop
      vertex 18.61669408082962 30.64069341570139 1.98
      vertex 18.61669408082962 30.64069341570139 2.5
      vertex 18.658354292809964 30.590244752168655 2.5
    endloop
  endfacet
  facet normal 0.7742898118249717 0.6328311680883377 0
    outer loop
      vertex 18.658354292809964 30.590244752168655 1.98
      vertex 18.658354292809964 30.590244752168655 2.5
      vertex 18.701799999177457 30.537087497115134 2.5
    endloop
  endfacet
  facet normal 0 0 1
    outer loop
      vertex 17.33235799074173 27.023449485003948 2.5
      vertex 17.377749997377396 26.991162498295306 2.5
      vertex 17.513442750275136 27.241561909019946 2.5
    endloop
  endfacet
  facet normal 0 0 1
    outer loop
      vertex 17.377749997377396 26.991162498295306 2.5
      vertex 17.426783430576325 26.961443562805652 2.5
      vertex 17.547299998998643 27.221712496876716 2.5
    endloop
  endfacet
  facet normal 0 0 1
    outer loop
      vertex 17.29059733748436 27.05849504172802 2.5
      vertex 17.482294085621835 27.263287056982517 2.5
      vertex 17.45385399758816 27.286887940764426 2.5
    endloop
  endfacet
  facet normal 0 0 1
    outer loop
      vertex 17.33235799074173 27.023449485003948 2.5
      vertex 17.513442750275136 27.241561909019946 2.5
      vertex 17.482294085621835 27.263287056982517 2.5
    endloop
  endfacet
  facet normal 0 0 1
    outer loop
      vertex 17.426783430576325 26.961443562805652 2.5
      vertex 17.479468341171742 26.93410214483738 2.5
      vertex 17.584253254532815 27.203532029688358 2.5
    endloop
  endfacet
  facet normal 0 0 1
    outer loop
      vertex 17.426783430576325 26.961443562805652 2.5
      vertex 17.584253254532815 27.203532029688358 2.5
      vertex 17.547299998998643 27.221712496876716 2.5
    endloop
  endfacet
  facet normal 0 0 1
    outer loop
      vertex 17.479468341171742 26.93410214483738 2.5
      vertex 17.535804736614228 26.909138236939906 2.5
      vertex 17.624697636067868 27.186805990338325 2.5
    endloop
  endfacet
  facet normal 0 0 1
    outer loop
      vertex 17.377749997377396 26.991162498295306 2.5
      vertex 17.547299998998643 27.221712496876716 2.5
      vertex 17.513442750275136 27.241561909019946 2.5
    endloop
  endfacet
  facet normal 0 0 1
    outer loop
      vertex 17.293031658232213 28.18201812058687 2.5
      vertex 17.455851036310197 27.956787352263927 2.5
      vertex 17.484710502624512 27.97976457029581 2.5
    endloop
  endfacet
  facet normal 0 0 1
    outer loop
      vertex 17.335255029797555 28.216849480569362 2.5
      vertex 17.516318488121033 28.000906285643577 2.5
      vertex 17.381150002777577 28.249062497913837 2.5
    endloop
  endfacet
  facet normal 0 0 1
    outer loop
      vertex 17.335255029797555 28.216849480569362 2.5
      vertex 17.484710502624512 27.97976457029581 2.5
      vertex 17.516318488121033 28.000906285643577 2.5
    endloop
  endfacet
  facet normal 0 0 1
    outer loop
      vertex 17.381150002777577 28.249062497913837 2.5
      vertex 17.55067500025034 28.020212498307227 2.5
      vertex 17.430642600357533 28.27878143340349 2.5
    endloop
  endfacet
  facet normal 0 0 1
    outer loop
      vertex 17.381150002777577 28.249062497913837 2.5
      vertex 17.516318488121033 28.000906285643577 2.5
      vertex 17.55067500025034 28.020212498307227 2.5
    endloop
  endfacet
  facet normal 0 0 1
    outer loop
      vertex 17.588091123104096 28.037893709540366 2.5
      vertex 17.483666564524174 28.306122851371764 2.5
      vertex 17.430642600357533 28.27878143340349 2.5
    endloop
  endfacet
  facet normal 0 0 1
    outer loop
      vertex 17.55067500025034 28.020212498307227 2.5
      vertex 17.588091123104096 28.037893709540366 2.5
      vertex 17.430642600357533 28.27878143340349 2.5
    endloop
  endfacet
  facet normal 0 0 1
    outer loop
      vertex 17.628877955675126 28.05416042804718 2.5
      vertex 17.5402218952775 28.331086759269237 2.5
      vertex 17.483666564524174 28.306122851371764 2.5
    endloop
  endfacet
  facet normal 0 0 1
    outer loop
      vertex 17.479468341171742 26.93410214483738 2.5
      vertex 17.624697636067868 27.186805990338325 2.5
      vertex 17.584253254532815 27.203532029688358 2.5
    endloop
  endfacet
  facet normal 0 0 1
    outer loop
      vertex 17.535804736614228 26.909138236939906 2.5
      vertex 17.59579260200262 26.886551846563815 2.5
      vertex 17.668633136153222 27.17153439372778 2.5
    endloop
  endfacet
  facet normal 0 0 1
    outer loop
      vertex 17.535804736614228 26.909138236939906 2.5
      vertex 17.668633136153222 27.17153439372778 2.5
      vertex 17.624697636067868 27.186805990338325 2.5
    endloop
  endfacet
  facet normal 0 0 1
    outer loop
      vertex 17.59579260200262 26.886551846563815 2.5
      vertex 17.659431952238084 26.866342973709106 2.5
      vertex 17.716059762239457 27.15771723240614 2.5
    endloop
  endfacet
  facet normal 0 0 1
    outer loop
      vertex 17.59579260200262 26.886551846563815 2.5
      vertex 17.716059762239457 27.15771723240614 2.5
      vertex 17.668633136153222 27.17153439372778 2.5
    endloop
  endfacet
  facet normal 0 0 1
    outer loop
      vertex 17.659431952238084 26.866342973709106 2.5
      vertex 17.726722779870034 26.848511610925197 2.5
      vertex 17.766977514326573 27.145354513823985 2.5
    endloop
  endfacet
  facet normal 0 0 1
    outer loop
      vertex 17.659431952238084 26.866342973709106 2.5
      vertex 17.766977514326573 27.145354513823985 2.5
      vertex 17.716059762239457 27.15771723240614 2.5
    endloop
  endfacet
  facet normal 0 0 1
    outer loop
      vertex 17.588091123104096 28.037893709540366 2.5
      vertex 17.628877955675126 28.05416042804718 2.5
      vertex 17.483666564524174 28.306122851371764 2.5
    endloop
  endfacet
  facet normal 0 0 1
    outer loop
      vertex 17.628877955675126 28.05416042804718 2.5
      vertex 17.67303550541401 28.069012646377086 2.5
      vertex 17.5402218952775 28.331086759269237 2.5
    endloop
  endfacet
  facet normal 0 0 1
    outer loop
      vertex 17.67303550541401 28.069012646377086 2.5
      vertex 17.60030857771635 28.353673149645328 2.5
      vertex 17.5402218952775 28.331086759269237 2.5
    endloop
  endfacet
  facet normal 0 0 1
    outer loop
      vertex 17.67303550541401 28.069012646377086 2.5
      vertex 17.720563757419587 28.082450371980666 2.5
      vertex 17.60030857771635 28.353673149645328 2.5
    endloop
  endfacet
  facet normal 0 0 1
    outer loop
      vertex 17.720563757419587 28.082450371980666 2.5
      vertex 17.663926626741887 28.373882029950618 2.5
      vertex 17.60030857771635 28.353673149645328 2.5
    endloop
  endfacet
  facet normal 0 0 1
    outer loop
      vertex 17.726722779870034 26.848511610925197 2.5
      vertex 17.797665092349053 26.83305776566267 2.5
      vertex 17.82138639241457 27.134446230530738 2.5
    endloop
  endfacet
  facet normal 0 0 1
    outer loop
      vertex 17.726722779870034 26.848511610925197 2.5
      vertex 17.82138639241457 27.134446230530738 2.5
      vertex 17.766977514326573 27.145354513823985 2.5
    endloop
  endfacet
  facet normal 0 0 1
    outer loop
      vertex 17.797665092349053 26.83305776566267 2.5
      vertex 17.87928638905287 27.124992382526397 2.5
      vertex 17.82138639241457 27.134446230530738 2.5
    endloop
  endfacet
  facet normal 0 0 1
    outer loop
      vertex 17.797665092349053 26.83305776566267 2.5
      vertex 17.87225887477398 26.819981437921523 2.5
      vertex 17.87928638905287 27.124992382526397 2.5
    endloop
  endfacet
  facet normal 0 0 1
    outer loop
      vertex 17.720563757419587 28.082450371980666 2.5
      vertex 17.771462719142438 28.09447359740734 2.5
      vertex 17.663926626741887 28.373882029950618 2.5
    endloop
  endfacet
  facet normal 0 0 1
    outer loop
      vertex 17.731076034903527 28.391713385283946 2.5
      vertex 17.771462719142438 28.09447359740734 2.5
      vertex 17.825732398033143 28.105082322657108 2.5
    endloop
  endfacet
  facet normal 0 0 1
    outer loop
      vertex 17.825732398033143 28.105082322657108 2.5
      vertex 17.88337277919054 28.11427655518055 2.5
      vertex 17.80175680220127 28.407167230546474 2.5
    endloop
  endfacet
  facet normal 0 0 1
    outer loop
      vertex 17.87225887477398 26.819981437921523 2.5
      vertex 17.940677511692048 27.116992969810962 2.5
      vertex 17.87928638905287 27.124992382526397 2.5
    endloop
  endfacet
  facet normal 0 0 1
    outer loop
      vertex 17.87225887477398 26.819981437921523 2.5
      vertex 17.950504142045975 26.809282620251178 2.5
      vertex 17.940677511692048 27.116992969810962 2.5
    endloop
  endfacet
  facet normal 0 0 1
    outer loop
      vertex 17.950504142045975 26.809282620251178 2.5
      vertex 18.03240088671446 26.800961320102214 2.5
      vertex 18.00555976033211 27.110447999835014 2.5
    endloop
  endfacet
  facet normal 0 0 1
    outer loop
      vertex 17.940677511692048 27.116992969810962 2.5
      vertex 17.950504142045975 26.809282620251178 2.5
      vertex 18.00555976033211 27.110447999835014 2.5
    endloop
  endfacet
  facet normal 0 0 1
    outer loop
      vertex 18.00555976033211 27.110447999835014 2.5
      vertex 18.03240088671446 26.800961320102214 2.5
      vertex 18.07393313497305 27.105357472598552 2.5
    endloop
  endfacet
  facet normal 0 0 1
    outer loop
      vertex 17.88337277919054 28.11427655518055 2.5
      vertex 17.944383877515794 28.122056287527084 2.5
      vertex 17.8759689360857 28.4202435657382 2.5
    endloop
  endfacet
  facet normal 0 0 1
    outer loop
      vertex 17.944383877515794 28.122056287527084 2.5
      vertex 18.00876567810774 28.128421527147292 2.5
      vertex 17.953712429106236 28.430942383408546 2.5
    endloop
  endfacet
  facet normal 0 0 1
    outer loop
      vertex 18.00876567810774 28.128421527147292 2.5
      vertex 18.07651819586754 28.133372266590595 2.5
      vertex 18.034987281262875 28.43926368355751 2.5
    endloop
  endfacet
  facet normal 0 0 1
    outer loop
      vertex 17.324921745061875 29.89457270950079 2.5
      vertex 17.355847629904748 29.869629365205764 2.5
      vertex 17.52194141894579 30.117133949697017 2.5
    endloop
  endfacet
  facet normal 0 0 1
    outer loop
      vertex 17.355847629904748 29.869629365205764 2.5
      vertex 17.38815784007311 29.846762646734714 2.5
      vertex 17.52194141894579 30.117133949697017 2.5
    endloop
  endfacet
  facet normal 0 0 1
    outer loop
      vertex 17.267222929000855 29.950689275562763 2.5
      vertex 17.481234911084176 30.14612330198288 2.5
      vertex 17.462401624023915 30.16246901154518 2.5
    endloop
  endfacet
  facet normal 0 0 1
    outer loop
      vertex 17.29538017809391 29.92159267961979 2.5
      vertex 17.50108150690794 30.131011609733104 2.5
      vertex 17.481234911084176 30.14612330198288 2.5
    endloop
  endfacet
  facet normal 0 0 1
    outer loop
      vertex 17.38815784007311 29.846762646734714 2.5
      vertex 17.42185236811638 29.82597256153822 2.5
      vertex 17.543814647197724 30.104490306973457 2.5
    endloop
  endfacet
  facet normal 0 0 1
    outer loop
      vertex 17.324921745061875 29.89457270950079 2.5
      vertex 17.52194141894579 30.117133949697017 2.5
      vertex 17.50108150690794 30.131011609733104 2.5
    endloop
  endfacet
  facet normal 0 0 1
    outer loop
      vertex 17.42185236811638 29.82597256153822 2.5
      vertex 17.456931214034558 29.807259094715118 2.5
      vertex 17.566701184213162 30.093080696463584 2.5
    endloop
  endfacet
  facet normal 0 0 1
    outer loop
      vertex 17.456931214034558 29.807259094715118 2.5
      vertex 17.493394377827645 29.790622261166572 2.5
      vertex 17.590601037442685 30.08290510326624 2.5
    endloop
  endfacet
  facet normal 0 0 1
    outer loop
      vertex 17.38815784007311 29.846762646734714 2.5
      vertex 17.543814647197724 30.104490306973457 2.5
      vertex 17.52194141894579 30.117133949697017 2.5
    endloop
  endfacet
  facet normal 0 0 1
    outer loop
      vertex 17.42185236811638 29.82597256153822 2.5
      vertex 17.566701184213162 30.093080696463584 2.5
      vertex 17.543814647197724 30.104490306973457 2.5
    endloop
  endfacet
  facet normal 0 0 1
    outer loop
      vertex 17.493394377827645 29.790622261166572 2.5
      vertex 17.53124186694622 29.776062053442 2.5
      vertex 17.61551419943571 30.073963534832 2.5
    endloop
  endfacet
  facet normal 0 0 1
    outer loop
      vertex 17.456931214034558 29.807259094715118 2.5
      vertex 17.590601037442685 30.08290510326624 2.5
      vertex 17.566701184213162 30.093080696463584 2.5
    endloop
  endfacet
  facet normal 0 0 1
    outer loop
      vertex 17.297089199721814 31.13047359585762 2.5
      vertex 17.46577159613371 30.8732854321599 2.5
      vertex 17.485072630643845 30.887612645328044 2.5
    endloop
  endfacet
  facet normal 0 0 1
    outer loop
      vertex 17.327539648115636 31.154595632851123 2.5
      vertex 17.505417156219483 30.90057536661625 2.5
      vertex 17.35968564748764 31.17642034292221 2.5
    endloop
  endfacet
  facet normal 0 0 1
    outer loop
      vertex 17.35968564748764 31.17642034292221 2.5
      vertex 17.526805180311204 30.912173596024513 2.5
      vertex 17.393527220189572 31.19594770371914 2.5
    endloop
  endfacet
  facet normal 0 0 1
    outer loop
      vertex 17.327539648115636 31.154595632851123 2.5
      vertex 17.485072630643845 30.887612645328044 2.5
      vertex 17.505417156219483 30.90057536661625 2.5
    endloop
  endfacet
  facet normal 0 0 1
    outer loop
      vertex 17.35968564748764 31.17642034292221 2.5
      vertex 17.505417156219483 30.90057536661625 2.5
      vertex 17.526805180311204 30.912173596024513 2.5
    endloop
  endfacet
  facet normal 0 0 1
    outer loop
      vertex 17.393527220189572 31.19594770371914 2.5
      vertex 17.549236688017846 30.922407326102256 2.5
      vertex 17.429064351320267 31.21317773759365 2.5
    endloop
  endfacet
  facet normal 0 0 1
    outer loop
      vertex 17.393527220189572 31.19594770371914 2.5
      vertex 17.526805180311204 30.912173596024513 2.5
      vertex 17.549236688017846 30.922407326102256 2.5
    endloop
  endfacet
  facet normal 0 0 1
    outer loop
      vertex 17.429064351320267 31.21317773759365 2.5
      vertex 17.549236688017846 30.922407326102256 2.5
      vertex 17.466297040879727 31.228110429644584 2.5
    endloop
  endfacet
  facet normal 0 0 1
    outer loop
      vertex 17.466297040879727 31.228110429644584 2.5
      vertex 17.57271168678999 30.93127655684948 2.5
      vertex 17.50522529631853 31.24074578732252 2.5
    endloop
  endfacet
  facet normal 0 0 1
    outer loop
      vertex 17.466297040879727 31.228110429644584 2.5
      vertex 17.549236688017846 30.922407326102256 2.5
      vertex 17.57271168678999 30.93127655684948 2.5
    endloop
  endfacet
  facet normal 0 0 1
    outer loop
      vertex 17.50522529631853 31.24074578732252 2.5
      vertex 17.597230176627637 30.93878128826618 2.5
      vertex 17.5458491101861 31.25108380317688 2.5
    endloop
  endfacet
  facet normal 0 0 1
    outer loop
      vertex 17.53124186694622 29.776062053442 2.5
      vertex 17.570473666489125 29.763578478991985 2.5
      vertex 17.641440677642823 30.06625599116087 2.5
    endloop
  endfacet
  facet normal 0 0 1
    outer loop
      vertex 17.53124186694622 29.776062053442 2.5
      vertex 17.641440677642823 30.06625599116087 2.5
      vertex 17.61551419943571 30.073963534832 2.5
    endloop
  endfacet
  facet normal 0 0 1
    outer loop
      vertex 17.493394377827645 29.790622261166572 2.5
      vertex 17.61551419943571 30.073963534832 2.5
      vertex 17.590601037442685 30.08290510326624 2.5
    endloop
  endfacet
  facet normal 0 0 1
    outer loop
      vertex 17.570473666489125 29.763578478991985 2.5
      vertex 17.611089791357518 29.753171522915363 2.5
      vertex 17.66838047206402 30.059782472252845 2.5
    endloop
  endfacet
  facet normal 0 0 1
    outer loop
      vertex 17.570473666489125 29.763578478991985 2.5
      vertex 17.66838047206402 30.059782472252845 2.5
      vertex 17.641440677642823 30.06625599116087 2.5
    endloop
  endfacet
  facet normal 0 0 1
    outer loop
      vertex 17.611089791357518 29.753171522915363 2.5
      vertex 17.65309023410082 29.744841200113296 2.5
      vertex 17.6963335826993 30.054542970657348 2.5
    endloop
  endfacet
  facet normal 0 0 1
    outer loop
      vertex 17.611089791357518 29.753171522915363 2.5
      vertex 17.6963335826993 30.054542970657348 2.5
      vertex 17.66838047206402 30.059782472252845 2.5
    endloop
  endfacet
  facet normal 0 0 1
    outer loop
      vertex 17.65309023410082 29.744841200113296 2.5
      vertex 17.69647500216961 29.738587503135204 2.5
      vertex 17.725300002098084 30.05053750127554 2.5
    endloop
  endfacet
  facet normal 0 0 1
    outer loop
      vertex 17.65309023410082 29.744841200113296 2.5
      vertex 17.725300002098084 30.05053750127554 2.5
      vertex 17.6963335826993 30.054542970657348 2.5
    endloop
  endfacet
  facet normal 0 0 1
    outer loop
      vertex 17.50522529631853 31.24074578732252 2.5
      vertex 17.57271168678999 30.93127655684948 2.5
      vertex 17.597230176627637 30.93878128826618 2.5
    endloop
  endfacet
  facet normal 0 0 1
    outer loop
      vertex 17.5458491101861 31.25108380317688 2.5
      vertex 17.597230176627637 30.93878128826618 2.5
      vertex 17.622792157530785 30.944921520352363 2.5
    endloop
  endfacet
  facet normal 0 0 1
    outer loop
      vertex 17.5458491101861 31.25108380317688 2.5
      vertex 17.622792157530785 30.944921520352363 2.5
      vertex 17.588168489933015 31.25912448465824 2.5
    endloop
  endfacet
  facet normal 0 0 1
    outer loop
      vertex 17.588168489933015 31.25912448465824 2.5
      vertex 17.622792157530785 30.944921520352363 2.5
      vertex 17.649397629499436 30.949697260558604 2.5
    endloop
  endfacet
  facet normal 0 0 1
    outer loop
      vertex 17.588168489933015 31.25912448465824 2.5
      vertex 17.649397629499436 30.949697260558604 2.5
      vertex 17.632183435559273 31.264867824316024 2.5
    endloop
  endfacet
  facet normal 0 0 1
    outer loop
      vertex 17.649397629499436 30.949697260558604 2.5
      vertex 17.67704659998417 30.953108508884906 2.5
      vertex 17.632183435559273 31.264867824316024 2.5
    endloop
  endfacet
  facet normal 0 0 1
    outer loop
      vertex 17.632183435559273 31.264867824316024 2.5
      vertex 17.67704659998417 30.953108508884906 2.5
      vertex 17.677893932163716 31.26831382960081 2.5
    endloop
  endfacet
  facet normal 0 0 1
    outer loop
      vertex 17.67704659998417 30.953108508884906 2.5
      vertex 17.705739054083825 30.955155250430106 2.5
      vertex 17.677893932163716 31.26831382960081 2.5
    endloop
  endfacet
  facet normal 0 0 1
    outer loop
      vertex 17.677893932163716 31.26831382960081 2.5
      vertex 17.705739054083825 30.955155250430106 2.5
      vertex 17.725300002098084 31.2694625005126 2.5
    endloop
  endfacet
  facet normal 0 0 1
    outer loop
      vertex 17.663926626741887 28.373882029950618 2.5
      vertex 17.771462719142438 28.09447359740734 2.5
      vertex 17.731076034903527 28.391713385283946 2.5
    endloop
  endfacet
  facet normal 0 0 1
    outer loop
      vertex 17.731076034903527 28.391713385283946 2.5
      vertex 17.825732398033143 28.105082322657108 2.5
      vertex 17.80175680220127 28.407167230546474 2.5
    endloop
  endfacet
  facet normal 0 0 1
    outer loop
      vertex 17.88337277919054 28.11427655518055 2.5
      vertex 17.8759689360857 28.4202435657382 2.5
      vertex 17.80175680220127 28.407167230546474 2.5
    endloop
  endfacet
  facet normal 0 0 1
    outer loop
      vertex 17.944383877515794 28.122056287527084 2.5
      vertex 17.953712429106236 28.430942383408546 2.5
      vertex 17.8759689360857 28.4202435657382 2.5
    endloop
  endfacet
  facet normal 0 0 1
    outer loop
      vertex 18.00876567810774 28.128421527147292 2.5
      vertex 18.034987281262875 28.43926368355751 2.5
      vertex 17.953712429106236 28.430942383408546 2.5
    endloop
  endfacet
  facet normal 0 0 1
    outer loop
      vertex 17.705739054083825 30.955155250430106 2.5
      vertex 17.735474999248982 30.955837500095367 2.5
      vertex 17.725300002098084 31.2694625005126 2.5
    endloop
  endfacet
  facet normal 0 0 1
    outer loop
      vertex 17.735474999248982 30.955837500095367 2.5
      vertex 17.75772159844637 30.955441196262836 2.5
      vertex 17.768029588460923 31.267957766354083 2.5
    endloop
  endfacet
  facet normal 0 0 1
    outer loop
      vertex 17.725300002098084 31.2694625005126 2.5
      vertex 17.735474999248982 30.955837500095367 2.5
      vertex 17.746674704551697 31.26908631324768 2.5
    endloop
  endfacet
  facet normal 0 0 1
    outer loop
      vertex 17.735474999248982 30.955837500095367 2.5
      vertex 17.768029588460923 31.267957766354083 2.5
      vertex 17.746674704551697 31.26908631324768 2.5
    endloop
  endfacet
  facet normal 0 0 1
    outer loop
      vertex 17.75772159844637 30.955441196262836 2.5
      vertex 17.779607544839383 30.954252292215823 2.5
      vertex 17.78936464637518 31.26607685238123 2.5
    endloop
  endfacet
  facet normal 0 0 1
    outer loop
      vertex 17.75772159844637 30.955441196262836 2.5
      vertex 17.78936464637518 31.26607685238123 2.5
      vertex 17.768029588460923 31.267957766354083 2.5
    endloop
  endfacet
  facet normal 0 0 1
    outer loop
      vertex 17.779607544839383 30.954252292215823 2.5
      vertex 17.81067987829447 31.263443563878536 2.5
      vertex 17.78936464637518 31.26607685238123 2.5
    endloop
  endfacet
  facet normal 0 0 1
    outer loop
      vertex 17.779607544839383 30.954252292215823 2.5
      vertex 17.80113283842802 30.95227078050375 2.5
      vertex 17.83197529911995 31.260057915747165 2.5
    endloop
  endfacet
  facet normal 0 0 1
    outer loop
      vertex 17.80113283842802 30.95227078050375 2.5
      vertex 17.822297486662865 30.949496668577194 2.5
      vertex 17.874506655335427 31.25102951079607 2.5
    endloop
  endfacet
  facet normal 0 0 1
    outer loop
      vertex 17.779607544839383 30.954252292215823 2.5
      vertex 17.83197529911995 31.260057915747165 2.5
      vertex 17.81067987829447 31.263443563878536 2.5
    endloop
  endfacet
  facet normal 0 0 1
    outer loop
      vertex 17.80113283842802 30.95227078050375 2.5
      vertex 17.853250886499882 31.255919893085956 2.5
      vertex 17.83197529911995 31.260057915747165 2.5
    endloop
  endfacet
  facet normal 0 0 1
    outer loop
      vertex 17.822297486662865 30.949496668577194 2.5
      vertex 17.843101482093335 30.945929956436157 2.5
      vertex 17.895742605626584 31.245386761426925 2.5
    endloop
  endfacet
  facet normal 0 0 1
    outer loop
      vertex 17.80113283842802 30.95227078050375 2.5
      vertex 17.874506655335427 31.25102951079607 2.5
      vertex 17.853250886499882 31.255919893085956 2.5
    endloop
  endfacet
  facet normal 0 0 1
    outer loop
      vertex 17.822297486662865 30.949496668577194 2.5
      vertex 17.895742605626584 31.245386761426925 2.5
      vertex 17.874506655335427 31.25102951079607 2.5
    endloop
  endfacet
  facet normal 0 0 1
    outer loop
      vertex 17.843101482093335 30.945929956436157 2.5
      vertex 17.86354482471943 30.941570636630058 2.5
      vertex 17.938155028223992 31.23184415400028 2.5
    endloop
  endfacet
  facet normal 0 0 1
    outer loop
      vertex 17.86354482471943 30.941570636630058 2.5
      vertex 17.88362751454115 30.936418716609477 2.5
      vertex 17.959331507980824 31.223944303393363 2.5
    endloop
  endfacet
  facet normal 0 0 1
    outer loop
      vertex 17.843101482093335 30.945929956436157 2.5
      vertex 17.916958729922772 31.238991644978523 2.5
      vertex 17.895742605626584 31.245386761426925 2.5
    endloop
  endfacet
  facet normal 0 0 1
    outer loop
      vertex 17.843101482093335 30.945929956436157 2.5
      vertex 17.938155028223992 31.23184415400028 2.5
      vertex 17.916958729922772 31.238991644978523 2.5
    endloop
  endfacet
  facet normal 0 0 1
    outer loop
      vertex 17.88362751454115 30.936418716609477 2.5
      vertex 17.903349559009076 30.930474188923835 2.5
      vertex 18.001624996960164 31.205887500941753 2.5
    endloop
  endfacet
  facet normal 0 0 1
    outer loop
      vertex 17.903349559009076 30.930474188923835 2.5
      vertex 17.922710943222047 30.92373705357313 2.5
      vertex 18.022751922905446 31.195740607380866 2.5
    endloop
  endfacet
  facet normal 0 0 1
    outer loop
      vertex 17.86354482471943 30.941570636630058 2.5
      vertex 17.959331507980824 31.223944303393363 2.5
      vertex 17.938155028223992 31.23184415400028 2.5
    endloop
  endfacet
  facet normal 0 0 1
    outer loop
      vertex 17.88362751454115 30.936418716609477 2.5
      vertex 17.98048816919327 31.215292085707187 2.5
      vertex 17.959331507980824 31.223944303393363 2.5
    endloop
  endfacet
  facet normal 0 0 1
    outer loop
      vertex 17.88362751454115 30.936418716609477 2.5
      vertex 18.001624996960164 31.205887500941753 2.5
      vertex 17.98048816919327 31.215292085707187 2.5
    endloop
  endfacet
  facet normal 0 0 1
    outer loop
      vertex 17.922710943222047 30.92373705357313 2.5
      vertex 17.941711689531804 30.916207325458526 2.5
      vertex 18.043878848850728 31.184861463308334 2.5
    endloop
  endfacet
  facet normal 0 0 1
    outer loop
      vertex 17.903349559009076 30.930474188923835 2.5
      vertex 18.022751922905446 31.195740607380866 2.5
      vertex 18.001624996960164 31.205887500941753 2.5
    endloop
  endfacet
  facet normal 0 0 1
    outer loop
      vertex 17.941711689531804 30.916207325458526 2.5
      vertex 17.960351775586606 30.90788498222828 2.5
      vertex 18.08613269329071 31.16090643852949 2.5
    endloop
  endfacet
  facet normal 0 0 1
    outer loop
      vertex 17.922710943222047 30.92373705357313 2.5
      vertex 18.043878848850728 31.184861463308334 2.5
      vertex 18.022751922905446 31.195740607380866 2.5
    endloop
  endfacet
  facet normal 0 0 1
    outer loop
      vertex 17.960351775586606 30.90788498222828 2.5
      vertex 17.978631216287614 30.89877004623413 2.5
      vertex 18.107259611785413 31.1478305503726 2.5
    endloop
  endfacet
  facet normal 0 0 1
    outer loop
      vertex 17.941711689531804 30.916207325458526 2.5
      vertex 18.06500576734543 31.173250076174735 2.5
      vertex 18.043878848850728 31.184861463308334 2.5
    endloop
  endfacet
  facet normal 0 0 1
    outer loop
      vertex 17.978631216287614 30.89877004623413 2.5
      vertex 17.996549996733666 30.88886250257492 2.5
      vertex 18.128386537730695 31.134022411704063 2.5
    endloop
  endfacet
  facet normal 0 0 1
    outer loop
      vertex 17.941711689531804 30.916207325458526 2.5
      vertex 18.08613269329071 31.16090643852949 2.5
      vertex 18.06500576734543 31.173250076174735 2.5
    endloop
  endfacet
  facet normal 0 0 1
    outer loop
      vertex 17.660875003039838 26.318837498128413 2.5
      vertex 19.254518423910145 25.936612497270108 2.5
      vertex 17.660875003039838 26.642637503147125 2.5
    endloop
  endfacet
  facet normal 0 0 1
    outer loop
      vertex 18.03240088671446 26.800961320102214 2.5
      vertex 18.11794910877943 26.79501753002405 2.5
      vertex 18.07393313497305 27.105357472598552 2.5
    endloop
  endfacet
  facet normal 0 0 1
    outer loop
      vertex 18.07393313497305 27.105357472598552 2.5
      vertex 18.11794910877943 26.79501753002405 2.5
      vertex 18.145797635614873 27.101721373200416 2.5
    endloop
  endfacet
  facet normal 0 0 1
    outer loop
      vertex 18.11794910877943 26.79501753002405 2.5
      vertex 18.207148815691472 26.79145125746727 2.5
      vertex 18.145797635614873 27.101721373200416 2.5
    endloop
  endfacet
  facet normal 0 0 1
    outer loop
      vertex 18.145797635614873 27.101721373200416 2.5
      vertex 18.207148815691472 26.79145125746727 2.5
      vertex 18.221153254806996 27.099539716541766 2.5
    endloop
  endfacet
  facet normal 0 0 1
    outer loop
      vertex 18.07651819586754 28.133372266590595 2.5
      vertex 18.147641423344613 28.13690850585699 2.5
      vertex 18.11979349255562 28.445207473635673 2.5
    endloop
  endfacet
  facet normal 0 0 1
    outer loop
      vertex 18.147641423344613 28.13690850585699 2.5
      vertex 18.22213535308838 28.13903025239706 2.5
      vertex 18.208131062984467 28.448773746192455 2.5
    endloop
  endfacet
  facet normal 0 0 1
    outer loop
      vertex 18.207148815691472 26.79145125746727 2.5
      vertex 18.3 26.79026250243187 2.5
      vertex 18.221153254806996 27.099539716541766 2.5
    endloop
  endfacet
  facet normal 0 0 1
    outer loop
      vertex 18.221153254806996 27.099539716541766 2.5
      vertex 18.3 26.79026250243187 2.5
      vertex 18.3 27.098812502622604 2.5
    endloop
  endfacet
  facet normal 0 0 1
    outer loop
      vertex 18.3 26.79026250243187 2.5
      vertex 18.39088683128357 26.79148631989956 2.5
      vertex 18.37663106173277 27.099549774825572 2.5
    endloop
  endfacet
  facet normal 0 0 1
    outer loop
      vertex 18.3 26.79026250243187 2.5
      vertex 18.37663106173277 27.099549774825572 2.5
      vertex 18.3 27.098812502622604 2.5
    endloop
  endfacet
  facet normal 0 0 1
    outer loop
      vertex 18.22213535308838 28.13903025239706 2.5
      vertex 18.3 28.139737498760223 2.5
      vertex 18.3 28.449962501227855 2.5
    endloop
  endfacet
  facet normal 0 0 1
    outer loop
      vertex 18.3 28.139737498760223 2.5
      vertex 18.375156062841416 28.13899518996477 2.5
      vertex 18.3 28.449962501227855 2.5
    endloop
  endfacet
  facet normal 0 0 1
    outer loop
      vertex 17.660875003039838 24.93038750141859 2.5
      vertex 19.248374885112142 25.506987500190736 2.5
      vertex 18.403641843344325 25.506987500190736 2.5
    endloop
  endfacet
  facet normal 0 0 1
    outer loop
      vertex 17.660875003039838 26.318837498128413 2.5
      vertex 18.757807148134717 25.936612497270108 2.5
      vertex 19.254518423910145 25.936612497270108 2.5
    endloop
  endfacet
  facet normal 0 0 1
    outer loop
      vertex 18.39088683128357 26.79148631989956 2.5
      vertex 18.478362719714642 26.795157764852046 2.5
      vertex 18.450031954050065 27.10176161378622 2.5
    endloop
  endfacet
  facet normal 0 0 1
    outer loop
      vertex 18.37663106173277 27.099549774825572 2.5
      vertex 18.39088683128357 26.79148631989956 2.5
      vertex 18.450031954050065 27.10176161378622 2.5
    endloop
  endfacet
  facet normal 0 0 1
    outer loop
      vertex 18.478362719714642 26.795157764852046 2.5
      vertex 18.562427665293217 26.801276852190494 2.5
      vertex 18.520202662050725 27.105448004603385 2.5
    endloop
  endfacet
  facet normal 0 0 1
    outer loop
      vertex 18.450031954050065 27.10176161378622 2.5
      vertex 18.478362719714642 26.795157764852046 2.5
      vertex 18.520202662050725 27.105448004603385 2.5
    endloop
  endfacet
  facet normal 0 0 1
    outer loop
      vertex 18.375156062841416 28.13899518996477 2.5
      vertex 18.4472627222538 28.136768271028995 2.5
      vertex 18.39039393812418 28.44871353805065 2.5
    endloop
  endfacet
  facet normal 0 0 1
    outer loop
      vertex 18.4472627222538 28.136768271028995 2.5
      vertex 18.516319970786572 28.133056727051734 2.5
      vertex 18.477437275648118 28.444966641068458 2.5
    endloop
  endfacet
  facet normal 0 0 1
    outer loop
      vertex 18.520202662050725 27.105448004603385 2.5
      vertex 18.562427665293217 26.801276852190494 2.5
      vertex 18.58714319318533 27.11060894727707 2.5
    endloop
  endfacet
  facet normal 0 0 1
    outer loop
      vertex 18.562427665293217 26.801276852190494 2.5
      vertex 18.643081653118134 26.80984356701374 2.5
      vertex 18.58714319318533 27.11060894727707 2.5
    endloop
  endfacet
  facet normal 0 0 1
    outer loop
      vertex 18.58714319318533 27.11060894727707 2.5
      vertex 18.643081653118134 26.80984356701374 2.5
      vertex 18.65085354745388 27.11724444925785 2.5
    endloop
  endfacet
  facet normal 0 0 1
    outer loop
      vertex 18.643081653118134 26.80984356701374 2.5
      vertex 18.720324705541135 26.820857916772365 2.5
      vertex 18.65085354745388 27.11724444925785 2.5
    endloop
  endfacet
  facet normal 0 0 1
    outer loop
      vertex 18.516319970786572 28.133056727051734 2.5
      vertex 18.582327808439732 28.12786058038473 2.5
      vertex 18.561130027472974 28.438721817731857 2.5
    endloop
  endfacet
  facet normal 0 0 1
    outer loop
      vertex 18.582327808439732 28.12786058038473 2.5
      vertex 18.64528624266386 28.121179808676242 2.5
      vertex 18.641472186148167 28.429979068040847 2.5
    endloop
  endfacet
  facet normal 0 0 1
    outer loop
      vertex 18.07651819586754 28.133372266590595 2.5
      vertex 18.11979349255562 28.445207473635673 2.5
      vertex 18.034987281262875 28.43926368355751 2.5
    endloop
  endfacet
  facet normal 0 0 1
    outer loop
      vertex 18.147641423344613 28.13690850585699 2.5
      vertex 18.208131062984467 28.448773746192455 2.5
      vertex 18.11979349255562 28.445207473635673 2.5
    endloop
  endfacet
  facet normal 0 0 1
    outer loop
      vertex 18.22213535308838 28.13903025239706 2.5
      vertex 18.3 28.449962501227855 2.5
      vertex 18.208131062984467 28.448773746192455 2.5
    endloop
  endfacet
  facet normal 0 0 1
    outer loop
      vertex 18.3 28.449962501227855 2.5
      vertex 18.375156062841416 28.13899518996477 2.5
      vertex 18.39039393812418 28.44871353805065 2.5
    endloop
  endfacet
  facet normal 0 0 1
    outer loop
      vertex 18.049213315546513 30.855739568173885 2.5
      vertex 18.066527511179448 30.843715754151344 2.5
      vertex 18.212894234061242 31.071467381715774 2.5
    endloop
  endfacet
  facet normal 0 0 1
    outer loop
      vertex 17.996549996733666 30.88886250257492 2.5
      vertex 18.014224554598332 30.878312942385673 2.5
      vertex 18.149513463675977 31.11948202997446 2.5
    endloop
  endfacet
  facet normal 0 0 1
    outer loop
      vertex 17.960351775586606 30.90788498222828 2.5
      vertex 18.107259611785413 31.1478305503726 2.5
      vertex 18.08613269329071 31.16090643852949 2.5
    endloop
  endfacet
  facet normal 0 0 1
    outer loop
      vertex 18.014224554598332 30.878312942385673 2.5
      vertex 18.031778994202615 30.867271964251994 2.5
      vertex 18.170640382170678 31.10420939028263 2.5
    endloop
  endfacet
  facet normal 0 0 1
    outer loop
      vertex 17.978631216287614 30.89877004623413 2.5
      vertex 18.128386537730695 31.134022411704063 2.5
      vertex 18.107259611785413 31.1478305503726 2.5
    endloop
  endfacet
  facet normal 0 0 1
    outer loop
      vertex 18.031778994202615 30.867271964251994 2.5
      vertex 18.049213315546513 30.855739568173885 2.5
      vertex 18.19176730811596 31.088204514980315 2.5
    endloop
  endfacet
  facet normal 0 0 1
    outer loop
      vertex 17.996549996733666 30.88886250257492 2.5
      vertex 18.149513463675977 31.11948202997446 2.5
      vertex 18.128386537730695 31.134022411704063 2.5
    endloop
  endfacet
  facet normal 0 0 1
    outer loop
      vertex 18.014224554598332 30.878312942385673 2.5
      vertex 18.170640382170678 31.10420939028263 2.5
      vertex 18.149513463675977 31.11948202997446 2.5
    endloop
  endfacet
  facet normal 0 0 1
    outer loop
      vertex 18.066527511179448 30.843715754151344 2.5
      vertex 18.08372159600258 30.83120051473379 2.5
      vertex 18.234021152555943 31.053998005390167 2.5
    endloop
  endfacet
  facet normal 0 0 1
    outer loop
      vertex 18.08372159600258 30.83120051473379 2.5
      vertex 18.100795562565327 30.818193857371806 2.5
      vertex 18.255148078501225 31.035796378552913 2.5
    endloop
  endfacet
  facet normal 0 0 1
    outer loop
      vertex 18.100795562565327 30.818193857371806 2.5
      vertex 18.11774941086769 30.80469578206539 2.5
      vertex 18.276274996995927 31.016862501204013 2.5
    endloop
  endfacet
  facet normal 0 0 1
    outer loop
      vertex 18.11774941086769 30.80469578206539 2.5
      vertex 18.134583133459092 30.790706288814544 2.5
      vertex 18.298294673860074 30.996208210289478 2.5
    endloop
  endfacet
  facet normal 0 0 1
    outer loop
      vertex 18.031778994202615 30.867271964251994 2.5
      vertex 18.19176730811596 31.088204514980315 2.5
      vertex 18.170640382170678 31.10420939028263 2.5
    endloop
  endfacet
  facet normal 0 0 1
    outer loop
      vertex 18.049213315546513 30.855739568173885 2.5
      vertex 18.212894234061242 31.071467381715774 2.5
      vertex 18.19176730811596 31.088204514980315 2.5
    endloop
  endfacet
  facet normal 0 0 1
    outer loop
      vertex 18.066527511179448 30.843715754151344 2.5
      vertex 18.234021152555943 31.053998005390167 2.5
      vertex 18.212894234061242 31.071467381715774 2.5
    endloop
  endfacet
  facet normal 0 0 1
    outer loop
      vertex 18.08372159600258 30.83120051473379 2.5
      vertex 18.255148078501225 31.035796378552913 2.5
      vertex 18.234021152555943 31.053998005390167 2.5
    endloop
  endfacet
  facet normal 0 0 1
    outer loop
      vertex 18.134583133459092 30.790706288814544 2.5
      vertex 18.15129674524069 30.776225370168685 2.5
      vertex 18.32209985256195 30.972845342755317 2.5
    endloop
  endfacet
  facet normal 0 0 1
    outer loop
      vertex 18.15129674524069 30.776225370168685 2.5
      vertex 18.167890238761903 30.761253033578395 2.5
      vertex 18.34769053310156 30.94677389115095 2.5
    endloop
  endfacet
  facet normal 0 0 1
    outer loop
      vertex 18.167890238761903 30.761253033578395 2.5
      vertex 18.184363606572152 30.745789271593093 2.5
      vertex 18.34769053310156 30.94677389115095 2.5
    endloop
  endfacet
  facet normal 0 0 1
    outer loop
      vertex 18.200716863572598 30.72983409911394 2.5
      vertex 18.375066715478898 30.91799386292696 2.5
      vertex 18.184363606572152 30.745789271593093 2.5
    endloop
  endfacet
  facet normal 0 0 1
    outer loop
      vertex 18.134583133459092 30.790706288814544 2.5
      vertex 18.32209985256195 30.972845342755317 2.5
      vertex 18.298294673860074 30.996208210289478 2.5
    endloop
  endfacet
  facet normal 0 0 1
    outer loop
      vertex 18.200716863572598 30.72983409911394 2.5
      vertex 18.21695000231266 30.713387501239776 2.5
      vertex 18.404228399693967 30.886505250632762 2.5
    endloop
  endfacet
  facet normal 0 0 1
    outer loop
      vertex 18.15129674524069 30.776225370168685 2.5
      vertex 18.34769053310156 30.94677389115095 2.5
      vertex 18.32209985256195 30.972845342755317 2.5
    endloop
  endfacet
  facet normal 0 0 1
    outer loop
      vertex 18.100795562565327 30.818193857371806 2.5
      vertex 18.276274996995927 31.016862501204013 2.5
      vertex 18.255148078501225 31.035796378552913 2.5
    endloop
  endfacet
  facet normal 0 0 1
    outer loop
      vertex 18.11774941086769 30.80469578206539 2.5
      vertex 18.298294673860074 30.996208210289478 2.5
      vertex 18.276274996995927 31.016862501204013 2.5
    endloop
  endfacet
  facet normal 0 0 1
    outer loop
      vertex 18.249288465082646 30.67938098758459 2.5
      vertex 18.26545769274235 30.66191131323576 2.5
      vertex 18.435175593197346 30.85230806171894 2.5
    endloop
  endfacet
  facet normal 0 0 1
    outer loop
      vertex 18.21695000231266 30.713387501239776 2.5
      vertex 18.233119229972363 30.69653971940279 2.5
      vertex 18.404228399693967 30.886505250632762 2.5
    endloop
  endfacet
  facet normal 0 0 1
    outer loop
      vertex 18.233119229972363 30.69653971940279 2.5
      vertex 18.249288465082646 30.67938098758459 2.5
      vertex 18.435175593197346 30.85230806171894 2.5
    endloop
  endfacet
  facet normal 0 0 1
    outer loop
      vertex 18.184363606572152 30.745789271593093 2.5
      vertex 18.375066715478898 30.91799386292696 2.5
      vertex 18.34769053310156 30.94677389115095 2.5
    endloop
  endfacet
  facet normal 0 0 1
    outer loop
      vertex 18.26545769274235 30.66191131323576 2.5
      vertex 18.28162692040205 30.644130696356296 2.5
      vertex 18.467908281087876 30.815402296185493 2.5
    endloop
  endfacet
  facet normal 0 0 1
    outer loop
      vertex 18.28162692040205 30.644130696356296 2.5
      vertex 18.297796155512334 30.62603912949562 2.5
      vertex 18.467908281087876 30.815402296185493 2.5
    endloop
  endfacet
  facet normal 0 0 1
    outer loop
      vertex 18.200716863572598 30.72983409911394 2.5
      vertex 18.404228399693967 30.886505250632762 2.5
      vertex 18.375066715478898 30.91799386292696 2.5
    endloop
  endfacet
  facet normal 0 0 1
    outer loop
      vertex 18.233119229972363 30.69653971940279 2.5
      vertex 18.435175593197346 30.85230806171894 2.5
      vertex 18.404228399693967 30.886505250632762 2.5
    endloop
  endfacet
  facet normal 0 0 1
    outer loop
      vertex 18.4472627222538 28.136768271028995 2.5
      vertex 18.477437275648118 28.444966641068458 2.5
      vertex 18.39039393812418 28.44871353805065 2.5
    endloop
  endfacet
  facet normal 0 0 1
    outer loop
      vertex 18.516319970786572 28.133056727051734 2.5
      vertex 18.561130027472974 28.438721817731857 2.5
      vertex 18.477437275648118 28.444966641068458 2.5
    endloop
  endfacet
  facet normal 0 0 1
    outer loop
      vertex 18.582327808439732 28.12786058038473 2.5
      vertex 18.641472186148167 28.429979068040847 2.5
      vertex 18.561130027472974 28.438721817731857 2.5
    endloop
  endfacet
  facet normal 0 0 1
    outer loop
      vertex 18.64528624266386 28.121179808676242 2.5
      vertex 18.71846375912428 28.41873838454485 2.5
      vertex 18.641472186148167 28.429979068040847 2.5
    endloop
  endfacet
  facet normal 0 0 1
    outer loop
      vertex 18.39481153637171 30.510959838330745 2.5
      vertex 18.41098077148199 30.490691643953323 2.5
      vertex 18.61669408082962 30.64069341570139 2.5
    endloop
  endfacet
  facet normal 0 0 1
    outer loop
      vertex 18.41098077148199 30.490691643953323 2.5
      vertex 18.427149999141694 30.470112499594688 2.5
      vertex 18.61669408082962 30.64069341570139 2.5
    endloop
  endfacet
  facet normal 0 0 1
    outer loop
      vertex 18.443424704670907 30.449362796545028 2.5
      vertex 18.658354292809964 30.590244752168655 2.5
      vertex 18.427149999141694 30.470112499594688 2.5
    endloop
  endfacet
  facet normal 0 0 1
    outer loop
      vertex 18.443424704670907 30.449362796545028 2.5
      vertex 18.45991035848856 30.42858291119337 2.5
      vertex 18.658354292809964 30.590244752168655 2.5
    endloop
  endfacet
  facet normal 0 0 1
    outer loop
      vertex 18.297796155512334 30.62603912949562 2.5
      vertex 18.313965383172036 30.60763661265373 2.5
      vertex 18.502426478266717 30.77578794658184 2.5
    endloop
  endfacet
  facet normal 0 0 1
    outer loop
      vertex 18.313965383172036 30.60763661265373 2.5
      vertex 18.33013461828232 30.58892315328121 2.5
      vertex 18.502426478266717 30.77578794658184 2.5
    endloop
  endfacet
  facet normal 0 0 1
    outer loop
      vertex 18.26545769274235 30.66191131323576 2.5
      vertex 18.467908281087876 30.815402296185493 2.5
      vertex 18.435175593197346 30.85230806171894 2.5
    endloop
  endfacet
  facet normal 0 0 1
    outer loop
      vertex 18.33013461828232 30.58892315328121 2.5
      vertex 18.34630384594202 30.569898743927478 2.5
      vertex 18.538730177283288 30.73346501290798 2.5
    endloop
  endfacet
  facet normal 0 0 1
    outer loop
      vertex 18.34630384594202 30.569898743927478 2.5
      vertex 18.362473073601723 30.550563384592532 2.5
      vertex 18.538730177283288 30.73346501290798 2.5
    endloop
  endfacet
  facet normal 0 0 1
    outer loop
      vertex 18.378642308712006 30.530917082726955 2.5
      vertex 18.57681937813759 30.688433502614497 2.5
      vertex 18.362473073601723 30.550563384592532 2.5
    endloop
  endfacet
  facet normal 0 0 1
    outer loop
      vertex 18.297796155512334 30.62603912949562 2.5
      vertex 18.502426478266717 30.77578794658184 2.5
      vertex 18.467908281087876 30.815402296185493 2.5
    endloop
  endfacet
  facet normal 0 0 1
    outer loop
      vertex 18.378642308712006 30.530917082726955 2.5
      vertex 18.39481153637171 30.510959838330745 2.5
      vertex 18.57681937813759 30.688433502614497 2.5
    endloop
  endfacet
  facet normal 0 0 1
    outer loop
      vertex 18.33013461828232 30.58892315328121 2.5
      vertex 18.538730177283288 30.73346501290798 2.5
      vertex 18.502426478266717 30.77578794658184 2.5
    endloop
  endfacet
  facet normal 0 0 1
    outer loop
      vertex 18.362473073601723 30.550563384592532 2.5
      vertex 18.57681937813759 30.688433502614497 2.5
      vertex 18.538730177283288 30.73346501290798 2.5
    endloop
  endfacet
  facet normal 0 0 1
    outer loop
      vertex 18.45991035848856 30.42858291119337 2.5
      vertex 18.476606953144074 30.407772858440875 2.5
      vertex 18.658354292809964 30.590244752168655 2.5
    endloop
  endfacet
  facet normal 0 0 1
    outer loop
      vertex 18.476606953144074 30.407772858440875 2.5
      vertex 18.49351449608803 30.3869326159358 2.5
      vertex 18.701799999177457 30.537087497115134 2.5
    endloop
  endfacet
  facet normal 0 0 1
    outer loop
      vertex 18.49351449608803 30.3869326159358 2.5
      vertex 18.510632987320424 30.36606220602989 2.5
      vertex 18.701799999177457 30.537087497115134 2.5
    endloop
  endfacet
  facet normal 0 0 1
    outer loop
      vertex 18.52796242684126 30.345161613821983 2.5
      vertex 18.726129885017873 30.507562947273254 2.5
      vertex 18.510632987320424 30.36606220602989 2.5
    endloop
  endfacet
  facet normal 0 0 1
    outer loop
      vertex 18.52796242684126 30.345161613821983 2.5
      vertex 18.545502807199956 30.324230846762656 2.5
      vertex 18.726129885017873 30.507562947273254 2.5
    endloop
  endfacet
  facet normal 0 0 1
    outer loop
      vertex 18.563254143297673 30.303269897401332 2.5
      vertex 18.58121642023325 30.28227877318859 2.5
      vertex 18.77367662936449 30.45134341418743 2.5
    endloop
  endfacet
  facet normal 0 0 1
    outer loop
      vertex 18.545502807199956 30.324230846762656 2.5
      vertex 18.563254143297673 30.303269897401332 2.5
      vertex 18.750088754296304 30.4789815813303 2.5
    endloop
  endfacet
  facet normal 0 0 1
    outer loop
      vertex 18.476606953144074 30.407772858440875 2.5
      vertex 18.701799999177457 30.537087497115134 2.5
      vertex 18.658354292809964 30.590244752168655 2.5
    endloop
  endfacet
  facet normal 0 0 1
    outer loop
      vertex 18.58121642023325 30.28227877318859 2.5
      vertex 18.59938964545727 30.26125747412443 2.5
      vertex 18.77367662936449 30.45134341418743 2.5
    endloop
  endfacet
  facet normal 0 0 1
    outer loop
      vertex 18.59938964545727 30.26125747412443 2.5
      vertex 18.617773818969727 30.240205992758273 2.5
      vertex 18.796893487870694 30.42464844584465 2.5
    endloop
  endfacet
  facet normal 0 0 1
    outer loop
      vertex 18.510632987320424 30.36606220602989 2.5
      vertex 18.726129885017873 30.507562947273254 2.5
      vertex 18.701799999177457 30.537087497115134 2.5
    endloop
  endfacet
  facet normal 0 0 1
    outer loop
      vertex 18.545502807199956 30.324230846762656 2.5
      vertex 18.750088754296304 30.4789815813303 2.5
      vertex 18.726129885017873 30.507562947273254 2.5
    endloop
  endfacet
  facet normal 0 0 1
    outer loop
      vertex 18.39481153637171 30.510959838330745 2.5
      vertex 18.61669408082962 30.64069341570139 2.5
      vertex 18.57681937813759 30.688433502614497 2.5
    endloop
  endfacet
  facet normal 0 0 1
    outer loop
      vertex 18.427149999141694 30.470112499594688 2.5
      vertex 18.658354292809964 30.590244752168655 2.5
      vertex 18.61669408082962 30.64069341570139 2.5
    endloop
  endfacet
  facet normal 0.14116547541599297 -0.9899860143206957 0
    outer loop
      vertex 18.720324705541135 26.820857916772365 1.98
      vertex 18.720324705541135 26.820857916772365 2.5
      vertex 18.643081653118134 26.80984356701374 2.5
    endloop
  endfacet
  facet normal -0.132904954233265 0.9911287873633041 0
    outer loop
      vertex 18.711333724856377 27.12535451054573 1.98
      vertex 18.65085354745388 27.11724444925785 2.5
      vertex 18.711333724856377 27.12535451054573 2.5
    endloop
  endfacet
  facet normal -0.16511880573345541 0.9862736841227984 0
    outer loop
      vertex 18.76858372539282 27.134939123690128 1.98
      vertex 18.711333724856377 27.12535451054573 2.5
      vertex 18.76858372539282 27.134939123690128 2.5
    endloop
  endfacet
  facet normal 0.17937501391105806 -0.9837807704892425 0
    outer loop
      vertex 18.794156807661057 26.83431989401579 1.98
      vertex 18.794156807661057 26.83431989401579 2.5
      vertex 18.720324705541135 26.820857916772365 2.5
    endloop
  endfacet
  facet normal 0.22036721601600423 -0.9754169826824606 0
    outer loop
      vertex 18.864577959477902 26.85022951364517 1.98
      vertex 18.864577959477902 26.85022951364517 2.5
      vertex 18.794156807661057 26.83431989401579 2.5
    endloop
  endfacet
  facet normal -0.2005644408027751 0.979680511741185 0
    outer loop
      vertex 18.822603549063206 27.145998296141624 1.98
      vertex 18.76858372539282 27.134939123690128 2.5
      vertex 18.822603549063206 27.145998296141624 2.5
    endloop
  endfacet
  facet normal -0.16732358265723543 -0.9859020330067015 0
    outer loop
      vertex 18.705195266008378 28.11301441937685 1.98
      vertex 18.762054878473283 28.103364419937133 2.5
      vertex 18.705195266008378 28.11301441937685 2.5
    endloop
  endfacet
  facet normal -0.20263113316464412 -0.9792551372713918 0
    outer loop
      vertex 18.762054878473283 28.103364419937133 1.98
      vertex 18.815865087509156 28.092229810357093 2.5
      vertex 18.762054878473283 28.103364419937133 2.5
    endloop
  endfacet
  facet normal -0.24125849297681565 -0.9704608902818062 0
    outer loop
      vertex 18.815865087509156 28.092229810357093 1.98
      vertex 18.866625885665417 28.07961057573557 2.5
      vertex 18.815865087509156 28.092229810357093 2.5
    endloop
  endfacet
  facet normal 0.26421219686433245 -0.9644645742732718 0
    outer loop
      vertex 18.93158816844225 26.868586760759353 1.98
      vertex 18.93158816844225 26.868586760759353 2.5
      vertex 18.864577959477902 26.85022951364517 2.5
    endloop
  endfacet
  facet normal -0.2395897178648324 0.9708742282569097 0
    outer loop
      vertex 18.87339319586754 27.15853202790022 1.98
      vertex 18.822603549063206 27.145998296141624 2.5
      vertex 18.87339319586754 27.15853202790022 2.5
    endloop
  endfacet
  facet normal -0.28254136820064407 0.9592551147923624 0
    outer loop
      vertex 18.920952665805817 27.17254031151533 1.98
      vertex 18.87339319586754 27.15853202790022 2.5
      vertex 18.920952665805817 27.17254031151533 2.5
    endloop
  endfacet
  facet normal 0.31091189210158254 -0.9504387383465669 0
    outer loop
      vertex 18.99518742710352 26.889391642808913 1.98
      vertex 18.99518742710352 26.889391642808913 2.5
      vertex 18.93158816844225 26.868586760759353 2.5
    endloop
  endfacet
  facet normal -0.32973550616942154 0.9440733530670142 0
    outer loop
      vertex 18.96528195142746 27.18802315443754 1.98
      vertex 18.920952665805817 27.17254031151533 2.5
      vertex 18.96528195142746 27.18802315443754 2.5
    endloop
  endfacet
  facet normal -0.3814079871422671 0.9244068083609533 0
    outer loop
      vertex 19.00638106763363 27.20498054921627 1.98
      vertex 18.96528195142746 27.18802315443754 2.5
      vertex 19.00638106763363 27.20498054921627 2.5
    endloop
  endfacet
  facet normal -0.28348101697721045 -0.9589778480306865 0
    outer loop
      vertex 18.866625885665417 28.07961057573557 1.98
      vertex 18.914337280392648 28.06550673097372 2.5
      vertex 18.866625885665417 28.07961057573557 2.5
    endloop
  endfacet
  facet normal -0.3295361741288822 -0.9441429499501116 0
    outer loop
      vertex 18.914337280392648 28.06550673097372 1.98
      vertex 18.958999256789685 28.049918268620967 2.5
      vertex 18.914337280392648 28.06550673097372 2.5
    endloop
  endfacet
  facet normal -0.37958018291237033 -0.9251588429779026 0
    outer loop
      vertex 18.958999256789685 28.049918268620967 1.98
      vertex 19.00061183720827 28.03284518867731 2.5
      vertex 18.958999256789685 28.049918268620967 2.5
    endloop
  endfacet
  facet normal 0.3603715053284392 -0.932808864745246 0
    outer loop
      vertex 19.055375742912293 26.912644159793853 1.98
      vertex 19.055375742912293 26.912644159793853 2.5
      vertex 18.99518742710352 26.889391642808913 2.5
    endloop
  endfacet
  facet normal -0.43764293273060184 0.8991488549906284 0
    outer loop
      vertex 19.044249999523164 27.223412503302097 1.98
      vertex 19.00638106763363 27.20498054921627 2.5
      vertex 19.044249999523164 27.223412503302097 2.5
    endloop
  endfacet
  facet normal -0.49833625590215097 0.8669838384038228 0
    outer loop
      vertex 19.079109470546246 27.243449483811855 1.98
      vertex 19.044249999523164 27.223412503302097 2.5
      vertex 19.079109470546246 27.243449483811855 2.5
    endloop
  endfacet
  facet normal 0.41236959538198276 -0.9110166391479905 0
    outer loop
      vertex 19.11215310841799 26.93834430426359 1.98
      vertex 19.11215310841799 26.93834430426359 2.5
      vertex 19.055375742912293 26.912644159793853 2.5
    endloop
  endfacet
  facet normal 0.466527485879891 -0.8845067014548776 0
    outer loop
      vertex 19.165519523620606 26.966492083668708 1.98
      vertex 19.165519523620606 26.966492083668708 2.5
      vertex 19.11215310841799 26.93834430426359 2.5
    endloop
  endfacet
  facet normal -0.561681901026311 0.8273532752455081 0
    outer loop
      vertex 19.11118017435074 27.265221965312957 1.98
      vertex 19.079109470546246 27.243449483811855 2.5
      vertex 19.11118017435074 27.265221965312957 2.5
    endloop
  endfacet
  facet normal -0.6260325267299924 0.7797969450286794 0
    outer loop
      vertex 19.140462133288384 27.288729955255985 1.98
      vertex 19.11118017435074 27.265221965312957 2.5
      vertex 19.140462133288384 27.288729955255985 2.5
    endloop
  endfacet
  facet normal -0.6898253850854781 0.7239757855699814 0
    outer loop
      vertex 19.16695532500744 27.313973446190356 1.98
      vertex 19.140462133288384 27.288729955255985 2.5
      vertex 19.16695532500744 27.313973446190356 2.5
    endloop
  endfacet
  facet normal -0.43363050274142817 -0.901090776277405 0
    outer loop
      vertex 19.00061183720827 28.03284518867731 1.98
      vertex 19.039174999296666 28.01428749859333 2.5
      vertex 19.00061183720827 28.03284518867731 2.5
    endloop
  endfacet
  facet normal -0.49252578445644196 -0.8702978522583901 0
    outer loop
      vertex 19.039174999296666 28.01428749859333 1.98
      vertex 19.074785205721856 27.994134691357612 2.5
      vertex 19.039174999296666 28.01428749859333 2.5
    endloop
  endfacet
  facet normal -0.5550078050987165 -0.8318451396020206 0
    outer loop
      vertex 19.074785205721856 27.994134691357612 1.98
      vertex 19.107546600699425 27.972276259958743 2.5
      vertex 19.074785205721856 27.994134691357612 2.5
    endloop
  endfacet
  facet normal -0.6188167662464173 -0.78553536509334 0
    outer loop
      vertex 19.107546600699425 27.972276259958743 1.98
      vertex 19.137459169328213 27.948712204396724 2.5
      vertex 19.107546600699425 27.972276259958743 2.5
    endloop
  endfacet
  facet normal -0.682464964618262 -0.7309183073836598 0
    outer loop
      vertex 19.137459169328213 27.948712204396724 1.98
      vertex 19.16452292650938 27.923442532122134 2.5
      vertex 19.137459169328213 27.948712204396724 2.5
    endloop
  endfacet
  facet normal 0.5222833160173214 -0.8527720315594027 0
    outer loop
      vertex 19.215475003421307 26.997087498009204 1.98
      vertex 19.215475003421307 26.997087498009204 2.5
      vertex 19.165519523620606 26.966492083668708 2.5
    endloop
  endfacet
  facet normal 0.5800098300751801 -0.8146094751573667 0
    outer loop
      vertex 19.26186923235655 27.030120638012885 1.98
      vertex 19.26186923235655 27.030120638012885 2.5
      vertex 19.215475003421307 26.997087498009204 2.5
    endloop
  endfacet
  facet normal -0.7512252551264621 0.6600459196602779 0
    outer loop
      vertex 19.190659764409066 27.340952438116073 1.98
      vertex 19.16695532500744 27.313973446190356 2.5
      vertex 19.190659764409066 27.340952438116073 2.5
    endloop
  endfacet
  facet normal -0.8083019365961316 0.5887681880799465 0
    outer loop
      vertex 19.211575444042683 27.369666938483714 1.98
      vertex 19.190659764409066 27.340952438116073 2.5
      vertex 19.211575444042683 27.369666938483714 2.5
    endloop
  endfacet
  facet normal -0.859269082061852 0.5115238455952784 0
    outer loop
      vertex 19.22970236390829 27.4001169398427 1.98
      vertex 19.211575444042683 27.369666938483714 2.5
      vertex 19.22970236390829 27.4001169398427 2.5
    endloop
  endfacet
  facet normal -0.9027326851523435 0.43020192835183796 0
    outer loop
      vertex 19.24504053145647 27.43230244219303 1.98
      vertex 19.22970236390829 27.4001169398427 2.5
      vertex 19.24504053145647 27.43230244219303 2.5
    endloop
  endfacet
  facet normal 0.6390354098331829 -0.769177316994811 0
    outer loop
      vertex 19.30455192476511 27.065581579506397 1.98
      vertex 19.30455192476511 27.065581579506397 2.5
      vertex 19.26186923235655 27.030120638012885 2.5
    endloop
  endfacet
  facet normal -0.9378741107378665 0.34697572308110564 0
    outer loop
      vertex 19.25758993923664 27.466223445534705 1.98
      vertex 19.24504053145647 27.43230244219303 2.5
      vertex 19.25758993923664 27.466223445534705 2.5
    endloop
  endfacet
  facet normal -0.964515149372562 0.26402751112492895 0
    outer loop
      vertex 19.267350594699383 27.501879957318305 1.98
      vertex 19.25758993923664 27.466223445534705 2.5
      vertex 19.267350594699383 27.501879957318305 2.5
    endloop
  endfacet
  facet normal -0.8019361188032498 -0.5974097934908499 0
    outer loop
      vertex 19.18873787224293 27.896467235684394 1.98
      vertex 19.210103991627694 27.867786315083503 2.5
      vertex 19.18873787224293 27.896467235684394 2.5
    endloop
  endfacet
  facet normal -0.8539344053790089 -0.5203806600076513 0
    outer loop
      vertex 19.210103991627694 27.867786315083503 1.98
      vertex 19.22862129956484 27.83739977777004 2.5
      vertex 19.210103991627694 27.867786315083503 2.5
    endloop
  endfacet
  facet normal -0.8986163091742412 -0.43873537455516887 0
    outer loop
      vertex 19.22862129956484 27.83739977777004 1.98
      vertex 19.244289796054364 27.80530761629343 2.5
      vertex 19.22862129956484 27.83739977777004 2.5
    endloop
  endfacet
  facet normal -0.7441552502631256 -0.6680067091772545 0
    outer loop
      vertex 19.16452292650938 27.923442532122134 1.98
      vertex 19.18873787224293 27.896467235684394 2.5
      vertex 19.16452292650938 27.923442532122134 2.5
    endloop
  endfacet
  facet normal 0.5282622444656283 0.8490812688265693 0
    outer loop
      vertex 19.16358816921711 28.270111609995364 1.98
      vertex 19.16358816921711 28.270111609995364 2.5
      vertex 19.213774996995927 28.23888750076294 2.5
    endloop
  endfacet
  facet normal 0.5851410868987602 0.8109315066162724 0
    outer loop
      vertex 19.213774996995927 28.23888750076294 1.98
      vertex 19.213774996995927 28.23888750076294 2.5
      vertex 19.260420712828637 28.205229510366916 2.5
    endloop
  endfacet
  facet normal -0.9830579491719478 0.1832950314925205 0
    outer loop
      vertex 19.274322482943536 27.53927197009325 1.98
      vertex 19.267350594699383 27.501879957318305 2.5
      vertex 19.274322482943536 27.53927197009325 2.5
    endloop
  endfacet
  facet normal -0.9943336175556942 0.10630454834392795 0
    outer loop
      vertex 19.27850561887026 27.57839948385954 1.98
      vertex 19.274322482943536 27.53927197009325 2.5
      vertex 19.27850561887026 27.57839948385954 2.5
    endloop
  endfacet
  facet normal -0.9994183058916929 0.034103516659996926 0
    outer loop
      vertex 19.279900002479554 27.61926249861717 1.98
      vertex 19.27850561887026 27.57839948385954 2.5
      vertex 19.279900002479554 27.61926249861717 2.5
    endloop
  endfacet
  facet normal -0.994024833640738 -0.1091541575273399 0
    outer loop
      vertex 19.274202364683152 27.69879740923643 1.98
      vertex 19.278475593030453 27.659882766008376 2.5
      vertex 19.274202364683152 27.69879740923643 2.5
    endloop
  endfacet
  facet normal -0.999385737729114 -0.035044931497074404 0
    outer loop
      vertex 19.278475593030453 27.659882766008376 1.98
      vertex 19.279900002479554 27.61926249861717 2.5
      vertex 19.278475593030453 27.659882766008376 2.5
    endloop
  endfacet
  facet normal -0.93499914781652 -0.3546499592307619 0
    outer loop
      vertex 19.244289796054364 27.80530761629343 1.98
      vertex 19.257109466195107 27.771509838104247 2.5
      vertex 19.244289796054364 27.80530761629343 2.5
    endloop
  endfacet
  facet normal -0.9627531631266472 -0.2703818538468059 0
    outer loop
      vertex 19.257109466195107 27.771509838104247 1.98
      vertex 19.26708032488823 27.736006435751914 2.5
      vertex 19.257109466195107 27.771509838104247 2.5
    endloop
  endfacet
  facet normal -0.9821702692141766 -0.1879935165683959 0
    outer loop
      vertex 19.26708032488823 27.736006435751914 1.98
      vertex 19.274202364683152 27.69879740923643 2.5
      vertex 19.26708032488823 27.736006435751914 2.5
    endloop
  endfacet
  facet normal 0.6430633884243141 0.7658129526641867 0
    outer loop
      vertex 19.260420712828637 28.205229510366916 1.98
      vertex 19.260420712828637 28.205229510366916 2.5
      vertex 19.303334760665894 28.169194009900092 2.5
    endloop
  endfacet
  facet normal 0.7000611720541139 0.7140828771103676 0
    outer loop
      vertex 19.303334760665894 28.169194009900092 1.98
      vertex 19.303334760665894 28.169194009900092 2.5
      vertex 19.34251716285944 28.130780991911887 2.5
    endloop
  endfacet
  facet normal 0.18339772087555797 0.9830387967815162 0
    outer loop
      vertex 18.71846375912428 28.41873838454485 1.98
      vertex 18.71846375912428 28.41873838454485 2.5
      vertex 18.79210473150015 28.404999774694442 2.5
    endloop
  endfacet
  facet normal 0.2250658335549458 0.974343558795468 0
    outer loop
      vertex 18.79210473150015 28.404999774694442 1.98
      vertex 18.79210473150015 28.404999774694442 2.5
      vertex 18.862395118176938 28.388763238489627 2.5
    endloop
  endfacet
  facet normal 0.2695142355000778 0.9629964054256944 0
    outer loop
      vertex 18.862395118176938 28.388763238489627 1.98
      vertex 18.862395118176938 28.388763238489627 2.5
      vertex 18.929334911704064 28.370028768479823 2.5
    endloop
  endfacet
  facet normal 0.3167109659269925 0.9485220946617907 0
    outer loop
      vertex 18.929334911704064 28.370028768479823 1.98
      vertex 18.929334911704064 28.370028768479823 2.5
      vertex 18.99292411208153 28.34879637211561 2.5
    endloop
  endfacet
  facet normal -0.7325404884377223 -0.6807234627948586 0
    outer loop
      vertex 18.693673226237298 30.156066347658633 1.98
      vertex 18.693673226237298 30.156066347658633 2.5
      vertex 18.674253399670125 30.1769644215703 2.5
    endloop
  endfacet
  facet normal -0.7241175922064726 -0.6896765275526642 0
    outer loop
      vertex 18.713434468209744 30.135318268835544 1.98
      vertex 18.713434468209744 30.135318268835544 2.5
      vertex 18.693673226237298 30.156066347658633 2.5
    endloop
  endfacet
  facet normal -0.7156607065260149 -0.6984481033940068 0
    outer loop
      vertex 18.733537133038045 30.114720192551612 1.98
      vertex 18.733537133038045 30.114720192551612 2.5
      vertex 18.713434468209744 30.135318268835544 2.5
    endloop
  endfacet
  facet normal -0.7071758335761766 -0.7070377220529608 0
    outer loop
      vertex 18.75398121327162 30.09427211880684 1.98
      vertex 18.75398121327162 30.09427211880684 2.5
      vertex 18.733537133038045 30.114720192551612 2.5
    endloop
  endfacet
  facet normal 0.7717307324737106 0.6359494292438591 0
    outer loop
      vertex 18.701799999177457 30.537087497115134 1.98
      vertex 18.701799999177457 30.537087497115134 2.5
      vertex 18.726129885017873 30.507562947273254 2.5
    endloop
  endfacet
  facet normal 0.7663578467433461 0.6424139247672813 0
    outer loop
      vertex 18.726129885017873 30.507562947273254 1.98
      vertex 18.726129885017873 30.507562947273254 2.5
      vertex 18.750088754296304 30.4789815813303 2.5
    endloop
  endfacet
  facet normal 0.7606417199604782 0.6491719139454242 0
    outer loop
      vertex 18.750088754296304 30.4789815813303 1.98
      vertex 18.750088754296304 30.4789815813303 2.5
      vertex 18.77367662936449 30.45134341418743 2.5
    endloop
  endfacet
  facet normal -0.6986683441356327 -0.7154456966833842 0
    outer loop
      vertex 18.774766716361047 30.07397404015064 1.98
      vertex 18.774766716361047 30.07397404015064 2.5
      vertex 18.75398121327162 30.09427211880684 2.5
    endloop
  endfacet
  facet normal -0.6901434718127331 -0.7236725698230293 0
    outer loop
      vertex 18.79589364230633 30.053825964033603 1.98
      vertex 18.79589364230633 30.053825964033603 2.5
      vertex 18.774766716361047 30.07397404015064 2.5
    endloop
  endfacet
  facet normal -0.6816068307202906 -0.7317186127982813 0
    outer loop
      vertex 18.817361983656884 30.03382788300514 1.98
      vertex 18.817361983656884 30.03382788300514 2.5
      vertex 18.79589364230633 30.053825964033603 2.5
    endloop
  endfacet
  facet normal -0.6730629707419513 -0.7395851792836435 0
    outer loop
      vertex 18.839171747863293 30.013979804515838 1.98
      vertex 18.839171747863293 30.013979804515838 2.5
      vertex 18.817361983656884 30.03382788300514 2.5
    endloop
  endfacet
  facet normal 0.7545517394884679 0.6562405598825231 0
    outer loop
      vertex 18.77367662936449 30.45134341418743 1.98
      vertex 18.77367662936449 30.45134341418743 2.5
      vertex 18.796893487870694 30.42464844584465 2.5
    endloop
  endfacet
  facet normal 0.7480523436516342 0.6636397299418545 0
    outer loop
      vertex 18.796893487870694 30.42464844584465 1.98
      vertex 18.796893487870694 30.42464844584465 2.5
      vertex 18.819739352166653 30.398896668851375 2.5
    endloop
  endfacet
  facet normal 0.7411047588949266 0.6713894073809125 0
    outer loop
      vertex 18.819739352166653 30.398896668851375 1.98
      vertex 18.819739352166653 30.398896668851375 2.5
      vertex 18.842214199900628 30.374088090658187 2.5
    endloop
  endfacet
  facet normal -0.6645171963674954 -0.7472729727026688 0
    outer loop
      vertex 18.861322927474976 29.994281728565692 1.98
      vertex 18.861322927474976 29.994281728565692 2.5
      vertex 18.839171747863293 30.013979804515838 2.5
    endloop
  endfacet
  facet normal -0.6559740149505929 -0.7547834733945884 0
    outer loop
      vertex 18.883815529942513 29.974733655154704 1.98
      vertex 18.883815529942513 29.974733655154704 2.5
      vertex 18.861322927474976 29.994281728565692 2.5
    endloop
  endfacet
  facet normal -0.6474382896883065 -0.7621178787074088 0
    outer loop
      vertex 18.906649555265904 29.955335576832294 1.98
      vertex 18.906649555265904 29.955335576832294 2.5
      vertex 18.883815529942513 29.974733655154704 2.5
    endloop
  endfacet
  facet normal -0.6389141580272041 -0.7692780373001614 0
    outer loop
      vertex 18.92982500344515 29.93608750104904 1.98
      vertex 18.92982500344515 29.93608750104904 2.5
      vertex 18.906649555265904 29.955335576832294 2.5
    endloop
  endfacet
  facet normal 0.7256825431841527 0.6880296843289397 0
    outer loop
      vertex 18.86431804597378 30.350222703814506 1.98
      vertex 18.86431804597378 30.350222703814506 2.5
      vertex 18.886050890386105 30.32730051577091 2.5
    endloop
  endfacet
  facet normal 0.7336646423770826 0.6795117309698983 0
    outer loop
      vertex 18.842214199900628 30.374088090658187 1.98
      vertex 18.842214199900628 30.374088090658187 2.5
      vertex 18.86431804597378 30.350222703814506 2.5
    endloop
  endfacet
  facet normal 0.7171030887975759 0.6969671154631154 0
    outer loop
      vertex 18.886050890386105 30.32730051577091 1.98
      vertex 18.886050890386105 30.32730051577091 2.5
      vertex 18.907412718236447 30.305321526527404 2.5
    endloop
  endfacet
  facet normal 0.7078630340222514 0.7063497186697345 0
    outer loop
      vertex 18.907412718236447 30.305321526527404 1.98
      vertex 18.907412718236447 30.305321526527404 2.5
      vertex 18.928403551876546 30.284285721182822 2.5
    endloop
  endfacet
  facet normal -0.6256800844075996 -0.7800797600089999 0
    outer loop
      vertex 18.953443194925786 29.91714401245117 1.98
      vertex 18.953443194925786 29.91714401245117 2.5
      vertex 18.92982500344515 29.93608750104904 2.5
    endloop
  endfacet
  facet normal -0.6076386064420944 -0.7942136513313715 0
    outer loop
      vertex 18.97761316895485 29.898651999235152 1.98
      vertex 18.97761316895485 29.898651999235152 2.5
      vertex 18.953443194925786 29.91714401245117 2.5
    endloop
  endfacet
  facet normal -0.589476489064144 -0.8077855339386874 0
    outer loop
      vertex 19.00233491063118 29.880611461400985 1.98
      vertex 19.00233491063118 29.880611461400985 2.5
      vertex 18.97761316895485 29.898651999235152 2.5
    endloop
  endfacet
  facet normal 0.6978912397061688 0.7162037542078279 0
    outer loop
      vertex 18.928403551876546 30.284285721182822 1.98
      vertex 18.928403551876546 30.284285721182822 2.5
      vertex 18.94902337640524 30.26419312208891 2.5
    endloop
  endfacet
  facet normal 0.6871074922737362 0.7265557749142852 0
    outer loop
      vertex 18.94902337640524 30.26419312208891 1.98
      vertex 18.94902337640524 30.26419312208891 2.5
      vertex 18.96927219182253 30.2450437143445 2.5
    endloop
  endfacet
  facet normal 0.6754200466350544 0.737433224504769 0
    outer loop
      vertex 18.96927219182253 30.2450437143445 1.98
      vertex 18.96927219182253 30.2450437143445 2.5
      vertex 18.989149998128415 30.2268374979496 2.5
    endloop
  endfacet
  facet normal 0.6621904605618099 0.7493355683143155 0
    outer loop
      vertex 18.989149998128415 30.2268374979496 1.98
      vertex 18.989149998128415 30.2268374979496 2.5
      vertex 19.008787128329278 30.209484097361564 2.5
    endloop
  endfacet
  facet normal 0.36652401425692377 0.9304085914118541 0
    outer loop
      vertex 18.99292411208153 28.34879637211561 1.98
      vertex 18.99292411208153 28.34879637211561 2.5
      vertex 19.05316271930933 28.32506604939699 2.5
    endloop
  endfacet
  facet normal 0.4186929060095077 0.9081278822155576 0
    outer loop
      vertex 19.05316271930933 28.32506604939699 1.98
      vertex 19.05316271930933 28.32506604939699 2.5
      vertex 19.11005074083805 28.298837792873382 2.5
    endloop
  endfacet
  facet normal 0.4728021430348519 0.8811686181098662 0
    outer loop
      vertex 19.11005074083805 28.298837792873382 1.98
      vertex 19.11005074083805 28.298837792873382 2.5
      vertex 19.16358816921711 28.270111609995364 2.5
    endloop
  endfacet
  facet normal -1 0 0
    outer loop
      vertex 19.123925003409386 28.902737502753734 1.98
      vertex 19.123925003409386 28.902737502753734 2.5
      vertex 19.123925003409386 29.233312499523162 2.5
    endloop
  endfacet
  facet normal -0.47984706408880506 -0.8773521499861696 0
    outer loop
      vertex 19.162252660095692 29.781849336624145 1.98
      vertex 19.162252660095692 29.781849336624145 2.5
      vertex 19.13422026783228 29.797180992364883 2.5
    endloop
  endfacet
  facet normal -0.4617535154201453 -0.8870082812449598 0
    outer loop
      vertex 19.190836834907532 29.766969156265258 1.98
      vertex 19.190836834907532 29.766969156265258 2.5
      vertex 19.162252660095692 29.781849336624145 2.5
    endloop
  endfacet
  facet normal -0.443783400368427 -0.8961340823545526 0
    outer loop
      vertex 19.21997277736664 29.752540458738803 1.98
      vertex 19.21997277736664 29.752540458738803 2.5
      vertex 19.190836834907532 29.766969156265258 2.5
    endloop
  endfacet
  facet normal -0.42595990378052406 -0.9047420407891339 0
    outer loop
      vertex 19.249660502374173 29.7385632365942 1.98
      vertex 19.249660502374173 29.7385632365942 2.5
      vertex 19.21997277736664 29.752540458738803 2.5
    endloop
  endfacet
  facet normal 0 1 0
    outer loop
      vertex 19.123925003409386 29.233312499523162 1.98
      vertex 19.123925003409386 29.233312499523162 2.5
      vertex 19.495200003683568 29.233312499523162 2.5
    endloop
  endfacet
  facet normal -0.4083042302039092 -0.9128459101061872 0
    outer loop
      vertex 19.279900002479554 29.725037497282027 1.98
      vertex 19.279900002479554 29.725037497282027 2.5
      vertex 19.249660502374173 29.7385632365942 2.5
    endloop
  endfacet
  facet normal -0.5712278614101775 -0.8207915267281669 0
    outer loop
      vertex 19.02760843485594 29.86302241384983 1.98
      vertex 19.02760843485594 29.86302241384983 2.5
      vertex 19.00233491063118 29.880611461400985 2.5
    endloop
  endfacet
  facet normal -0.5529280528464595 -0.8332290011607991 0
    outer loop
      vertex 19.053433726727963 29.845884834229945 1.98
      vertex 19.053433726727963 29.845884834229945 2.5
      vertex 19.02760843485594 29.86302241384983 2.5
    endloop
  endfacet
  facet normal -0.534608590937228 -0.8450997896675349 0
    outer loop
      vertex 19.079810801148415 29.829198744893073 1.98
      vertex 19.079810801148415 29.829198744893073 2.5
      vertex 19.053433726727963 29.845884834229945 2.5
    endloop
  endfacet
  facet normal 0.597508625920615 0.8018624831917618 0
    outer loop
      vertex 19.0670363932848 30.16199844777584 1.98
      vertex 19.0670363932848 30.16199844777584 2.5
      vertex 19.086232098937035 30.14769474864006 2.5
    endloop
  endfacet
  facet normal 0.6474946220678378 0.7620700193507338 0
    outer loop
      vertex 19.008787128329278 30.209484097361564 1.98
      vertex 19.008787128329278 30.209484097361564 2.5
      vertex 19.02831390798092 30.192893122136592 2.5
    endloop
  endfacet
  facet normal 0.6318592920636105 0.775083114919215 0
    outer loop
      vertex 19.02831390798092 30.192893122136592 1.98
      vertex 19.02831390798092 30.192893122136592 2.5
      vertex 19.04773032218218 30.177064572274684 2.5
    endloop
  endfacet
  facet normal 0.6152193767529377 0.7883559592390526 0
    outer loop
      vertex 19.04773032218218 30.177064572274684 1.98
      vertex 19.04773032218218 30.177064572274684 2.5
      vertex 19.0670363932848 30.16199844777584 2.5
    endloop
  endfacet
  facet normal -0.5163024176710912 -0.8564063366807757 0
    outer loop
      vertex 19.106739643216134 29.812964130938052 1.98
      vertex 19.106739643216134 29.812964130938052 2.5
      vertex 19.079810801148415 29.829198744893073 2.5
    endloop
  endfacet
  facet normal -0.49803897006490383 -0.867154648431691 0
    outer loop
      vertex 19.13422026783228 29.797180992364883 1.98
      vertex 19.13422026783228 29.797180992364883 2.5
      vertex 19.106739643216134 29.812964130938052 2.5
    endloop
  endfacet
  facet normal 0.5786568617382641 0.8155711105496709 0
    outer loop
      vertex 19.086232098937035 30.14769474864006 1.98
      vertex 19.086232098937035 30.14769474864006 2.5
      vertex 19.10531745404005 30.134153474867343 2.5
    endloop
  endfacet
  facet normal 0.558593273612942 0.8294417126443406 0
    outer loop
      vertex 19.10531745404005 30.134153474867343 1.98
      vertex 19.10531745404005 30.134153474867343 2.5
      vertex 19.124292458593846 30.12137462645769 2.5
    endloop
  endfacet
  facet normal 0.5372460219656827 0.8434255817095241 0
    outer loop
      vertex 19.124292458593846 30.12137462645769 1.98
      vertex 19.124292458593846 30.12137462645769 2.5
      vertex 19.14315709769726 30.109358210861682 2.5
    endloop
  endfacet
  facet normal 0.5145434953953737 0.857464279924424 0
    outer loop
      vertex 19.14315709769726 30.109358210861682 1.98
      vertex 19.14315709769726 30.109358210861682 2.5
      vertex 19.16191139370203 30.098104213178157 2.5
    endloop
  endfacet
  facet normal 0.49041583424557117 0.8714885596043246 0
    outer loop
      vertex 19.16191139370203 30.098104213178157 1.98
      vertex 19.16191139370203 30.098104213178157 2.5
      vertex 19.18055532425642 30.087612648308276 2.5
    endloop
  endfacet
  facet normal 0.4647968220515041 0.8854173672403441 0
    outer loop
      vertex 19.18055532425642 30.087612648308276 1.98
      vertex 19.18055532425642 30.087612648308276 2.5
      vertex 19.19908890426159 30.07788350880146 2.5
    endloop
  endfacet
  facet normal 0.43762631331729335 0.8991569439715817 0
    outer loop
      vertex 19.19908890426159 30.07788350880146 1.98
      vertex 19.19908890426159 30.07788350880146 2.5
      vertex 19.217512133717538 30.068916787207126 2.5
    endloop
  endfacet
  facet normal 0.4088514829049028 0.9126009341034349 0
    outer loop
      vertex 19.217512133717538 30.068916787207126 1.98
      vertex 19.217512133717538 30.068916787207126 2.5
      vertex 19.235824997723103 30.060712498426437 2.5
    endloop
  endfacet
  facet normal -1 0 0
    outer loop
      vertex 19.235824997723103 30.060712498426437 1.98
      vertex 19.235824997723103 30.060712498426437 2.5
      vertex 19.235824997723103 31.30676249861717 2.5
    endloop
  endfacet
  facet normal 0 1 0
    outer loop
      vertex 19.235824997723103 31.30676249861717 1.98
      vertex 19.235824997723103 31.30676249861717 2.5
      vertex 19.495200003683568 31.30676249861717 2.5
    endloop
  endfacet
  facet normal 1 0 0
    outer loop
      vertex 19.495200003683568 25.95773750245571 2.5
      vertex 19.495200003683568 25.936612497270108 2.5
      vertex 19.495200003683568 25.936612497270108 1.98
    endloop
  endfacet
  facet normal 0.6970796617216419 -0.7169936856165758 0
    outer loop
      vertex 19.343523080646992 27.1034703373909 1.98
      vertex 19.343523080646992 27.1034703373909 2.5
      vertex 19.30455192476511 27.065581579506397 2.5
    endloop
  endfacet
  facet normal 0.7527375825176115 -0.6583206907469507 0
    outer loop
      vertex 19.378782692551614 27.143786911666393 1.98
      vertex 19.378782692551614 27.143786911666393 2.5
      vertex 19.343523080646992 27.1034703373909 2.5
    endloop
  endfacet
  facet normal 0.8045861744053792 -0.5938359099580597 0
    outer loop
      vertex 19.410330767929555 27.186531287431716 1.98
      vertex 19.410330767929555 27.186531287431716 2.5
      vertex 19.378782692551614 27.143786911666393 2.5
    endloop
  endfacet
  facet normal 0.8513362501013003 -0.5246204239861961 0
    outer loop
      vertex 19.438167306780816 27.23170347958803 1.98
      vertex 19.438167306780816 27.23170347958803 2.5
      vertex 19.410330767929555 27.186531287431716 2.5
    endloop
  endfacet
  facet normal 0.8919778052021237 -0.4520791911012964 0
    outer loop
      vertex 19.462292309105397 27.279303473234176 1.98
      vertex 19.462292309105397 27.279303473234176 2.5
      vertex 19.438167306780816 27.23170347958803 2.5
    endloop
  endfacet
  facet normal 0.9258868527811221 -0.3778009209187672 0
    outer loop
      vertex 19.482705767452718 27.329331283271312 1.98
      vertex 19.482705767452718 27.329331283271312 2.5
      vertex 19.462292309105397 27.279303473234176 2.5
    endloop
  endfacet
  facet normal 0.7547822967038613 0.6559753688839576 0
    outer loop
      vertex 19.34251716285944 28.130780991911887 1.98
      vertex 19.34251716285944 28.130780991911887 2.5
      vertex 19.377967897057534 28.0899904564023 2.5
    endloop
  endfacet
  facet normal 0.805848055526206 0.5921223787399298 0
    outer loop
      vertex 19.377967897057534 28.0899904564023 1.98
      vertex 19.377967897057534 28.0899904564023 2.5
      vertex 19.409686985611916 28.046822410821914 2.5
    endloop
  endfacet
  facet normal 0.9527623634098856 0.303716774099833 0
    outer loop
      vertex 19.48245428800583 27.903053183853626 1.98
      vertex 19.48245428800583 27.903053183853626 2.5
      vertex 19.499246749281884 27.850375075638294 2.5
    endloop
  endfacet
  facet normal 0.8519972877521621 0.5235461982126882 0
    outer loop
      vertex 19.409686985611916 28.046822410821914 1.98
      vertex 19.409686985611916 28.046822410821914 2.5
      vertex 19.437674406170846 28.001276847720145 2.5
    endloop
  endfacet
  facet normal 0.8922252188466311 0.45159069836975274 0
    outer loop
      vertex 19.437674406170846 28.001276847720145 1.98
      vertex 19.437674406170846 28.001276847720145 2.5
      vertex 19.461930181086064 27.953353774547576 2.5
    endloop
  endfacet
  facet normal 0.9258910859431981 0.377790546428739 0
    outer loop
      vertex 19.461930181086064 27.953353774547576 1.98
      vertex 19.461930181086064 27.953353774547576 2.5
      vertex 19.48245428800583 27.903053183853626 2.5
    endloop
  endfacet
  facet normal 0.9528654287392863 -0.3033932674162305 0
    outer loop
      vertex 19.499407689273358 27.38178690969944 1.98
      vertex 19.499407689273358 27.38178690969944 2.5
      vertex 19.482705767452718 27.329331283271312 2.5
    endloop
  endfacet
  facet normal 0.973113365467612 -0.230326676588488 0
    outer loop
      vertex 19.51239807456732 27.436670337617397 1.98
      vertex 19.51239807456732 27.436670337617397 2.5
      vertex 19.499407689273358 27.38178690969944 2.5
    endloop
  endfacet
  facet normal 0.9871459063805543 -0.15982164908457777 0
    outer loop
      vertex 19.5216769233346 27.493981581926345 1.98
      vertex 19.5216769233346 27.493981581926345 2.5
      vertex 19.51239807456732 27.436670337617397 2.5
    endloop
  endfacet
  facet normal 0.9956855482170336 -0.09279164332926279 0
    outer loop
      vertex 19.52724422812462 27.553720635175704 1.98
      vertex 19.52724422812462 27.553720635175704 2.5
      vertex 19.5216769233346 27.493981581926345 2.5
    endloop
  endfacet
  facet normal 0.9995547443256995 -0.02983811481956715 0
    outer loop
      vertex 19.52909999638796 27.615887497365474 1.98
      vertex 19.52909999638796 27.615887497365474 2.5
      vertex 19.52724422812462 27.553720635175704 2.5
    endloop
  endfacet
  facet normal 0.9995502161171047 0.029989422472752367 0
    outer loop
      vertex 19.527234169840813 27.67807566821575 1.98
      vertex 19.527234169840813 27.67807566821575 2.5
      vertex 19.52909999638796 27.615887497365474 2.5
    endloop
  endfacet
  facet normal 0.9729957904439832 0.2308228580064985 0
    outer loop
      vertex 19.499246749281884 27.850375075638294 1.98
      vertex 19.499246749281884 27.850375075638294 2.5
      vertex 19.512307542562485 27.79531944990158 2.5
    endloop
  endfacet
  facet normal 0.9870629208121152 0.16033337256434238 0
    outer loop
      vertex 19.512307542562485 27.79531944990158 1.98
      vertex 19.512307542562485 27.79531944990158 2.5
      vertex 19.521636682748795 27.737886314094066 2.5
    endloop
  endfacet
  facet normal 0.9956493135296902 0.09317963547823438 0
    outer loop
      vertex 19.521636682748795 27.737886314094066 1.98
      vertex 19.521636682748795 27.737886314094066 2.5
      vertex 19.527234169840813 27.67807566821575 2.5
    endloop
  endfacet
  facet normal 0 -1 0
    outer loop
      vertex 19.495200003683568 28.902737502753734 1.98
      vertex 19.495200003683568 28.902737502753734 2.5
      vertex 19.123925003409386 28.902737502753734 2.5
    endloop
  endfacet
  facet normal 0 -1 0
    outer loop
      vertex 19.495200003683568 29.725037497282027 1.98
      vertex 19.495200003683568 29.725037497282027 2.5
      vertex 19.279900002479554 29.725037497282027 2.5
    endloop
  endfacet
  facet normal 1 0 0
    outer loop
      vertex 19.495200003683568 29.233312499523162 1.98
      vertex 19.495200003683568 29.233312499523162 2.5
      vertex 19.495200003683568 28.902737502753734 2.5
    endloop
  endfacet
  facet normal 1 0 0
    outer loop
      vertex 19.495200003683568 31.30676249861717 1.98
      vertex 19.495200003683568 31.30676249861717 2.5
      vertex 19.495200003683568 29.725037497282027 2.5
    endloop
  endfacet
  facet normal 0 0 1
    outer loop
      vertex 17.660875003039838 26.642637503147125 2.5
      vertex 19.254518423910145 25.936612497270108 2.5
      vertex 19.495200003683568 25.95773750245571 2.5
    endloop
  endfacet
  facet normal 0 0 1
    outer loop
      vertex 18.65085354745388 27.11724444925785 2.5
      vertex 18.720324705541135 26.820857916772365 2.5
      vertex 18.711333724856377 27.12535451054573 2.5
    endloop
  endfacet
  facet normal 0 0 1
    outer loop
      vertex 18.711333724856377 27.12535451054573 2.5
      vertex 18.720324705541135 26.820857916772365 2.5
      vertex 18.794156807661057 26.83431989401579 2.5
    endloop
  endfacet
  facet normal 0 0 1
    outer loop
      vertex 18.711333724856377 27.12535451054573 2.5
      vertex 18.794156807661057 26.83431989401579 2.5
      vertex 18.76858372539282 27.134939123690128 2.5
    endloop
  endfacet
  facet normal 0 0 1
    outer loop
      vertex 18.76858372539282 27.134939123690128 2.5
      vertex 18.794156807661057 26.83431989401579 2.5
      vertex 18.864577959477902 26.85022951364517 2.5
    endloop
  endfacet
  facet normal 0 0 1
    outer loop
      vertex 18.76858372539282 27.134939123690128 2.5
      vertex 18.864577959477902 26.85022951364517 2.5
      vertex 18.822603549063206 27.145998296141624 2.5
    endloop
  endfacet
  facet normal 0 0 1
    outer loop
      vertex 18.64528624266386 28.121179808676242 2.5
      vertex 18.705195266008378 28.11301441937685 2.5
      vertex 18.71846375912428 28.41873838454485 2.5
    endloop
  endfacet
  facet normal 0 0 1
    outer loop
      vertex 18.705195266008378 28.11301441937685 2.5
      vertex 18.762054878473283 28.103364419937133 2.5
      vertex 18.79210473150015 28.404999774694442 2.5
    endloop
  endfacet
  facet normal 0 0 1
    outer loop
      vertex 18.762054878473283 28.103364419937133 2.5
      vertex 18.815865087509156 28.092229810357093 2.5
      vertex 18.862395118176938 28.388763238489627 2.5
    endloop
  endfacet
  facet normal 0 0 1
    outer loop
      vertex 18.864577959477902 26.85022951364517 2.5
      vertex 18.93158816844225 26.868586760759353 2.5
      vertex 18.822603549063206 27.145998296141624 2.5
    endloop
  endfacet
  facet normal 0 0 1
    outer loop
      vertex 18.822603549063206 27.145998296141624 2.5
      vertex 18.93158816844225 26.868586760759353 2.5
      vertex 18.87339319586754 27.15853202790022 2.5
    endloop
  endfacet
  facet normal 0 0 1
    outer loop
      vertex 18.93158816844225 26.868586760759353 2.5
      vertex 18.99518742710352 26.889391642808913 2.5
      vertex 18.87339319586754 27.15853202790022 2.5
    endloop
  endfacet
  facet normal 0 0 1
    outer loop
      vertex 18.87339319586754 27.15853202790022 2.5
      vertex 18.99518742710352 26.889391642808913 2.5
      vertex 18.920952665805817 27.17254031151533 2.5
    endloop
  endfacet
  facet normal 0 0 1
    outer loop
      vertex 18.920952665805817 27.17254031151533 2.5
      vertex 19.055375742912293 26.912644159793853 2.5
      vertex 18.96528195142746 27.18802315443754 2.5
    endloop
  endfacet
  facet normal 0 0 1
    outer loop
      vertex 18.920952665805817 27.17254031151533 2.5
      vertex 18.99518742710352 26.889391642808913 2.5
      vertex 19.055375742912293 26.912644159793853 2.5
    endloop
  endfacet
  facet normal 0 0 1
    outer loop
      vertex 18.815865087509156 28.092229810357093 2.5
      vertex 18.866625885665417 28.07961057573557 2.5
      vertex 18.929334911704064 28.370028768479823 2.5
    endloop
  endfacet
  facet normal 0 0 1
    outer loop
      vertex 18.866625885665417 28.07961057573557 2.5
      vertex 18.914337280392648 28.06550673097372 2.5
      vertex 18.99292411208153 28.34879637211561 2.5
    endloop
  endfacet
  facet normal 0 0 1
    outer loop
      vertex 18.866625885665417 28.07961057573557 2.5
      vertex 18.99292411208153 28.34879637211561 2.5
      vertex 18.929334911704064 28.370028768479823 2.5
    endloop
  endfacet
  facet normal 0 0 1
    outer loop
      vertex 18.914337280392648 28.06550673097372 2.5
      vertex 18.958999256789685 28.049918268620967 2.5
      vertex 19.05316271930933 28.32506604939699 2.5
    endloop
  endfacet
  facet normal 0 0 1
    outer loop
      vertex 18.914337280392648 28.06550673097372 2.5
      vertex 19.05316271930933 28.32506604939699 2.5
      vertex 18.99292411208153 28.34879637211561 2.5
    endloop
  endfacet
  facet normal 0 0 1
    outer loop
      vertex 19.495200003683568 25.95773750245571 2.5
      vertex 19.254518423910145 25.936612497270108 2.5
      vertex 19.137017881689697 25.857792079026172 2.5
    endloop
  endfacet
  facet normal 0 0 1
    outer loop
      vertex 18.96528195142746 27.18802315443754 2.5
      vertex 19.055375742912293 26.912644159793853 2.5
      vertex 19.11215310841799 26.93834430426359 2.5
    endloop
  endfacet
  facet normal 0 0 1
    outer loop
      vertex 18.96528195142746 27.18802315443754 2.5
      vertex 19.11215310841799 26.93834430426359 2.5
      vertex 19.00638106763363 27.20498054921627 2.5
    endloop
  endfacet
  facet normal 0 0 1
    outer loop
      vertex 19.00638106763363 27.20498054921627 2.5
      vertex 19.165519523620606 26.966492083668708 2.5
      vertex 19.044249999523164 27.223412503302097 2.5
    endloop
  endfacet
  facet normal 0 0 1
    outer loop
      vertex 19.00638106763363 27.20498054921627 2.5
      vertex 19.11215310841799 26.93834430426359 2.5
      vertex 19.165519523620606 26.966492083668708 2.5
    endloop
  endfacet
  facet normal 0 0 1
    outer loop
      vertex 19.044249999523164 27.223412503302097 2.5
      vertex 19.165519523620606 26.966492083668708 2.5
      vertex 19.215475003421307 26.997087498009204 2.5
    endloop
  endfacet
  facet normal 0 0 1
    outer loop
      vertex 19.044249999523164 27.223412503302097 2.5
      vertex 19.215475003421307 26.997087498009204 2.5
      vertex 19.079109470546246 27.243449483811855 2.5
    endloop
  endfacet
  facet normal 0 0 1
    outer loop
      vertex 19.079109470546246 27.243449483811855 2.5
      vertex 19.26186923235655 27.030120638012885 2.5
      vertex 19.11118017435074 27.265221965312957 2.5
    endloop
  endfacet
  facet normal 0 0 1
    outer loop
      vertex 18.958999256789685 28.049918268620967 2.5
      vertex 19.00061183720827 28.03284518867731 2.5
      vertex 19.11005074083805 28.298837792873382 2.5
    endloop
  endfacet
  facet normal 0 0 1
    outer loop
      vertex 18.958999256789685 28.049918268620967 2.5
      vertex 19.11005074083805 28.298837792873382 2.5
      vertex 19.05316271930933 28.32506604939699 2.5
    endloop
  endfacet
  facet normal 0 0 1
    outer loop
      vertex 19.00061183720827 28.03284518867731 2.5
      vertex 19.039174999296666 28.01428749859333 2.5
      vertex 19.16358816921711 28.270111609995364 2.5
    endloop
  endfacet
  facet normal 0 0 1
    outer loop
      vertex 19.039174999296666 28.01428749859333 2.5
      vertex 19.074785205721856 27.994134691357612 2.5
      vertex 19.213774996995927 28.23888750076294 2.5
    endloop
  endfacet
  facet normal 0 0 1
    outer loop
      vertex 19.00061183720827 28.03284518867731 2.5
      vertex 19.16358816921711 28.270111609995364 2.5
      vertex 19.11005074083805 28.298837792873382 2.5
    endloop
  endfacet
  facet normal 0 0 1
    outer loop
      vertex 19.074785205721856 27.994134691357612 2.5
      vertex 19.107546600699425 27.972276259958743 2.5
      vertex 19.260420712828637 28.205229510366916 2.5
    endloop
  endfacet
  facet normal 0 0 1
    outer loop
      vertex 19.039174999296666 28.01428749859333 2.5
      vertex 19.213774996995927 28.23888750076294 2.5
      vertex 19.16358816921711 28.270111609995364 2.5
    endloop
  endfacet
  facet normal 0 0 1
    outer loop
      vertex 19.079109470546246 27.243449483811855 2.5
      vertex 19.215475003421307 26.997087498009204 2.5
      vertex 19.26186923235655 27.030120638012885 2.5
    endloop
  endfacet
  facet normal 0 0 1
    outer loop
      vertex 19.11118017435074 27.265221965312957 2.5
      vertex 19.26186923235655 27.030120638012885 2.5
      vertex 19.30455192476511 27.065581579506397 2.5
    endloop
  endfacet
  facet normal 0 0 1
    outer loop
      vertex 19.11118017435074 27.265221965312957 2.5
      vertex 19.30455192476511 27.065581579506397 2.5
      vertex 19.140462133288384 27.288729955255985 2.5
    endloop
  endfacet
  facet normal 0 0 1
    outer loop
      vertex 19.140462133288384 27.288729955255985 2.5
      vertex 19.343523080646992 27.1034703373909 2.5
      vertex 19.16695532500744 27.313973446190356 2.5
    endloop
  endfacet
  facet normal 0 0 1
    outer loop
      vertex 19.16695532500744 27.313973446190356 2.5
      vertex 19.378782692551614 27.143786911666393 2.5
      vertex 19.190659764409066 27.340952438116073 2.5
    endloop
  endfacet
  facet normal 0 0 1
    outer loop
      vertex 19.140462133288384 27.288729955255985 2.5
      vertex 19.30455192476511 27.065581579506397 2.5
      vertex 19.343523080646992 27.1034703373909 2.5
    endloop
  endfacet
  facet normal 0 0 1
    outer loop
      vertex 19.190659764409066 27.340952438116073 2.5
      vertex 19.410330767929555 27.186531287431716 2.5
      vertex 19.211575444042683 27.369666938483714 2.5
    endloop
  endfacet
  facet normal 0 0 1
    outer loop
      vertex 19.16695532500744 27.313973446190356 2.5
      vertex 19.343523080646992 27.1034703373909 2.5
      vertex 19.378782692551614 27.143786911666393 2.5
    endloop
  endfacet
  facet normal 0 0 1
    outer loop
      vertex 19.190659764409066 27.340952438116073 2.5
      vertex 19.378782692551614 27.143786911666393 2.5
      vertex 19.410330767929555 27.186531287431716 2.5
    endloop
  endfacet
  facet normal 0 0 1
    outer loop
      vertex 19.211575444042683 27.369666938483714 2.5
      vertex 19.438167306780816 27.23170347958803 2.5
      vertex 19.22970236390829 27.4001169398427 2.5
    endloop
  endfacet
  facet normal 0 0 1
    outer loop
      vertex 19.22970236390829 27.4001169398427 2.5
      vertex 19.462292309105397 27.279303473234176 2.5
      vertex 19.24504053145647 27.43230244219303 2.5
    endloop
  endfacet
  facet normal 0 0 1
    outer loop
      vertex 19.107546600699425 27.972276259958743 2.5
      vertex 19.137459169328213 27.948712204396724 2.5
      vertex 19.303334760665894 28.169194009900092 2.5
    endloop
  endfacet
  facet normal 0 0 1
    outer loop
      vertex 19.074785205721856 27.994134691357612 2.5
      vertex 19.260420712828637 28.205229510366916 2.5
      vertex 19.213774996995927 28.23888750076294 2.5
    endloop
  endfacet
  facet normal 0 0 1
    outer loop
      vertex 19.137459169328213 27.948712204396724 2.5
      vertex 19.16452292650938 27.923442532122134 2.5
      vertex 19.34251716285944 28.130780991911887 2.5
    endloop
  endfacet
  facet normal 0 0 1
    outer loop
      vertex 19.16452292650938 27.923442532122134 2.5
      vertex 19.18873787224293 27.896467235684394 2.5
      vertex 19.377967897057534 28.0899904564023 2.5
    endloop
  endfacet
  facet normal 0 0 1
    outer loop
      vertex 19.107546600699425 27.972276259958743 2.5
      vertex 19.303334760665894 28.169194009900092 2.5
      vertex 19.260420712828637 28.205229510366916 2.5
    endloop
  endfacet
  facet normal 0 0 1
    outer loop
      vertex 19.22862129956484 27.83739977777004 2.5
      vertex 19.244289796054364 27.80530761629343 2.5
      vertex 19.461930181086064 27.953353774547576 2.5
    endloop
  endfacet
  facet normal 0 0 1
    outer loop
      vertex 19.244289796054364 27.80530761629343 2.5
      vertex 19.257109466195107 27.771509838104247 2.5
      vertex 19.48245428800583 27.903053183853626 2.5
    endloop
  endfacet
  facet normal 0 0 1
    outer loop
      vertex 19.137459169328213 27.948712204396724 2.5
      vertex 19.34251716285944 28.130780991911887 2.5
      vertex 19.303334760665894 28.169194009900092 2.5
    endloop
  endfacet
  facet normal 0 0 1
    outer loop
      vertex 19.210103991627694 27.867786315083503 2.5
      vertex 19.409686985611916 28.046822410821914 2.5
      vertex 19.18873787224293 27.896467235684394 2.5
    endloop
  endfacet
  facet normal 0 0 1
    outer loop
      vertex 19.210103991627694 27.867786315083503 2.5
      vertex 19.22862129956484 27.83739977777004 2.5
      vertex 19.437674406170846 28.001276847720145 2.5
    endloop
  endfacet
  facet normal 0 0 1
    outer loop
      vertex 19.16452292650938 27.923442532122134 2.5
      vertex 19.377967897057534 28.0899904564023 2.5
      vertex 19.34251716285944 28.130780991911887 2.5
    endloop
  endfacet
  facet normal 0 0 1
    outer loop
      vertex 19.18873787224293 27.896467235684394 2.5
      vertex 19.409686985611916 28.046822410821914 2.5
      vertex 19.377967897057534 28.0899904564023 2.5
    endloop
  endfacet
  facet normal 0 0 1
    outer loop
      vertex 18.705195266008378 28.11301441937685 2.5
      vertex 18.79210473150015 28.404999774694442 2.5
      vertex 18.71846375912428 28.41873838454485 2.5
    endloop
  endfacet
  facet normal 0 0 1
    outer loop
      vertex 18.762054878473283 28.103364419937133 2.5
      vertex 18.862395118176938 28.388763238489627 2.5
      vertex 18.79210473150015 28.404999774694442 2.5
    endloop
  endfacet
  facet normal 0 0 1
    outer loop
      vertex 18.815865087509156 28.092229810357093 2.5
      vertex 18.929334911704064 28.370028768479823 2.5
      vertex 18.862395118176938 28.388763238489627 2.5
    endloop
  endfacet
  facet normal 0 0 1
    outer loop
      vertex 18.617773818969727 30.240205992758273 2.5
      vertex 18.636368933320046 30.2191243365407 2.5
      vertex 18.819739352166653 30.398896668851375 2.5
    endloop
  endfacet
  facet normal 0 0 1
    outer loop
      vertex 18.636368933320046 30.2191243365407 2.5
      vertex 18.655175003409386 30.198012498021125 2.5
      vertex 18.842214199900628 30.374088090658187 2.5
    endloop
  endfacet
  facet normal 0 0 1
    outer loop
      vertex 18.563254143297673 30.303269897401332 2.5
      vertex 18.77367662936449 30.45134341418743 2.5
      vertex 18.750088754296304 30.4789815813303 2.5
    endloop
  endfacet
  facet normal 0 0 1
    outer loop
      vertex 18.59938964545727 30.26125747412443 2.5
      vertex 18.796893487870694 30.42464844584465 2.5
      vertex 18.77367662936449 30.45134341418743 2.5
    endloop
  endfacet
  facet normal 0 0 1
    outer loop
      vertex 18.655175003409386 30.198012498021125 2.5
      vertex 18.674253399670125 30.1769644215703 2.5
      vertex 18.86431804597378 30.350222703814506 2.5
    endloop
  endfacet
  facet normal 0 0 1
    outer loop
      vertex 18.693673226237298 30.156066347658633 2.5
      vertex 18.86431804597378 30.350222703814506 2.5
      vertex 18.674253399670125 30.1769644215703 2.5
    endloop
  endfacet
  facet normal 0 0 1
    outer loop
      vertex 18.693673226237298 30.156066347658633 2.5
      vertex 18.713434468209744 30.135318268835544 2.5
      vertex 18.886050890386105 30.32730051577091 2.5
    endloop
  endfacet
  facet normal 0 0 1
    outer loop
      vertex 18.617773818969727 30.240205992758273 2.5
      vertex 18.819739352166653 30.398896668851375 2.5
      vertex 18.796893487870694 30.42464844584465 2.5
    endloop
  endfacet
  facet normal 0 0 1
    outer loop
      vertex 18.733537133038045 30.114720192551612 2.5
      vertex 18.75398121327162 30.09427211880684 2.5
      vertex 18.928403551876546 30.284285721182822 2.5
    endloop
  endfacet
  facet normal 0 0 1
    outer loop
      vertex 18.75398121327162 30.09427211880684 2.5
      vertex 18.774766716361047 30.07397404015064 2.5
      vertex 18.94902337640524 30.26419312208891 2.5
    endloop
  endfacet
  facet normal 0 0 1
    outer loop
      vertex 18.636368933320046 30.2191243365407 2.5
      vertex 18.842214199900628 30.374088090658187 2.5
      vertex 18.819739352166653 30.398896668851375 2.5
    endloop
  endfacet
  facet normal 0 0 1
    outer loop
      vertex 18.713434468209744 30.135318268835544 2.5
      vertex 18.733537133038045 30.114720192551612 2.5
      vertex 18.907412718236447 30.305321526527404 2.5
    endloop
  endfacet
  facet normal 0 0 1
    outer loop
      vertex 18.655175003409386 30.198012498021125 2.5
      vertex 18.86431804597378 30.350222703814506 2.5
      vertex 18.842214199900628 30.374088090658187 2.5
    endloop
  endfacet
  facet normal 0 0 1
    outer loop
      vertex 18.693673226237298 30.156066347658633 2.5
      vertex 18.886050890386105 30.32730051577091 2.5
      vertex 18.86431804597378 30.350222703814506 2.5
    endloop
  endfacet
  facet normal 0 0 1
    outer loop
      vertex 18.713434468209744 30.135318268835544 2.5
      vertex 18.907412718236447 30.305321526527404 2.5
      vertex 18.886050890386105 30.32730051577091 2.5
    endloop
  endfacet
  facet normal 0 0 1
    outer loop
      vertex 18.774766716361047 30.07397404015064 2.5
      vertex 18.79589364230633 30.053825964033603 2.5
      vertex 18.96927219182253 30.2450437143445 2.5
    endloop
  endfacet
  facet normal 0 0 1
    outer loop
      vertex 18.79589364230633 30.053825964033603 2.5
      vertex 18.817361983656884 30.03382788300514 2.5
      vertex 18.989149998128415 30.2268374979496 2.5
    endloop
  endfacet
  facet normal 0 0 1
    outer loop
      vertex 18.817361983656884 30.03382788300514 2.5
      vertex 18.839171747863293 30.013979804515838 2.5
      vertex 19.008787128329278 30.209484097361564 2.5
    endloop
  endfacet
  facet normal 0 0 1
    outer loop
      vertex 18.839171747863293 30.013979804515838 2.5
      vertex 18.861322927474976 29.994281728565692 2.5
      vertex 19.02831390798092 30.192893122136592 2.5
    endloop
  endfacet
  facet normal 0 0 1
    outer loop
      vertex 18.733537133038045 30.114720192551612 2.5
      vertex 18.928403551876546 30.284285721182822 2.5
      vertex 18.907412718236447 30.305321526527404 2.5
    endloop
  endfacet
  facet normal 0 0 1
    outer loop
      vertex 18.75398121327162 30.09427211880684 2.5
      vertex 18.94902337640524 30.26419312208891 2.5
      vertex 18.928403551876546 30.284285721182822 2.5
    endloop
  endfacet
  facet normal 0 0 1
    outer loop
      vertex 18.774766716361047 30.07397404015064 2.5
      vertex 18.96927219182253 30.2450437143445 2.5
      vertex 18.94902337640524 30.26419312208891 2.5
    endloop
  endfacet
  facet normal 0 0 1
    outer loop
      vertex 18.79589364230633 30.053825964033603 2.5
      vertex 18.989149998128415 30.2268374979496 2.5
      vertex 18.96927219182253 30.2450437143445 2.5
    endloop
  endfacet
  facet normal 0 0 1
    outer loop
      vertex 18.861322927474976 29.994281728565692 2.5
      vertex 18.883815529942513 29.974733655154704 2.5
      vertex 19.04773032218218 30.177064572274684 2.5
    endloop
  endfacet
  facet normal 0 0 1
    outer loop
      vertex 18.817361983656884 30.03382788300514 2.5
      vertex 19.008787128329278 30.209484097361564 2.5
      vertex 18.989149998128415 30.2268374979496 2.5
    endloop
  endfacet
  facet normal 0 0 1
    outer loop
      vertex 18.883815529942513 29.974733655154704 2.5
      vertex 18.906649555265904 29.955335576832294 2.5
      vertex 19.0670363932848 30.16199844777584 2.5
    endloop
  endfacet
  facet normal 0 0 1
    outer loop
      vertex 18.839171747863293 30.013979804515838 2.5
      vertex 19.02831390798092 30.192893122136592 2.5
      vertex 19.008787128329278 30.209484097361564 2.5
    endloop
  endfacet
  facet normal 0 0 1
    outer loop
      vertex 18.906649555265904 29.955335576832294 2.5
      vertex 18.92982500344515 29.93608750104904 2.5
      vertex 19.086232098937035 30.14769474864006 2.5
    endloop
  endfacet
  facet normal 0 0 1
    outer loop
      vertex 18.861322927474976 29.994281728565692 2.5
      vertex 19.04773032218218 30.177064572274684 2.5
      vertex 19.02831390798092 30.192893122136592 2.5
    endloop
  endfacet
  facet normal 0 0 1
    outer loop
      vertex 18.92982500344515 29.93608750104904 2.5
      vertex 18.953443194925786 29.91714401245117 2.5
      vertex 19.10531745404005 30.134153474867343 2.5
    endloop
  endfacet
  facet normal 0 0 1
    outer loop
      vertex 18.883815529942513 29.974733655154704 2.5
      vertex 19.0670363932848 30.16199844777584 2.5
      vertex 19.04773032218218 30.177064572274684 2.5
    endloop
  endfacet
  facet normal 0 0 1
    outer loop
      vertex 19.123925003409386 28.902737502753734 2.5
      vertex 19.495200003683568 28.902737502753734 2.5
      vertex 19.123925003409386 29.233312499523162 2.5
    endloop
  endfacet
  facet normal 0 0 1
    outer loop
      vertex 18.953443194925786 29.91714401245117 2.5
      vertex 18.97761316895485 29.898651999235152 2.5
      vertex 19.124292458593846 30.12137462645769 2.5
    endloop
  endfacet
  facet normal 0 0 1
    outer loop
      vertex 18.97761316895485 29.898651999235152 2.5
      vertex 19.00233491063118 29.880611461400985 2.5
      vertex 19.14315709769726 30.109358210861682 2.5
    endloop
  endfacet
  facet normal 0 0 1
    outer loop
      vertex 18.906649555265904 29.955335576832294 2.5
      vertex 19.086232098937035 30.14769474864006 2.5
      vertex 19.0670363932848 30.16199844777584 2.5
    endloop
  endfacet
  facet normal 0 0 1
    outer loop
      vertex 18.92982500344515 29.93608750104904 2.5
      vertex 19.10531745404005 30.134153474867343 2.5
      vertex 19.086232098937035 30.14769474864006 2.5
    endloop
  endfacet
  facet normal 0 0 1
    outer loop
      vertex 19.00233491063118 29.880611461400985 2.5
      vertex 19.02760843485594 29.86302241384983 2.5
      vertex 19.16191139370203 30.098104213178157 2.5
    endloop
  endfacet
  facet normal 0 0 1
    outer loop
      vertex 18.953443194925786 29.91714401245117 2.5
      vertex 19.124292458593846 30.12137462645769 2.5
      vertex 19.10531745404005 30.134153474867343 2.5
    endloop
  endfacet
  facet normal 0 0 1
    outer loop
      vertex 18.97761316895485 29.898651999235152 2.5
      vertex 19.14315709769726 30.109358210861682 2.5
      vertex 19.124292458593846 30.12137462645769 2.5
    endloop
  endfacet
  facet normal 0 0 1
    outer loop
      vertex 19.02760843485594 29.86302241384983 2.5
      vertex 19.053433726727963 29.845884834229945 2.5
      vertex 19.18055532425642 30.087612648308276 2.5
    endloop
  endfacet
  facet normal 0 0 1
    outer loop
      vertex 19.053433726727963 29.845884834229945 2.5
      vertex 19.079810801148415 29.829198744893073 2.5
      vertex 19.19908890426159 30.07788350880146 2.5
    endloop
  endfacet
  facet normal 0 0 1
    outer loop
      vertex 19.00233491063118 29.880611461400985 2.5
      vertex 19.16191139370203 30.098104213178157 2.5
      vertex 19.14315709769726 30.109358210861682 2.5
    endloop
  endfacet
  facet normal 0 0 1
    outer loop
      vertex 19.02760843485594 29.86302241384983 2.5
      vertex 19.18055532425642 30.087612648308276 2.5
      vertex 19.16191139370203 30.098104213178157 2.5
    endloop
  endfacet
  facet normal 0 0 1
    outer loop
      vertex 19.079810801148415 29.829198744893073 2.5
      vertex 19.106739643216134 29.812964130938052 2.5
      vertex 19.217512133717538 30.068916787207126 2.5
    endloop
  endfacet
  facet normal 0 0 1
    outer loop
      vertex 19.106739643216134 29.812964130938052 2.5
      vertex 19.13422026783228 29.797180992364883 2.5
      vertex 19.235824997723103 30.060712498426437 2.5
    endloop
  endfacet
  facet normal 0 0 1
    outer loop
      vertex 19.053433726727963 29.845884834229945 2.5
      vertex 19.19908890426159 30.07788350880146 2.5
      vertex 19.18055532425642 30.087612648308276 2.5
    endloop
  endfacet
  facet normal 0 0 1
    outer loop
      vertex 19.079810801148415 29.829198744893073 2.5
      vertex 19.217512133717538 30.068916787207126 2.5
      vertex 19.19908890426159 30.07788350880146 2.5
    endloop
  endfacet
  facet normal 0 0 1
    outer loop
      vertex 19.162252660095692 29.781849336624145 2.5
      vertex 19.235824997723103 30.060712498426437 2.5
      vertex 19.13422026783228 29.797180992364883 2.5
    endloop
  endfacet
  facet normal 0 0 1
    outer loop
      vertex 19.162252660095692 29.781849336624145 2.5
      vertex 19.190836834907532 29.766969156265258 2.5
      vertex 19.235824997723103 30.060712498426437 2.5
    endloop
  endfacet
  facet normal 0 0 1
    outer loop
      vertex 19.106739643216134 29.812964130938052 2.5
      vertex 19.235824997723103 30.060712498426437 2.5
      vertex 19.217512133717538 30.068916787207126 2.5
    endloop
  endfacet
  facet normal 0 0 1
    outer loop
      vertex 19.190836834907532 29.766969156265258 2.5
      vertex 19.21997277736664 29.752540458738803 2.5
      vertex 19.235824997723103 30.060712498426437 2.5
    endloop
  endfacet
  facet normal 0 0 1
    outer loop
      vertex 19.21997277736664 29.752540458738803 2.5
      vertex 19.249660502374173 29.7385632365942 2.5
      vertex 19.235824997723103 30.060712498426437 2.5
    endloop
  endfacet
  facet normal 0 0 1
    outer loop
      vertex 19.249660502374173 29.7385632365942 2.5
      vertex 19.279900002479554 29.725037497282027 2.5
      vertex 19.235824997723103 30.060712498426437 2.5
    endloop
  endfacet
  facet normal 0 0 1
    outer loop
      vertex 19.235824997723103 30.060712498426437 2.5
      vertex 19.495200003683568 31.30676249861717 2.5
      vertex 19.235824997723103 31.30676249861717 2.5
    endloop
  endfacet
  facet normal 0 0 1
    outer loop
      vertex 19.137017881689697 25.857792079026172 2.5
      vertex 19.495200003683568 25.917603605721656 2.5
      vertex 19.495200003683568 25.936612497270108 2.5
    endloop
  endfacet
  facet normal 0 0 1
    outer loop
      vertex 19.495200003683568 25.95773750245571 2.5
      vertex 19.137017881689697 25.857792079026172 2.5
      vertex 19.495200003683568 25.936612497270108 2.5
    endloop
  endfacet
  facet normal 0 0 1
    outer loop
      vertex 19.211575444042683 27.369666938483714 2.5
      vertex 19.410330767929555 27.186531287431716 2.5
      vertex 19.438167306780816 27.23170347958803 2.5
    endloop
  endfacet
  facet normal 0 0 1
    outer loop
      vertex 19.24504053145647 27.43230244219303 2.5
      vertex 19.499407689273358 27.38178690969944 2.5
      vertex 19.25758993923664 27.466223445534705 2.5
    endloop
  endfacet
  facet normal 0 0 1
    outer loop
      vertex 19.25758993923664 27.466223445534705 2.5
      vertex 19.51239807456732 27.436670337617397 2.5
      vertex 19.267350594699383 27.501879957318305 2.5
    endloop
  endfacet
  facet normal 0 0 1
    outer loop
      vertex 19.267350594699383 27.501879957318305 2.5
      vertex 19.5216769233346 27.493981581926345 2.5
      vertex 19.274322482943536 27.53927197009325 2.5
    endloop
  endfacet
  facet normal 0 0 1
    outer loop
      vertex 19.22970236390829 27.4001169398427 2.5
      vertex 19.438167306780816 27.23170347958803 2.5
      vertex 19.462292309105397 27.279303473234176 2.5
    endloop
  endfacet
  facet normal 0 0 1
    outer loop
      vertex 19.24504053145647 27.43230244219303 2.5
      vertex 19.462292309105397 27.279303473234176 2.5
      vertex 19.482705767452718 27.329331283271312 2.5
    endloop
  endfacet
  facet normal 0 0 1
    outer loop
      vertex 19.24504053145647 27.43230244219303 2.5
      vertex 19.482705767452718 27.329331283271312 2.5
      vertex 19.499407689273358 27.38178690969944 2.5
    endloop
  endfacet
  facet normal 0 0 1
    outer loop
      vertex 19.25758993923664 27.466223445534705 2.5
      vertex 19.499407689273358 27.38178690969944 2.5
      vertex 19.51239807456732 27.436670337617397 2.5
    endloop
  endfacet
  facet normal 0 0 1
    outer loop
      vertex 19.267350594699383 27.501879957318305 2.5
      vertex 19.51239807456732 27.436670337617397 2.5
      vertex 19.5216769233346 27.493981581926345 2.5
    endloop
  endfacet
  facet normal 0 0 1
    outer loop
      vertex 19.274322482943536 27.53927197009325 2.5
      vertex 19.52724422812462 27.553720635175704 2.5
      vertex 19.27850561887026 27.57839948385954 2.5
    endloop
  endfacet
  facet normal 0 0 1
    outer loop
      vertex 19.27850561887026 27.57839948385954 2.5
      vertex 19.52909999638796 27.615887497365474 2.5
      vertex 19.279900002479554 27.61926249861717 2.5
    endloop
  endfacet
  facet normal 0 0 1
    outer loop
      vertex 19.274202364683152 27.69879740923643 2.5
      vertex 19.278475593030453 27.659882766008376 2.5
      vertex 19.521636682748795 27.737886314094066 2.5
    endloop
  endfacet
  facet normal 0 0 1
    outer loop
      vertex 19.279900002479554 27.61926249861717 2.5
      vertex 19.527234169840813 27.67807566821575 2.5
      vertex 19.278475593030453 27.659882766008376 2.5
    endloop
  endfacet
  facet normal 0 0 1
    outer loop
      vertex 19.257109466195107 27.771509838104247 2.5
      vertex 19.26708032488823 27.736006435751914 2.5
      vertex 19.499246749281884 27.850375075638294 2.5
    endloop
  endfacet
  facet normal 0 0 1
    outer loop
      vertex 19.26708032488823 27.736006435751914 2.5
      vertex 19.274202364683152 27.69879740923643 2.5
      vertex 19.512307542562485 27.79531944990158 2.5
    endloop
  endfacet
  facet normal 0 0 1
    outer loop
      vertex 19.244289796054364 27.80530761629343 2.5
      vertex 19.48245428800583 27.903053183853626 2.5
      vertex 19.461930181086064 27.953353774547576 2.5
    endloop
  endfacet
  facet normal 0 0 1
    outer loop
      vertex 19.210103991627694 27.867786315083503 2.5
      vertex 19.437674406170846 28.001276847720145 2.5
      vertex 19.409686985611916 28.046822410821914 2.5
    endloop
  endfacet
  facet normal 0 0 1
    outer loop
      vertex 19.22862129956484 27.83739977777004 2.5
      vertex 19.461930181086064 27.953353774547576 2.5
      vertex 19.437674406170846 28.001276847720145 2.5
    endloop
  endfacet
  facet normal 0 0 1
    outer loop
      vertex 19.274322482943536 27.53927197009325 2.5
      vertex 19.5216769233346 27.493981581926345 2.5
      vertex 19.52724422812462 27.553720635175704 2.5
    endloop
  endfacet
  facet normal 0 0 1
    outer loop
      vertex 19.27850561887026 27.57839948385954 2.5
      vertex 19.52724422812462 27.553720635175704 2.5
      vertex 19.52909999638796 27.615887497365474 2.5
    endloop
  endfacet
  facet normal 0 0 1
    outer loop
      vertex 19.279900002479554 27.61926249861717 2.5
      vertex 19.52909999638796 27.615887497365474 2.5
      vertex 19.527234169840813 27.67807566821575 2.5
    endloop
  endfacet
  facet normal 0 0 1
    outer loop
      vertex 19.278475593030453 27.659882766008376 2.5
      vertex 19.527234169840813 27.67807566821575 2.5
      vertex 19.521636682748795 27.737886314094066 2.5
    endloop
  endfacet
  facet normal 0 0 1
    outer loop
      vertex 19.26708032488823 27.736006435751914 2.5
      vertex 19.512307542562485 27.79531944990158 2.5
      vertex 19.499246749281884 27.850375075638294 2.5
    endloop
  endfacet
  facet normal 0 0 1
    outer loop
      vertex 19.257109466195107 27.771509838104247 2.5
      vertex 19.499246749281884 27.850375075638294 2.5
      vertex 19.48245428800583 27.903053183853626 2.5
    endloop
  endfacet
  facet normal 0 0 1
    outer loop
      vertex 19.274202364683152 27.69879740923643 2.5
      vertex 19.521636682748795 27.737886314094066 2.5
      vertex 19.512307542562485 27.79531944990158 2.5
    endloop
  endfacet
  facet normal 0 0 1
    outer loop
      vertex 19.123925003409386 29.233312499523162 2.5
      vertex 19.495200003683568 28.902737502753734 2.5
      vertex 19.495200003683568 29.233312499523162 2.5
    endloop
  endfacet
  facet normal 0 0 1
    outer loop
      vertex 19.279900002479554 29.725037497282027 2.5
      vertex 19.495200003683568 29.725037497282027 2.5
      vertex 19.235824997723103 30.060712498426437 2.5
    endloop
  endfacet
  facet normal 0 0 1
    outer loop
      vertex 19.495200003683568 29.725037497282027 2.5
      vertex 19.495200003683568 31.30676249861717 2.5
      vertex 19.235824997723103 30.060712498426437 2.5
    endloop
  endfacet
  facet normal 0 0 -1
    outer loop
      vertex 14.82 7.0549999999999615 1.98
      vertex 14.82 8.654999999999962 1.98
      vertex 15.18 8.654999999999962 1.98
    endloop
  endfacet
  facet normal 0 0 -1
    outer loop
      vertex 14.82 7.0549999999999615 1.98
      vertex 15.18 8.654999999999962 1.98
      vertex 15.18 7.0549999999999615 1.98
    endloop
  endfacet
  facet normal -1 0 0
    outer loop
      vertex 14.82 7.0549999999999615 1.98
      vertex 14.82 8.654999999999962 2.5
      vertex 14.82 8.654999999999962 1.98
    endloop
  endfacet
  facet normal 0 -1 0
    outer loop
      vertex 14.82 7.0549999999999615 1.98
      vertex 15.18 7.0549999999999615 1.98
      vertex 15.18 7.0549999999999615 2.5
    endloop
  endfacet
  facet normal 0 1 0
    outer loop
      vertex 14.82 8.654999999999962 1.98
      vertex 14.82 8.654999999999962 2.5
      vertex 15.18 8.654999999999962 1.98
    endloop
  endfacet
  facet normal 1 0 0
    outer loop
      vertex 15.18 7.0549999999999615 1.98
      vertex 15.18 8.654999999999962 1.98
      vertex 15.18 7.0549999999999615 2.5
    endloop
  endfacet
  facet normal -1 0 0
    outer loop
      vertex 14.82 7.0549999999999615 1.98
      vertex 14.82 7.0549999999999615 2.5
      vertex 14.82 8.654999999999962 2.5
    endloop
  endfacet
  facet normal 0 -1 0
    outer loop
      vertex 14.82 7.0549999999999615 1.98
      vertex 15.18 7.0549999999999615 2.5
      vertex 14.82 7.0549999999999615 2.5
    endloop
  endfacet
  facet normal 0 1 0
    outer loop
      vertex 15.18 8.654999999999962 1.98
      vertex 14.82 8.654999999999962 2.5
      vertex 15.18 8.654999999999962 2.5
    endloop
  endfacet
  facet normal 1 0 0
    outer loop
      vertex 15.18 8.654999999999962 1.98
      vertex 15.18 8.654999999999962 2.5
      vertex 15.18 7.0549999999999615 2.5
    endloop
  endfacet
  facet normal 0 0 1
    outer loop
      vertex 14.82 7.0549999999999615 2.5
      vertex 15.18 7.0549999999999615 2.5
      vertex 14.82 8.654999999999962 2.5
    endloop
  endfacet
  facet normal 0 0 1
    outer loop
      vertex 14.82 8.654999999999962 2.5
      vertex 15.18 7.0549999999999615 2.5
      vertex 15.18 8.654999999999962 2.5
    endloop
  endfacet
endsolid OpenSCAD_Model
