solid OpenSCAD_Model
  facet normal 0.09801712749023225 -0.9951847279367603 0
    outer loop
      vertex 22.72604537010193 0.046973057091236115 0
      vertex 22.368479058146477 0.01175585389137268 2
      vertex 22.368479058146477 0.01175585389137268 0
    endloop
  endfacet
  facet normal 0.09801712749023225 -0.9951847279367603 0
    outer loop
      vertex 22.72604537010193 0.046973057091236115 0
      vertex 22.72604537010193 0.046973057091236115 2
      vertex 22.368479058146477 0.01175585389137268 2
    endloop
  endfacet
  facet normal 0.1628954893139982 -0.9866433294565738 0
    outer loop
      vertex 23.08054279536009 0.10550082474946976 0
      vertex 22.72604537010193 0.046973057091236115 2
      vertex 22.72604537010193 0.046973057091236115 0
    endloop
  endfacet
  facet normal 0.1628954893139982 -0.9866433294565738 0
    outer loop
      vertex 23.08054279536009 0.10550082474946976 0
      vertex 23.08054279536009 0.10550082474946976 2
      vertex 22.72604537010193 0.046973057091236115 2
    endloop
  endfacet
  facet normal 0.22707625493292483 -0.9738769811663265 0
    outer loop
      vertex 23.430453315377235 0.1870885118842125 0
      vertex 23.08054279536009 0.10550082474946976 2
      vertex 23.08054279536009 0.10550082474946976 0
    endloop
  endfacet
  facet normal 0.22707625493292483 -0.9738769811663265 0
    outer loop
      vertex 23.430453315377235 0.1870885118842125 0
      vertex 23.430453315377235 0.1870885118842125 2
      vertex 23.08054279536009 0.10550082474946976 2
    endloop
  endfacet
  facet normal 0.29028467546272485 -0.9569403362757265 0
    outer loop
      vertex 23.774278566241264 0.29138676077127457 0
      vertex 23.430453315377235 0.1870885118842125 2
      vertex 23.430453315377235 0.1870885118842125 0
    endloop
  endfacet
  facet normal 0.29028467546272485 -0.9569403362757265 0
    outer loop
      vertex 23.774278566241264 0.29138676077127457 0
      vertex 23.774278566241264 0.29138676077127457 2
      vertex 23.430453315377235 0.1870885118842125 2
    endloop
  endfacet
  facet normal 0.35225005761403294 -0.9359059231092143 0
    outer loop
      vertex 24.110546216368675 0.4179489463567734 0
      vertex 23.774278566241264 0.29138676077127457 2
      vertex 23.774278566241264 0.29138676077127457 0
    endloop
  endfacet
  facet normal 0.35225005761403294 -0.9359059231092143 0
    outer loop
      vertex 24.110546216368675 0.4179489463567734 0
      vertex 24.110546216368675 0.4179489463567734 2
      vertex 23.774278566241264 0.29138676077127457 2
    endloop
  endfacet
  facet normal 0.4127070233713402 -0.910863827835955 0
    outer loop
      vertex 24.437816336750984 0.5662331059575081 0
      vertex 24.110546216368675 0.4179489463567734 2
      vertex 24.110546216368675 0.4179489463567734 0
    endloop
  endfacet
  facet normal 0.4127070233713402 -0.910863827835955 0
    outer loop
      vertex 24.437816336750984 0.5662331059575081 0
      vertex 24.437816336750984 0.5662331059575081 2
      vertex 24.110546216368675 0.4179489463567734 2
    endloop
  endfacet
  facet normal 0.47139674181865526 -0.8819212616797238 0
    outer loop
      vertex 24.75468749552965 0.7356042712926865 0
      vertex 24.437816336750984 0.5662331059575081 2
      vertex 24.437816336750984 0.5662331059575081 0
    endloop
  endfacet
  facet normal 0.47139674181865526 -0.8819212616797238 0
    outer loop
      vertex 24.75468749552965 0.7356042712926865 0
      vertex 24.75468749552965 0.7356042712926865 2
      vertex 24.437816336750984 0.5662331059575081 2
    endloop
  endfacet
  facet normal 0.5280678370230217 -0.8492021900006071 0
    outer loop
      vertex 25.059802807867527 0.9253371581435204 0
      vertex 24.75468749552965 0.7356042712926865 2
      vertex 24.75468749552965 0.7356042712926865 0
    endloop
  endfacet
  facet normal 0.5280678370230217 -0.8492021900006071 0
    outer loop
      vertex 25.059802807867527 0.9253371581435204 0
      vertex 25.059802807867527 0.9253371581435204 2
      vertex 24.75468749552965 0.7356042712926865 2
    endloop
  endfacet
  facet normal 0.5824777048261143 -0.8128466788887693 0
    outer loop
      vertex 25.351855717599392 1.1346193179488182 0
      vertex 25.059802807867527 0.9253371581435204 2
      vertex 25.059802807867527 0.9253371581435204 0
    endloop
  endfacet
  facet normal 0.5824777048261143 -0.8128466788887693 0
    outer loop
      vertex 25.351855717599392 1.1346193179488182 0
      vertex 25.351855717599392 1.1346193179488182 2
      vertex 25.059802807867527 0.9253371581435204 2
    endloop
  endfacet
  facet normal 0.6343932783991737 -0.7730104580935165 0
    outer loop
      vertex 25.62959561496973 1.362554557621479 0
      vertex 25.351855717599392 1.1346193179488182 2
      vertex 25.351855717599392 1.1346193179488182 0
    endloop
  endfacet
  facet normal 0.6343932783991737 -0.7730104580935165 0
    outer loop
      vertex 25.62959561496973 1.362554557621479 0
      vertex 25.62959561496973 1.362554557621479 2
      vertex 25.351855717599392 1.1346193179488182 2
    endloop
  endfacet
  facet normal 0.6835922974282292 -0.7298640770011876 0
    outer loop
      vertex 25.891833171248436 1.608166828751564 0
      vertex 25.62959561496973 1.362554557621479 2
      vertex 25.62959561496973 1.362554557621479 0
    endloop
  endfacet
  facet normal 0.6835922974282292 -0.7298640770011876 0
    outer loop
      vertex 25.891833171248436 1.608166828751564 0
      vertex 25.891833171248436 1.608166828751564 2
      vertex 25.62959561496973 1.362554557621479 2
    endloop
  endfacet
  facet normal 0.7298640770011876 -0.6835922974282292 0
    outer loop
      vertex 26.13744544237852 1.8704043850302696 0
      vertex 25.891833171248436 1.608166828751564 2
      vertex 25.891833171248436 1.608166828751564 0
    endloop
  endfacet
  facet normal 0.7298640770011876 -0.6835922974282292 0
    outer loop
      vertex 26.13744544237852 1.8704043850302696 0
      vertex 26.13744544237852 1.8704043850302696 2
      vertex 25.891833171248436 1.608166828751564 2
    endloop
  endfacet
  facet normal 0.7730104580935165 -0.6343932783991737 0
    outer loop
      vertex 26.365380682051182 2.148144282400608 0
      vertex 26.13744544237852 1.8704043850302696 2
      vertex 26.13744544237852 1.8704043850302696 0
    endloop
  endfacet
  facet normal 0.7730104580935165 -0.6343932783991737 0
    outer loop
      vertex 26.365380682051182 2.148144282400608 0
      vertex 26.365380682051182 2.148144282400608 2
      vertex 26.13744544237852 1.8704043850302696 2
    endloop
  endfacet
  facet normal 0.8128466788887693 -0.5824777048261143 0
    outer loop
      vertex 26.57466284185648 2.440197192132473 0
      vertex 26.365380682051182 2.148144282400608 2
      vertex 26.365380682051182 2.148144282400608 0
    endloop
  endfacet
  facet normal 0.8128466788887693 -0.5824777048261143 0
    outer loop
      vertex 26.57466284185648 2.440197192132473 0
      vertex 26.57466284185648 2.440197192132473 2
      vertex 26.365380682051182 2.148144282400608 2
    endloop
  endfacet
  facet normal 0.8492021900006071 -0.5280678370230217 0
    outer loop
      vertex 26.764395728707314 2.7453125044703484 0
      vertex 26.57466284185648 2.440197192132473 2
      vertex 26.57466284185648 2.440197192132473 0
    endloop
  endfacet
  facet normal 0.8492021900006071 -0.5280678370230217 0
    outer loop
      vertex 26.764395728707314 2.7453125044703484 0
      vertex 26.764395728707314 2.7453125044703484 2
      vertex 26.57466284185648 2.440197192132473 2
    endloop
  endfacet
  facet normal 0.8819212616797238 -0.47139674181865526 0
    outer loop
      vertex 26.933766894042492 3.062183663249016 0
      vertex 26.764395728707314 2.7453125044703484 2
      vertex 26.764395728707314 2.7453125044703484 0
    endloop
  endfacet
  facet normal 0.8819212616797238 -0.47139674181865526 0
    outer loop
      vertex 26.933766894042492 3.062183663249016 0
      vertex 26.933766894042492 3.062183663249016 2
      vertex 26.764395728707314 2.7453125044703484 2
    endloop
  endfacet
  facet normal 0.910863827835955 -0.4127070233713402 0
    outer loop
      vertex 27.082051053643227 3.3894537836313248 0
      vertex 26.933766894042492 3.062183663249016 2
      vertex 26.933766894042492 3.062183663249016 0
    endloop
  endfacet
  facet normal 0.910863827835955 -0.4127070233713402 0
    outer loop
      vertex 27.082051053643227 3.3894537836313248 0
      vertex 27.082051053643227 3.3894537836313248 2
      vertex 26.933766894042492 3.062183663249016 2
    endloop
  endfacet
  facet normal 0.9359059231092143 -0.35225005761403294 0
    outer loop
      vertex 27.208613239228725 3.7257214337587357 0
      vertex 27.082051053643227 3.3894537836313248 2
      vertex 27.082051053643227 3.3894537836313248 0
    endloop
  endfacet
  facet normal 0.9359059231092143 -0.35225005761403294 0
    outer loop
      vertex 27.208613239228725 3.7257214337587357 0
      vertex 27.208613239228725 3.7257214337587357 2
      vertex 27.082051053643227 3.3894537836313248 2
    endloop
  endfacet
  facet normal 0.9569403362757265 -0.29028467546272485 0
    outer loop
      vertex 27.312911488115788 4.069546684622765 0
      vertex 27.208613239228725 3.7257214337587357 2
      vertex 27.208613239228725 3.7257214337587357 0
    endloop
  endfacet
  facet normal 0.9569403362757265 -0.29028467546272485 0
    outer loop
      vertex 27.312911488115788 4.069546684622765 0
      vertex 27.312911488115788 4.069546684622765 2
      vertex 27.208613239228725 3.7257214337587357 2
    endloop
  endfacet
  facet normal 0.9738769811663265 -0.22707625493292483 0
    outer loop
      vertex 27.39449917525053 4.419457204639912 0
      vertex 27.312911488115788 4.069546684622765 2
      vertex 27.312911488115788 4.069546684622765 0
    endloop
  endfacet
  facet normal 0.9738769811663265 -0.22707625493292483 0
    outer loop
      vertex 27.39449917525053 4.419457204639912 0
      vertex 27.39449917525053 4.419457204639912 2
      vertex 27.312911488115788 4.069546684622765 2
    endloop
  endfacet
  facet normal 0.9866433294565738 -0.1628954893139982 0
    outer loop
      vertex 27.453026942908764 4.773954629898071 0
      vertex 27.39449917525053 4.419457204639912 2
      vertex 27.39449917525053 4.419457204639912 0
    endloop
  endfacet
  facet normal 0.9866433294565738 -0.1628954893139982 0
    outer loop
      vertex 27.453026942908764 4.773954629898071 0
      vertex 27.453026942908764 4.773954629898071 2
      vertex 27.39449917525053 4.419457204639912 2
    endloop
  endfacet
  facet normal 0.9951847279367603 -0.09801712749023225 0
    outer loop
      vertex 27.488244146108627 5.131520941853523 0
      vertex 27.453026942908764 4.773954629898071 2
      vertex 27.453026942908764 4.773954629898071 0
    endloop
  endfacet
  facet normal 0.9951847279367603 -0.09801712749023225 0
    outer loop
      vertex 27.488244146108627 5.131520941853523 0
      vertex 27.488244146108627 5.131520941853523 2
      vertex 27.453026942908764 4.773954629898071 2
    endloop
  endfacet
  facet normal 0.9994645870947071 -0.03271909448023744 0
    outer loop
      vertex 27.5 5.490625001490116 0
      vertex 27.488244146108627 5.131520941853523 2
      vertex 27.488244146108627 5.131520941853523 0
    endloop
  endfacet
  facet normal 0.9994645870947071 -0.03271909448023744 0
    outer loop
      vertex 27.5 5.490625001490116 0
      vertex 27.5 5.490625001490116 2
      vertex 27.488244146108627 5.131520941853523 2
    endloop
  endfacet
  facet normal 1 0 0
    outer loop
      vertex 27.5 9.509374998509884 0
      vertex 27.5 5.490625001490116 2
      vertex 27.5 5.490625001490116 0
    endloop
  endfacet
  facet normal 1 0 0
    outer loop
      vertex 27.5 9.509374998509884 0
      vertex 27.5 9.509374998509884 2
      vertex 27.5 5.490625001490116 2
    endloop
  endfacet
  facet normal 0.9994645870947071 0.03271909448023744 0
    outer loop
      vertex 27.488244146108627 9.868479058146477 0
      vertex 27.5 9.509374998509884 2
      vertex 27.5 9.509374998509884 0
    endloop
  endfacet
  facet normal 0.9994645870947071 0.03271909448023744 0
    outer loop
      vertex 27.488244146108627 9.868479058146477 0
      vertex 27.488244146108627 9.868479058146477 2
      vertex 27.5 9.509374998509884 2
    endloop
  endfacet
  facet normal 0.9951847279367603 0.09801712749023225 0
    outer loop
      vertex 27.453026942908764 10.226045370101929 0
      vertex 27.488244146108627 9.868479058146477 2
      vertex 27.488244146108627 9.868479058146477 0
    endloop
  endfacet
  facet normal 0.9951847279367603 0.09801712749023225 0
    outer loop
      vertex 27.453026942908764 10.226045370101929 0
      vertex 27.453026942908764 10.226045370101929 2
      vertex 27.488244146108627 9.868479058146477 2
    endloop
  endfacet
  facet normal 0.9866433294565738 0.1628954893139982 0
    outer loop
      vertex 27.39449917525053 10.580542795360088 0
      vertex 27.453026942908764 10.226045370101929 2
      vertex 27.453026942908764 10.226045370101929 0
    endloop
  endfacet
  facet normal 0.9866433294565738 0.1628954893139982 0
    outer loop
      vertex 27.39449917525053 10.580542795360088 0
      vertex 27.39449917525053 10.580542795360088 2
      vertex 27.453026942908764 10.226045370101929 2
    endloop
  endfacet
  facet normal 0.9738769811663265 0.22707625493292483 0
    outer loop
      vertex 27.312911488115788 10.930453315377235 0
      vertex 27.39449917525053 10.580542795360088 2
      vertex 27.39449917525053 10.580542795360088 0
    endloop
  endfacet
  facet normal 0.9738769811663265 0.22707625493292483 0
    outer loop
      vertex 27.312911488115788 10.930453315377235 0
      vertex 27.312911488115788 10.930453315377235 2
      vertex 27.39449917525053 10.580542795360088 2
    endloop
  endfacet
  facet normal 0.9569403362757265 0.29028467546272485 0
    outer loop
      vertex 27.208613239228725 11.274278566241264 0
      vertex 27.312911488115788 10.930453315377235 2
      vertex 27.312911488115788 10.930453315377235 0
    endloop
  endfacet
  facet normal 0.9569403362757265 0.29028467546272485 0
    outer loop
      vertex 27.208613239228725 11.274278566241264 0
      vertex 27.208613239228725 11.274278566241264 2
      vertex 27.312911488115788 10.930453315377235 2
    endloop
  endfacet
  facet normal 0.9359059231092143 0.35225005761403294 0
    outer loop
      vertex 27.082051053643227 11.610546216368675 0
      vertex 27.208613239228725 11.274278566241264 2
      vertex 27.208613239228725 11.274278566241264 0
    endloop
  endfacet
  facet normal 0.9359059231092143 0.35225005761403294 0
    outer loop
      vertex 27.082051053643227 11.610546216368675 0
      vertex 27.082051053643227 11.610546216368675 2
      vertex 27.208613239228725 11.274278566241264 2
    endloop
  endfacet
  facet normal 0.910863827835955 0.4127070233713402 0
    outer loop
      vertex 26.933766894042492 11.937816336750984 0
      vertex 27.082051053643227 11.610546216368675 2
      vertex 27.082051053643227 11.610546216368675 0
    endloop
  endfacet
  facet normal 0.910863827835955 0.4127070233713402 0
    outer loop
      vertex 26.933766894042492 11.937816336750984 0
      vertex 26.933766894042492 11.937816336750984 2
      vertex 27.082051053643227 11.610546216368675 2
    endloop
  endfacet
  facet normal 0.8819212616797238 0.47139674181865526 0
    outer loop
      vertex 26.764395728707314 12.254687495529652 0
      vertex 26.933766894042492 11.937816336750984 2
      vertex 26.933766894042492 11.937816336750984 0
    endloop
  endfacet
  facet normal 0.8819212616797238 0.47139674181865526 0
    outer loop
      vertex 26.764395728707314 12.254687495529652 0
      vertex 26.764395728707314 12.254687495529652 2
      vertex 26.933766894042492 11.937816336750984 2
    endloop
  endfacet
  facet normal 0.8492021900006071 0.5280678370230217 0
    outer loop
      vertex 26.57466284185648 12.559802807867527 0
      vertex 26.764395728707314 12.254687495529652 2
      vertex 26.764395728707314 12.254687495529652 0
    endloop
  endfacet
  facet normal 0.8492021900006071 0.5280678370230217 0
    outer loop
      vertex 26.57466284185648 12.559802807867527 0
      vertex 26.57466284185648 12.559802807867527 2
      vertex 26.764395728707314 12.254687495529652 2
    endloop
  endfacet
  facet normal 0.8128466788887693 0.5824777048261143 0
    outer loop
      vertex 26.365380682051182 12.851855717599392 0
      vertex 26.57466284185648 12.559802807867527 2
      vertex 26.57466284185648 12.559802807867527 0
    endloop
  endfacet
  facet normal 0.8128466788887693 0.5824777048261143 0
    outer loop
      vertex 26.365380682051182 12.851855717599392 0
      vertex 26.365380682051182 12.851855717599392 2
      vertex 26.57466284185648 12.559802807867527 2
    endloop
  endfacet
  facet normal 0.7730104580935165 0.6343932783991737 0
    outer loop
      vertex 26.13744544237852 13.12959561496973 0
      vertex 26.365380682051182 12.851855717599392 2
      vertex 26.365380682051182 12.851855717599392 0
    endloop
  endfacet
  facet normal 0.7730104580935165 0.6343932783991737 0
    outer loop
      vertex 26.13744544237852 13.12959561496973 0
      vertex 26.13744544237852 13.12959561496973 2
      vertex 26.365380682051182 12.851855717599392 2
    endloop
  endfacet
  facet normal 0.7298640770011876 0.6835922974282292 0
    outer loop
      vertex 25.891833171248436 13.391833171248436 0
      vertex 26.13744544237852 13.12959561496973 2
      vertex 26.13744544237852 13.12959561496973 0
    endloop
  endfacet
  facet normal 0.7298640770011876 0.6835922974282292 0
    outer loop
      vertex 25.891833171248436 13.391833171248436 0
      vertex 25.891833171248436 13.391833171248436 2
      vertex 26.13744544237852 13.12959561496973 2
    endloop
  endfacet
  facet normal 0.6835922974282292 0.7298640770011876 0
    outer loop
      vertex 25.62959561496973 13.637445442378521 0
      vertex 25.891833171248436 13.391833171248436 2
      vertex 25.891833171248436 13.391833171248436 0
    endloop
  endfacet
  facet normal 0.6835922974282292 0.7298640770011876 0
    outer loop
      vertex 25.62959561496973 13.637445442378521 0
      vertex 25.62959561496973 13.637445442378521 2
      vertex 25.891833171248436 13.391833171248436 2
    endloop
  endfacet
  facet normal 0.6343932783991737 0.7730104580935165 0
    outer loop
      vertex 25.351855717599392 13.865380682051182 0
      vertex 25.62959561496973 13.637445442378521 2
      vertex 25.62959561496973 13.637445442378521 0
    endloop
  endfacet
  facet normal 0.6343932783991737 0.7730104580935165 0
    outer loop
      vertex 25.351855717599392 13.865380682051182 0
      vertex 25.351855717599392 13.865380682051182 2
      vertex 25.62959561496973 13.637445442378521 2
    endloop
  endfacet
  facet normal 0.5824777048261143 0.8128466788887693 0
    outer loop
      vertex 25.059802807867527 14.07466284185648 0
      vertex 25.351855717599392 13.865380682051182 2
      vertex 25.351855717599392 13.865380682051182 0
    endloop
  endfacet
  facet normal 0.5824777048261143 0.8128466788887693 0
    outer loop
      vertex 25.059802807867527 14.07466284185648 0
      vertex 25.059802807867527 14.07466284185648 2
      vertex 25.351855717599392 13.865380682051182 2
    endloop
  endfacet
  facet normal 0.5280678370230217 0.8492021900006071 0
    outer loop
      vertex 24.75468749552965 14.264395728707314 0
      vertex 25.059802807867527 14.07466284185648 2
      vertex 25.059802807867527 14.07466284185648 0
    endloop
  endfacet
  facet normal 0.5280678370230217 0.8492021900006071 0
    outer loop
      vertex 24.75468749552965 14.264395728707314 0
      vertex 24.75468749552965 14.264395728707314 2
      vertex 25.059802807867527 14.07466284185648 2
    endloop
  endfacet
  facet normal 0.47139674181865526 0.8819212616797238 0
    outer loop
      vertex 24.437816336750984 14.433766894042492 0
      vertex 24.75468749552965 14.264395728707314 2
      vertex 24.75468749552965 14.264395728707314 0
    endloop
  endfacet
  facet normal 0.47139674181865526 0.8819212616797238 0
    outer loop
      vertex 24.437816336750984 14.433766894042492 0
      vertex 24.437816336750984 14.433766894042492 2
      vertex 24.75468749552965 14.264395728707314 2
    endloop
  endfacet
  facet normal 0.4127070233713402 0.910863827835955 0
    outer loop
      vertex 24.110546216368675 14.582051053643227 0
      vertex 24.437816336750984 14.433766894042492 2
      vertex 24.437816336750984 14.433766894042492 0
    endloop
  endfacet
  facet normal 0.4127070233713402 0.910863827835955 0
    outer loop
      vertex 24.110546216368675 14.582051053643227 0
      vertex 24.110546216368675 14.582051053643227 2
      vertex 24.437816336750984 14.433766894042492 2
    endloop
  endfacet
  facet normal 0.35225005761403294 0.9359059231092143 0
    outer loop
      vertex 23.774278566241264 14.708613239228725 0
      vertex 24.110546216368675 14.582051053643227 2
      vertex 24.110546216368675 14.582051053643227 0
    endloop
  endfacet
  facet normal 0.35225005761403294 0.9359059231092143 0
    outer loop
      vertex 23.774278566241264 14.708613239228725 0
      vertex 23.774278566241264 14.708613239228725 2
      vertex 24.110546216368675 14.582051053643227 2
    endloop
  endfacet
  facet normal 0.29028467546272485 0.9569403362757265 0
    outer loop
      vertex 23.430453315377235 14.812911488115788 0
      vertex 23.774278566241264 14.708613239228725 2
      vertex 23.774278566241264 14.708613239228725 0
    endloop
  endfacet
  facet normal 0.29028467546272485 0.9569403362757265 0
    outer loop
      vertex 23.430453315377235 14.812911488115788 0
      vertex 23.430453315377235 14.812911488115788 2
      vertex 23.774278566241264 14.708613239228725 2
    endloop
  endfacet
  facet normal 0.22707625493292483 0.9738769811663265 0
    outer loop
      vertex 23.08054279536009 14.89449917525053 0
      vertex 23.430453315377235 14.812911488115788 2
      vertex 23.430453315377235 14.812911488115788 0
    endloop
  endfacet
  facet normal 0.22707625493292483 0.9738769811663265 0
    outer loop
      vertex 23.08054279536009 14.89449917525053 0
      vertex 23.08054279536009 14.89449917525053 2
      vertex 23.430453315377235 14.812911488115788 2
    endloop
  endfacet
  facet normal 0.1628954893139982 0.9866433294565738 0
    outer loop
      vertex 22.72604537010193 14.953026942908764 0
      vertex 23.08054279536009 14.89449917525053 2
      vertex 23.08054279536009 14.89449917525053 0
    endloop
  endfacet
  facet normal 0.1628954893139982 0.9866433294565738 0
    outer loop
      vertex 22.72604537010193 14.953026942908764 0
      vertex 22.72604537010193 14.953026942908764 2
      vertex 23.08054279536009 14.89449917525053 2
    endloop
  endfacet
  facet normal 0.09801712749023225 0.9951847279367603 0
    outer loop
      vertex 22.368479058146477 14.988244146108627 0
      vertex 22.72604537010193 14.953026942908764 2
      vertex 22.72604537010193 14.953026942908764 0
    endloop
  endfacet
  facet normal 0.09801712749023225 0.9951847279367603 0
    outer loop
      vertex 22.368479058146477 14.988244146108627 0
      vertex 22.368479058146477 14.988244146108627 2
      vertex 22.72604537010193 14.953026942908764 2
    endloop
  endfacet
  facet normal 0.03271909448023744 0.9994645870947071 0
    outer loop
      vertex 22.009374998509884 15 0
      vertex 22.368479058146477 14.988244146108627 2
      vertex 22.368479058146477 14.988244146108627 0
    endloop
  endfacet
  facet normal 0.03271909448023744 0.9994645870947071 0
    outer loop
      vertex 22.009374998509884 15 0
      vertex 22.009374998509884 15 2
      vertex 22.368479058146477 14.988244146108627 2
    endloop
  endfacet
  facet normal 0 1 0
    outer loop
      vertex 17.990625001490116 15 0
      vertex 22.009374998509884 15 2
      vertex 22.009374998509884 15 0
    endloop
  endfacet
  facet normal 0 1 0
    outer loop
      vertex 17.990625001490116 15 0
      vertex 17.990625001490116 15 2
      vertex 22.009374998509884 15 2
    endloop
  endfacet
  facet normal -0.03271909448023744 0.9994645870947071 0
    outer loop
      vertex 17.631520941853523 14.988244146108627 0
      vertex 17.990625001490116 15 2
      vertex 17.990625001490116 15 0
    endloop
  endfacet
  facet normal -0.03271909448023744 0.9994645870947071 0
    outer loop
      vertex 17.631520941853523 14.988244146108627 0
      vertex 17.631520941853523 14.988244146108627 2
      vertex 17.990625001490116 15 2
    endloop
  endfacet
  facet normal -0.09801712749023225 0.9951847279367603 0
    outer loop
      vertex 17.27395462989807 14.953026942908764 0
      vertex 17.631520941853523 14.988244146108627 2
      vertex 17.631520941853523 14.988244146108627 0
    endloop
  endfacet
  facet normal -0.09801712749023225 0.9951847279367603 0
    outer loop
      vertex 17.27395462989807 14.953026942908764 0
      vertex 17.27395462989807 14.953026942908764 2
      vertex 17.631520941853523 14.988244146108627 2
    endloop
  endfacet
  facet normal -0.1628954893139982 0.9866433294565738 0
    outer loop
      vertex 16.91945720463991 14.89449917525053 0
      vertex 17.27395462989807 14.953026942908764 2
      vertex 17.27395462989807 14.953026942908764 0
    endloop
  endfacet
  facet normal -0.1628954893139982 0.9866433294565738 0
    outer loop
      vertex 16.91945720463991 14.89449917525053 0
      vertex 16.91945720463991 14.89449917525053 2
      vertex 17.27395462989807 14.953026942908764 2
    endloop
  endfacet
  facet normal -0.22707625493292483 0.9738769811663265 0
    outer loop
      vertex 16.569546684622765 14.812911488115788 0
      vertex 16.91945720463991 14.89449917525053 2
      vertex 16.91945720463991 14.89449917525053 0
    endloop
  endfacet
  facet normal -0.22707625493292483 0.9738769811663265 0
    outer loop
      vertex 16.569546684622765 14.812911488115788 0
      vertex 16.569546684622765 14.812911488115788 2
      vertex 16.91945720463991 14.89449917525053 2
    endloop
  endfacet
  facet normal -0.29028467546272485 0.9569403362757265 0
    outer loop
      vertex 16.225721433758736 14.708613239228725 0
      vertex 16.569546684622765 14.812911488115788 2
      vertex 16.569546684622765 14.812911488115788 0
    endloop
  endfacet
  facet normal -0.29028467546272485 0.9569403362757265 0
    outer loop
      vertex 16.225721433758736 14.708613239228725 0
      vertex 16.225721433758736 14.708613239228725 2
      vertex 16.569546684622765 14.812911488115788 2
    endloop
  endfacet
  facet normal -0.35225005761403294 0.9359059231092143 0
    outer loop
      vertex 15.889453783631325 14.582051053643227 0
      vertex 16.225721433758736 14.708613239228725 2
      vertex 16.225721433758736 14.708613239228725 0
    endloop
  endfacet
  facet normal -0.35225005761403294 0.9359059231092143 0
    outer loop
      vertex 15.889453783631325 14.582051053643227 0
      vertex 15.889453783631325 14.582051053643227 2
      vertex 16.225721433758736 14.708613239228725 2
    endloop
  endfacet
  facet normal -0.4127070233713402 0.910863827835955 0
    outer loop
      vertex 15.562183663249016 14.433766894042492 0
      vertex 15.889453783631325 14.582051053643227 2
      vertex 15.889453783631325 14.582051053643227 0
    endloop
  endfacet
  facet normal -0.4127070233713402 0.910863827835955 0
    outer loop
      vertex 15.562183663249016 14.433766894042492 0
      vertex 15.562183663249016 14.433766894042492 2
      vertex 15.889453783631325 14.582051053643227 2
    endloop
  endfacet
  facet normal -0.47139674181865526 0.8819212616797238 0
    outer loop
      vertex 15.245312504470348 14.264395728707314 0
      vertex 15.562183663249016 14.433766894042492 2
      vertex 15.562183663249016 14.433766894042492 0
    endloop
  endfacet
  facet normal -0.47139674181865526 0.8819212616797238 0
    outer loop
      vertex 15.245312504470348 14.264395728707314 0
      vertex 15.245312504470348 14.264395728707314 2
      vertex 15.562183663249016 14.433766894042492 2
    endloop
  endfacet
  facet normal -0.5280678370230217 0.8492021900006071 0
    outer loop
      vertex 14.940197192132473 14.07466284185648 0
      vertex 15.245312504470348 14.264395728707314 2
      vertex 15.245312504470348 14.264395728707314 0
    endloop
  endfacet
  facet normal -0.5280678370230217 0.8492021900006071 0
    outer loop
      vertex 14.940197192132473 14.07466284185648 0
      vertex 14.940197192132473 14.07466284185648 2
      vertex 15.245312504470348 14.264395728707314 2
    endloop
  endfacet
  facet normal -0.5824777048261143 0.8128466788887693 0
    outer loop
      vertex 14.648144282400608 13.865380682051182 0
      vertex 14.940197192132473 14.07466284185648 2
      vertex 14.940197192132473 14.07466284185648 0
    endloop
  endfacet
  facet normal -0.5824777048261143 0.8128466788887693 0
    outer loop
      vertex 14.648144282400608 13.865380682051182 0
      vertex 14.648144282400608 13.865380682051182 2
      vertex 14.940197192132473 14.07466284185648 2
    endloop
  endfacet
  facet normal -0.6343932783991737 0.7730104580935165 0
    outer loop
      vertex 14.37040438503027 13.637445442378521 0
      vertex 14.648144282400608 13.865380682051182 2
      vertex 14.648144282400608 13.865380682051182 0
    endloop
  endfacet
  facet normal -0.6343932783991737 0.7730104580935165 0
    outer loop
      vertex 14.37040438503027 13.637445442378521 0
      vertex 14.37040438503027 13.637445442378521 2
      vertex 14.648144282400608 13.865380682051182 2
    endloop
  endfacet
  facet normal -0.6835922974282292 0.7298640770011876 0
    outer loop
      vertex 14.108166828751564 13.391833171248436 0
      vertex 14.37040438503027 13.637445442378521 2
      vertex 14.37040438503027 13.637445442378521 0
    endloop
  endfacet
  facet normal -0.6835922974282292 0.7298640770011876 0
    outer loop
      vertex 14.108166828751564 13.391833171248436 0
      vertex 14.108166828751564 13.391833171248436 2
      vertex 14.37040438503027 13.637445442378521 2
    endloop
  endfacet
  facet normal -0.7298640770011876 0.6835922974282292 0
    outer loop
      vertex 13.862554557621479 13.12959561496973 0
      vertex 14.108166828751564 13.391833171248436 2
      vertex 14.108166828751564 13.391833171248436 0
    endloop
  endfacet
  facet normal -0.7298640770011876 0.6835922974282292 0
    outer loop
      vertex 13.862554557621479 13.12959561496973 0
      vertex 13.862554557621479 13.12959561496973 2
      vertex 14.108166828751564 13.391833171248436 2
    endloop
  endfacet
  facet normal -0.7730104580935165 0.6343932783991737 0
    outer loop
      vertex 13.634619317948818 12.851855717599392 0
      vertex 13.862554557621479 13.12959561496973 2
      vertex 13.862554557621479 13.12959561496973 0
    endloop
  endfacet
  facet normal -0.7730104580935165 0.6343932783991737 0
    outer loop
      vertex 13.634619317948818 12.851855717599392 0
      vertex 13.634619317948818 12.851855717599392 2
      vertex 13.862554557621479 13.12959561496973 2
    endloop
  endfacet
  facet normal -0.8128466788887693 0.5824777048261143 0
    outer loop
      vertex 13.42533715814352 12.559802807867527 0
      vertex 13.634619317948818 12.851855717599392 2
      vertex 13.634619317948818 12.851855717599392 0
    endloop
  endfacet
  facet normal -0.8128466788887693 0.5824777048261143 0
    outer loop
      vertex 13.42533715814352 12.559802807867527 0
      vertex 13.42533715814352 12.559802807867527 2
      vertex 13.634619317948818 12.851855717599392 2
    endloop
  endfacet
  facet normal -0.8492021900006071 0.5280678370230217 0
    outer loop
      vertex 13.235604271292686 12.254687495529652 0
      vertex 13.42533715814352 12.559802807867527 2
      vertex 13.42533715814352 12.559802807867527 0
    endloop
  endfacet
  facet normal -0.8492021900006071 0.5280678370230217 0
    outer loop
      vertex 13.235604271292686 12.254687495529652 0
      vertex 13.235604271292686 12.254687495529652 2
      vertex 13.42533715814352 12.559802807867527 2
    endloop
  endfacet
  facet normal -0.8819212616797238 0.47139674181865526 0
    outer loop
      vertex 13.066233105957508 11.937816336750984 0
      vertex 13.235604271292686 12.254687495529652 2
      vertex 13.235604271292686 12.254687495529652 0
    endloop
  endfacet
  facet normal -0.8819212616797238 0.47139674181865526 0
    outer loop
      vertex 13.066233105957508 11.937816336750984 0
      vertex 13.066233105957508 11.937816336750984 2
      vertex 13.235604271292686 12.254687495529652 2
    endloop
  endfacet
  facet normal -0.910863827835955 0.4127070233713402 0
    outer loop
      vertex 12.917948946356773 11.610546216368675 0
      vertex 13.066233105957508 11.937816336750984 2
      vertex 13.066233105957508 11.937816336750984 0
    endloop
  endfacet
  facet normal -0.910863827835955 0.4127070233713402 0
    outer loop
      vertex 12.917948946356773 11.610546216368675 0
      vertex 12.917948946356773 11.610546216368675 2
      vertex 13.066233105957508 11.937816336750984 2
    endloop
  endfacet
  facet normal -0.9359059231092143 0.35225005761403294 0
    outer loop
      vertex 12.791386760771275 11.274278566241264 0
      vertex 12.917948946356773 11.610546216368675 2
      vertex 12.917948946356773 11.610546216368675 0
    endloop
  endfacet
  facet normal -0.9359059231092143 0.35225005761403294 0
    outer loop
      vertex 12.791386760771275 11.274278566241264 0
      vertex 12.791386760771275 11.274278566241264 2
      vertex 12.917948946356773 11.610546216368675 2
    endloop
  endfacet
  facet normal -0.9569403362757265 0.29028467546272485 0
    outer loop
      vertex 12.687088511884212 10.930453315377235 0
      vertex 12.791386760771275 11.274278566241264 2
      vertex 12.791386760771275 11.274278566241264 0
    endloop
  endfacet
  facet normal -0.9569403362757265 0.29028467546272485 0
    outer loop
      vertex 12.687088511884212 10.930453315377235 0
      vertex 12.687088511884212 10.930453315377235 2
      vertex 12.791386760771275 11.274278566241264 2
    endloop
  endfacet
  facet normal -0.9738769811663265 0.22707625493292483 0
    outer loop
      vertex 12.60550082474947 10.580542795360088 0
      vertex 12.687088511884212 10.930453315377235 2
      vertex 12.687088511884212 10.930453315377235 0
    endloop
  endfacet
  facet normal -0.9738769811663265 0.22707625493292483 0
    outer loop
      vertex 12.60550082474947 10.580542795360088 0
      vertex 12.60550082474947 10.580542795360088 2
      vertex 12.687088511884212 10.930453315377235 2
    endloop
  endfacet
  facet normal -0.9866433294565738 0.1628954893139982 0
    outer loop
      vertex 12.546973057091236 10.226045370101929 0
      vertex 12.60550082474947 10.580542795360088 2
      vertex 12.60550082474947 10.580542795360088 0
    endloop
  endfacet
  facet normal -0.9866433294565738 0.1628954893139982 0
    outer loop
      vertex 12.546973057091236 10.226045370101929 0
      vertex 12.546973057091236 10.226045370101929 2
      vertex 12.60550082474947 10.580542795360088 2
    endloop
  endfacet
  facet normal -0.9951847279367603 0.09801712749023225 0
    outer loop
      vertex 12.511755853891373 9.868479058146477 0
      vertex 12.546973057091236 10.226045370101929 2
      vertex 12.546973057091236 10.226045370101929 0
    endloop
  endfacet
  facet normal -0.9951847279367603 0.09801712749023225 0
    outer loop
      vertex 12.511755853891373 9.868479058146477 0
      vertex 12.511755853891373 9.868479058146477 2
      vertex 12.546973057091236 10.226045370101929 2
    endloop
  endfacet
  facet normal -0.9994645870947071 0.03271909448023744 0
    outer loop
      vertex 12.5 9.509374998509884 0
      vertex 12.511755853891373 9.868479058146477 2
      vertex 12.511755853891373 9.868479058146477 0
    endloop
  endfacet
  facet normal -0.9994645870947071 0.03271909448023744 0
    outer loop
      vertex 12.5 9.509374998509884 0
      vertex 12.5 9.509374998509884 2
      vertex 12.511755853891373 9.868479058146477 2
    endloop
  endfacet
  facet normal -1 0 0
    outer loop
      vertex 12.5 5.490625001490116 0
      vertex 12.5 9.509374998509884 2
      vertex 12.5 9.509374998509884 0
    endloop
  endfacet
  facet normal -1 0 0
    outer loop
      vertex 12.5 5.490625001490116 0
      vertex 12.5 5.490625001490116 2
      vertex 12.5 9.509374998509884 2
    endloop
  endfacet
  facet normal -0.9994645870947071 -0.03271909448023744 0
    outer loop
      vertex 12.511755853891373 5.131520941853523 0
      vertex 12.5 5.490625001490116 2
      vertex 12.5 5.490625001490116 0
    endloop
  endfacet
  facet normal -0.9994645870947071 -0.03271909448023744 0
    outer loop
      vertex 12.511755853891373 5.131520941853523 0
      vertex 12.511755853891373 5.131520941853523 2
      vertex 12.5 5.490625001490116 2
    endloop
  endfacet
  facet normal -0.9951847279367603 -0.09801712749023225 0
    outer loop
      vertex 12.546973057091236 4.773954629898071 0
      vertex 12.511755853891373 5.131520941853523 2
      vertex 12.511755853891373 5.131520941853523 0
    endloop
  endfacet
  facet normal -0.9951847279367603 -0.09801712749023225 0
    outer loop
      vertex 12.546973057091236 4.773954629898071 0
      vertex 12.546973057091236 4.773954629898071 2
      vertex 12.511755853891373 5.131520941853523 2
    endloop
  endfacet
  facet normal -0.9866433294565738 -0.1628954893139982 0
    outer loop
      vertex 12.60550082474947 4.419457204639912 0
      vertex 12.546973057091236 4.773954629898071 2
      vertex 12.546973057091236 4.773954629898071 0
    endloop
  endfacet
  facet normal -0.9866433294565738 -0.1628954893139982 0
    outer loop
      vertex 12.60550082474947 4.419457204639912 0
      vertex 12.60550082474947 4.419457204639912 2
      vertex 12.546973057091236 4.773954629898071 2
    endloop
  endfacet
  facet normal -0.9738769811663265 -0.22707625493292483 0
    outer loop
      vertex 12.687088511884212 4.069546684622765 0
      vertex 12.60550082474947 4.419457204639912 2
      vertex 12.60550082474947 4.419457204639912 0
    endloop
  endfacet
  facet normal -0.9738769811663265 -0.22707625493292483 0
    outer loop
      vertex 12.687088511884212 4.069546684622765 0
      vertex 12.687088511884212 4.069546684622765 2
      vertex 12.60550082474947 4.419457204639912 2
    endloop
  endfacet
  facet normal -0.9569403362757265 -0.29028467546272485 0
    outer loop
      vertex 12.791386760771275 3.7257214337587357 0
      vertex 12.687088511884212 4.069546684622765 2
      vertex 12.687088511884212 4.069546684622765 0
    endloop
  endfacet
  facet normal -0.9569403362757265 -0.29028467546272485 0
    outer loop
      vertex 12.791386760771275 3.7257214337587357 0
      vertex 12.791386760771275 3.7257214337587357 2
      vertex 12.687088511884212 4.069546684622765 2
    endloop
  endfacet
  facet normal -0.9359059231092143 -0.35225005761403294 0
    outer loop
      vertex 12.917948946356773 3.3894537836313248 0
      vertex 12.791386760771275 3.7257214337587357 2
      vertex 12.791386760771275 3.7257214337587357 0
    endloop
  endfacet
  facet normal -0.9359059231092143 -0.35225005761403294 0
    outer loop
      vertex 12.917948946356773 3.3894537836313248 0
      vertex 12.917948946356773 3.3894537836313248 2
      vertex 12.791386760771275 3.7257214337587357 2
    endloop
  endfacet
  facet normal -0.910863827835955 -0.4127070233713402 0
    outer loop
      vertex 13.066233105957508 3.062183663249016 0
      vertex 12.917948946356773 3.3894537836313248 2
      vertex 12.917948946356773 3.3894537836313248 0
    endloop
  endfacet
  facet normal -0.910863827835955 -0.4127070233713402 0
    outer loop
      vertex 13.066233105957508 3.062183663249016 0
      vertex 13.066233105957508 3.062183663249016 2
      vertex 12.917948946356773 3.3894537836313248 2
    endloop
  endfacet
  facet normal -0.8819212616797238 -0.47139674181865526 0
    outer loop
      vertex 13.235604271292686 2.7453125044703484 0
      vertex 13.066233105957508 3.062183663249016 2
      vertex 13.066233105957508 3.062183663249016 0
    endloop
  endfacet
  facet normal -0.8819212616797238 -0.47139674181865526 0
    outer loop
      vertex 13.235604271292686 2.7453125044703484 0
      vertex 13.235604271292686 2.7453125044703484 2
      vertex 13.066233105957508 3.062183663249016 2
    endloop
  endfacet
  facet normal -0.8492021900006071 -0.5280678370230217 0
    outer loop
      vertex 13.42533715814352 2.440197192132473 0
      vertex 13.235604271292686 2.7453125044703484 2
      vertex 13.235604271292686 2.7453125044703484 0
    endloop
  endfacet
  facet normal -0.8492021900006071 -0.5280678370230217 0
    outer loop
      vertex 13.42533715814352 2.440197192132473 0
      vertex 13.42533715814352 2.440197192132473 2
      vertex 13.235604271292686 2.7453125044703484 2
    endloop
  endfacet
  facet normal -0.8128466788887693 -0.5824777048261143 0
    outer loop
      vertex 13.634619317948818 2.148144282400608 0
      vertex 13.42533715814352 2.440197192132473 2
      vertex 13.42533715814352 2.440197192132473 0
    endloop
  endfacet
  facet normal -0.8128466788887693 -0.5824777048261143 0
    outer loop
      vertex 13.634619317948818 2.148144282400608 0
      vertex 13.634619317948818 2.148144282400608 2
      vertex 13.42533715814352 2.440197192132473 2
    endloop
  endfacet
  facet normal -0.7730104580935165 -0.6343932783991737 0
    outer loop
      vertex 13.862554557621479 1.8704043850302696 0
      vertex 13.634619317948818 2.148144282400608 2
      vertex 13.634619317948818 2.148144282400608 0
    endloop
  endfacet
  facet normal -0.7730104580935165 -0.6343932783991737 0
    outer loop
      vertex 13.862554557621479 1.8704043850302696 0
      vertex 13.862554557621479 1.8704043850302696 2
      vertex 13.634619317948818 2.148144282400608 2
    endloop
  endfacet
  facet normal -0.7298640770011876 -0.6835922974282292 0
    outer loop
      vertex 14.108166828751564 1.608166828751564 0
      vertex 13.862554557621479 1.8704043850302696 2
      vertex 13.862554557621479 1.8704043850302696 0
    endloop
  endfacet
  facet normal -0.7298640770011876 -0.6835922974282292 0
    outer loop
      vertex 14.108166828751564 1.608166828751564 0
      vertex 14.108166828751564 1.608166828751564 2
      vertex 13.862554557621479 1.8704043850302696 2
    endloop
  endfacet
  facet normal -0.6835922974282292 -0.7298640770011876 0
    outer loop
      vertex 14.37040438503027 1.362554557621479 0
      vertex 14.108166828751564 1.608166828751564 2
      vertex 14.108166828751564 1.608166828751564 0
    endloop
  endfacet
  facet normal -0.6835922974282292 -0.7298640770011876 0
    outer loop
      vertex 14.37040438503027 1.362554557621479 0
      vertex 14.37040438503027 1.362554557621479 2
      vertex 14.108166828751564 1.608166828751564 2
    endloop
  endfacet
  facet normal -0.6343932783991737 -0.7730104580935165 0
    outer loop
      vertex 14.648144282400608 1.1346193179488182 0
      vertex 14.37040438503027 1.362554557621479 2
      vertex 14.37040438503027 1.362554557621479 0
    endloop
  endfacet
  facet normal -0.6343932783991737 -0.7730104580935165 0
    outer loop
      vertex 14.648144282400608 1.1346193179488182 0
      vertex 14.648144282400608 1.1346193179488182 2
      vertex 14.37040438503027 1.362554557621479 2
    endloop
  endfacet
  facet normal -0.5824777048261143 -0.8128466788887693 0
    outer loop
      vertex 14.940197192132473 0.9253371581435204 0
      vertex 14.648144282400608 1.1346193179488182 2
      vertex 14.648144282400608 1.1346193179488182 0
    endloop
  endfacet
  facet normal -0.5824777048261143 -0.8128466788887693 0
    outer loop
      vertex 14.940197192132473 0.9253371581435204 0
      vertex 14.940197192132473 0.9253371581435204 2
      vertex 14.648144282400608 1.1346193179488182 2
    endloop
  endfacet
  facet normal -0.5280678370230217 -0.8492021900006071 0
    outer loop
      vertex 15.245312504470348 0.7356042712926865 0
      vertex 14.940197192132473 0.9253371581435204 2
      vertex 14.940197192132473 0.9253371581435204 0
    endloop
  endfacet
  facet normal -0.5280678370230217 -0.8492021900006071 0
    outer loop
      vertex 15.245312504470348 0.7356042712926865 0
      vertex 15.245312504470348 0.7356042712926865 2
      vertex 14.940197192132473 0.9253371581435204 2
    endloop
  endfacet
  facet normal -0.47139674181865526 -0.8819212616797238 0
    outer loop
      vertex 15.562183663249016 0.5662331059575081 0
      vertex 15.245312504470348 0.7356042712926865 2
      vertex 15.245312504470348 0.7356042712926865 0
    endloop
  endfacet
  facet normal -0.47139674181865526 -0.8819212616797238 0
    outer loop
      vertex 15.562183663249016 0.5662331059575081 0
      vertex 15.562183663249016 0.5662331059575081 2
      vertex 15.245312504470348 0.7356042712926865 2
    endloop
  endfacet
  facet normal -0.4127070233713402 -0.910863827835955 0
    outer loop
      vertex 15.889453783631325 0.4179489463567734 0
      vertex 15.562183663249016 0.5662331059575081 2
      vertex 15.562183663249016 0.5662331059575081 0
    endloop
  endfacet
  facet normal -0.4127070233713402 -0.910863827835955 0
    outer loop
      vertex 15.889453783631325 0.4179489463567734 0
      vertex 15.889453783631325 0.4179489463567734 2
      vertex 15.562183663249016 0.5662331059575081 2
    endloop
  endfacet
  facet normal -0.35225005761403294 -0.9359059231092143 0
    outer loop
      vertex 16.225721433758736 0.29138676077127457 0
      vertex 15.889453783631325 0.4179489463567734 2
      vertex 15.889453783631325 0.4179489463567734 0
    endloop
  endfacet
  facet normal -0.35225005761403294 -0.9359059231092143 0
    outer loop
      vertex 16.225721433758736 0.29138676077127457 0
      vertex 16.225721433758736 0.29138676077127457 2
      vertex 15.889453783631325 0.4179489463567734 2
    endloop
  endfacet
  facet normal -0.29028467546272485 -0.9569403362757265 0
    outer loop
      vertex 16.569546684622765 0.1870885118842125 0
      vertex 16.225721433758736 0.29138676077127457 2
      vertex 16.225721433758736 0.29138676077127457 0
    endloop
  endfacet
  facet normal -0.29028467546272485 -0.9569403362757265 0
    outer loop
      vertex 16.569546684622765 0.1870885118842125 0
      vertex 16.569546684622765 0.1870885118842125 2
      vertex 16.225721433758736 0.29138676077127457 2
    endloop
  endfacet
  facet normal -0.22707625493292483 -0.9738769811663265 0
    outer loop
      vertex 16.91945720463991 0.10550082474946976 0
      vertex 16.569546684622765 0.1870885118842125 2
      vertex 16.569546684622765 0.1870885118842125 0
    endloop
  endfacet
  facet normal -0.22707625493292483 -0.9738769811663265 0
    outer loop
      vertex 16.91945720463991 0.10550082474946976 0
      vertex 16.91945720463991 0.10550082474946976 2
      vertex 16.569546684622765 0.1870885118842125 2
    endloop
  endfacet
  facet normal -0.1628954893139982 -0.9866433294565738 0
    outer loop
      vertex 17.27395462989807 0.046973057091236115 0
      vertex 16.91945720463991 0.10550082474946976 2
      vertex 16.91945720463991 0.10550082474946976 0
    endloop
  endfacet
  facet normal -0.1628954893139982 -0.9866433294565738 0
    outer loop
      vertex 17.27395462989807 0.046973057091236115 0
      vertex 17.27395462989807 0.046973057091236115 2
      vertex 16.91945720463991 0.10550082474946976 2
    endloop
  endfacet
  facet normal -0.09801712749023225 -0.9951847279367603 0
    outer loop
      vertex 17.631520941853523 0.01175585389137268 0
      vertex 17.27395462989807 0.046973057091236115 2
      vertex 17.27395462989807 0.046973057091236115 0
    endloop
  endfacet
  facet normal -0.09801712749023225 -0.9951847279367603 0
    outer loop
      vertex 17.631520941853523 0.01175585389137268 0
      vertex 17.631520941853523 0.01175585389137268 2
      vertex 17.27395462989807 0.046973057091236115 2
    endloop
  endfacet
  facet normal -0.03271909448023744 -0.9994645870947071 0
    outer loop
      vertex 17.990625001490116 0 0
      vertex 17.631520941853523 0.01175585389137268 2
      vertex 17.631520941853523 0.01175585389137268 0
    endloop
  endfacet
  facet normal -0.03271909448023744 -0.9994645870947071 0
    outer loop
      vertex 17.990625001490116 0 0
      vertex 17.990625001490116 0 2
      vertex 17.631520941853523 0.01175585389137268 2
    endloop
  endfacet
  facet normal 0 1 0
    outer loop
      vertex 2.509374998509884 0 0
      vertex 17.990625001490116 0 2
      vertex 17.990625001490116 0 0
    endloop
  endfacet
  facet normal 0 1 0
    outer loop
      vertex 2.509374998509884 0 0
      vertex 2.509374998509884 0 2
      vertex 17.990625001490116 0 2
    endloop
  endfacet
  facet normal 0.03271907830215356 -0.9994645876243228 0
    outer loop
      vertex 2.8357774913311005 0.010685309767723083 0
      vertex 2.509374998509884 0 2
      vertex 2.509374998509884 0 0
    endloop
  endfacet
  facet normal 0.03271907830215356 -0.9994645876243228 0
    outer loop
      vertex 2.8357774913311005 0.010685309767723083 0
      vertex 2.8357774913311005 0.010685309767723083 2
      vertex 2.509374998509884 0 2
    endloop
  endfacet
  facet normal 0.09801715622805235 -0.9951847251063319 0
    outer loop
      vertex 3.160782277584076 0.04269549250602722 0
      vertex 2.8357774913311005 0.010685309767723083 2
      vertex 2.8357774913311005 0.010685309767723083 0
    endloop
  endfacet
  facet normal 0.09801715622805235 -0.9951847251063319 0
    outer loop
      vertex 3.160782277584076 0.04269549250602722 0
      vertex 3.160782277584076 0.04269549250602722 2
      vertex 2.8357774913311005 0.010685309767723083 2
    endloop
  endfacet
  facet normal 0.16289547908854762 -0.9866433311448026 0
    outer loop
      vertex 3.4829976335167885 0.09589346498250961 0
      vertex 3.160782277584076 0.04269549250602722 2
      vertex 3.160782277584076 0.04269549250602722 0
    endloop
  endfacet
  facet normal 0.16289547908854762 -0.9866433311448026 0
    outer loop
      vertex 3.4829976335167885 0.09589346498250961 0
      vertex 3.4829976335167885 0.09589346498250961 2
      vertex 3.160782277584076 0.04269549250602722 2
    endloop
  endfacet
  facet normal 0.22707625490411684 -0.9738769811730434 0
    outer loop
      vertex 3.8010437935590744 0.1700514256954193 0
      vertex 3.4829976335167885 0.09589346498250961 2
      vertex 3.4829976335167885 0.09589346498250961 0
    endloop
  endfacet
  facet normal 0.22707625490411684 -0.9738769811730434 0
    outer loop
      vertex 3.8010437935590744 0.1700514256954193 0
      vertex 3.8010437935590744 0.1700514256954193 2
      vertex 3.4829976335167885 0.09589346498250961 2
    endloop
  endfacet
  facet normal 0.2902846722818695 -0.9569403372406283 0
    outer loop
      vertex 4.113558828830719 0.2648518234491348 0
      vertex 3.8010437935590744 0.1700514256954193 2
      vertex 3.8010437935590744 0.1700514256954193 0
    endloop
  endfacet
  facet normal 0.2902846722818695 -0.9569403372406283 0
    outer loop
      vertex 4.113558828830719 0.2648518234491348 0
      vertex 4.113558828830719 0.2648518234491348 2
      vertex 3.8010437935590744 0.1700514256954193 2
    endloop
  endfacet
  facet normal 0.35225003821235745 -0.9359059304114878 0
    outer loop
      vertex 4.419204503297806 0.37988870590925217 0
      vertex 4.113558828830719 0.2648518234491348 2
      vertex 4.113558828830719 0.2648518234491348 0
    endloop
  endfacet
  facet normal 0.35225003821235745 -0.9359059304114878 0
    outer loop
      vertex 4.419204503297806 0.37988870590925217 0
      vertex 4.419204503297806 0.37988870590925217 2
      vertex 4.113558828830719 0.2648518234491348 2
    endloop
  endfacet
  facet normal 0.4127070416184783 -0.9108638195682841 0
    outer loop
      vertex 4.716671995818615 0.5146694779396057 0
      vertex 4.419204503297806 0.37988870590925217 2
      vertex 4.419204503297806 0.37988870590925217 0
    endloop
  endfacet
  facet normal 0.4127070416184783 -0.9108638195682841 0
    outer loop
      vertex 4.716671995818615 0.5146694779396057 0
      vertex 4.716671995818615 0.5146694779396057 2
      vertex 4.419204503297806 0.37988870590925217 2
    endloop
  endfacet
  facet normal 0.4713967439758472 -0.8819212605266809 0
    outer loop
      vertex 5.004687495529652 0.6686169728636742 0
      vertex 4.716671995818615 0.5146694779396057 2
      vertex 4.716671995818615 0.5146694779396057 0
    endloop
  endfacet
  facet normal 0.4713967439758472 -0.8819212605266809 0
    outer loop
      vertex 5.004687495529652 0.6686169728636742 0
      vertex 5.004687495529652 0.6686169728636742 2
      vertex 4.716671995818615 0.5146694779396057 2
    endloop
  endfacet
  facet normal 0.5280678484951893 -0.8492021828667552 0
    outer loop
      vertex 5.282017692923546 0.8410719707608223 0
      vertex 5.004687495529652 0.6686169728636742 2
      vertex 5.004687495529652 0.6686169728636742 0
    endloop
  endfacet
  facet normal 0.5280678484951893 -0.8492021828667552 0
    outer loop
      vertex 5.282017692923546 0.8410719707608223 0
      vertex 5.282017692923546 0.8410719707608223 2
      vertex 5.004687495529652 0.6686169728636742 2
    endloop
  endfacet
  facet normal 0.58247768908158 -0.812846690171143 0
    outer loop
      vertex 5.547475002706051 1.0312959849834442 0
      vertex 5.282017692923546 0.8410719707608223 2
      vertex 5.282017692923546 0.8410719707608223 0
    endloop
  endfacet
  facet normal 0.58247768908158 -0.812846690171143 0
    outer loop
      vertex 5.547475002706051 1.0312959849834442 0
      vertex 5.547475002706051 1.0312959849834442 2
      vertex 5.282017692923546 0.8410719707608223 2
    endloop
  endfacet
  facet normal 0.634393295336013 -0.7730104441938118 0
    outer loop
      vertex 5.799922704696655 1.23847446590662 0
      vertex 5.547475002706051 1.0312959849834442 2
      vertex 5.547475002706051 1.0312959849834442 0
    endloop
  endfacet
  facet normal 0.634393295336013 -0.7730104441938118 0
    outer loop
      vertex 5.799922704696655 1.23847446590662 0
      vertex 5.799922704696655 1.23847446590662 2
      vertex 5.547475002706051 1.0312959849834442 2
    endloop
  endfacet
  facet normal 0.6835922898148243 -0.7298640841319192 0
    outer loop
      vertex 6.03827977925539 1.4617202207446098 0
      vertex 5.799922704696655 1.23847446590662 2
      vertex 5.799922704696655 1.23847446590662 0
    endloop
  endfacet
  facet normal 0.6835922898148243 -0.7298640841319192 0
    outer loop
      vertex 6.03827977925539 1.4617202207446098 0
      vertex 6.03827977925539 1.4617202207446098 2
      vertex 5.799922704696655 1.23847446590662 2
    endloop
  endfacet
  facet normal 0.7298640841319192 -0.6835922898148243 0
    outer loop
      vertex 6.26152553409338 1.7000772953033447 0
      vertex 6.03827977925539 1.4617202207446098 2
      vertex 6.03827977925539 1.4617202207446098 0
    endloop
  endfacet
  facet normal 0.7298640841319192 -0.6835922898148243 0
    outer loop
      vertex 6.26152553409338 1.7000772953033447 0
      vertex 6.26152553409338 1.7000772953033447 2
      vertex 6.03827977925539 1.4617202207446098 2
    endloop
  endfacet
  facet normal 0.7730104441938118 -0.634393295336013 0
    outer loop
      vertex 6.468704015016556 1.9525249972939491 0
      vertex 6.26152553409338 1.7000772953033447 2
      vertex 6.26152553409338 1.7000772953033447 0
    endloop
  endfacet
  facet normal 0.7730104441938118 -0.634393295336013 0
    outer loop
      vertex 6.468704015016556 1.9525249972939491 0
      vertex 6.468704015016556 1.9525249972939491 2
      vertex 6.26152553409338 1.7000772953033447 2
    endloop
  endfacet
  facet normal 0.812846690171143 -0.58247768908158 0
    outer loop
      vertex 6.658928029239178 2.217982307076454 0
      vertex 6.468704015016556 1.9525249972939491 2
      vertex 6.468704015016556 1.9525249972939491 0
    endloop
  endfacet
  facet normal 0.812846690171143 -0.58247768908158 0
    outer loop
      vertex 6.658928029239178 2.217982307076454 0
      vertex 6.658928029239178 2.217982307076454 2
      vertex 6.468704015016556 1.9525249972939491 2
    endloop
  endfacet
  facet normal 0.8492021828667552 -0.5280678484951893 0
    outer loop
      vertex 6.831383027136326 2.4953125044703484 0
      vertex 6.658928029239178 2.217982307076454 2
      vertex 6.658928029239178 2.217982307076454 0
    endloop
  endfacet
  facet normal 0.8492021828667552 -0.5280678484951893 0
    outer loop
      vertex 6.831383027136326 2.4953125044703484 0
      vertex 6.831383027136326 2.4953125044703484 2
      vertex 6.658928029239178 2.217982307076454 2
    endloop
  endfacet
  facet normal 0.8819212605266809 -0.4713967439758472 0
    outer loop
      vertex 6.985330522060394 2.783328004181385 0
      vertex 6.831383027136326 2.4953125044703484 2
      vertex 6.831383027136326 2.4953125044703484 0
    endloop
  endfacet
  facet normal 0.8819212605266809 -0.4713967439758472 0
    outer loop
      vertex 6.985330522060394 2.783328004181385 0
      vertex 6.985330522060394 2.783328004181385 2
      vertex 6.831383027136326 2.4953125044703484 2
    endloop
  endfacet
  facet normal 0.9108638195682841 -0.4127070416184783 0
    outer loop
      vertex 7.120111294090748 3.080795496702194 0
      vertex 6.985330522060394 2.783328004181385 2
      vertex 6.985330522060394 2.783328004181385 0
    endloop
  endfacet
  facet normal 0.9108638195682841 -0.4127070416184783 0
    outer loop
      vertex 7.120111294090748 3.080795496702194 0
      vertex 7.120111294090748 3.080795496702194 2
      vertex 6.985330522060394 2.783328004181385 2
    endloop
  endfacet
  facet normal 0.9359059304114878 -0.35225003821235745 0
    outer loop
      vertex 7.235148176550865 3.386441171169281 0
      vertex 7.120111294090748 3.080795496702194 2
      vertex 7.120111294090748 3.080795496702194 0
    endloop
  endfacet
  facet normal 0.9359059304114878 -0.35225003821235745 0
    outer loop
      vertex 7.235148176550865 3.386441171169281 0
      vertex 7.235148176550865 3.386441171169281 2
      vertex 7.120111294090748 3.080795496702194 2
    endloop
  endfacet
  facet normal 0.9569403372406283 -0.2902846722818695 0
    outer loop
      vertex 7.329948574304581 3.6989562064409256 0
      vertex 7.235148176550865 3.386441171169281 2
      vertex 7.235148176550865 3.386441171169281 0
    endloop
  endfacet
  facet normal 0.9569403372406283 -0.2902846722818695 0
    outer loop
      vertex 7.329948574304581 3.6989562064409256 0
      vertex 7.329948574304581 3.6989562064409256 2
      vertex 7.235148176550865 3.386441171169281 2
    endloop
  endfacet
  facet normal 0.9738769811730434 -0.22707625490411684 0
    outer loop
      vertex 7.40410653501749 4.0170023664832115 0
      vertex 7.329948574304581 3.6989562064409256 2
      vertex 7.329948574304581 3.6989562064409256 0
    endloop
  endfacet
  facet normal 0.9738769811730434 -0.22707625490411684 0
    outer loop
      vertex 7.40410653501749 4.0170023664832115 0
      vertex 7.40410653501749 4.0170023664832115 2
      vertex 7.329948574304581 3.6989562064409256 2
    endloop
  endfacet
  facet normal 0.9866433311448026 -0.16289547908854762 0
    outer loop
      vertex 7.457304507493973 4.339217722415924 0
      vertex 7.40410653501749 4.0170023664832115 2
      vertex 7.40410653501749 4.0170023664832115 0
    endloop
  endfacet
  facet normal 0.9866433311448026 -0.16289547908854762 0
    outer loop
      vertex 7.457304507493973 4.339217722415924 0
      vertex 7.457304507493973 4.339217722415924 2
      vertex 7.40410653501749 4.0170023664832115 2
    endloop
  endfacet
  facet normal 0.9951847251063319 -0.09801715622805235 0
    outer loop
      vertex 7.489314690232277 4.6642225086688995 0
      vertex 7.457304507493973 4.339217722415924 2
      vertex 7.457304507493973 4.339217722415924 0
    endloop
  endfacet
  facet normal 0.9951847251063319 -0.09801715622805235 0
    outer loop
      vertex 7.489314690232277 4.6642225086688995 0
      vertex 7.489314690232277 4.6642225086688995 2
      vertex 7.457304507493973 4.339217722415924 2
    endloop
  endfacet
  facet normal 0.9994645876243228 -0.03271907830215356 0
    outer loop
      vertex 7.5 4.990625001490116 0
      vertex 7.489314690232277 4.6642225086688995 2
      vertex 7.489314690232277 4.6642225086688995 0
    endloop
  endfacet
  facet normal 0.9994645876243228 -0.03271907830215356 0
    outer loop
      vertex 7.5 4.990625001490116 0
      vertex 7.5 4.990625001490116 2
      vertex 7.489314690232277 4.6642225086688995 2
    endloop
  endfacet
  facet normal 1 0 0
    outer loop
      vertex 7.5 10.009374998509884 0
      vertex 7.5 4.990625001490116 2
      vertex 7.5 4.990625001490116 0
    endloop
  endfacet
  facet normal 1 0 0
    outer loop
      vertex 7.5 10.009374998509884 0
      vertex 7.5 10.009374998509884 2
      vertex 7.5 4.990625001490116 2
    endloop
  endfacet
  facet normal 0.9994645876243228 0.03271907830215356 0
    outer loop
      vertex 7.489314690232277 10.3357774913311 0
      vertex 7.5 10.009374998509884 2
      vertex 7.5 10.009374998509884 0
    endloop
  endfacet
  facet normal 0.9994645876243228 0.03271907830215356 0
    outer loop
      vertex 7.489314690232277 10.3357774913311 0
      vertex 7.489314690232277 10.3357774913311 2
      vertex 7.5 10.009374998509884 2
    endloop
  endfacet
  facet normal 0.9951847251063319 0.09801715622805235 0
    outer loop
      vertex 7.457304507493973 10.660782277584076 0
      vertex 7.489314690232277 10.3357774913311 2
      vertex 7.489314690232277 10.3357774913311 0
    endloop
  endfacet
  facet normal 0.9951847251063319 0.09801715622805235 0
    outer loop
      vertex 7.457304507493973 10.660782277584076 0
      vertex 7.457304507493973 10.660782277584076 2
      vertex 7.489314690232277 10.3357774913311 2
    endloop
  endfacet
  facet normal 0.9866433311448026 0.16289547908854762 0
    outer loop
      vertex 7.40410653501749 10.982997633516788 0
      vertex 7.457304507493973 10.660782277584076 2
      vertex 7.457304507493973 10.660782277584076 0
    endloop
  endfacet
  facet normal 0.9866433311448026 0.16289547908854762 0
    outer loop
      vertex 7.40410653501749 10.982997633516788 0
      vertex 7.40410653501749 10.982997633516788 2
      vertex 7.457304507493973 10.660782277584076 2
    endloop
  endfacet
  facet normal 0.9738769811730434 0.22707625490411684 0
    outer loop
      vertex 7.329948574304581 11.301043793559074 0
      vertex 7.40410653501749 10.982997633516788 2
      vertex 7.40410653501749 10.982997633516788 0
    endloop
  endfacet
  facet normal 0.9738769811730434 0.22707625490411684 0
    outer loop
      vertex 7.329948574304581 11.301043793559074 0
      vertex 7.329948574304581 11.301043793559074 2
      vertex 7.40410653501749 10.982997633516788 2
    endloop
  endfacet
  facet normal 0.9569403372406283 0.2902846722818695 0
    outer loop
      vertex 7.235148176550865 11.613558828830719 0
      vertex 7.329948574304581 11.301043793559074 2
      vertex 7.329948574304581 11.301043793559074 0
    endloop
  endfacet
  facet normal 0.9569403372406283 0.2902846722818695 0
    outer loop
      vertex 7.235148176550865 11.613558828830719 0
      vertex 7.235148176550865 11.613558828830719 2
      vertex 7.329948574304581 11.301043793559074 2
    endloop
  endfacet
  facet normal 0.9359059304114878 0.35225003821235745 0
    outer loop
      vertex 7.120111294090748 11.919204503297806 0
      vertex 7.235148176550865 11.613558828830719 2
      vertex 7.235148176550865 11.613558828830719 0
    endloop
  endfacet
  facet normal 0.9359059304114878 0.35225003821235745 0
    outer loop
      vertex 7.120111294090748 11.919204503297806 0
      vertex 7.120111294090748 11.919204503297806 2
      vertex 7.235148176550865 11.613558828830719 2
    endloop
  endfacet
  facet normal 0.9108638195682841 0.4127070416184783 0
    outer loop
      vertex 6.985330522060394 12.216671995818615 0
      vertex 7.120111294090748 11.919204503297806 2
      vertex 7.120111294090748 11.919204503297806 0
    endloop
  endfacet
  facet normal 0.9108638195682841 0.4127070416184783 0
    outer loop
      vertex 6.985330522060394 12.216671995818615 0
      vertex 6.985330522060394 12.216671995818615 2
      vertex 7.120111294090748 11.919204503297806 2
    endloop
  endfacet
  facet normal 0.8819212605266809 0.4713967439758472 0
    outer loop
      vertex 6.831383027136326 12.504687495529652 0
      vertex 6.985330522060394 12.216671995818615 2
      vertex 6.985330522060394 12.216671995818615 0
    endloop
  endfacet
  facet normal 0.8819212605266809 0.4713967439758472 0
    outer loop
      vertex 6.831383027136326 12.504687495529652 0
      vertex 6.831383027136326 12.504687495529652 2
      vertex 6.985330522060394 12.216671995818615 2
    endloop
  endfacet
  facet normal 0.8492021828667552 0.5280678484951893 0
    outer loop
      vertex 6.658928029239178 12.782017692923546 0
      vertex 6.831383027136326 12.504687495529652 2
      vertex 6.831383027136326 12.504687495529652 0
    endloop
  endfacet
  facet normal 0.8492021828667552 0.5280678484951893 0
    outer loop
      vertex 6.658928029239178 12.782017692923546 0
      vertex 6.658928029239178 12.782017692923546 2
      vertex 6.831383027136326 12.504687495529652 2
    endloop
  endfacet
  facet normal 0.812846690171143 0.58247768908158 0
    outer loop
      vertex 6.468704015016556 13.04747500270605 0
      vertex 6.658928029239178 12.782017692923546 2
      vertex 6.658928029239178 12.782017692923546 0
    endloop
  endfacet
  facet normal 0.812846690171143 0.58247768908158 0
    outer loop
      vertex 6.468704015016556 13.04747500270605 0
      vertex 6.468704015016556 13.04747500270605 2
      vertex 6.658928029239178 12.782017692923546 2
    endloop
  endfacet
  facet normal 0.7730104441938118 0.634393295336013 0
    outer loop
      vertex 6.26152553409338 13.299922704696655 0
      vertex 6.468704015016556 13.04747500270605 2
      vertex 6.468704015016556 13.04747500270605 0
    endloop
  endfacet
  facet normal 0.7730104441938118 0.634393295336013 0
    outer loop
      vertex 6.26152553409338 13.299922704696655 0
      vertex 6.26152553409338 13.299922704696655 2
      vertex 6.468704015016556 13.04747500270605 2
    endloop
  endfacet
  facet normal 0.7298640841319192 0.6835922898148243 0
    outer loop
      vertex 6.03827977925539 13.53827977925539 0
      vertex 6.26152553409338 13.299922704696655 2
      vertex 6.26152553409338 13.299922704696655 0
    endloop
  endfacet
  facet normal 0.7298640841319192 0.6835922898148243 0
    outer loop
      vertex 6.03827977925539 13.53827977925539 0
      vertex 6.03827977925539 13.53827977925539 2
      vertex 6.26152553409338 13.299922704696655 2
    endloop
  endfacet
  facet normal 0.6835922898148243 0.7298640841319192 0
    outer loop
      vertex 5.799922704696655 13.76152553409338 0
      vertex 6.03827977925539 13.53827977925539 2
      vertex 6.03827977925539 13.53827977925539 0
    endloop
  endfacet
  facet normal 0.6835922898148243 0.7298640841319192 0
    outer loop
      vertex 5.799922704696655 13.76152553409338 0
      vertex 5.799922704696655 13.76152553409338 2
      vertex 6.03827977925539 13.53827977925539 2
    endloop
  endfacet
  facet normal 0.634393295336013 0.7730104441938118 0
    outer loop
      vertex 5.547475002706051 13.968704015016556 0
      vertex 5.799922704696655 13.76152553409338 2
      vertex 5.799922704696655 13.76152553409338 0
    endloop
  endfacet
  facet normal 0.634393295336013 0.7730104441938118 0
    outer loop
      vertex 5.547475002706051 13.968704015016556 0
      vertex 5.547475002706051 13.968704015016556 2
      vertex 5.799922704696655 13.76152553409338 2
    endloop
  endfacet
  facet normal 0.58247768908158 0.812846690171143 0
    outer loop
      vertex 5.282017692923546 14.158928029239178 0
      vertex 5.547475002706051 13.968704015016556 2
      vertex 5.547475002706051 13.968704015016556 0
    endloop
  endfacet
  facet normal 0.58247768908158 0.812846690171143 0
    outer loop
      vertex 5.282017692923546 14.158928029239178 0
      vertex 5.282017692923546 14.158928029239178 2
      vertex 5.547475002706051 13.968704015016556 2
    endloop
  endfacet
  facet normal 0.5280678484951893 0.8492021828667552 0
    outer loop
      vertex 5.004687495529652 14.331383027136326 0
      vertex 5.282017692923546 14.158928029239178 2
      vertex 5.282017692923546 14.158928029239178 0
    endloop
  endfacet
  facet normal 0.5280678484951893 0.8492021828667552 0
    outer loop
      vertex 5.004687495529652 14.331383027136326 0
      vertex 5.004687495529652 14.331383027136326 2
      vertex 5.282017692923546 14.158928029239178 2
    endloop
  endfacet
  facet normal 0.4713967439758472 0.8819212605266809 0
    outer loop
      vertex 4.716671995818615 14.485330522060394 0
      vertex 5.004687495529652 14.331383027136326 2
      vertex 5.004687495529652 14.331383027136326 0
    endloop
  endfacet
  facet normal 0.4713967439758472 0.8819212605266809 0
    outer loop
      vertex 4.716671995818615 14.485330522060394 0
      vertex 4.716671995818615 14.485330522060394 2
      vertex 5.004687495529652 14.331383027136326 2
    endloop
  endfacet
  facet normal 0.4127070416184783 0.9108638195682841 0
    outer loop
      vertex 4.419204503297806 14.620111294090748 0
      vertex 4.716671995818615 14.485330522060394 2
      vertex 4.716671995818615 14.485330522060394 0
    endloop
  endfacet
  facet normal 0.4127070416184783 0.9108638195682841 0
    outer loop
      vertex 4.419204503297806 14.620111294090748 0
      vertex 4.419204503297806 14.620111294090748 2
      vertex 4.716671995818615 14.485330522060394 2
    endloop
  endfacet
  facet normal 0.35225003821235745 0.9359059304114878 0
    outer loop
      vertex 4.113558828830719 14.735148176550865 0
      vertex 4.419204503297806 14.620111294090748 2
      vertex 4.419204503297806 14.620111294090748 0
    endloop
  endfacet
  facet normal 0.35225003821235745 0.9359059304114878 0
    outer loop
      vertex 4.113558828830719 14.735148176550865 0
      vertex 4.113558828830719 14.735148176550865 2
      vertex 4.419204503297806 14.620111294090748 2
    endloop
  endfacet
  facet normal 0.2902846722818695 0.9569403372406283 0
    outer loop
      vertex 3.8010437935590744 14.82994857430458 0
      vertex 4.113558828830719 14.735148176550865 2
      vertex 4.113558828830719 14.735148176550865 0
    endloop
  endfacet
  facet normal 0.2902846722818695 0.9569403372406283 0
    outer loop
      vertex 3.8010437935590744 14.82994857430458 0
      vertex 3.8010437935590744 14.82994857430458 2
      vertex 4.113558828830719 14.735148176550865 2
    endloop
  endfacet
  facet normal 0.22707625490411684 0.9738769811730434 0
    outer loop
      vertex 3.4829976335167885 14.90410653501749 0
      vertex 3.8010437935590744 14.82994857430458 2
      vertex 3.8010437935590744 14.82994857430458 0
    endloop
  endfacet
  facet normal 0.22707625490411684 0.9738769811730434 0
    outer loop
      vertex 3.4829976335167885 14.90410653501749 0
      vertex 3.4829976335167885 14.90410653501749 2
      vertex 3.8010437935590744 14.82994857430458 2
    endloop
  endfacet
  facet normal 0.16289547908854762 0.9866433311448026 0
    outer loop
      vertex 3.160782277584076 14.957304507493973 0
      vertex 3.4829976335167885 14.90410653501749 2
      vertex 3.4829976335167885 14.90410653501749 0
    endloop
  endfacet
  facet normal 0.16289547908854762 0.9866433311448026 0
    outer loop
      vertex 3.160782277584076 14.957304507493973 0
      vertex 3.160782277584076 14.957304507493973 2
      vertex 3.4829976335167885 14.90410653501749 2
    endloop
  endfacet
  facet normal 0.09801715622805235 0.9951847251063319 0
    outer loop
      vertex 2.8357774913311005 14.989314690232277 0
      vertex 3.160782277584076 14.957304507493973 2
      vertex 3.160782277584076 14.957304507493973 0
    endloop
  endfacet
  facet normal 0.09801715622805235 0.9951847251063319 0
    outer loop
      vertex 2.8357774913311005 14.989314690232277 0
      vertex 2.8357774913311005 14.989314690232277 2
      vertex 3.160782277584076 14.957304507493973 2
    endloop
  endfacet
  facet normal 0.03271907830215356 0.9994645876243228 0
    outer loop
      vertex 2.509374998509884 15 0
      vertex 2.8357774913311005 14.989314690232277 2
      vertex 2.8357774913311005 14.989314690232277 0
    endloop
  endfacet
  facet normal 0.03271907830215356 0.9994645876243228 0
    outer loop
      vertex 2.509374998509884 15 0
      vertex 2.509374998509884 15 2
      vertex 2.8357774913311005 14.989314690232277 2
    endloop
  endfacet
  facet normal 0 1 0
    outer loop
      vertex -2.509374998509884 15 0
      vertex 2.509374998509884 15 2
      vertex 2.509374998509884 15 0
    endloop
  endfacet
  facet normal 0 1 0
    outer loop
      vertex -2.509374998509884 15 0
      vertex -2.509374998509884 15 2
      vertex 2.509374998509884 15 2
    endloop
  endfacet
  facet normal -0.03271907830215356 0.9994645876243228 0
    outer loop
      vertex -2.8357774913311005 14.989314690232277 0
      vertex -2.509374998509884 15 2
      vertex -2.509374998509884 15 0
    endloop
  endfacet
  facet normal -0.03271907830215356 0.9994645876243228 0
    outer loop
      vertex -2.8357774913311005 14.989314690232277 0
      vertex -2.8357774913311005 14.989314690232277 2
      vertex -2.509374998509884 15 2
    endloop
  endfacet
  facet normal -0.09801715622805235 0.9951847251063319 0
    outer loop
      vertex -3.160782277584076 14.957304507493973 0
      vertex -2.8357774913311005 14.989314690232277 2
      vertex -2.8357774913311005 14.989314690232277 0
    endloop
  endfacet
  facet normal -0.09801715622805235 0.9951847251063319 0
    outer loop
      vertex -3.160782277584076 14.957304507493973 0
      vertex -3.160782277584076 14.957304507493973 2
      vertex -2.8357774913311005 14.989314690232277 2
    endloop
  endfacet
  facet normal -0.16289547908854762 0.9866433311448026 0
    outer loop
      vertex -3.4829976335167885 14.90410653501749 0
      vertex -3.160782277584076 14.957304507493973 2
      vertex -3.160782277584076 14.957304507493973 0
    endloop
  endfacet
  facet normal -0.16289547908854762 0.9866433311448026 0
    outer loop
      vertex -3.4829976335167885 14.90410653501749 0
      vertex -3.4829976335167885 14.90410653501749 2
      vertex -3.160782277584076 14.957304507493973 2
    endloop
  endfacet
  facet normal -0.22707625490411684 0.9738769811730434 0
    outer loop
      vertex -3.8010437935590744 14.82994857430458 0
      vertex -3.4829976335167885 14.90410653501749 2
      vertex -3.4829976335167885 14.90410653501749 0
    endloop
  endfacet
  facet normal -0.22707625490411684 0.9738769811730434 0
    outer loop
      vertex -3.8010437935590744 14.82994857430458 0
      vertex -3.8010437935590744 14.82994857430458 2
      vertex -3.4829976335167885 14.90410653501749 2
    endloop
  endfacet
  facet normal -0.2902846722818695 0.9569403372406283 0
    outer loop
      vertex -4.113558828830719 14.735148176550865 0
      vertex -3.8010437935590744 14.82994857430458 2
      vertex -3.8010437935590744 14.82994857430458 0
    endloop
  endfacet
  facet normal -0.2902846722818695 0.9569403372406283 0
    outer loop
      vertex -4.113558828830719 14.735148176550865 0
      vertex -4.113558828830719 14.735148176550865 2
      vertex -3.8010437935590744 14.82994857430458 2
    endloop
  endfacet
  facet normal -0.35225003821235745 0.9359059304114878 0
    outer loop
      vertex -4.419204503297806 14.620111294090748 0
      vertex -4.113558828830719 14.735148176550865 2
      vertex -4.113558828830719 14.735148176550865 0
    endloop
  endfacet
  facet normal -0.35225003821235745 0.9359059304114878 0
    outer loop
      vertex -4.419204503297806 14.620111294090748 0
      vertex -4.419204503297806 14.620111294090748 2
      vertex -4.113558828830719 14.735148176550865 2
    endloop
  endfacet
  facet normal -0.4127070416184783 0.9108638195682841 0
    outer loop
      vertex -4.716671995818615 14.485330522060394 0
      vertex -4.419204503297806 14.620111294090748 2
      vertex -4.419204503297806 14.620111294090748 0
    endloop
  endfacet
  facet normal -0.4127070416184783 0.9108638195682841 0
    outer loop
      vertex -4.716671995818615 14.485330522060394 0
      vertex -4.716671995818615 14.485330522060394 2
      vertex -4.419204503297806 14.620111294090748 2
    endloop
  endfacet
  facet normal -0.4713967439758472 0.8819212605266809 0
    outer loop
      vertex -5.004687495529652 14.331383027136326 0
      vertex -4.716671995818615 14.485330522060394 2
      vertex -4.716671995818615 14.485330522060394 0
    endloop
  endfacet
  facet normal -0.4713967439758472 0.8819212605266809 0
    outer loop
      vertex -5.004687495529652 14.331383027136326 0
      vertex -5.004687495529652 14.331383027136326 2
      vertex -4.716671995818615 14.485330522060394 2
    endloop
  endfacet
  facet normal -0.5280678484951893 0.8492021828667552 0
    outer loop
      vertex -5.282017692923546 14.158928029239178 0
      vertex -5.004687495529652 14.331383027136326 2
      vertex -5.004687495529652 14.331383027136326 0
    endloop
  endfacet
  facet normal -0.5280678484951893 0.8492021828667552 0
    outer loop
      vertex -5.282017692923546 14.158928029239178 0
      vertex -5.282017692923546 14.158928029239178 2
      vertex -5.004687495529652 14.331383027136326 2
    endloop
  endfacet
  facet normal -0.58247768908158 0.812846690171143 0
    outer loop
      vertex -5.547475002706051 13.968704015016556 0
      vertex -5.282017692923546 14.158928029239178 2
      vertex -5.282017692923546 14.158928029239178 0
    endloop
  endfacet
  facet normal -0.58247768908158 0.812846690171143 0
    outer loop
      vertex -5.547475002706051 13.968704015016556 0
      vertex -5.547475002706051 13.968704015016556 2
      vertex -5.282017692923546 14.158928029239178 2
    endloop
  endfacet
  facet normal -0.634393295336013 0.7730104441938118 0
    outer loop
      vertex -5.799922704696655 13.76152553409338 0
      vertex -5.547475002706051 13.968704015016556 2
      vertex -5.547475002706051 13.968704015016556 0
    endloop
  endfacet
  facet normal -0.634393295336013 0.7730104441938118 0
    outer loop
      vertex -5.799922704696655 13.76152553409338 0
      vertex -5.799922704696655 13.76152553409338 2
      vertex -5.547475002706051 13.968704015016556 2
    endloop
  endfacet
  facet normal -0.6835922898148243 0.7298640841319192 0
    outer loop
      vertex -6.03827977925539 13.53827977925539 0
      vertex -5.799922704696655 13.76152553409338 2
      vertex -5.799922704696655 13.76152553409338 0
    endloop
  endfacet
  facet normal -0.6835922898148243 0.7298640841319192 0
    outer loop
      vertex -6.03827977925539 13.53827977925539 0
      vertex -6.03827977925539 13.53827977925539 2
      vertex -5.799922704696655 13.76152553409338 2
    endloop
  endfacet
  facet normal -0.7298640841319192 0.6835922898148243 0
    outer loop
      vertex -6.26152553409338 13.299922704696655 0
      vertex -6.03827977925539 13.53827977925539 2
      vertex -6.03827977925539 13.53827977925539 0
    endloop
  endfacet
  facet normal -0.7298640841319192 0.6835922898148243 0
    outer loop
      vertex -6.26152553409338 13.299922704696655 0
      vertex -6.26152553409338 13.299922704696655 2
      vertex -6.03827977925539 13.53827977925539 2
    endloop
  endfacet
  facet normal -0.7730104441938118 0.634393295336013 0
    outer loop
      vertex -6.468704015016556 13.04747500270605 0
      vertex -6.26152553409338 13.299922704696655 2
      vertex -6.26152553409338 13.299922704696655 0
    endloop
  endfacet
  facet normal -0.7730104441938118 0.634393295336013 0
    outer loop
      vertex -6.468704015016556 13.04747500270605 0
      vertex -6.468704015016556 13.04747500270605 2
      vertex -6.26152553409338 13.299922704696655 2
    endloop
  endfacet
  facet normal -0.812846690171143 0.58247768908158 0
    outer loop
      vertex -6.658928029239178 12.782017692923546 0
      vertex -6.468704015016556 13.04747500270605 2
      vertex -6.468704015016556 13.04747500270605 0
    endloop
  endfacet
  facet normal -0.812846690171143 0.58247768908158 0
    outer loop
      vertex -6.658928029239178 12.782017692923546 0
      vertex -6.658928029239178 12.782017692923546 2
      vertex -6.468704015016556 13.04747500270605 2
    endloop
  endfacet
  facet normal -0.8492021828667552 0.5280678484951893 0
    outer loop
      vertex -6.831383027136326 12.504687495529652 0
      vertex -6.658928029239178 12.782017692923546 2
      vertex -6.658928029239178 12.782017692923546 0
    endloop
  endfacet
  facet normal -0.8492021828667552 0.5280678484951893 0
    outer loop
      vertex -6.831383027136326 12.504687495529652 0
      vertex -6.831383027136326 12.504687495529652 2
      vertex -6.658928029239178 12.782017692923546 2
    endloop
  endfacet
  facet normal -0.8819212605266809 0.4713967439758472 0
    outer loop
      vertex -6.985330522060394 12.216671995818615 0
      vertex -6.831383027136326 12.504687495529652 2
      vertex -6.831383027136326 12.504687495529652 0
    endloop
  endfacet
  facet normal -0.8819212605266809 0.4713967439758472 0
    outer loop
      vertex -6.985330522060394 12.216671995818615 0
      vertex -6.985330522060394 12.216671995818615 2
      vertex -6.831383027136326 12.504687495529652 2
    endloop
  endfacet
  facet normal -0.9108638195682841 0.4127070416184783 0
    outer loop
      vertex -7.120111294090748 11.919204503297806 0
      vertex -6.985330522060394 12.216671995818615 2
      vertex -6.985330522060394 12.216671995818615 0
    endloop
  endfacet
  facet normal -0.9108638195682841 0.4127070416184783 0
    outer loop
      vertex -7.120111294090748 11.919204503297806 0
      vertex -7.120111294090748 11.919204503297806 2
      vertex -6.985330522060394 12.216671995818615 2
    endloop
  endfacet
  facet normal -0.9359059304114878 0.35225003821235745 0
    outer loop
      vertex -7.235148176550865 11.613558828830719 0
      vertex -7.120111294090748 11.919204503297806 2
      vertex -7.120111294090748 11.919204503297806 0
    endloop
  endfacet
  facet normal -0.9359059304114878 0.35225003821235745 0
    outer loop
      vertex -7.235148176550865 11.613558828830719 0
      vertex -7.235148176550865 11.613558828830719 2
      vertex -7.120111294090748 11.919204503297806 2
    endloop
  endfacet
  facet normal -0.9569403372406283 0.2902846722818695 0
    outer loop
      vertex -7.329948574304581 11.301043793559074 0
      vertex -7.235148176550865 11.613558828830719 2
      vertex -7.235148176550865 11.613558828830719 0
    endloop
  endfacet
  facet normal -0.9569403372406283 0.2902846722818695 0
    outer loop
      vertex -7.329948574304581 11.301043793559074 0
      vertex -7.329948574304581 11.301043793559074 2
      vertex -7.235148176550865 11.613558828830719 2
    endloop
  endfacet
  facet normal -0.9738769811730434 0.22707625490411684 0
    outer loop
      vertex -7.40410653501749 10.982997633516788 0
      vertex -7.329948574304581 11.301043793559074 2
      vertex -7.329948574304581 11.301043793559074 0
    endloop
  endfacet
  facet normal -0.9738769811730434 0.22707625490411684 0
    outer loop
      vertex -7.40410653501749 10.982997633516788 0
      vertex -7.40410653501749 10.982997633516788 2
      vertex -7.329948574304581 11.301043793559074 2
    endloop
  endfacet
  facet normal -0.9866433311448026 0.16289547908854762 0
    outer loop
      vertex -7.457304507493973 10.660782277584076 0
      vertex -7.40410653501749 10.982997633516788 2
      vertex -7.40410653501749 10.982997633516788 0
    endloop
  endfacet
  facet normal -0.9866433311448026 0.16289547908854762 0
    outer loop
      vertex -7.457304507493973 10.660782277584076 0
      vertex -7.457304507493973 10.660782277584076 2
      vertex -7.40410653501749 10.982997633516788 2
    endloop
  endfacet
  facet normal -0.9951847251063319 0.09801715622805235 0
    outer loop
      vertex -7.489314690232277 10.3357774913311 0
      vertex -7.457304507493973 10.660782277584076 2
      vertex -7.457304507493973 10.660782277584076 0
    endloop
  endfacet
  facet normal -0.9951847251063319 0.09801715622805235 0
    outer loop
      vertex -7.489314690232277 10.3357774913311 0
      vertex -7.489314690232277 10.3357774913311 2
      vertex -7.457304507493973 10.660782277584076 2
    endloop
  endfacet
  facet normal -0.9994645876243228 0.03271907830215356 0
    outer loop
      vertex -7.5 10.009374998509884 0
      vertex -7.489314690232277 10.3357774913311 2
      vertex -7.489314690232277 10.3357774913311 0
    endloop
  endfacet
  facet normal -0.9994645876243228 0.03271907830215356 0
    outer loop
      vertex -7.5 10.009374998509884 0
      vertex -7.5 10.009374998509884 2
      vertex -7.489314690232277 10.3357774913311 2
    endloop
  endfacet
  facet normal -1 0 0
    outer loop
      vertex -7.5 4.990625001490116 0
      vertex -7.5 10.009374998509884 2
      vertex -7.5 10.009374998509884 0
    endloop
  endfacet
  facet normal -1 0 0
    outer loop
      vertex -7.5 4.990625001490116 0
      vertex -7.5 4.990625001490116 2
      vertex -7.5 10.009374998509884 2
    endloop
  endfacet
  facet normal -0.9994645876243228 -0.03271907830215356 0
    outer loop
      vertex -7.489314690232277 4.6642225086688995 0
      vertex -7.5 4.990625001490116 2
      vertex -7.5 4.990625001490116 0
    endloop
  endfacet
  facet normal -0.9994645876243228 -0.03271907830215356 0
    outer loop
      vertex -7.489314690232277 4.6642225086688995 0
      vertex -7.489314690232277 4.6642225086688995 2
      vertex -7.5 4.990625001490116 2
    endloop
  endfacet
  facet normal -0.9951847251063319 -0.09801715622805235 0
    outer loop
      vertex -7.457304507493973 4.339217722415924 0
      vertex -7.489314690232277 4.6642225086688995 2
      vertex -7.489314690232277 4.6642225086688995 0
    endloop
  endfacet
  facet normal -0.9951847251063319 -0.09801715622805235 0
    outer loop
      vertex -7.457304507493973 4.339217722415924 0
      vertex -7.457304507493973 4.339217722415924 2
      vertex -7.489314690232277 4.6642225086688995 2
    endloop
  endfacet
  facet normal -0.9866433311448026 -0.16289547908854762 0
    outer loop
      vertex -7.40410653501749 4.0170023664832115 0
      vertex -7.457304507493973 4.339217722415924 2
      vertex -7.457304507493973 4.339217722415924 0
    endloop
  endfacet
  facet normal -0.9866433311448026 -0.16289547908854762 0
    outer loop
      vertex -7.40410653501749 4.0170023664832115 0
      vertex -7.40410653501749 4.0170023664832115 2
      vertex -7.457304507493973 4.339217722415924 2
    endloop
  endfacet
  facet normal -0.9738769811730434 -0.22707625490411684 0
    outer loop
      vertex -7.329948574304581 3.6989562064409256 0
      vertex -7.40410653501749 4.0170023664832115 2
      vertex -7.40410653501749 4.0170023664832115 0
    endloop
  endfacet
  facet normal -0.9738769811730434 -0.22707625490411684 0
    outer loop
      vertex -7.329948574304581 3.6989562064409256 0
      vertex -7.329948574304581 3.6989562064409256 2
      vertex -7.40410653501749 4.0170023664832115 2
    endloop
  endfacet
  facet normal -0.9569403372406283 -0.2902846722818695 0
    outer loop
      vertex -7.235148176550865 3.386441171169281 0
      vertex -7.329948574304581 3.6989562064409256 2
      vertex -7.329948574304581 3.6989562064409256 0
    endloop
  endfacet
  facet normal -0.9569403372406283 -0.2902846722818695 0
    outer loop
      vertex -7.235148176550865 3.386441171169281 0
      vertex -7.235148176550865 3.386441171169281 2
      vertex -7.329948574304581 3.6989562064409256 2
    endloop
  endfacet
  facet normal -0.9359059304114878 -0.35225003821235745 0
    outer loop
      vertex -7.120111294090748 3.080795496702194 0
      vertex -7.235148176550865 3.386441171169281 2
      vertex -7.235148176550865 3.386441171169281 0
    endloop
  endfacet
  facet normal -0.9359059304114878 -0.35225003821235745 0
    outer loop
      vertex -7.120111294090748 3.080795496702194 0
      vertex -7.120111294090748 3.080795496702194 2
      vertex -7.235148176550865 3.386441171169281 2
    endloop
  endfacet
  facet normal -0.9108638195682841 -0.4127070416184783 0
    outer loop
      vertex -6.985330522060394 2.783328004181385 0
      vertex -7.120111294090748 3.080795496702194 2
      vertex -7.120111294090748 3.080795496702194 0
    endloop
  endfacet
  facet normal -0.9108638195682841 -0.4127070416184783 0
    outer loop
      vertex -6.985330522060394 2.783328004181385 0
      vertex -6.985330522060394 2.783328004181385 2
      vertex -7.120111294090748 3.080795496702194 2
    endloop
  endfacet
  facet normal -0.8819212605266809 -0.4713967439758472 0
    outer loop
      vertex -6.831383027136326 2.4953125044703484 0
      vertex -6.985330522060394 2.783328004181385 2
      vertex -6.985330522060394 2.783328004181385 0
    endloop
  endfacet
  facet normal -0.8819212605266809 -0.4713967439758472 0
    outer loop
      vertex -6.831383027136326 2.4953125044703484 0
      vertex -6.831383027136326 2.4953125044703484 2
      vertex -6.985330522060394 2.783328004181385 2
    endloop
  endfacet
  facet normal -0.8492021828667552 -0.5280678484951893 0
    outer loop
      vertex -6.658928029239178 2.217982307076454 0
      vertex -6.831383027136326 2.4953125044703484 2
      vertex -6.831383027136326 2.4953125044703484 0
    endloop
  endfacet
  facet normal -0.8492021828667552 -0.5280678484951893 0
    outer loop
      vertex -6.658928029239178 2.217982307076454 0
      vertex -6.658928029239178 2.217982307076454 2
      vertex -6.831383027136326 2.4953125044703484 2
    endloop
  endfacet
  facet normal -0.812846690171143 -0.58247768908158 0
    outer loop
      vertex -6.468704015016556 1.9525249972939491 0
      vertex -6.658928029239178 2.217982307076454 2
      vertex -6.658928029239178 2.217982307076454 0
    endloop
  endfacet
  facet normal -0.812846690171143 -0.58247768908158 0
    outer loop
      vertex -6.468704015016556 1.9525249972939491 0
      vertex -6.468704015016556 1.9525249972939491 2
      vertex -6.658928029239178 2.217982307076454 2
    endloop
  endfacet
  facet normal -0.7730104441938118 -0.634393295336013 0
    outer loop
      vertex -6.26152553409338 1.7000772953033447 0
      vertex -6.468704015016556 1.9525249972939491 2
      vertex -6.468704015016556 1.9525249972939491 0
    endloop
  endfacet
  facet normal -0.7730104441938118 -0.634393295336013 0
    outer loop
      vertex -6.26152553409338 1.7000772953033447 0
      vertex -6.26152553409338 1.7000772953033447 2
      vertex -6.468704015016556 1.9525249972939491 2
    endloop
  endfacet
  facet normal -0.7298640841319192 -0.6835922898148243 0
    outer loop
      vertex -6.03827977925539 1.4617202207446098 0
      vertex -6.26152553409338 1.7000772953033447 2
      vertex -6.26152553409338 1.7000772953033447 0
    endloop
  endfacet
  facet normal -0.7298640841319192 -0.6835922898148243 0
    outer loop
      vertex -6.03827977925539 1.4617202207446098 0
      vertex -6.03827977925539 1.4617202207446098 2
      vertex -6.26152553409338 1.7000772953033447 2
    endloop
  endfacet
  facet normal -0.6835922898148243 -0.7298640841319192 0
    outer loop
      vertex -5.799922704696655 1.23847446590662 0
      vertex -6.03827977925539 1.4617202207446098 2
      vertex -6.03827977925539 1.4617202207446098 0
    endloop
  endfacet
  facet normal -0.6835922898148243 -0.7298640841319192 0
    outer loop
      vertex -5.799922704696655 1.23847446590662 0
      vertex -5.799922704696655 1.23847446590662 2
      vertex -6.03827977925539 1.4617202207446098 2
    endloop
  endfacet
  facet normal -0.634393295336013 -0.7730104441938118 0
    outer loop
      vertex -5.547475002706051 1.0312959849834442 0
      vertex -5.799922704696655 1.23847446590662 2
      vertex -5.799922704696655 1.23847446590662 0
    endloop
  endfacet
  facet normal -0.634393295336013 -0.7730104441938118 0
    outer loop
      vertex -5.547475002706051 1.0312959849834442 0
      vertex -5.547475002706051 1.0312959849834442 2
      vertex -5.799922704696655 1.23847446590662 2
    endloop
  endfacet
  facet normal -0.58247768908158 -0.812846690171143 0
    outer loop
      vertex -5.282017692923546 0.8410719707608223 0
      vertex -5.547475002706051 1.0312959849834442 2
      vertex -5.547475002706051 1.0312959849834442 0
    endloop
  endfacet
  facet normal -0.58247768908158 -0.812846690171143 0
    outer loop
      vertex -5.282017692923546 0.8410719707608223 0
      vertex -5.282017692923546 0.8410719707608223 2
      vertex -5.547475002706051 1.0312959849834442 2
    endloop
  endfacet
  facet normal -0.5280678484951893 -0.8492021828667552 0
    outer loop
      vertex -5.004687495529652 0.6686169728636742 0
      vertex -5.282017692923546 0.8410719707608223 2
      vertex -5.282017692923546 0.8410719707608223 0
    endloop
  endfacet
  facet normal -0.5280678484951893 -0.8492021828667552 0
    outer loop
      vertex -5.004687495529652 0.6686169728636742 0
      vertex -5.004687495529652 0.6686169728636742 2
      vertex -5.282017692923546 0.8410719707608223 2
    endloop
  endfacet
  facet normal -0.4713967439758472 -0.8819212605266809 0
    outer loop
      vertex -4.716671995818615 0.5146694779396057 0
      vertex -5.004687495529652 0.6686169728636742 2
      vertex -5.004687495529652 0.6686169728636742 0
    endloop
  endfacet
  facet normal -0.4713967439758472 -0.8819212605266809 0
    outer loop
      vertex -4.716671995818615 0.5146694779396057 0
      vertex -4.716671995818615 0.5146694779396057 2
      vertex -5.004687495529652 0.6686169728636742 2
    endloop
  endfacet
  facet normal -0.4127070416184783 -0.9108638195682841 0
    outer loop
      vertex -4.419204503297806 0.37988870590925217 0
      vertex -4.716671995818615 0.5146694779396057 2
      vertex -4.716671995818615 0.5146694779396057 0
    endloop
  endfacet
  facet normal -0.4127070416184783 -0.9108638195682841 0
    outer loop
      vertex -4.419204503297806 0.37988870590925217 0
      vertex -4.419204503297806 0.37988870590925217 2
      vertex -4.716671995818615 0.5146694779396057 2
    endloop
  endfacet
  facet normal -0.35225003821235745 -0.9359059304114878 0
    outer loop
      vertex -4.113558828830719 0.2648518234491348 0
      vertex -4.419204503297806 0.37988870590925217 2
      vertex -4.419204503297806 0.37988870590925217 0
    endloop
  endfacet
  facet normal -0.35225003821235745 -0.9359059304114878 0
    outer loop
      vertex -4.113558828830719 0.2648518234491348 0
      vertex -4.113558828830719 0.2648518234491348 2
      vertex -4.419204503297806 0.37988870590925217 2
    endloop
  endfacet
  facet normal -0.2902846722818695 -0.9569403372406283 0
    outer loop
      vertex -3.8010437935590744 0.1700514256954193 0
      vertex -4.113558828830719 0.2648518234491348 2
      vertex -4.113558828830719 0.2648518234491348 0
    endloop
  endfacet
  facet normal -0.2902846722818695 -0.9569403372406283 0
    outer loop
      vertex -3.8010437935590744 0.1700514256954193 0
      vertex -3.8010437935590744 0.1700514256954193 2
      vertex -4.113558828830719 0.2648518234491348 2
    endloop
  endfacet
  facet normal -0.22707625490411684 -0.9738769811730434 0
    outer loop
      vertex -3.4829976335167885 0.09589346498250961 0
      vertex -3.8010437935590744 0.1700514256954193 2
      vertex -3.8010437935590744 0.1700514256954193 0
    endloop
  endfacet
  facet normal -0.22707625490411684 -0.9738769811730434 0
    outer loop
      vertex -3.4829976335167885 0.09589346498250961 0
      vertex -3.4829976335167885 0.09589346498250961 2
      vertex -3.8010437935590744 0.1700514256954193 2
    endloop
  endfacet
  facet normal -0.16289547908854762 -0.9866433311448026 0
    outer loop
      vertex -3.160782277584076 0.04269549250602722 0
      vertex -3.4829976335167885 0.09589346498250961 2
      vertex -3.4829976335167885 0.09589346498250961 0
    endloop
  endfacet
  facet normal -0.16289547908854762 -0.9866433311448026 0
    outer loop
      vertex -3.160782277584076 0.04269549250602722 0
      vertex -3.160782277584076 0.04269549250602722 2
      vertex -3.4829976335167885 0.09589346498250961 2
    endloop
  endfacet
  facet normal -0.09801715622805235 -0.9951847251063319 0
    outer loop
      vertex -2.8357774913311005 0.010685309767723083 0
      vertex -3.160782277584076 0.04269549250602722 2
      vertex -3.160782277584076 0.04269549250602722 0
    endloop
  endfacet
  facet normal -0.09801715622805235 -0.9951847251063319 0
    outer loop
      vertex -2.8357774913311005 0.010685309767723083 0
      vertex -2.8357774913311005 0.010685309767723083 2
      vertex -3.160782277584076 0.04269549250602722 2
    endloop
  endfacet
  facet normal -0.03271907830215356 -0.9994645876243228 0
    outer loop
      vertex -2.509374998509884 0 0
      vertex -2.8357774913311005 0.010685309767723083 2
      vertex -2.8357774913311005 0.010685309767723083 0
    endloop
  endfacet
  facet normal -0.03271907830215356 -0.9994645876243228 0
    outer loop
      vertex -2.509374998509884 0 0
      vertex -2.509374998509884 0 2
      vertex -2.8357774913311005 0.010685309767723083 2
    endloop
  endfacet
  facet normal 0 1 0
    outer loop
      vertex -16.990625001490116 0 0
      vertex -2.509374998509884 0 2
      vertex -2.509374998509884 0 0
    endloop
  endfacet
  facet normal 0 1 0
    outer loop
      vertex -16.990625001490116 0 0
      vertex -16.990625001490116 0 2
      vertex -2.509374998509884 0 2
    endloop
  endfacet
  facet normal 0.03271908384862568 -0.99946458744275 0
    outer loop
      vertex -16.696924075484276 0.009614773094654083 0
      vertex -16.990625001490116 0 2
      vertex -16.990625001490116 0 0
    endloop
  endfacet
  facet normal 0.03271908384862568 -0.99946458744275 0
    outer loop
      vertex -16.696924075484276 0.009614773094654083 0
      vertex -16.696924075484276 0.009614773094654083 2
      vertex -16.990625001490116 0 2
    endloop
  endfacet
  facet normal 0.09801714361708747 -0.9951847263484038 0
    outer loop
      vertex -16.404480822384357 0.03841792047023773 0
      vertex -16.696924075484276 0.009614773094654083 2
      vertex -16.696924075484276 0.009614773094654083 0
    endloop
  endfacet
  facet normal 0.09801714361708747 -0.9951847263484038 0
    outer loop
      vertex -16.404480822384357 0.03841792047023773 0
      vertex -16.404480822384357 0.03841792047023773 2
      vertex -16.696924075484276 0.009614773094654083 2
    endloop
  endfacet
  facet normal 0.16289548311770533 -0.986643330479586 0
    outer loop
      vertex -16.11454752087593 0.08628610521554947 0
      vertex -16.404480822384357 0.03841792047023773 2
      vertex -16.404480822384357 0.03841792047023773 0
    endloop
  endfacet
  facet normal 0.16289548311770533 -0.986643330479586 0
    outer loop
      vertex -16.11454752087593 0.08628610521554947 0
      vertex -16.11454752087593 0.08628610521554947 2
      vertex -16.404480822384357 0.03841792047023773 2
    endloop
  endfacet
  facet normal 0.22707626047586124 -0.9738769798738949 0
    outer loop
      vertex -15.828365728259087 0.15301433950662613 0
      vertex -16.11454752087593 0.08628610521554947 2
      vertex -16.11454752087593 0.08628610521554947 0
    endloop
  endfacet
  facet normal 0.22707626047586124 -0.9738769798738949 0
    outer loop
      vertex -15.828365728259087 0.15301433950662613 0
      vertex -15.828365728259087 0.15301433950662613 2
      vertex -16.11454752087593 0.08628610521554947 2
    endloop
  endfacet
  facet normal 0.2902846613496251 -0.9569403405568885 0
    outer loop
      vertex -15.547160901129246 0.2383168861269951 0
      vertex -15.828365728259087 0.15301433950662613 2
      vertex -15.828365728259087 0.15301433950662613 0
    endloop
  endfacet
  facet normal 0.2902846613496251 -0.9569403405568885 0
    outer loop
      vertex -15.547160901129246 0.2383168861269951 0
      vertex -15.547160901129246 0.2383168861269951 2
      vertex -15.828365728259087 0.15301433950662613 2
    endloop
  endfacet
  facet normal 0.3522500450572007 -0.9359059278352713 0
    outer loop
      vertex -15.272137209773064 0.34182847291231155 0
      vertex -15.547160901129246 0.2383168861269951 2
      vertex -15.547160901129246 0.2383168861269951 0
    endloop
  endfacet
  facet normal 0.3522500450572007 -0.9359059278352713 0
    outer loop
      vertex -15.272137209773064 0.34182847291231155 0
      vertex -15.272137209773064 0.34182847291231155 2
      vertex -15.547160901129246 0.2383168861269951 2
    endloop
  endfacet
  facet normal 0.4127070524243966 -0.910863814672186 0
    outer loop
      vertex -15.004472352564335 0.46310584992170334 0
      vertex -15.272137209773064 0.34182847291231155 2
      vertex -15.272137209773064 0.34182847291231155 0
    endloop
  endfacet
  facet normal 0.4127070524243966 -0.910863814672186 0
    outer loop
      vertex -15.004472352564335 0.46310584992170334 0
      vertex -15.004472352564335 0.46310584992170334 2
      vertex -15.272137209773064 0.34182847291231155 2
    endloop
  endfacet
  facet normal 0.47139673607273636 -0.8819212647509815 0
    outer loop
      vertex -14.745312504470348 0.6016296744346619 0
      vertex -15.004472352564335 0.46310584992170334 2
      vertex -15.004472352564335 0.46310584992170334 0
    endloop
  endfacet
  facet normal 0.47139673607273636 -0.8819212647509815 0
    outer loop
      vertex -14.745312504470348 0.6016296744346619 0
      vertex -14.745312504470348 0.6016296744346619 2
      vertex -15.004472352564335 0.46310584992170334 2
    endloop
  endfacet
  facet normal 0.5280678442379148 -0.8492021855140984 0
    outer loop
      vertex -14.495767422020435 0.7568067759275436 0
      vertex -14.745312504470348 0.6016296744346619 2
      vertex -14.745312504470348 0.6016296744346619 0
    endloop
  endfacet
  facet normal 0.5280678442379148 -0.8492021855140984 0
    outer loop
      vertex -14.495767422020435 0.7568067759275436 0
      vertex -14.495767422020435 0.7568067759275436 2
      vertex -14.745312504470348 0.6016296744346619 2
    endloop
  endfacet
  facet normal 0.5824777033351742 -0.8128466799571619 0
    outer loop
      vertex -14.25690571218729 0.9279726594686508 0
      vertex -14.495767422020435 0.7568067759275436 2
      vertex -14.495767422020435 0.7568067759275436 0
    endloop
  endfacet
  facet normal 0.5824777033351742 -0.8128466799571619 0
    outer loop
      vertex -14.25690571218729 0.9279726594686508 0
      vertex -14.25690571218729 0.9279726594686508 2
      vertex -14.495767422020435 0.7568067759275436 2
    endloop
  endfacet
  facet normal 0.634393273310154 -0.7730104622699672 0
    outer loop
      vertex -14.02975019812584 1.1143943667411804 0
      vertex -14.25690571218729 0.9279726594686508 2
      vertex -14.25690571218729 0.9279726594686508 0
    endloop
  endfacet
  facet normal 0.634393273310154 -0.7730104622699672 0
    outer loop
      vertex -14.02975019812584 1.1143943667411804 0
      vertex -14.02975019812584 1.1143943667411804 2
      vertex -14.25690571218729 0.9279726594686508 2
    endloop
  endfacet
  facet normal 0.6835923066623377 -0.7298640683525011 0
    outer loop
      vertex -13.815273612737656 1.3152736127376556 0
      vertex -14.02975019812584 1.1143943667411804 2
      vertex -14.02975019812584 1.1143943667411804 0
    endloop
  endfacet
  facet normal 0.6835923066623377 -0.7298640683525011 0
    outer loop
      vertex -13.815273612737656 1.3152736127376556 0
      vertex -13.815273612737656 1.3152736127376556 2
      vertex -14.02975019812584 1.1143943667411804 2
    endloop
  endfacet
  facet normal 0.7298640683525011 -0.6835923066623377 0
    outer loop
      vertex -13.61439436674118 1.5297501981258392 0
      vertex -13.815273612737656 1.3152736127376556 2
      vertex -13.815273612737656 1.3152736127376556 0
    endloop
  endfacet
  facet normal 0.7298640683525011 -0.6835923066623377 0
    outer loop
      vertex -13.61439436674118 1.5297501981258392 0
      vertex -13.61439436674118 1.5297501981258392 2
      vertex -13.815273612737656 1.3152736127376556 2
    endloop
  endfacet
  facet normal 0.7730104622699672 -0.634393273310154 0
    outer loop
      vertex -13.42797265946865 1.7569057121872902 0
      vertex -13.61439436674118 1.5297501981258392 2
      vertex -13.61439436674118 1.5297501981258392 0
    endloop
  endfacet
  facet normal 0.7730104622699672 -0.634393273310154 0
    outer loop
      vertex -13.42797265946865 1.7569057121872902 0
      vertex -13.42797265946865 1.7569057121872902 2
      vertex -13.61439436674118 1.5297501981258392 2
    endloop
  endfacet
  facet normal 0.8128466799571619 -0.5824777033351742 0
    outer loop
      vertex -13.256806775927544 1.9957674220204353 0
      vertex -13.42797265946865 1.7569057121872902 2
      vertex -13.42797265946865 1.7569057121872902 0
    endloop
  endfacet
  facet normal 0.8128466799571619 -0.5824777033351742 0
    outer loop
      vertex -13.256806775927544 1.9957674220204353 0
      vertex -13.256806775927544 1.9957674220204353 2
      vertex -13.42797265946865 1.7569057121872902 2
    endloop
  endfacet
  facet normal 0.8492021855140984 -0.5280678442379148 0
    outer loop
      vertex -13.101629674434662 2.2453125044703484 0
      vertex -13.256806775927544 1.9957674220204353 2
      vertex -13.256806775927544 1.9957674220204353 0
    endloop
  endfacet
  facet normal 0.8492021855140984 -0.5280678442379148 0
    outer loop
      vertex -13.101629674434662 2.2453125044703484 0
      vertex -13.101629674434662 2.2453125044703484 2
      vertex -13.256806775927544 1.9957674220204353 2
    endloop
  endfacet
  facet normal 0.8819212647509815 -0.47139673607273636 0
    outer loop
      vertex -12.963105849921703 2.504472352564335 0
      vertex -13.101629674434662 2.2453125044703484 2
      vertex -13.101629674434662 2.2453125044703484 0
    endloop
  endfacet
  facet normal 0.8819212647509815 -0.47139673607273636 0
    outer loop
      vertex -12.963105849921703 2.504472352564335 0
      vertex -12.963105849921703 2.504472352564335 2
      vertex -13.101629674434662 2.2453125044703484 2
    endloop
  endfacet
  facet normal 0.910863814672186 -0.4127070524243966 0
    outer loop
      vertex -12.841828472912312 2.7721372097730637 0
      vertex -12.963105849921703 2.504472352564335 2
      vertex -12.963105849921703 2.504472352564335 0
    endloop
  endfacet
  facet normal 0.910863814672186 -0.4127070524243966 0
    outer loop
      vertex -12.841828472912312 2.7721372097730637 0
      vertex -12.841828472912312 2.7721372097730637 2
      vertex -12.963105849921703 2.504472352564335 2
    endloop
  endfacet
  facet normal 0.9359059278352713 -0.3522500450572007 0
    outer loop
      vertex -12.738316886126995 3.0471609011292458 0
      vertex -12.841828472912312 2.7721372097730637 2
      vertex -12.841828472912312 2.7721372097730637 0
    endloop
  endfacet
  facet normal 0.9359059278352713 -0.3522500450572007 0
    outer loop
      vertex -12.738316886126995 3.0471609011292458 0
      vertex -12.738316886126995 3.0471609011292458 2
      vertex -12.841828472912312 2.7721372097730637 2
    endloop
  endfacet
  facet normal 0.9569403405568885 -0.2902846613496251 0
    outer loop
      vertex -12.653014339506626 3.3283657282590866 0
      vertex -12.738316886126995 3.0471609011292458 2
      vertex -12.738316886126995 3.0471609011292458 0
    endloop
  endfacet
  facet normal 0.9569403405568885 -0.2902846613496251 0
    outer loop
      vertex -12.653014339506626 3.3283657282590866 0
      vertex -12.653014339506626 3.3283657282590866 2
      vertex -12.738316886126995 3.0471609011292458 2
    endloop
  endfacet
  facet normal 0.9738769798738949 -0.22707626047586124 0
    outer loop
      vertex -12.58628610521555 3.614547520875931 0
      vertex -12.653014339506626 3.3283657282590866 2
      vertex -12.653014339506626 3.3283657282590866 0
    endloop
  endfacet
  facet normal 0.9738769798738949 -0.22707626047586124 0
    outer loop
      vertex -12.58628610521555 3.614547520875931 0
      vertex -12.58628610521555 3.614547520875931 2
      vertex -12.653014339506626 3.3283657282590866 2
    endloop
  endfacet
  facet normal 0.986643330479586 -0.16289548311770533 0
    outer loop
      vertex -12.538417920470238 3.9044808223843575 0
      vertex -12.58628610521555 3.614547520875931 2
      vertex -12.58628610521555 3.614547520875931 0
    endloop
  endfacet
  facet normal 0.986643330479586 -0.16289548311770533 0
    outer loop
      vertex -12.538417920470238 3.9044808223843575 0
      vertex -12.538417920470238 3.9044808223843575 2
      vertex -12.58628610521555 3.614547520875931 2
    endloop
  endfacet
  facet normal 0.9951847263484038 -0.09801714361708747 0
    outer loop
      vertex -12.509614773094654 4.196924075484276 0
      vertex -12.538417920470238 3.9044808223843575 2
      vertex -12.538417920470238 3.9044808223843575 0
    endloop
  endfacet
  facet normal 0.9951847263484038 -0.09801714361708747 0
    outer loop
      vertex -12.509614773094654 4.196924075484276 0
      vertex -12.509614773094654 4.196924075484276 2
      vertex -12.538417920470238 3.9044808223843575 2
    endloop
  endfacet
  facet normal 0.99946458744275 -0.03271908384862568 0
    outer loop
      vertex -12.5 4.490625001490116 0
      vertex -12.509614773094654 4.196924075484276 2
      vertex -12.509614773094654 4.196924075484276 0
    endloop
  endfacet
  facet normal 0.99946458744275 -0.03271908384862568 0
    outer loop
      vertex -12.5 4.490625001490116 0
      vertex -12.5 4.490625001490116 2
      vertex -12.509614773094654 4.196924075484276 2
    endloop
  endfacet
  facet normal 1 0 0
    outer loop
      vertex -12.5 10.509374998509884 0
      vertex -12.5 4.490625001490116 2
      vertex -12.5 4.490625001490116 0
    endloop
  endfacet
  facet normal 1 0 0
    outer loop
      vertex -12.5 10.509374998509884 0
      vertex -12.5 10.509374998509884 2
      vertex -12.5 4.490625001490116 2
    endloop
  endfacet
  facet normal 0.99946458744275 0.03271908384862568 0
    outer loop
      vertex -12.509614773094654 10.803075924515724 0
      vertex -12.5 10.509374998509884 2
      vertex -12.5 10.509374998509884 0
    endloop
  endfacet
  facet normal 0.99946458744275 0.03271908384862568 0
    outer loop
      vertex -12.509614773094654 10.803075924515724 0
      vertex -12.509614773094654 10.803075924515724 2
      vertex -12.5 10.509374998509884 2
    endloop
  endfacet
  facet normal 0.9951847263484038 0.09801714361708747 0
    outer loop
      vertex -12.538417920470238 11.095519177615643 0
      vertex -12.509614773094654 10.803075924515724 2
      vertex -12.509614773094654 10.803075924515724 0
    endloop
  endfacet
  facet normal 0.9951847263484038 0.09801714361708747 0
    outer loop
      vertex -12.538417920470238 11.095519177615643 0
      vertex -12.538417920470238 11.095519177615643 2
      vertex -12.509614773094654 10.803075924515724 2
    endloop
  endfacet
  facet normal 0.986643330479586 0.16289548311770533 0
    outer loop
      vertex -12.58628610521555 11.38545247912407 0
      vertex -12.538417920470238 11.095519177615643 2
      vertex -12.538417920470238 11.095519177615643 0
    endloop
  endfacet
  facet normal 0.986643330479586 0.16289548311770533 0
    outer loop
      vertex -12.58628610521555 11.38545247912407 0
      vertex -12.58628610521555 11.38545247912407 2
      vertex -12.538417920470238 11.095519177615643 2
    endloop
  endfacet
  facet normal 0.9738769798738949 0.22707626047586124 0
    outer loop
      vertex -12.653014339506626 11.671634271740913 0
      vertex -12.58628610521555 11.38545247912407 2
      vertex -12.58628610521555 11.38545247912407 0
    endloop
  endfacet
  facet normal 0.9738769798738949 0.22707626047586124 0
    outer loop
      vertex -12.653014339506626 11.671634271740913 0
      vertex -12.653014339506626 11.671634271740913 2
      vertex -12.58628610521555 11.38545247912407 2
    endloop
  endfacet
  facet normal 0.9569403405568885 0.2902846613496251 0
    outer loop
      vertex -12.738316886126995 11.952839098870754 0
      vertex -12.653014339506626 11.671634271740913 2
      vertex -12.653014339506626 11.671634271740913 0
    endloop
  endfacet
  facet normal 0.9569403405568885 0.2902846613496251 0
    outer loop
      vertex -12.738316886126995 11.952839098870754 0
      vertex -12.738316886126995 11.952839098870754 2
      vertex -12.653014339506626 11.671634271740913 2
    endloop
  endfacet
  facet normal 0.9359059278352713 0.3522500450572007 0
    outer loop
      vertex -12.841828472912312 12.227862790226936 0
      vertex -12.738316886126995 11.952839098870754 2
      vertex -12.738316886126995 11.952839098870754 0
    endloop
  endfacet
  facet normal 0.9359059278352713 0.3522500450572007 0
    outer loop
      vertex -12.841828472912312 12.227862790226936 0
      vertex -12.841828472912312 12.227862790226936 2
      vertex -12.738316886126995 11.952839098870754 2
    endloop
  endfacet
  facet normal 0.910863814672186 0.4127070524243966 0
    outer loop
      vertex -12.963105849921703 12.495527647435665 0
      vertex -12.841828472912312 12.227862790226936 2
      vertex -12.841828472912312 12.227862790226936 0
    endloop
  endfacet
  facet normal 0.910863814672186 0.4127070524243966 0
    outer loop
      vertex -12.963105849921703 12.495527647435665 0
      vertex -12.963105849921703 12.495527647435665 2
      vertex -12.841828472912312 12.227862790226936 2
    endloop
  endfacet
  facet normal 0.8819212647509815 0.47139673607273636 0
    outer loop
      vertex -13.101629674434662 12.754687495529652 0
      vertex -12.963105849921703 12.495527647435665 2
      vertex -12.963105849921703 12.495527647435665 0
    endloop
  endfacet
  facet normal 0.8819212647509815 0.47139673607273636 0
    outer loop
      vertex -13.101629674434662 12.754687495529652 0
      vertex -13.101629674434662 12.754687495529652 2
      vertex -12.963105849921703 12.495527647435665 2
    endloop
  endfacet
  facet normal 0.8492021855140984 0.5280678442379148 0
    outer loop
      vertex -13.256806775927544 13.004232577979565 0
      vertex -13.101629674434662 12.754687495529652 2
      vertex -13.101629674434662 12.754687495529652 0
    endloop
  endfacet
  facet normal 0.8492021855140984 0.5280678442379148 0
    outer loop
      vertex -13.256806775927544 13.004232577979565 0
      vertex -13.256806775927544 13.004232577979565 2
      vertex -13.101629674434662 12.754687495529652 2
    endloop
  endfacet
  facet normal 0.8128466799571619 0.5824777033351742 0
    outer loop
      vertex -13.42797265946865 13.24309428781271 0
      vertex -13.256806775927544 13.004232577979565 2
      vertex -13.256806775927544 13.004232577979565 0
    endloop
  endfacet
  facet normal 0.8128466799571619 0.5824777033351742 0
    outer loop
      vertex -13.42797265946865 13.24309428781271 0
      vertex -13.42797265946865 13.24309428781271 2
      vertex -13.256806775927544 13.004232577979565 2
    endloop
  endfacet
  facet normal 0.7730104622699672 0.634393273310154 0
    outer loop
      vertex -13.61439436674118 13.47024980187416 0
      vertex -13.42797265946865 13.24309428781271 2
      vertex -13.42797265946865 13.24309428781271 0
    endloop
  endfacet
  facet normal 0.7730104622699672 0.634393273310154 0
    outer loop
      vertex -13.61439436674118 13.47024980187416 0
      vertex -13.61439436674118 13.47024980187416 2
      vertex -13.42797265946865 13.24309428781271 2
    endloop
  endfacet
  facet normal 0.7298640683525011 0.6835923066623377 0
    outer loop
      vertex -13.815273612737656 13.684726387262344 0
      vertex -13.61439436674118 13.47024980187416 2
      vertex -13.61439436674118 13.47024980187416 0
    endloop
  endfacet
  facet normal 0.7298640683525011 0.6835923066623377 0
    outer loop
      vertex -13.815273612737656 13.684726387262344 0
      vertex -13.815273612737656 13.684726387262344 2
      vertex -13.61439436674118 13.47024980187416 2
    endloop
  endfacet
  facet normal 0.6835923066623377 0.7298640683525011 0
    outer loop
      vertex -14.02975019812584 13.88560563325882 0
      vertex -13.815273612737656 13.684726387262344 2
      vertex -13.815273612737656 13.684726387262344 0
    endloop
  endfacet
  facet normal 0.6835923066623377 0.7298640683525011 0
    outer loop
      vertex -14.02975019812584 13.88560563325882 0
      vertex -14.02975019812584 13.88560563325882 2
      vertex -13.815273612737656 13.684726387262344 2
    endloop
  endfacet
  facet normal 0.634393273310154 0.7730104622699672 0
    outer loop
      vertex -14.25690571218729 14.07202734053135 0
      vertex -14.02975019812584 13.88560563325882 2
      vertex -14.02975019812584 13.88560563325882 0
    endloop
  endfacet
  facet normal 0.634393273310154 0.7730104622699672 0
    outer loop
      vertex -14.25690571218729 14.07202734053135 0
      vertex -14.25690571218729 14.07202734053135 2
      vertex -14.02975019812584 13.88560563325882 2
    endloop
  endfacet
  facet normal 0.5824777033351742 0.8128466799571619 0
    outer loop
      vertex -14.495767422020435 14.243193224072456 0
      vertex -14.25690571218729 14.07202734053135 2
      vertex -14.25690571218729 14.07202734053135 0
    endloop
  endfacet
  facet normal 0.5824777033351742 0.8128466799571619 0
    outer loop
      vertex -14.495767422020435 14.243193224072456 0
      vertex -14.495767422020435 14.243193224072456 2
      vertex -14.25690571218729 14.07202734053135 2
    endloop
  endfacet
  facet normal 0.5280678442379148 0.8492021855140984 0
    outer loop
      vertex -14.745312504470348 14.398370325565338 0
      vertex -14.495767422020435 14.243193224072456 2
      vertex -14.495767422020435 14.243193224072456 0
    endloop
  endfacet
  facet normal 0.5280678442379148 0.8492021855140984 0
    outer loop
      vertex -14.745312504470348 14.398370325565338 0
      vertex -14.745312504470348 14.398370325565338 2
      vertex -14.495767422020435 14.243193224072456 2
    endloop
  endfacet
  facet normal 0.47139673607273636 0.8819212647509815 0
    outer loop
      vertex -15.004472352564335 14.536894150078297 0
      vertex -14.745312504470348 14.398370325565338 2
      vertex -14.745312504470348 14.398370325565338 0
    endloop
  endfacet
  facet normal 0.47139673607273636 0.8819212647509815 0
    outer loop
      vertex -15.004472352564335 14.536894150078297 0
      vertex -15.004472352564335 14.536894150078297 2
      vertex -14.745312504470348 14.398370325565338 2
    endloop
  endfacet
  facet normal 0.4127070524243966 0.910863814672186 0
    outer loop
      vertex -15.272137209773064 14.658171527087688 0
      vertex -15.004472352564335 14.536894150078297 2
      vertex -15.004472352564335 14.536894150078297 0
    endloop
  endfacet
  facet normal 0.4127070524243966 0.910863814672186 0
    outer loop
      vertex -15.272137209773064 14.658171527087688 0
      vertex -15.272137209773064 14.658171527087688 2
      vertex -15.004472352564335 14.536894150078297 2
    endloop
  endfacet
  facet normal 0.3522500450572007 0.9359059278352713 0
    outer loop
      vertex -15.547160901129246 14.761683113873005 0
      vertex -15.272137209773064 14.658171527087688 2
      vertex -15.272137209773064 14.658171527087688 0
    endloop
  endfacet
  facet normal 0.3522500450572007 0.9359059278352713 0
    outer loop
      vertex -15.547160901129246 14.761683113873005 0
      vertex -15.547160901129246 14.761683113873005 2
      vertex -15.272137209773064 14.658171527087688 2
    endloop
  endfacet
  facet normal 0.2902846613496251 0.9569403405568885 0
    outer loop
      vertex -15.828365728259087 14.846985660493374 0
      vertex -15.547160901129246 14.761683113873005 2
      vertex -15.547160901129246 14.761683113873005 0
    endloop
  endfacet
  facet normal 0.2902846613496251 0.9569403405568885 0
    outer loop
      vertex -15.828365728259087 14.846985660493374 0
      vertex -15.828365728259087 14.846985660493374 2
      vertex -15.547160901129246 14.761683113873005 2
    endloop
  endfacet
  facet normal 0.22707626047586124 0.9738769798738949 0
    outer loop
      vertex -16.11454752087593 14.91371389478445 0
      vertex -15.828365728259087 14.846985660493374 2
      vertex -15.828365728259087 14.846985660493374 0
    endloop
  endfacet
  facet normal 0.22707626047586124 0.9738769798738949 0
    outer loop
      vertex -16.11454752087593 14.91371389478445 0
      vertex -16.11454752087593 14.91371389478445 2
      vertex -15.828365728259087 14.846985660493374 2
    endloop
  endfacet
  facet normal 0.16289548311770533 0.986643330479586 0
    outer loop
      vertex -16.404480822384357 14.961582079529762 0
      vertex -16.11454752087593 14.91371389478445 2
      vertex -16.11454752087593 14.91371389478445 0
    endloop
  endfacet
  facet normal 0.16289548311770533 0.986643330479586 0
    outer loop
      vertex -16.404480822384357 14.961582079529762 0
      vertex -16.404480822384357 14.961582079529762 2
      vertex -16.11454752087593 14.91371389478445 2
    endloop
  endfacet
  facet normal 0.09801714361708747 0.9951847263484038 0
    outer loop
      vertex -16.696924075484276 14.990385226905346 0
      vertex -16.404480822384357 14.961582079529762 2
      vertex -16.404480822384357 14.961582079529762 0
    endloop
  endfacet
  facet normal 0.09801714361708747 0.9951847263484038 0
    outer loop
      vertex -16.696924075484276 14.990385226905346 0
      vertex -16.696924075484276 14.990385226905346 2
      vertex -16.404480822384357 14.961582079529762 2
    endloop
  endfacet
  facet normal 0.03271908384862568 0.99946458744275 0
    outer loop
      vertex -16.990625001490116 15 0
      vertex -16.696924075484276 14.990385226905346 2
      vertex -16.696924075484276 14.990385226905346 0
    endloop
  endfacet
  facet normal 0.03271908384862568 0.99946458744275 0
    outer loop
      vertex -16.990625001490116 15 0
      vertex -16.990625001490116 15 2
      vertex -16.696924075484276 14.990385226905346 2
    endloop
  endfacet
  facet normal 0 1 0
    outer loop
      vertex -23.009374998509884 15 0
      vertex -16.990625001490116 15 2
      vertex -16.990625001490116 15 0
    endloop
  endfacet
  facet normal 0 1 0
    outer loop
      vertex -23.009374998509884 15 0
      vertex -23.009374998509884 15 2
      vertex -16.990625001490116 15 2
    endloop
  endfacet
  facet normal -0.03271908384862568 0.99946458744275 0
    outer loop
      vertex -23.303075924515724 14.990385226905346 0
      vertex -23.009374998509884 15 2
      vertex -23.009374998509884 15 0
    endloop
  endfacet
  facet normal -0.03271908384862568 0.99946458744275 0
    outer loop
      vertex -23.303075924515724 14.990385226905346 0
      vertex -23.303075924515724 14.990385226905346 2
      vertex -23.009374998509884 15 2
    endloop
  endfacet
  facet normal -0.09801714361708747 0.9951847263484038 0
    outer loop
      vertex -23.595519177615643 14.961582079529762 0
      vertex -23.303075924515724 14.990385226905346 2
      vertex -23.303075924515724 14.990385226905346 0
    endloop
  endfacet
  facet normal -0.09801714361708747 0.9951847263484038 0
    outer loop
      vertex -23.595519177615643 14.961582079529762 0
      vertex -23.595519177615643 14.961582079529762 2
      vertex -23.303075924515724 14.990385226905346 2
    endloop
  endfacet
  facet normal -0.16289548311770533 0.986643330479586 0
    outer loop
      vertex -23.88545247912407 14.91371389478445 0
      vertex -23.595519177615643 14.961582079529762 2
      vertex -23.595519177615643 14.961582079529762 0
    endloop
  endfacet
  facet normal -0.16289548311770533 0.986643330479586 0
    outer loop
      vertex -23.88545247912407 14.91371389478445 0
      vertex -23.88545247912407 14.91371389478445 2
      vertex -23.595519177615643 14.961582079529762 2
    endloop
  endfacet
  facet normal -0.22707626047586124 0.9738769798738949 0
    outer loop
      vertex -24.171634271740913 14.846985660493374 0
      vertex -23.88545247912407 14.91371389478445 2
      vertex -23.88545247912407 14.91371389478445 0
    endloop
  endfacet
  facet normal -0.22707626047586124 0.9738769798738949 0
    outer loop
      vertex -24.171634271740913 14.846985660493374 0
      vertex -24.171634271740913 14.846985660493374 2
      vertex -23.88545247912407 14.91371389478445 2
    endloop
  endfacet
  facet normal -0.2902846613496251 0.9569403405568885 0
    outer loop
      vertex -24.452839098870754 14.761683113873005 0
      vertex -24.171634271740913 14.846985660493374 2
      vertex -24.171634271740913 14.846985660493374 0
    endloop
  endfacet
  facet normal -0.2902846613496251 0.9569403405568885 0
    outer loop
      vertex -24.452839098870754 14.761683113873005 0
      vertex -24.452839098870754 14.761683113873005 2
      vertex -24.171634271740913 14.846985660493374 2
    endloop
  endfacet
  facet normal -0.3522500450572007 0.9359059278352713 0
    outer loop
      vertex -24.727862790226936 14.658171527087688 0
      vertex -24.452839098870754 14.761683113873005 2
      vertex -24.452839098870754 14.761683113873005 0
    endloop
  endfacet
  facet normal -0.3522500450572007 0.9359059278352713 0
    outer loop
      vertex -24.727862790226936 14.658171527087688 0
      vertex -24.727862790226936 14.658171527087688 2
      vertex -24.452839098870754 14.761683113873005 2
    endloop
  endfacet
  facet normal -0.4127070524243966 0.910863814672186 0
    outer loop
      vertex -24.995527647435665 14.536894150078297 0
      vertex -24.727862790226936 14.658171527087688 2
      vertex -24.727862790226936 14.658171527087688 0
    endloop
  endfacet
  facet normal -0.4127070524243966 0.910863814672186 0
    outer loop
      vertex -24.995527647435665 14.536894150078297 0
      vertex -24.995527647435665 14.536894150078297 2
      vertex -24.727862790226936 14.658171527087688 2
    endloop
  endfacet
  facet normal -0.47139673607273636 0.8819212647509815 0
    outer loop
      vertex -25.25468749552965 14.398370325565338 0
      vertex -24.995527647435665 14.536894150078297 2
      vertex -24.995527647435665 14.536894150078297 0
    endloop
  endfacet
  facet normal -0.47139673607273636 0.8819212647509815 0
    outer loop
      vertex -25.25468749552965 14.398370325565338 0
      vertex -25.25468749552965 14.398370325565338 2
      vertex -24.995527647435665 14.536894150078297 2
    endloop
  endfacet
  facet normal -0.5280678442379148 0.8492021855140984 0
    outer loop
      vertex -25.504232577979565 14.243193224072456 0
      vertex -25.25468749552965 14.398370325565338 2
      vertex -25.25468749552965 14.398370325565338 0
    endloop
  endfacet
  facet normal -0.5280678442379148 0.8492021855140984 0
    outer loop
      vertex -25.504232577979565 14.243193224072456 0
      vertex -25.504232577979565 14.243193224072456 2
      vertex -25.25468749552965 14.398370325565338 2
    endloop
  endfacet
  facet normal -0.5824777033351742 0.8128466799571619 0
    outer loop
      vertex -25.74309428781271 14.07202734053135 0
      vertex -25.504232577979565 14.243193224072456 2
      vertex -25.504232577979565 14.243193224072456 0
    endloop
  endfacet
  facet normal -0.5824777033351742 0.8128466799571619 0
    outer loop
      vertex -25.74309428781271 14.07202734053135 0
      vertex -25.74309428781271 14.07202734053135 2
      vertex -25.504232577979565 14.243193224072456 2
    endloop
  endfacet
  facet normal -0.634393273310154 0.7730104622699672 0
    outer loop
      vertex -25.97024980187416 13.88560563325882 0
      vertex -25.74309428781271 14.07202734053135 2
      vertex -25.74309428781271 14.07202734053135 0
    endloop
  endfacet
  facet normal -0.634393273310154 0.7730104622699672 0
    outer loop
      vertex -25.97024980187416 13.88560563325882 0
      vertex -25.97024980187416 13.88560563325882 2
      vertex -25.74309428781271 14.07202734053135 2
    endloop
  endfacet
  facet normal -0.6835923066623377 0.7298640683525011 0
    outer loop
      vertex -26.184726387262344 13.684726387262344 0
      vertex -25.97024980187416 13.88560563325882 2
      vertex -25.97024980187416 13.88560563325882 0
    endloop
  endfacet
  facet normal -0.6835923066623377 0.7298640683525011 0
    outer loop
      vertex -26.184726387262344 13.684726387262344 0
      vertex -26.184726387262344 13.684726387262344 2
      vertex -25.97024980187416 13.88560563325882 2
    endloop
  endfacet
  facet normal -0.7298640683525011 0.6835923066623377 0
    outer loop
      vertex -26.38560563325882 13.47024980187416 0
      vertex -26.184726387262344 13.684726387262344 2
      vertex -26.184726387262344 13.684726387262344 0
    endloop
  endfacet
  facet normal -0.7298640683525011 0.6835923066623377 0
    outer loop
      vertex -26.38560563325882 13.47024980187416 0
      vertex -26.38560563325882 13.47024980187416 2
      vertex -26.184726387262344 13.684726387262344 2
    endloop
  endfacet
  facet normal -0.7730104622699672 0.634393273310154 0
    outer loop
      vertex -26.57202734053135 13.24309428781271 0
      vertex -26.38560563325882 13.47024980187416 2
      vertex -26.38560563325882 13.47024980187416 0
    endloop
  endfacet
  facet normal -0.7730104622699672 0.634393273310154 0
    outer loop
      vertex -26.57202734053135 13.24309428781271 0
      vertex -26.57202734053135 13.24309428781271 2
      vertex -26.38560563325882 13.47024980187416 2
    endloop
  endfacet
  facet normal -0.8128466799571619 0.5824777033351742 0
    outer loop
      vertex -26.743193224072456 13.004232577979565 0
      vertex -26.57202734053135 13.24309428781271 2
      vertex -26.57202734053135 13.24309428781271 0
    endloop
  endfacet
  facet normal -0.8128466799571619 0.5824777033351742 0
    outer loop
      vertex -26.743193224072456 13.004232577979565 0
      vertex -26.743193224072456 13.004232577979565 2
      vertex -26.57202734053135 13.24309428781271 2
    endloop
  endfacet
  facet normal -0.8492021855140984 0.5280678442379148 0
    outer loop
      vertex -26.898370325565338 12.754687495529652 0
      vertex -26.743193224072456 13.004232577979565 2
      vertex -26.743193224072456 13.004232577979565 0
    endloop
  endfacet
  facet normal -0.8492021855140984 0.5280678442379148 0
    outer loop
      vertex -26.898370325565338 12.754687495529652 0
      vertex -26.898370325565338 12.754687495529652 2
      vertex -26.743193224072456 13.004232577979565 2
    endloop
  endfacet
  facet normal -0.8819212647509815 0.47139673607273636 0
    outer loop
      vertex -27.036894150078297 12.495527647435665 0
      vertex -26.898370325565338 12.754687495529652 2
      vertex -26.898370325565338 12.754687495529652 0
    endloop
  endfacet
  facet normal -0.8819212647509815 0.47139673607273636 0
    outer loop
      vertex -27.036894150078297 12.495527647435665 0
      vertex -27.036894150078297 12.495527647435665 2
      vertex -26.898370325565338 12.754687495529652 2
    endloop
  endfacet
  facet normal -0.910863814672186 0.4127070524243966 0
    outer loop
      vertex -27.15817152708769 12.227862790226936 0
      vertex -27.036894150078297 12.495527647435665 2
      vertex -27.036894150078297 12.495527647435665 0
    endloop
  endfacet
  facet normal -0.910863814672186 0.4127070524243966 0
    outer loop
      vertex -27.15817152708769 12.227862790226936 0
      vertex -27.15817152708769 12.227862790226936 2
      vertex -27.036894150078297 12.495527647435665 2
    endloop
  endfacet
  facet normal -0.9359059278352713 0.3522500450572007 0
    outer loop
      vertex -27.261683113873005 11.952839098870754 0
      vertex -27.15817152708769 12.227862790226936 2
      vertex -27.15817152708769 12.227862790226936 0
    endloop
  endfacet
  facet normal -0.9359059278352713 0.3522500450572007 0
    outer loop
      vertex -27.261683113873005 11.952839098870754 0
      vertex -27.261683113873005 11.952839098870754 2
      vertex -27.15817152708769 12.227862790226936 2
    endloop
  endfacet
  facet normal -0.9569403405568885 0.2902846613496251 0
    outer loop
      vertex -27.346985660493374 11.671634271740913 0
      vertex -27.261683113873005 11.952839098870754 2
      vertex -27.261683113873005 11.952839098870754 0
    endloop
  endfacet
  facet normal -0.9569403405568885 0.2902846613496251 0
    outer loop
      vertex -27.346985660493374 11.671634271740913 0
      vertex -27.346985660493374 11.671634271740913 2
      vertex -27.261683113873005 11.952839098870754 2
    endloop
  endfacet
  facet normal -0.9738769798738949 0.22707626047586124 0
    outer loop
      vertex -27.41371389478445 11.38545247912407 0
      vertex -27.346985660493374 11.671634271740913 2
      vertex -27.346985660493374 11.671634271740913 0
    endloop
  endfacet
  facet normal -0.9738769798738949 0.22707626047586124 0
    outer loop
      vertex -27.41371389478445 11.38545247912407 0
      vertex -27.41371389478445 11.38545247912407 2
      vertex -27.346985660493374 11.671634271740913 2
    endloop
  endfacet
  facet normal -0.986643330479586 0.16289548311770533 0
    outer loop
      vertex -27.461582079529762 11.095519177615643 0
      vertex -27.41371389478445 11.38545247912407 2
      vertex -27.41371389478445 11.38545247912407 0
    endloop
  endfacet
  facet normal -0.986643330479586 0.16289548311770533 0
    outer loop
      vertex -27.461582079529762 11.095519177615643 0
      vertex -27.461582079529762 11.095519177615643 2
      vertex -27.41371389478445 11.38545247912407 2
    endloop
  endfacet
  facet normal -0.9951847263484038 0.09801714361708747 0
    outer loop
      vertex -27.490385226905346 10.803075924515724 0
      vertex -27.461582079529762 11.095519177615643 2
      vertex -27.461582079529762 11.095519177615643 0
    endloop
  endfacet
  facet normal -0.9951847263484038 0.09801714361708747 0
    outer loop
      vertex -27.490385226905346 10.803075924515724 0
      vertex -27.490385226905346 10.803075924515724 2
      vertex -27.461582079529762 11.095519177615643 2
    endloop
  endfacet
  facet normal -0.99946458744275 0.03271908384862568 0
    outer loop
      vertex -27.5 10.509374998509884 0
      vertex -27.490385226905346 10.803075924515724 2
      vertex -27.490385226905346 10.803075924515724 0
    endloop
  endfacet
  facet normal -0.99946458744275 0.03271908384862568 0
    outer loop
      vertex -27.5 10.509374998509884 0
      vertex -27.5 10.509374998509884 2
      vertex -27.490385226905346 10.803075924515724 2
    endloop
  endfacet
  facet normal -1 0 0
    outer loop
      vertex -27.5 4.490625001490116 0
      vertex -27.5 10.509374998509884 2
      vertex -27.5 10.509374998509884 0
    endloop
  endfacet
  facet normal -1 0 0
    outer loop
      vertex -27.5 4.490625001490116 0
      vertex -27.5 4.490625001490116 2
      vertex -27.5 10.509374998509884 2
    endloop
  endfacet
  facet normal -0.99946458744275 -0.03271908384862568 0
    outer loop
      vertex -27.490385226905346 4.196924075484276 0
      vertex -27.5 4.490625001490116 2
      vertex -27.5 4.490625001490116 0
    endloop
  endfacet
  facet normal -0.99946458744275 -0.03271908384862568 0
    outer loop
      vertex -27.490385226905346 4.196924075484276 0
      vertex -27.490385226905346 4.196924075484276 2
      vertex -27.5 4.490625001490116 2
    endloop
  endfacet
  facet normal -0.9951847263484038 -0.09801714361708747 0
    outer loop
      vertex -27.461582079529762 3.9044808223843575 0
      vertex -27.490385226905346 4.196924075484276 2
      vertex -27.490385226905346 4.196924075484276 0
    endloop
  endfacet
  facet normal -0.9951847263484038 -0.09801714361708747 0
    outer loop
      vertex -27.461582079529762 3.9044808223843575 0
      vertex -27.461582079529762 3.9044808223843575 2
      vertex -27.490385226905346 4.196924075484276 2
    endloop
  endfacet
  facet normal -0.986643330479586 -0.16289548311770533 0
    outer loop
      vertex -27.41371389478445 3.614547520875931 0
      vertex -27.461582079529762 3.9044808223843575 2
      vertex -27.461582079529762 3.9044808223843575 0
    endloop
  endfacet
  facet normal -0.986643330479586 -0.16289548311770533 0
    outer loop
      vertex -27.41371389478445 3.614547520875931 0
      vertex -27.41371389478445 3.614547520875931 2
      vertex -27.461582079529762 3.9044808223843575 2
    endloop
  endfacet
  facet normal -0.9738769798738949 -0.22707626047586124 0
    outer loop
      vertex -27.346985660493374 3.3283657282590866 0
      vertex -27.41371389478445 3.614547520875931 2
      vertex -27.41371389478445 3.614547520875931 0
    endloop
  endfacet
  facet normal -0.9738769798738949 -0.22707626047586124 0
    outer loop
      vertex -27.346985660493374 3.3283657282590866 0
      vertex -27.346985660493374 3.3283657282590866 2
      vertex -27.41371389478445 3.614547520875931 2
    endloop
  endfacet
  facet normal -0.9569403405568885 -0.2902846613496251 0
    outer loop
      vertex -27.261683113873005 3.0471609011292458 0
      vertex -27.346985660493374 3.3283657282590866 2
      vertex -27.346985660493374 3.3283657282590866 0
    endloop
  endfacet
  facet normal -0.9569403405568885 -0.2902846613496251 0
    outer loop
      vertex -27.261683113873005 3.0471609011292458 0
      vertex -27.261683113873005 3.0471609011292458 2
      vertex -27.346985660493374 3.3283657282590866 2
    endloop
  endfacet
  facet normal -0.9359059278352713 -0.3522500450572007 0
    outer loop
      vertex -27.15817152708769 2.7721372097730637 0
      vertex -27.261683113873005 3.0471609011292458 2
      vertex -27.261683113873005 3.0471609011292458 0
    endloop
  endfacet
  facet normal -0.9359059278352713 -0.3522500450572007 0
    outer loop
      vertex -27.15817152708769 2.7721372097730637 0
      vertex -27.15817152708769 2.7721372097730637 2
      vertex -27.261683113873005 3.0471609011292458 2
    endloop
  endfacet
  facet normal -0.910863814672186 -0.4127070524243966 0
    outer loop
      vertex -27.036894150078297 2.504472352564335 0
      vertex -27.15817152708769 2.7721372097730637 2
      vertex -27.15817152708769 2.7721372097730637 0
    endloop
  endfacet
  facet normal -0.910863814672186 -0.4127070524243966 0
    outer loop
      vertex -27.036894150078297 2.504472352564335 0
      vertex -27.036894150078297 2.504472352564335 2
      vertex -27.15817152708769 2.7721372097730637 2
    endloop
  endfacet
  facet normal -0.8819212647509815 -0.47139673607273636 0
    outer loop
      vertex -26.898370325565338 2.2453125044703484 0
      vertex -27.036894150078297 2.504472352564335 2
      vertex -27.036894150078297 2.504472352564335 0
    endloop
  endfacet
  facet normal -0.8819212647509815 -0.47139673607273636 0
    outer loop
      vertex -26.898370325565338 2.2453125044703484 0
      vertex -26.898370325565338 2.2453125044703484 2
      vertex -27.036894150078297 2.504472352564335 2
    endloop
  endfacet
  facet normal -0.8492021855140984 -0.5280678442379148 0
    outer loop
      vertex -26.743193224072456 1.9957674220204353 0
      vertex -26.898370325565338 2.2453125044703484 2
      vertex -26.898370325565338 2.2453125044703484 0
    endloop
  endfacet
  facet normal -0.8492021855140984 -0.5280678442379148 0
    outer loop
      vertex -26.743193224072456 1.9957674220204353 0
      vertex -26.743193224072456 1.9957674220204353 2
      vertex -26.898370325565338 2.2453125044703484 2
    endloop
  endfacet
  facet normal -0.8128466799571619 -0.5824777033351742 0
    outer loop
      vertex -26.57202734053135 1.7569057121872902 0
      vertex -26.743193224072456 1.9957674220204353 2
      vertex -26.743193224072456 1.9957674220204353 0
    endloop
  endfacet
  facet normal -0.8128466799571619 -0.5824777033351742 0
    outer loop
      vertex -26.57202734053135 1.7569057121872902 0
      vertex -26.57202734053135 1.7569057121872902 2
      vertex -26.743193224072456 1.9957674220204353 2
    endloop
  endfacet
  facet normal -0.7730104622699672 -0.634393273310154 0
    outer loop
      vertex -26.38560563325882 1.5297501981258392 0
      vertex -26.57202734053135 1.7569057121872902 2
      vertex -26.57202734053135 1.7569057121872902 0
    endloop
  endfacet
  facet normal -0.7730104622699672 -0.634393273310154 0
    outer loop
      vertex -26.38560563325882 1.5297501981258392 0
      vertex -26.38560563325882 1.5297501981258392 2
      vertex -26.57202734053135 1.7569057121872902 2
    endloop
  endfacet
  facet normal -0.7298640683525011 -0.6835923066623377 0
    outer loop
      vertex -26.184726387262344 1.3152736127376556 0
      vertex -26.38560563325882 1.5297501981258392 2
      vertex -26.38560563325882 1.5297501981258392 0
    endloop
  endfacet
  facet normal -0.7298640683525011 -0.6835923066623377 0
    outer loop
      vertex -26.184726387262344 1.3152736127376556 0
      vertex -26.184726387262344 1.3152736127376556 2
      vertex -26.38560563325882 1.5297501981258392 2
    endloop
  endfacet
  facet normal -0.6835923066623377 -0.7298640683525011 0
    outer loop
      vertex -25.97024980187416 1.1143943667411804 0
      vertex -26.184726387262344 1.3152736127376556 2
      vertex -26.184726387262344 1.3152736127376556 0
    endloop
  endfacet
  facet normal -0.6835923066623377 -0.7298640683525011 0
    outer loop
      vertex -25.97024980187416 1.1143943667411804 0
      vertex -25.97024980187416 1.1143943667411804 2
      vertex -26.184726387262344 1.3152736127376556 2
    endloop
  endfacet
  facet normal -0.634393273310154 -0.7730104622699672 0
    outer loop
      vertex -25.74309428781271 0.9279726594686508 0
      vertex -25.97024980187416 1.1143943667411804 2
      vertex -25.97024980187416 1.1143943667411804 0
    endloop
  endfacet
  facet normal -0.634393273310154 -0.7730104622699672 0
    outer loop
      vertex -25.74309428781271 0.9279726594686508 0
      vertex -25.74309428781271 0.9279726594686508 2
      vertex -25.97024980187416 1.1143943667411804 2
    endloop
  endfacet
  facet normal -0.5824777033351742 -0.8128466799571619 0
    outer loop
      vertex -25.504232577979565 0.7568067759275436 0
      vertex -25.74309428781271 0.9279726594686508 2
      vertex -25.74309428781271 0.9279726594686508 0
    endloop
  endfacet
  facet normal -0.5824777033351742 -0.8128466799571619 0
    outer loop
      vertex -25.504232577979565 0.7568067759275436 0
      vertex -25.504232577979565 0.7568067759275436 2
      vertex -25.74309428781271 0.9279726594686508 2
    endloop
  endfacet
  facet normal -0.5280678442379148 -0.8492021855140984 0
    outer loop
      vertex -25.25468749552965 0.6016296744346619 0
      vertex -25.504232577979565 0.7568067759275436 2
      vertex -25.504232577979565 0.7568067759275436 0
    endloop
  endfacet
  facet normal -0.5280678442379148 -0.8492021855140984 0
    outer loop
      vertex -25.25468749552965 0.6016296744346619 0
      vertex -25.25468749552965 0.6016296744346619 2
      vertex -25.504232577979565 0.7568067759275436 2
    endloop
  endfacet
  facet normal -0.47139673607273636 -0.8819212647509815 0
    outer loop
      vertex -24.995527647435665 0.46310584992170334 0
      vertex -25.25468749552965 0.6016296744346619 2
      vertex -25.25468749552965 0.6016296744346619 0
    endloop
  endfacet
  facet normal -0.47139673607273636 -0.8819212647509815 0
    outer loop
      vertex -24.995527647435665 0.46310584992170334 0
      vertex -24.995527647435665 0.46310584992170334 2
      vertex -25.25468749552965 0.6016296744346619 2
    endloop
  endfacet
  facet normal -0.4127070524243966 -0.910863814672186 0
    outer loop
      vertex -24.727862790226936 0.34182847291231155 0
      vertex -24.995527647435665 0.46310584992170334 2
      vertex -24.995527647435665 0.46310584992170334 0
    endloop
  endfacet
  facet normal -0.4127070524243966 -0.910863814672186 0
    outer loop
      vertex -24.727862790226936 0.34182847291231155 0
      vertex -24.727862790226936 0.34182847291231155 2
      vertex -24.995527647435665 0.46310584992170334 2
    endloop
  endfacet
  facet normal -0.3522500450572007 -0.9359059278352713 0
    outer loop
      vertex -24.452839098870754 0.2383168861269951 0
      vertex -24.727862790226936 0.34182847291231155 2
      vertex -24.727862790226936 0.34182847291231155 0
    endloop
  endfacet
  facet normal -0.3522500450572007 -0.9359059278352713 0
    outer loop
      vertex -24.452839098870754 0.2383168861269951 0
      vertex -24.452839098870754 0.2383168861269951 2
      vertex -24.727862790226936 0.34182847291231155 2
    endloop
  endfacet
  facet normal -0.2902846613496251 -0.9569403405568885 0
    outer loop
      vertex -24.171634271740913 0.15301433950662613 0
      vertex -24.452839098870754 0.2383168861269951 2
      vertex -24.452839098870754 0.2383168861269951 0
    endloop
  endfacet
  facet normal -0.2902846613496251 -0.9569403405568885 0
    outer loop
      vertex -24.171634271740913 0.15301433950662613 0
      vertex -24.171634271740913 0.15301433950662613 2
      vertex -24.452839098870754 0.2383168861269951 2
    endloop
  endfacet
  facet normal -0.22707626047586124 -0.9738769798738949 0
    outer loop
      vertex -23.88545247912407 0.08628610521554947 0
      vertex -24.171634271740913 0.15301433950662613 2
      vertex -24.171634271740913 0.15301433950662613 0
    endloop
  endfacet
  facet normal -0.22707626047586124 -0.9738769798738949 0
    outer loop
      vertex -23.88545247912407 0.08628610521554947 0
      vertex -23.88545247912407 0.08628610521554947 2
      vertex -24.171634271740913 0.15301433950662613 2
    endloop
  endfacet
  facet normal -0.16289548311770533 -0.986643330479586 0
    outer loop
      vertex -23.595519177615643 0.03841792047023773 0
      vertex -23.88545247912407 0.08628610521554947 2
      vertex -23.88545247912407 0.08628610521554947 0
    endloop
  endfacet
  facet normal -0.16289548311770533 -0.986643330479586 0
    outer loop
      vertex -23.595519177615643 0.03841792047023773 0
      vertex -23.595519177615643 0.03841792047023773 2
      vertex -23.88545247912407 0.08628610521554947 2
    endloop
  endfacet
  facet normal -0.09801714361708747 -0.9951847263484038 0
    outer loop
      vertex -23.303075924515724 0.009614773094654083 0
      vertex -23.595519177615643 0.03841792047023773 2
      vertex -23.595519177615643 0.03841792047023773 0
    endloop
  endfacet
  facet normal -0.09801714361708747 -0.9951847263484038 0
    outer loop
      vertex -23.303075924515724 0.009614773094654083 0
      vertex -23.303075924515724 0.009614773094654083 2
      vertex -23.595519177615643 0.03841792047023773 2
    endloop
  endfacet
  facet normal -0.03271908384862568 -0.99946458744275 0
    outer loop
      vertex -23.009374998509884 0 0
      vertex -23.303075924515724 0.009614773094654083 2
      vertex -23.303075924515724 0.009614773094654083 0
    endloop
  endfacet
  facet normal -0.03271908384862568 -0.99946458744275 0
    outer loop
      vertex -23.009374998509884 0 0
      vertex -23.009374998509884 0 2
      vertex -23.303075924515724 0.009614773094654083 2
    endloop
  endfacet
  facet normal 0 1 0
    outer loop
      vertex -27.5 0 0
      vertex -23.009374998509884 0 2
      vertex -23.009374998509884 0 0
    endloop
  endfacet
  facet normal 0 1 0
    outer loop
      vertex -27.5 0 0
      vertex -27.5 0 2
      vertex -23.009374998509884 0 2
    endloop
  endfacet
  facet normal -1 0 0
    outer loop
      vertex -27.5 -12 0
      vertex -27.5 0 2
      vertex -27.5 0 0
    endloop
  endfacet
  facet normal -1 0 0
    outer loop
      vertex -27.5 -12 0
      vertex -27.5 -12 2
      vertex -27.5 0 2
    endloop
  endfacet
  facet normal 0 -1 0
    outer loop
      vertex 27.5 -12 0
      vertex -27.5 -12 2
      vertex -27.5 -12 0
    endloop
  endfacet
  facet normal 0 -1 0
    outer loop
      vertex 27.5 -12 0
      vertex 27.5 -12 2
      vertex -27.5 -12 2
    endloop
  endfacet
  facet normal 1 0 0
    outer loop
      vertex 27.5 0 0
      vertex 27.5 -12 2
      vertex 27.5 -12 0
    endloop
  endfacet
  facet normal 1 0 0
    outer loop
      vertex 27.5 0 0
      vertex 27.5 0 2
      vertex 27.5 -12 2
    endloop
  endfacet
  facet normal 0 1 0
    outer loop
      vertex 22.009374998509884 0 0
      vertex 27.5 0 2
      vertex 27.5 0 0
    endloop
  endfacet
  facet normal 0 1 0
    outer loop
      vertex 22.009374998509884 0 0
      vertex 22.009374998509884 0 2
      vertex 27.5 0 2
    endloop
  endfacet
  facet normal 0.03271909448023744 -0.9994645870947071 0
    outer loop
      vertex 22.368479058146477 0.01175585389137268 0
      vertex 22.009374998509884 0 2
      vertex 22.009374998509884 0 0
    endloop
  endfacet
  facet normal 0.03271909448023744 -0.9994645870947071 0
    outer loop
      vertex 22.368479058146477 0.01175585389137268 0
      vertex 22.368479058146477 0.01175585389137268 2
      vertex 22.009374998509884 0 2
    endloop
  endfacet
  facet normal 0 0 1
    outer loop
      vertex -23.009374998509884 0 2
      vertex -27.5 0 2
      vertex -27.5 -12 2
    endloop
  endfacet
  facet normal 0 0 1
    outer loop
      vertex 27.5 -12 2
      vertex 27.5 0 2
      vertex 22.009374998509884 0 2
    endloop
  endfacet
  facet normal 0 0 1
    outer loop
      vertex -27.5 -12 2
      vertex 27.5 -12 2
      vertex 22.009374998509884 0 2
    endloop
  endfacet
  facet normal 0 0 1
    outer loop
      vertex 5.799922704696655 1.23847446590662 2
      vertex 6.03827977925539 1.4617202207446098 2
      vertex 6.26152553409338 1.7000772953033447 2
    endloop
  endfacet
  facet normal 0 0 1
    outer loop
      vertex 5.547475002706051 1.0312959849834442 2
      vertex 5.799922704696655 1.23847446590662 2
      vertex 6.26152553409338 1.7000772953033447 2
    endloop
  endfacet
  facet normal 0 0 1
    outer loop
      vertex 5.282017692923546 0.8410719707608223 2
      vertex 5.547475002706051 1.0312959849834442 2
      vertex 6.26152553409338 1.7000772953033447 2
    endloop
  endfacet
  facet normal 0 0 1
    outer loop
      vertex 5.004687495529652 0.6686169728636742 2
      vertex 5.282017692923546 0.8410719707608223 2
      vertex 6.26152553409338 1.7000772953033447 2
    endloop
  endfacet
  facet normal 0 0 1
    outer loop
      vertex 4.716671995818615 0.5146694779396057 2
      vertex 5.004687495529652 0.6686169728636742 2
      vertex 6.26152553409338 1.7000772953033447 2
    endloop
  endfacet
  facet normal 0 0 1
    outer loop
      vertex 4.419204503297806 0.37988870590925217 2
      vertex 4.716671995818615 0.5146694779396057 2
      vertex 6.26152553409338 1.7000772953033447 2
    endloop
  endfacet
  facet normal 0 0 1
    outer loop
      vertex 4.113558828830719 0.2648518234491348 2
      vertex 4.419204503297806 0.37988870590925217 2
      vertex 6.26152553409338 1.7000772953033447 2
    endloop
  endfacet
  facet normal 0 0 1
    outer loop
      vertex 3.8010437935590744 0.1700514256954193 2
      vertex 4.113558828830719 0.2648518234491348 2
      vertex 6.26152553409338 1.7000772953033447 2
    endloop
  endfacet
  facet normal 0 0 1
    outer loop
      vertex 3.4829976335167885 0.09589346498250961 2
      vertex 3.8010437935590744 0.1700514256954193 2
      vertex 6.26152553409338 1.7000772953033447 2
    endloop
  endfacet
  facet normal 0 0 1
    outer loop
      vertex 3.160782277584076 0.04269549250602722 2
      vertex 3.4829976335167885 0.09589346498250961 2
      vertex 6.26152553409338 1.7000772953033447 2
    endloop
  endfacet
  facet normal 0 0 1
    outer loop
      vertex 3.160782277584076 0.04269549250602722 2
      vertex 6.26152553409338 1.7000772953033447 2
      vertex 6.468704015016556 1.9525249972939491 2
    endloop
  endfacet
  facet normal 0 0 1
    outer loop
      vertex 3.160782277584076 0.04269549250602722 2
      vertex 6.468704015016556 1.9525249972939491 2
      vertex 6.658928029239178 2.217982307076454 2
    endloop
  endfacet
  facet normal 0 0 1
    outer loop
      vertex 3.160782277584076 0.04269549250602722 2
      vertex 6.658928029239178 2.217982307076454 2
      vertex 6.831383027136326 2.4953125044703484 2
    endloop
  endfacet
  facet normal 0 0 1
    outer loop
      vertex 3.160782277584076 0.04269549250602722 2
      vertex 6.831383027136326 2.4953125044703484 2
      vertex 6.985330522060394 2.783328004181385 2
    endloop
  endfacet
  facet normal 0 0 1
    outer loop
      vertex 3.160782277584076 0.04269549250602722 2
      vertex 6.985330522060394 2.783328004181385 2
      vertex 7.120111294090748 3.080795496702194 2
    endloop
  endfacet
  facet normal 0 0 1
    outer loop
      vertex 3.160782277584076 0.04269549250602722 2
      vertex 7.120111294090748 3.080795496702194 2
      vertex 7.235148176550865 3.386441171169281 2
    endloop
  endfacet
  facet normal 0 0 1
    outer loop
      vertex 3.160782277584076 0.04269549250602722 2
      vertex 7.235148176550865 3.386441171169281 2
      vertex 7.329948574304581 3.6989562064409256 2
    endloop
  endfacet
  facet normal 0 0 1
    outer loop
      vertex 3.160782277584076 0.04269549250602722 2
      vertex 7.329948574304581 3.6989562064409256 2
      vertex 7.40410653501749 4.0170023664832115 2
    endloop
  endfacet
  facet normal 0 0 1
    outer loop
      vertex 3.160782277584076 0.04269549250602722 2
      vertex 7.40410653501749 4.0170023664832115 2
      vertex 7.457304507493973 4.339217722415924 2
    endloop
  endfacet
  facet normal 0 0 1
    outer loop
      vertex 2.8357774913311005 0.010685309767723083 2
      vertex 3.160782277584076 0.04269549250602722 2
      vertex 7.457304507493973 4.339217722415924 2
    endloop
  endfacet
  facet normal 0 0 1
    outer loop
      vertex 2.509374998509884 0 2
      vertex 2.8357774913311005 0.010685309767723083 2
      vertex 7.457304507493973 4.339217722415924 2
    endloop
  endfacet
  facet normal 0 0 1
    outer loop
      vertex 2.509374998509884 0 2
      vertex 7.457304507493973 4.339217722415924 2
      vertex 7.489314690232277 4.6642225086688995 2
    endloop
  endfacet
  facet normal 0 0 1
    outer loop
      vertex 2.509374998509884 0 2
      vertex 7.489314690232277 4.6642225086688995 2
      vertex 7.5 4.990625001490116 2
    endloop
  endfacet
  facet normal 0 0 1
    outer loop
      vertex 2.509374998509884 0 2
      vertex 7.5 4.990625001490116 2
      vertex 7.5 10.009374998509884 2
    endloop
  endfacet
  facet normal 0 0 1
    outer loop
      vertex 2.509374998509884 0 2
      vertex 7.5 10.009374998509884 2
      vertex 7.489314690232277 10.3357774913311 2
    endloop
  endfacet
  facet normal 0 0 1
    outer loop
      vertex 2.509374998509884 0 2
      vertex 7.489314690232277 10.3357774913311 2
      vertex 7.457304507493973 10.660782277584076 2
    endloop
  endfacet
  facet normal 0 0 1
    outer loop
      vertex 2.509374998509884 0 2
      vertex 7.457304507493973 10.660782277584076 2
      vertex 7.40410653501749 10.982997633516788 2
    endloop
  endfacet
  facet normal 0 0 1
    outer loop
      vertex 2.509374998509884 0 2
      vertex 7.40410653501749 10.982997633516788 2
      vertex 7.329948574304581 11.301043793559074 2
    endloop
  endfacet
  facet normal 0 0 1
    outer loop
      vertex 2.509374998509884 0 2
      vertex 7.329948574304581 11.301043793559074 2
      vertex 7.235148176550865 11.613558828830719 2
    endloop
  endfacet
  facet normal 0 0 1
    outer loop
      vertex 2.509374998509884 0 2
      vertex 7.235148176550865 11.613558828830719 2
      vertex 7.120111294090748 11.919204503297806 2
    endloop
  endfacet
  facet normal 0 0 1
    outer loop
      vertex 2.509374998509884 0 2
      vertex 7.120111294090748 11.919204503297806 2
      vertex 6.985330522060394 12.216671995818615 2
    endloop
  endfacet
  facet normal 0 0 1
    outer loop
      vertex 2.509374998509884 0 2
      vertex 6.985330522060394 12.216671995818615 2
      vertex 6.831383027136326 12.504687495529652 2
    endloop
  endfacet
  facet normal 0 0 1
    outer loop
      vertex 2.509374998509884 0 2
      vertex 6.831383027136326 12.504687495529652 2
      vertex 6.658928029239178 12.782017692923546 2
    endloop
  endfacet
  facet normal 0 0 1
    outer loop
      vertex 2.509374998509884 0 2
      vertex 6.658928029239178 12.782017692923546 2
      vertex 6.468704015016556 13.04747500270605 2
    endloop
  endfacet
  facet normal 0 0 1
    outer loop
      vertex 2.509374998509884 0 2
      vertex 6.468704015016556 13.04747500270605 2
      vertex 6.26152553409338 13.299922704696655 2
    endloop
  endfacet
  facet normal 0 0 1
    outer loop
      vertex 2.509374998509884 0 2
      vertex 6.26152553409338 13.299922704696655 2
      vertex 6.03827977925539 13.53827977925539 2
    endloop
  endfacet
  facet normal 0 0 1
    outer loop
      vertex 2.509374998509884 0 2
      vertex 6.03827977925539 13.53827977925539 2
      vertex 5.799922704696655 13.76152553409338 2
    endloop
  endfacet
  facet normal 0 0 1
    outer loop
      vertex 2.509374998509884 0 2
      vertex 5.799922704696655 13.76152553409338 2
      vertex 5.547475002706051 13.968704015016556 2
    endloop
  endfacet
  facet normal 0 0 1
    outer loop
      vertex 2.509374998509884 0 2
      vertex 5.547475002706051 13.968704015016556 2
      vertex 5.282017692923546 14.158928029239178 2
    endloop
  endfacet
  facet normal 0 0 1
    outer loop
      vertex 2.509374998509884 0 2
      vertex 5.282017692923546 14.158928029239178 2
      vertex 5.004687495529652 14.331383027136326 2
    endloop
  endfacet
  facet normal 0 0 1
    outer loop
      vertex 2.509374998509884 0 2
      vertex 5.004687495529652 14.331383027136326 2
      vertex 4.716671995818615 14.485330522060394 2
    endloop
  endfacet
  facet normal 0 0 1
    outer loop
      vertex 2.509374998509884 0 2
      vertex 4.716671995818615 14.485330522060394 2
      vertex 4.419204503297806 14.620111294090748 2
    endloop
  endfacet
  facet normal 0 0 1
    outer loop
      vertex 2.509374998509884 0 2
      vertex 4.419204503297806 14.620111294090748 2
      vertex 4.113558828830719 14.735148176550865 2
    endloop
  endfacet
  facet normal 0 0 1
    outer loop
      vertex 2.509374998509884 0 2
      vertex 4.113558828830719 14.735148176550865 2
      vertex 3.8010437935590744 14.82994857430458 2
    endloop
  endfacet
  facet normal 0 0 1
    outer loop
      vertex 2.509374998509884 0 2
      vertex 3.8010437935590744 14.82994857430458 2
      vertex 3.4829976335167885 14.90410653501749 2
    endloop
  endfacet
  facet normal 0 0 1
    outer loop
      vertex 2.509374998509884 0 2
      vertex 3.4829976335167885 14.90410653501749 2
      vertex 3.160782277584076 14.957304507493973 2
    endloop
  endfacet
  facet normal 0 0 1
    outer loop
      vertex 2.509374998509884 0 2
      vertex 3.160782277584076 14.957304507493973 2
      vertex 2.8357774913311005 14.989314690232277 2
    endloop
  endfacet
  facet normal 0 0 1
    outer loop
      vertex 2.509374998509884 0 2
      vertex 2.8357774913311005 14.989314690232277 2
      vertex 2.509374998509884 15 2
    endloop
  endfacet
  facet normal 0 0 1
    outer loop
      vertex 2.509374998509884 0 2
      vertex 2.509374998509884 15 2
      vertex -2.509374998509884 15 2
    endloop
  endfacet
  facet normal 0 0 1
    outer loop
      vertex 2.509374998509884 0 2
      vertex -2.509374998509884 15 2
      vertex -2.8357774913311005 14.989314690232277 2
    endloop
  endfacet
  facet normal 0 0 1
    outer loop
      vertex 2.509374998509884 0 2
      vertex -2.8357774913311005 14.989314690232277 2
      vertex -3.160782277584076 14.957304507493973 2
    endloop
  endfacet
  facet normal 0 0 1
    outer loop
      vertex 2.509374998509884 0 2
      vertex -3.160782277584076 14.957304507493973 2
      vertex -3.4829976335167885 14.90410653501749 2
    endloop
  endfacet
  facet normal 0 0 1
    outer loop
      vertex 2.509374998509884 0 2
      vertex -3.4829976335167885 14.90410653501749 2
      vertex -3.8010437935590744 14.82994857430458 2
    endloop
  endfacet
  facet normal 0 0 1
    outer loop
      vertex 2.509374998509884 0 2
      vertex -3.8010437935590744 14.82994857430458 2
      vertex -4.113558828830719 14.735148176550865 2
    endloop
  endfacet
  facet normal 0 0 1
    outer loop
      vertex 2.509374998509884 0 2
      vertex -4.113558828830719 14.735148176550865 2
      vertex -4.419204503297806 14.620111294090748 2
    endloop
  endfacet
  facet normal 0 0 1
    outer loop
      vertex 2.509374998509884 0 2
      vertex -4.419204503297806 14.620111294090748 2
      vertex -4.716671995818615 14.485330522060394 2
    endloop
  endfacet
  facet normal 0 0 1
    outer loop
      vertex 2.509374998509884 0 2
      vertex -4.716671995818615 14.485330522060394 2
      vertex -5.004687495529652 14.331383027136326 2
    endloop
  endfacet
  facet normal 0 0 1
    outer loop
      vertex 2.509374998509884 0 2
      vertex -5.004687495529652 14.331383027136326 2
      vertex -5.282017692923546 14.158928029239178 2
    endloop
  endfacet
  facet normal 0 0 1
    outer loop
      vertex 2.509374998509884 0 2
      vertex -5.282017692923546 14.158928029239178 2
      vertex -5.547475002706051 13.968704015016556 2
    endloop
  endfacet
  facet normal 0 0 1
    outer loop
      vertex 2.509374998509884 0 2
      vertex -5.547475002706051 13.968704015016556 2
      vertex -5.799922704696655 13.76152553409338 2
    endloop
  endfacet
  facet normal 0 0 1
    outer loop
      vertex 2.509374998509884 0 2
      vertex -5.799922704696655 13.76152553409338 2
      vertex -6.03827977925539 13.53827977925539 2
    endloop
  endfacet
  facet normal 0 0 1
    outer loop
      vertex 2.509374998509884 0 2
      vertex -6.03827977925539 13.53827977925539 2
      vertex -6.26152553409338 13.299922704696655 2
    endloop
  endfacet
  facet normal 0 0 1
    outer loop
      vertex 2.509374998509884 0 2
      vertex -6.26152553409338 13.299922704696655 2
      vertex -6.468704015016556 13.04747500270605 2
    endloop
  endfacet
  facet normal 0 0 1
    outer loop
      vertex 2.509374998509884 0 2
      vertex -6.468704015016556 13.04747500270605 2
      vertex -6.658928029239178 12.782017692923546 2
    endloop
  endfacet
  facet normal 0 0 1
    outer loop
      vertex 2.509374998509884 0 2
      vertex -6.658928029239178 12.782017692923546 2
      vertex -6.831383027136326 12.504687495529652 2
    endloop
  endfacet
  facet normal 0 0 1
    outer loop
      vertex 2.509374998509884 0 2
      vertex -6.831383027136326 12.504687495529652 2
      vertex -6.985330522060394 12.216671995818615 2
    endloop
  endfacet
  facet normal 0 0 1
    outer loop
      vertex 2.509374998509884 0 2
      vertex -6.985330522060394 12.216671995818615 2
      vertex -7.120111294090748 11.919204503297806 2
    endloop
  endfacet
  facet normal 0 0 1
    outer loop
      vertex 2.509374998509884 0 2
      vertex -7.120111294090748 11.919204503297806 2
      vertex -7.235148176550865 11.613558828830719 2
    endloop
  endfacet
  facet normal 0 0 1
    outer loop
      vertex 2.509374998509884 0 2
      vertex -7.235148176550865 11.613558828830719 2
      vertex -7.329948574304581 11.301043793559074 2
    endloop
  endfacet
  facet normal 0 0 1
    outer loop
      vertex 2.509374998509884 0 2
      vertex -7.329948574304581 11.301043793559074 2
      vertex -7.40410653501749 10.982997633516788 2
    endloop
  endfacet
  facet normal 0 0 1
    outer loop
      vertex 2.509374998509884 0 2
      vertex -7.40410653501749 10.982997633516788 2
      vertex -7.457304507493973 10.660782277584076 2
    endloop
  endfacet
  facet normal 0 0 1
    outer loop
      vertex 2.509374998509884 0 2
      vertex -7.457304507493973 10.660782277584076 2
      vertex -7.489314690232277 10.3357774913311 2
    endloop
  endfacet
  facet normal 0 0 1
    outer loop
      vertex 2.509374998509884 0 2
      vertex -7.489314690232277 10.3357774913311 2
      vertex -7.5 10.009374998509884 2
    endloop
  endfacet
  facet normal 0 0 1
    outer loop
      vertex 2.509374998509884 0 2
      vertex -7.5 10.009374998509884 2
      vertex -7.5 4.990625001490116 2
    endloop
  endfacet
  facet normal 0 0 1
    outer loop
      vertex 2.509374998509884 0 2
      vertex -7.5 4.990625001490116 2
      vertex -7.489314690232277 4.6642225086688995 2
    endloop
  endfacet
  facet normal 0 0 1
    outer loop
      vertex 2.509374998509884 0 2
      vertex -7.489314690232277 4.6642225086688995 2
      vertex -7.457304507493973 4.339217722415924 2
    endloop
  endfacet
  facet normal 0 0 1
    outer loop
      vertex 2.509374998509884 0 2
      vertex -7.457304507493973 4.339217722415924 2
      vertex -7.40410653501749 4.0170023664832115 2
    endloop
  endfacet
  facet normal 0 0 1
    outer loop
      vertex 2.509374998509884 0 2
      vertex -7.40410653501749 4.0170023664832115 2
      vertex -7.329948574304581 3.6989562064409256 2
    endloop
  endfacet
  facet normal 0 0 1
    outer loop
      vertex 2.509374998509884 0 2
      vertex -7.329948574304581 3.6989562064409256 2
      vertex -7.235148176550865 3.386441171169281 2
    endloop
  endfacet
  facet normal 0 0 1
    outer loop
      vertex 2.509374998509884 0 2
      vertex -7.235148176550865 3.386441171169281 2
      vertex -7.120111294090748 3.080795496702194 2
    endloop
  endfacet
  facet normal 0 0 1
    outer loop
      vertex 2.509374998509884 0 2
      vertex -7.120111294090748 3.080795496702194 2
      vertex -6.985330522060394 2.783328004181385 2
    endloop
  endfacet
  facet normal 0 0 1
    outer loop
      vertex 2.509374998509884 0 2
      vertex -6.985330522060394 2.783328004181385 2
      vertex -6.831383027136326 2.4953125044703484 2
    endloop
  endfacet
  facet normal 0 0 1
    outer loop
      vertex 2.509374998509884 0 2
      vertex -6.831383027136326 2.4953125044703484 2
      vertex -6.658928029239178 2.217982307076454 2
    endloop
  endfacet
  facet normal 0 0 1
    outer loop
      vertex 2.509374998509884 0 2
      vertex -6.658928029239178 2.217982307076454 2
      vertex -6.468704015016556 1.9525249972939491 2
    endloop
  endfacet
  facet normal 0 0 1
    outer loop
      vertex 2.509374998509884 0 2
      vertex -6.468704015016556 1.9525249972939491 2
      vertex -6.26152553409338 1.7000772953033447 2
    endloop
  endfacet
  facet normal 0 0 1
    outer loop
      vertex 2.509374998509884 0 2
      vertex -6.26152553409338 1.7000772953033447 2
      vertex -6.03827977925539 1.4617202207446098 2
    endloop
  endfacet
  facet normal 0 0 1
    outer loop
      vertex 2.509374998509884 0 2
      vertex -6.03827977925539 1.4617202207446098 2
      vertex -5.799922704696655 1.23847446590662 2
    endloop
  endfacet
  facet normal 0 0 1
    outer loop
      vertex 2.509374998509884 0 2
      vertex -5.799922704696655 1.23847446590662 2
      vertex -5.547475002706051 1.0312959849834442 2
    endloop
  endfacet
  facet normal 0 0 1
    outer loop
      vertex 2.509374998509884 0 2
      vertex -5.547475002706051 1.0312959849834442 2
      vertex -5.282017692923546 0.8410719707608223 2
    endloop
  endfacet
  facet normal 0 0 1
    outer loop
      vertex 2.509374998509884 0 2
      vertex -5.282017692923546 0.8410719707608223 2
      vertex -5.004687495529652 0.6686169728636742 2
    endloop
  endfacet
  facet normal 0 0 1
    outer loop
      vertex 2.509374998509884 0 2
      vertex -5.004687495529652 0.6686169728636742 2
      vertex -4.716671995818615 0.5146694779396057 2
    endloop
  endfacet
  facet normal 0 0 1
    outer loop
      vertex 2.509374998509884 0 2
      vertex -4.716671995818615 0.5146694779396057 2
      vertex -4.419204503297806 0.37988870590925217 2
    endloop
  endfacet
  facet normal 0 0 1
    outer loop
      vertex 2.509374998509884 0 2
      vertex -4.419204503297806 0.37988870590925217 2
      vertex -4.113558828830719 0.2648518234491348 2
    endloop
  endfacet
  facet normal 0 0 1
    outer loop
      vertex 2.509374998509884 0 2
      vertex -4.113558828830719 0.2648518234491348 2
      vertex -3.8010437935590744 0.1700514256954193 2
    endloop
  endfacet
  facet normal 0 0 1
    outer loop
      vertex 2.509374998509884 0 2
      vertex -3.8010437935590744 0.1700514256954193 2
      vertex -3.4829976335167885 0.09589346498250961 2
    endloop
  endfacet
  facet normal 0 0 1
    outer loop
      vertex 2.509374998509884 0 2
      vertex -3.4829976335167885 0.09589346498250961 2
      vertex -3.160782277584076 0.04269549250602722 2
    endloop
  endfacet
  facet normal 0 0 1
    outer loop
      vertex 2.509374998509884 0 2
      vertex -3.160782277584076 0.04269549250602722 2
      vertex -2.8357774913311005 0.010685309767723083 2
    endloop
  endfacet
  facet normal 0 0 1
    outer loop
      vertex 2.509374998509884 0 2
      vertex -2.8357774913311005 0.010685309767723083 2
      vertex -2.509374998509884 0 2
    endloop
  endfacet
  facet normal 0 0 1
    outer loop
      vertex 22.368479058146477 0.01175585389137268 2
      vertex 22.72604537010193 0.046973057091236115 2
      vertex 23.08054279536009 0.10550082474946976 2
    endloop
  endfacet
  facet normal 0 0 1
    outer loop
      vertex 22.009374998509884 0 2
      vertex 22.368479058146477 0.01175585389137268 2
      vertex 23.08054279536009 0.10550082474946976 2
    endloop
  endfacet
  facet normal 0 0 1
    outer loop
      vertex 22.009374998509884 0 2
      vertex 23.08054279536009 0.10550082474946976 2
      vertex 23.430453315377235 0.1870885118842125 2
    endloop
  endfacet
  facet normal 0 0 1
    outer loop
      vertex 22.009374998509884 0 2
      vertex 23.430453315377235 0.1870885118842125 2
      vertex 23.774278566241264 0.29138676077127457 2
    endloop
  endfacet
  facet normal 0 0 1
    outer loop
      vertex 22.009374998509884 0 2
      vertex 23.774278566241264 0.29138676077127457 2
      vertex 24.110546216368675 0.4179489463567734 2
    endloop
  endfacet
  facet normal 0 0 1
    outer loop
      vertex 22.009374998509884 0 2
      vertex 24.110546216368675 0.4179489463567734 2
      vertex 24.437816336750984 0.5662331059575081 2
    endloop
  endfacet
  facet normal 0 0 1
    outer loop
      vertex 22.009374998509884 0 2
      vertex 24.437816336750984 0.5662331059575081 2
      vertex 24.75468749552965 0.7356042712926865 2
    endloop
  endfacet
  facet normal 0 0 1
    outer loop
      vertex 22.009374998509884 0 2
      vertex 24.75468749552965 0.7356042712926865 2
      vertex 25.059802807867527 0.9253371581435204 2
    endloop
  endfacet
  facet normal 0 0 1
    outer loop
      vertex 22.009374998509884 0 2
      vertex 25.059802807867527 0.9253371581435204 2
      vertex 25.351855717599392 1.1346193179488182 2
    endloop
  endfacet
  facet normal 0 0 1
    outer loop
      vertex 22.009374998509884 0 2
      vertex 25.351855717599392 1.1346193179488182 2
      vertex 25.62959561496973 1.362554557621479 2
    endloop
  endfacet
  facet normal 0 0 1
    outer loop
      vertex 22.009374998509884 0 2
      vertex 25.62959561496973 1.362554557621479 2
      vertex 25.891833171248436 1.608166828751564 2
    endloop
  endfacet
  facet normal 0 0 1
    outer loop
      vertex 22.009374998509884 0 2
      vertex 25.891833171248436 1.608166828751564 2
      vertex 26.13744544237852 1.8704043850302696 2
    endloop
  endfacet
  facet normal 0 0 1
    outer loop
      vertex 22.009374998509884 0 2
      vertex 26.13744544237852 1.8704043850302696 2
      vertex 26.365380682051182 2.148144282400608 2
    endloop
  endfacet
  facet normal 0 0 1
    outer loop
      vertex 22.009374998509884 0 2
      vertex 26.365380682051182 2.148144282400608 2
      vertex 26.57466284185648 2.440197192132473 2
    endloop
  endfacet
  facet normal 0 0 1
    outer loop
      vertex 22.009374998509884 0 2
      vertex 26.57466284185648 2.440197192132473 2
      vertex 26.764395728707314 2.7453125044703484 2
    endloop
  endfacet
  facet normal 0 0 1
    outer loop
      vertex 22.009374998509884 0 2
      vertex 26.764395728707314 2.7453125044703484 2
      vertex 26.933766894042492 3.062183663249016 2
    endloop
  endfacet
  facet normal 0 0 1
    outer loop
      vertex 22.009374998509884 0 2
      vertex 26.933766894042492 3.062183663249016 2
      vertex 27.082051053643227 3.3894537836313248 2
    endloop
  endfacet
  facet normal 0 0 1
    outer loop
      vertex 22.009374998509884 0 2
      vertex 27.082051053643227 3.3894537836313248 2
      vertex 27.208613239228725 3.7257214337587357 2
    endloop
  endfacet
  facet normal 0 0 1
    outer loop
      vertex 22.009374998509884 0 2
      vertex 27.208613239228725 3.7257214337587357 2
      vertex 27.312911488115788 4.069546684622765 2
    endloop
  endfacet
  facet normal 0 0 1
    outer loop
      vertex 22.009374998509884 0 2
      vertex 27.312911488115788 4.069546684622765 2
      vertex 27.39449917525053 4.419457204639912 2
    endloop
  endfacet
  facet normal 0 0 1
    outer loop
      vertex 22.009374998509884 0 2
      vertex 27.39449917525053 4.419457204639912 2
      vertex 27.453026942908764 4.773954629898071 2
    endloop
  endfacet
  facet normal 0 0 1
    outer loop
      vertex 22.009374998509884 0 2
      vertex 27.453026942908764 4.773954629898071 2
      vertex 27.488244146108627 5.131520941853523 2
    endloop
  endfacet
  facet normal 0 0 1
    outer loop
      vertex 22.009374998509884 0 2
      vertex 27.488244146108627 5.131520941853523 2
      vertex 27.5 5.490625001490116 2
    endloop
  endfacet
  facet normal 0 0 1
    outer loop
      vertex 22.009374998509884 0 2
      vertex 27.5 5.490625001490116 2
      vertex 27.5 9.509374998509884 2
    endloop
  endfacet
  facet normal 0 0 1
    outer loop
      vertex 22.009374998509884 0 2
      vertex 27.5 9.509374998509884 2
      vertex 27.488244146108627 9.868479058146477 2
    endloop
  endfacet
  facet normal 0 0 1
    outer loop
      vertex 22.009374998509884 0 2
      vertex 27.488244146108627 9.868479058146477 2
      vertex 27.453026942908764 10.226045370101929 2
    endloop
  endfacet
  facet normal 0 0 1
    outer loop
      vertex 22.009374998509884 0 2
      vertex 27.453026942908764 10.226045370101929 2
      vertex 27.39449917525053 10.580542795360088 2
    endloop
  endfacet
  facet normal 0 0 1
    outer loop
      vertex 22.009374998509884 0 2
      vertex 27.39449917525053 10.580542795360088 2
      vertex 27.312911488115788 10.930453315377235 2
    endloop
  endfacet
  facet normal 0 0 1
    outer loop
      vertex 22.009374998509884 0 2
      vertex 27.312911488115788 10.930453315377235 2
      vertex 27.208613239228725 11.274278566241264 2
    endloop
  endfacet
  facet normal 0 0 1
    outer loop
      vertex 22.009374998509884 0 2
      vertex 27.208613239228725 11.274278566241264 2
      vertex 27.082051053643227 11.610546216368675 2
    endloop
  endfacet
  facet normal 0 0 1
    outer loop
      vertex 22.009374998509884 0 2
      vertex 27.082051053643227 11.610546216368675 2
      vertex 26.933766894042492 11.937816336750984 2
    endloop
  endfacet
  facet normal 0 0 1
    outer loop
      vertex 22.009374998509884 0 2
      vertex 26.933766894042492 11.937816336750984 2
      vertex 26.764395728707314 12.254687495529652 2
    endloop
  endfacet
  facet normal 0 0 1
    outer loop
      vertex 22.009374998509884 0 2
      vertex 26.764395728707314 12.254687495529652 2
      vertex 26.57466284185648 12.559802807867527 2
    endloop
  endfacet
  facet normal 0 0 1
    outer loop
      vertex 22.009374998509884 0 2
      vertex 26.57466284185648 12.559802807867527 2
      vertex 26.365380682051182 12.851855717599392 2
    endloop
  endfacet
  facet normal 0 0 1
    outer loop
      vertex 22.009374998509884 0 2
      vertex 26.365380682051182 12.851855717599392 2
      vertex 26.13744544237852 13.12959561496973 2
    endloop
  endfacet
  facet normal 0 0 1
    outer loop
      vertex 22.009374998509884 0 2
      vertex 26.13744544237852 13.12959561496973 2
      vertex 25.891833171248436 13.391833171248436 2
    endloop
  endfacet
  facet normal 0 0 1
    outer loop
      vertex 22.009374998509884 0 2
      vertex 25.891833171248436 13.391833171248436 2
      vertex 25.62959561496973 13.637445442378521 2
    endloop
  endfacet
  facet normal 0 0 1
    outer loop
      vertex 22.009374998509884 0 2
      vertex 25.62959561496973 13.637445442378521 2
      vertex 25.351855717599392 13.865380682051182 2
    endloop
  endfacet
  facet normal 0 0 1
    outer loop
      vertex 22.009374998509884 0 2
      vertex 25.351855717599392 13.865380682051182 2
      vertex 25.059802807867527 14.07466284185648 2
    endloop
  endfacet
  facet normal 0 0 1
    outer loop
      vertex 22.009374998509884 0 2
      vertex 25.059802807867527 14.07466284185648 2
      vertex 24.75468749552965 14.264395728707314 2
    endloop
  endfacet
  facet normal 0 0 1
    outer loop
      vertex 22.009374998509884 0 2
      vertex 24.75468749552965 14.264395728707314 2
      vertex 24.437816336750984 14.433766894042492 2
    endloop
  endfacet
  facet normal 0 0 1
    outer loop
      vertex 22.009374998509884 0 2
      vertex 24.437816336750984 14.433766894042492 2
      vertex 24.110546216368675 14.582051053643227 2
    endloop
  endfacet
  facet normal 0 0 1
    outer loop
      vertex 22.009374998509884 0 2
      vertex 24.110546216368675 14.582051053643227 2
      vertex 23.774278566241264 14.708613239228725 2
    endloop
  endfacet
  facet normal 0 0 1
    outer loop
      vertex 22.009374998509884 0 2
      vertex 23.774278566241264 14.708613239228725 2
      vertex 23.430453315377235 14.812911488115788 2
    endloop
  endfacet
  facet normal 0 0 1
    outer loop
      vertex 22.009374998509884 0 2
      vertex 23.430453315377235 14.812911488115788 2
      vertex 23.08054279536009 14.89449917525053 2
    endloop
  endfacet
  facet normal 0 0 1
    outer loop
      vertex 22.009374998509884 0 2
      vertex 23.08054279536009 14.89449917525053 2
      vertex 22.72604537010193 14.953026942908764 2
    endloop
  endfacet
  facet normal 0 0 1
    outer loop
      vertex 22.009374998509884 0 2
      vertex 22.72604537010193 14.953026942908764 2
      vertex 22.368479058146477 14.988244146108627 2
    endloop
  endfacet
  facet normal 0 0 1
    outer loop
      vertex 22.009374998509884 0 2
      vertex 22.368479058146477 14.988244146108627 2
      vertex 22.009374998509884 15 2
    endloop
  endfacet
  facet normal 0 0 1
    outer loop
      vertex 22.009374998509884 0 2
      vertex 22.009374998509884 15 2
      vertex 17.990625001490116 15 2
    endloop
  endfacet
  facet normal 0 0 1
    outer loop
      vertex 22.009374998509884 0 2
      vertex 17.990625001490116 15 2
      vertex 17.631520941853523 14.988244146108627 2
    endloop
  endfacet
  facet normal 0 0 1
    outer loop
      vertex 22.009374998509884 0 2
      vertex 17.631520941853523 14.988244146108627 2
      vertex 17.27395462989807 14.953026942908764 2
    endloop
  endfacet
  facet normal 0 0 1
    outer loop
      vertex 22.009374998509884 0 2
      vertex 17.27395462989807 14.953026942908764 2
      vertex 16.91945720463991 14.89449917525053 2
    endloop
  endfacet
  facet normal 0 0 1
    outer loop
      vertex 22.009374998509884 0 2
      vertex 16.91945720463991 14.89449917525053 2
      vertex 16.569546684622765 14.812911488115788 2
    endloop
  endfacet
  facet normal 0 0 1
    outer loop
      vertex 22.009374998509884 0 2
      vertex 16.569546684622765 14.812911488115788 2
      vertex 16.225721433758736 14.708613239228725 2
    endloop
  endfacet
  facet normal 0 0 1
    outer loop
      vertex 22.009374998509884 0 2
      vertex 16.225721433758736 14.708613239228725 2
      vertex 15.889453783631325 14.582051053643227 2
    endloop
  endfacet
  facet normal 0 0 1
    outer loop
      vertex 22.009374998509884 0 2
      vertex 15.889453783631325 14.582051053643227 2
      vertex 15.562183663249016 14.433766894042492 2
    endloop
  endfacet
  facet normal 0 0 1
    outer loop
      vertex 22.009374998509884 0 2
      vertex 15.562183663249016 14.433766894042492 2
      vertex 15.245312504470348 14.264395728707314 2
    endloop
  endfacet
  facet normal 0 0 1
    outer loop
      vertex 22.009374998509884 0 2
      vertex 15.245312504470348 14.264395728707314 2
      vertex 14.940197192132473 14.07466284185648 2
    endloop
  endfacet
  facet normal 0 0 1
    outer loop
      vertex 22.009374998509884 0 2
      vertex 14.940197192132473 14.07466284185648 2
      vertex 14.648144282400608 13.865380682051182 2
    endloop
  endfacet
  facet normal 0 0 1
    outer loop
      vertex 22.009374998509884 0 2
      vertex 14.648144282400608 13.865380682051182 2
      vertex 14.37040438503027 13.637445442378521 2
    endloop
  endfacet
  facet normal 0 0 1
    outer loop
      vertex 22.009374998509884 0 2
      vertex 14.37040438503027 13.637445442378521 2
      vertex 14.108166828751564 13.391833171248436 2
    endloop
  endfacet
  facet normal 0 0 1
    outer loop
      vertex 22.009374998509884 0 2
      vertex 14.108166828751564 13.391833171248436 2
      vertex 13.862554557621479 13.12959561496973 2
    endloop
  endfacet
  facet normal 0 0 1
    outer loop
      vertex 22.009374998509884 0 2
      vertex 13.862554557621479 13.12959561496973 2
      vertex 13.634619317948818 12.851855717599392 2
    endloop
  endfacet
  facet normal 0 0 1
    outer loop
      vertex 22.009374998509884 0 2
      vertex 13.634619317948818 12.851855717599392 2
      vertex 13.42533715814352 12.559802807867527 2
    endloop
  endfacet
  facet normal 0 0 1
    outer loop
      vertex 22.009374998509884 0 2
      vertex 13.42533715814352 12.559802807867527 2
      vertex 13.235604271292686 12.254687495529652 2
    endloop
  endfacet
  facet normal 0 0 1
    outer loop
      vertex 22.009374998509884 0 2
      vertex 13.235604271292686 12.254687495529652 2
      vertex 13.066233105957508 11.937816336750984 2
    endloop
  endfacet
  facet normal 0 0 1
    outer loop
      vertex 22.009374998509884 0 2
      vertex 13.066233105957508 11.937816336750984 2
      vertex 12.917948946356773 11.610546216368675 2
    endloop
  endfacet
  facet normal 0 0 1
    outer loop
      vertex 22.009374998509884 0 2
      vertex 12.917948946356773 11.610546216368675 2
      vertex 12.791386760771275 11.274278566241264 2
    endloop
  endfacet
  facet normal 0 0 1
    outer loop
      vertex 22.009374998509884 0 2
      vertex 12.791386760771275 11.274278566241264 2
      vertex 12.687088511884212 10.930453315377235 2
    endloop
  endfacet
  facet normal 0 0 1
    outer loop
      vertex 22.009374998509884 0 2
      vertex 12.687088511884212 10.930453315377235 2
      vertex 12.60550082474947 10.580542795360088 2
    endloop
  endfacet
  facet normal 0 0 1
    outer loop
      vertex 22.009374998509884 0 2
      vertex 12.60550082474947 10.580542795360088 2
      vertex 12.546973057091236 10.226045370101929 2
    endloop
  endfacet
  facet normal 0 0 1
    outer loop
      vertex 22.009374998509884 0 2
      vertex 12.546973057091236 10.226045370101929 2
      vertex 12.511755853891373 9.868479058146477 2
    endloop
  endfacet
  facet normal 0 0 1
    outer loop
      vertex 22.009374998509884 0 2
      vertex 12.511755853891373 9.868479058146477 2
      vertex 12.5 9.509374998509884 2
    endloop
  endfacet
  facet normal 0 0 1
    outer loop
      vertex 22.009374998509884 0 2
      vertex 12.5 9.509374998509884 2
      vertex 12.5 5.490625001490116 2
    endloop
  endfacet
  facet normal 0 0 1
    outer loop
      vertex 22.009374998509884 0 2
      vertex 12.5 5.490625001490116 2
      vertex 12.511755853891373 5.131520941853523 2
    endloop
  endfacet
  facet normal 0 0 1
    outer loop
      vertex 22.009374998509884 0 2
      vertex 12.511755853891373 5.131520941853523 2
      vertex 12.546973057091236 4.773954629898071 2
    endloop
  endfacet
  facet normal 0 0 1
    outer loop
      vertex 22.009374998509884 0 2
      vertex 12.546973057091236 4.773954629898071 2
      vertex 12.60550082474947 4.419457204639912 2
    endloop
  endfacet
  facet normal 0 0 1
    outer loop
      vertex 22.009374998509884 0 2
      vertex 12.60550082474947 4.419457204639912 2
      vertex 12.687088511884212 4.069546684622765 2
    endloop
  endfacet
  facet normal 0 0 1
    outer loop
      vertex 22.009374998509884 0 2
      vertex 12.687088511884212 4.069546684622765 2
      vertex 12.791386760771275 3.7257214337587357 2
    endloop
  endfacet
  facet normal 0 0 1
    outer loop
      vertex 22.009374998509884 0 2
      vertex 12.791386760771275 3.7257214337587357 2
      vertex 12.917948946356773 3.3894537836313248 2
    endloop
  endfacet
  facet normal 0 0 1
    outer loop
      vertex 22.009374998509884 0 2
      vertex 12.917948946356773 3.3894537836313248 2
      vertex 13.066233105957508 3.062183663249016 2
    endloop
  endfacet
  facet normal 0 0 1
    outer loop
      vertex 22.009374998509884 0 2
      vertex 13.066233105957508 3.062183663249016 2
      vertex 13.235604271292686 2.7453125044703484 2
    endloop
  endfacet
  facet normal 0 0 1
    outer loop
      vertex 22.009374998509884 0 2
      vertex 13.235604271292686 2.7453125044703484 2
      vertex 13.42533715814352 2.440197192132473 2
    endloop
  endfacet
  facet normal 0 0 1
    outer loop
      vertex 22.009374998509884 0 2
      vertex 13.42533715814352 2.440197192132473 2
      vertex 13.634619317948818 2.148144282400608 2
    endloop
  endfacet
  facet normal 0 0 1
    outer loop
      vertex 22.009374998509884 0 2
      vertex 13.634619317948818 2.148144282400608 2
      vertex 13.862554557621479 1.8704043850302696 2
    endloop
  endfacet
  facet normal 0 0 1
    outer loop
      vertex 22.009374998509884 0 2
      vertex 13.862554557621479 1.8704043850302696 2
      vertex 14.108166828751564 1.608166828751564 2
    endloop
  endfacet
  facet normal 0 0 1
    outer loop
      vertex 22.009374998509884 0 2
      vertex 14.108166828751564 1.608166828751564 2
      vertex 14.37040438503027 1.362554557621479 2
    endloop
  endfacet
  facet normal 0 0 1
    outer loop
      vertex 22.009374998509884 0 2
      vertex 14.37040438503027 1.362554557621479 2
      vertex 14.648144282400608 1.1346193179488182 2
    endloop
  endfacet
  facet normal 0 0 1
    outer loop
      vertex 22.009374998509884 0 2
      vertex 14.648144282400608 1.1346193179488182 2
      vertex 14.940197192132473 0.9253371581435204 2
    endloop
  endfacet
  facet normal 0 0 1
    outer loop
      vertex 22.009374998509884 0 2
      vertex 14.940197192132473 0.9253371581435204 2
      vertex 15.245312504470348 0.7356042712926865 2
    endloop
  endfacet
  facet normal 0 0 1
    outer loop
      vertex 22.009374998509884 0 2
      vertex 15.245312504470348 0.7356042712926865 2
      vertex 15.562183663249016 0.5662331059575081 2
    endloop
  endfacet
  facet normal 0 0 1
    outer loop
      vertex 22.009374998509884 0 2
      vertex 15.562183663249016 0.5662331059575081 2
      vertex 15.889453783631325 0.4179489463567734 2
    endloop
  endfacet
  facet normal 0 0 1
    outer loop
      vertex 22.009374998509884 0 2
      vertex 15.889453783631325 0.4179489463567734 2
      vertex 16.225721433758736 0.29138676077127457 2
    endloop
  endfacet
  facet normal 0 0 1
    outer loop
      vertex 22.009374998509884 0 2
      vertex 16.225721433758736 0.29138676077127457 2
      vertex 16.569546684622765 0.1870885118842125 2
    endloop
  endfacet
  facet normal 0 0 1
    outer loop
      vertex 22.009374998509884 0 2
      vertex 16.569546684622765 0.1870885118842125 2
      vertex 16.91945720463991 0.10550082474946976 2
    endloop
  endfacet
  facet normal 0 0 1
    outer loop
      vertex 22.009374998509884 0 2
      vertex 16.91945720463991 0.10550082474946976 2
      vertex 17.27395462989807 0.046973057091236115 2
    endloop
  endfacet
  facet normal 0 0 1
    outer loop
      vertex 22.009374998509884 0 2
      vertex 17.27395462989807 0.046973057091236115 2
      vertex 17.631520941853523 0.01175585389137268 2
    endloop
  endfacet
  facet normal 0 0 1
    outer loop
      vertex 22.009374998509884 0 2
      vertex 17.631520941853523 0.01175585389137268 2
      vertex 17.990625001490116 0 2
    endloop
  endfacet
  facet normal 0 0 1
    outer loop
      vertex -27.5 -12 2
      vertex 22.009374998509884 0 2
      vertex 17.990625001490116 0 2
    endloop
  endfacet
  facet normal 0 0 1
    outer loop
      vertex -27.5 -12 2
      vertex 17.990625001490116 0 2
      vertex 2.509374998509884 0 2
    endloop
  endfacet
  facet normal 0 0 1
    outer loop
      vertex -27.5 -12 2
      vertex 2.509374998509884 0 2
      vertex -2.509374998509884 0 2
    endloop
  endfacet
  facet normal 0 0 1
    outer loop
      vertex -27.5 -12 2
      vertex -2.509374998509884 0 2
      vertex -16.990625001490116 0 2
    endloop
  endfacet
  facet normal 0 0 1
    outer loop
      vertex -23.009374998509884 0 2
      vertex -27.5 -12 2
      vertex -16.990625001490116 0 2
    endloop
  endfacet
  facet normal 0 0 1
    outer loop
      vertex -15.547160901129246 0.2383168861269951 2
      vertex -15.272137209773064 0.34182847291231155 2
      vertex -15.004472352564335 0.46310584992170334 2
    endloop
  endfacet
  facet normal 0 0 1
    outer loop
      vertex -15.828365728259087 0.15301433950662613 2
      vertex -15.547160901129246 0.2383168861269951 2
      vertex -15.004472352564335 0.46310584992170334 2
    endloop
  endfacet
  facet normal 0 0 1
    outer loop
      vertex -16.11454752087593 0.08628610521554947 2
      vertex -15.828365728259087 0.15301433950662613 2
      vertex -15.004472352564335 0.46310584992170334 2
    endloop
  endfacet
  facet normal 0 0 1
    outer loop
      vertex -16.11454752087593 0.08628610521554947 2
      vertex -15.004472352564335 0.46310584992170334 2
      vertex -14.745312504470348 0.6016296744346619 2
    endloop
  endfacet
  facet normal 0 0 1
    outer loop
      vertex -16.11454752087593 0.08628610521554947 2
      vertex -14.745312504470348 0.6016296744346619 2
      vertex -14.495767422020435 0.7568067759275436 2
    endloop
  endfacet
  facet normal 0 0 1
    outer loop
      vertex -16.11454752087593 0.08628610521554947 2
      vertex -14.495767422020435 0.7568067759275436 2
      vertex -14.25690571218729 0.9279726594686508 2
    endloop
  endfacet
  facet normal 0 0 1
    outer loop
      vertex -16.404480822384357 0.03841792047023773 2
      vertex -16.11454752087593 0.08628610521554947 2
      vertex -14.25690571218729 0.9279726594686508 2
    endloop
  endfacet
  facet normal 0 0 1
    outer loop
      vertex -16.696924075484276 0.009614773094654083 2
      vertex -16.404480822384357 0.03841792047023773 2
      vertex -14.25690571218729 0.9279726594686508 2
    endloop
  endfacet
  facet normal 0 0 1
    outer loop
      vertex -16.990625001490116 0 2
      vertex -16.696924075484276 0.009614773094654083 2
      vertex -14.25690571218729 0.9279726594686508 2
    endloop
  endfacet
  facet normal 0 0 1
    outer loop
      vertex -16.990625001490116 0 2
      vertex -14.25690571218729 0.9279726594686508 2
      vertex -14.02975019812584 1.1143943667411804 2
    endloop
  endfacet
  facet normal 0 0 1
    outer loop
      vertex -16.990625001490116 0 2
      vertex -14.02975019812584 1.1143943667411804 2
      vertex -13.815273612737656 1.3152736127376556 2
    endloop
  endfacet
  facet normal 0 0 1
    outer loop
      vertex -16.990625001490116 0 2
      vertex -13.815273612737656 1.3152736127376556 2
      vertex -13.61439436674118 1.5297501981258392 2
    endloop
  endfacet
  facet normal 0 0 1
    outer loop
      vertex -16.990625001490116 0 2
      vertex -13.61439436674118 1.5297501981258392 2
      vertex -13.42797265946865 1.7569057121872902 2
    endloop
  endfacet
  facet normal 0 0 1
    outer loop
      vertex -16.990625001490116 0 2
      vertex -13.42797265946865 1.7569057121872902 2
      vertex -13.256806775927544 1.9957674220204353 2
    endloop
  endfacet
  facet normal 0 0 1
    outer loop
      vertex -16.990625001490116 0 2
      vertex -13.256806775927544 1.9957674220204353 2
      vertex -13.101629674434662 2.2453125044703484 2
    endloop
  endfacet
  facet normal 0 0 1
    outer loop
      vertex -16.990625001490116 0 2
      vertex -13.101629674434662 2.2453125044703484 2
      vertex -12.963105849921703 2.504472352564335 2
    endloop
  endfacet
  facet normal 0 0 1
    outer loop
      vertex -16.990625001490116 0 2
      vertex -12.963105849921703 2.504472352564335 2
      vertex -12.841828472912312 2.7721372097730637 2
    endloop
  endfacet
  facet normal 0 0 1
    outer loop
      vertex -16.990625001490116 0 2
      vertex -12.841828472912312 2.7721372097730637 2
      vertex -12.738316886126995 3.0471609011292458 2
    endloop
  endfacet
  facet normal 0 0 1
    outer loop
      vertex -16.990625001490116 0 2
      vertex -12.738316886126995 3.0471609011292458 2
      vertex -12.653014339506626 3.3283657282590866 2
    endloop
  endfacet
  facet normal 0 0 1
    outer loop
      vertex -16.990625001490116 0 2
      vertex -12.653014339506626 3.3283657282590866 2
      vertex -12.58628610521555 3.614547520875931 2
    endloop
  endfacet
  facet normal 0 0 1
    outer loop
      vertex -16.990625001490116 0 2
      vertex -12.58628610521555 3.614547520875931 2
      vertex -12.538417920470238 3.9044808223843575 2
    endloop
  endfacet
  facet normal 0 0 1
    outer loop
      vertex -16.990625001490116 0 2
      vertex -12.538417920470238 3.9044808223843575 2
      vertex -12.509614773094654 4.196924075484276 2
    endloop
  endfacet
  facet normal 0 0 1
    outer loop
      vertex -16.990625001490116 0 2
      vertex -12.509614773094654 4.196924075484276 2
      vertex -12.5 4.490625001490116 2
    endloop
  endfacet
  facet normal 0 0 1
    outer loop
      vertex -23.009374998509884 0 2
      vertex -16.990625001490116 0 2
      vertex -12.5 4.490625001490116 2
    endloop
  endfacet
  facet normal 0 0 1
    outer loop
      vertex -23.009374998509884 0 2
      vertex -12.5 4.490625001490116 2
      vertex -12.5 10.509374998509884 2
    endloop
  endfacet
  facet normal 0 0 1
    outer loop
      vertex -23.303075924515724 0.009614773094654083 2
      vertex -23.009374998509884 0 2
      vertex -12.5 10.509374998509884 2
    endloop
  endfacet
  facet normal 0 0 1
    outer loop
      vertex -23.595519177615643 0.03841792047023773 2
      vertex -23.303075924515724 0.009614773094654083 2
      vertex -12.5 10.509374998509884 2
    endloop
  endfacet
  facet normal 0 0 1
    outer loop
      vertex -23.88545247912407 0.08628610521554947 2
      vertex -23.595519177615643 0.03841792047023773 2
      vertex -12.5 10.509374998509884 2
    endloop
  endfacet
  facet normal 0 0 1
    outer loop
      vertex -24.171634271740913 0.15301433950662613 2
      vertex -23.88545247912407 0.08628610521554947 2
      vertex -12.5 10.509374998509884 2
    endloop
  endfacet
  facet normal 0 0 1
    outer loop
      vertex -24.452839098870754 0.2383168861269951 2
      vertex -24.171634271740913 0.15301433950662613 2
      vertex -12.5 10.509374998509884 2
    endloop
  endfacet
  facet normal 0 0 1
    outer loop
      vertex -24.727862790226936 0.34182847291231155 2
      vertex -24.452839098870754 0.2383168861269951 2
      vertex -12.5 10.509374998509884 2
    endloop
  endfacet
  facet normal 0 0 1
    outer loop
      vertex -24.995527647435665 0.46310584992170334 2
      vertex -24.727862790226936 0.34182847291231155 2
      vertex -12.5 10.509374998509884 2
    endloop
  endfacet
  facet normal 0 0 1
    outer loop
      vertex -25.25468749552965 0.6016296744346619 2
      vertex -24.995527647435665 0.46310584992170334 2
      vertex -12.5 10.509374998509884 2
    endloop
  endfacet
  facet normal 0 0 1
    outer loop
      vertex -25.504232577979565 0.7568067759275436 2
      vertex -25.25468749552965 0.6016296744346619 2
      vertex -12.5 10.509374998509884 2
    endloop
  endfacet
  facet normal 0 0 1
    outer loop
      vertex -25.74309428781271 0.9279726594686508 2
      vertex -25.504232577979565 0.7568067759275436 2
      vertex -12.5 10.509374998509884 2
    endloop
  endfacet
  facet normal 0 0 1
    outer loop
      vertex -25.97024980187416 1.1143943667411804 2
      vertex -25.74309428781271 0.9279726594686508 2
      vertex -12.5 10.509374998509884 2
    endloop
  endfacet
  facet normal 0 0 1
    outer loop
      vertex -26.184726387262344 1.3152736127376556 2
      vertex -25.97024980187416 1.1143943667411804 2
      vertex -12.5 10.509374998509884 2
    endloop
  endfacet
  facet normal 0 0 1
    outer loop
      vertex -26.38560563325882 1.5297501981258392 2
      vertex -26.184726387262344 1.3152736127376556 2
      vertex -12.5 10.509374998509884 2
    endloop
  endfacet
  facet normal 0 0 1
    outer loop
      vertex -26.57202734053135 1.7569057121872902 2
      vertex -26.38560563325882 1.5297501981258392 2
      vertex -12.5 10.509374998509884 2
    endloop
  endfacet
  facet normal 0 0 1
    outer loop
      vertex -26.743193224072456 1.9957674220204353 2
      vertex -26.57202734053135 1.7569057121872902 2
      vertex -12.5 10.509374998509884 2
    endloop
  endfacet
  facet normal 0 0 1
    outer loop
      vertex -26.898370325565338 2.2453125044703484 2
      vertex -26.743193224072456 1.9957674220204353 2
      vertex -12.5 10.509374998509884 2
    endloop
  endfacet
  facet normal 0 0 1
    outer loop
      vertex -27.036894150078297 2.504472352564335 2
      vertex -26.898370325565338 2.2453125044703484 2
      vertex -12.5 10.509374998509884 2
    endloop
  endfacet
  facet normal 0 0 1
    outer loop
      vertex -27.15817152708769 2.7721372097730637 2
      vertex -27.036894150078297 2.504472352564335 2
      vertex -12.5 10.509374998509884 2
    endloop
  endfacet
  facet normal 0 0 1
    outer loop
      vertex -27.261683113873005 3.0471609011292458 2
      vertex -27.15817152708769 2.7721372097730637 2
      vertex -12.5 10.509374998509884 2
    endloop
  endfacet
  facet normal 0 0 1
    outer loop
      vertex -27.346985660493374 3.3283657282590866 2
      vertex -27.261683113873005 3.0471609011292458 2
      vertex -12.5 10.509374998509884 2
    endloop
  endfacet
  facet normal 0 0 1
    outer loop
      vertex -27.41371389478445 3.614547520875931 2
      vertex -27.346985660493374 3.3283657282590866 2
      vertex -12.5 10.509374998509884 2
    endloop
  endfacet
  facet normal 0 0 1
    outer loop
      vertex -27.461582079529762 3.9044808223843575 2
      vertex -27.41371389478445 3.614547520875931 2
      vertex -12.5 10.509374998509884 2
    endloop
  endfacet
  facet normal 0 0 1
    outer loop
      vertex -27.490385226905346 4.196924075484276 2
      vertex -27.461582079529762 3.9044808223843575 2
      vertex -12.5 10.509374998509884 2
    endloop
  endfacet
  facet normal 0 0 1
    outer loop
      vertex -27.5 4.490625001490116 2
      vertex -27.490385226905346 4.196924075484276 2
      vertex -12.5 10.509374998509884 2
    endloop
  endfacet
  facet normal 0 0 1
    outer loop
      vertex -27.5 4.490625001490116 2
      vertex -12.5 10.509374998509884 2
      vertex -12.509614773094654 10.803075924515724 2
    endloop
  endfacet
  facet normal 0 0 1
    outer loop
      vertex -27.5 4.490625001490116 2
      vertex -12.509614773094654 10.803075924515724 2
      vertex -12.538417920470238 11.095519177615643 2
    endloop
  endfacet
  facet normal 0 0 1
    outer loop
      vertex -27.5 4.490625001490116 2
      vertex -12.538417920470238 11.095519177615643 2
      vertex -12.58628610521555 11.38545247912407 2
    endloop
  endfacet
  facet normal 0 0 1
    outer loop
      vertex -27.5 4.490625001490116 2
      vertex -12.58628610521555 11.38545247912407 2
      vertex -12.653014339506626 11.671634271740913 2
    endloop
  endfacet
  facet normal 0 0 1
    outer loop
      vertex -27.5 4.490625001490116 2
      vertex -12.653014339506626 11.671634271740913 2
      vertex -12.738316886126995 11.952839098870754 2
    endloop
  endfacet
  facet normal 0 0 1
    outer loop
      vertex -27.5 4.490625001490116 2
      vertex -12.738316886126995 11.952839098870754 2
      vertex -12.841828472912312 12.227862790226936 2
    endloop
  endfacet
  facet normal 0 0 1
    outer loop
      vertex -27.5 4.490625001490116 2
      vertex -12.841828472912312 12.227862790226936 2
      vertex -12.963105849921703 12.495527647435665 2
    endloop
  endfacet
  facet normal 0 0 1
    outer loop
      vertex -27.5 4.490625001490116 2
      vertex -12.963105849921703 12.495527647435665 2
      vertex -13.101629674434662 12.754687495529652 2
    endloop
  endfacet
  facet normal 0 0 1
    outer loop
      vertex -27.5 4.490625001490116 2
      vertex -13.101629674434662 12.754687495529652 2
      vertex -13.256806775927544 13.004232577979565 2
    endloop
  endfacet
  facet normal 0 0 1
    outer loop
      vertex -27.5 4.490625001490116 2
      vertex -13.256806775927544 13.004232577979565 2
      vertex -13.42797265946865 13.24309428781271 2
    endloop
  endfacet
  facet normal 0 0 1
    outer loop
      vertex -27.5 4.490625001490116 2
      vertex -13.42797265946865 13.24309428781271 2
      vertex -13.61439436674118 13.47024980187416 2
    endloop
  endfacet
  facet normal 0 0 1
    outer loop
      vertex -27.5 4.490625001490116 2
      vertex -13.61439436674118 13.47024980187416 2
      vertex -13.815273612737656 13.684726387262344 2
    endloop
  endfacet
  facet normal 0 0 1
    outer loop
      vertex -27.5 4.490625001490116 2
      vertex -13.815273612737656 13.684726387262344 2
      vertex -14.02975019812584 13.88560563325882 2
    endloop
  endfacet
  facet normal 0 0 1
    outer loop
      vertex -27.5 4.490625001490116 2
      vertex -14.02975019812584 13.88560563325882 2
      vertex -14.25690571218729 14.07202734053135 2
    endloop
  endfacet
  facet normal 0 0 1
    outer loop
      vertex -27.5 4.490625001490116 2
      vertex -14.25690571218729 14.07202734053135 2
      vertex -14.495767422020435 14.243193224072456 2
    endloop
  endfacet
  facet normal 0 0 1
    outer loop
      vertex -27.5 4.490625001490116 2
      vertex -14.495767422020435 14.243193224072456 2
      vertex -14.745312504470348 14.398370325565338 2
    endloop
  endfacet
  facet normal 0 0 1
    outer loop
      vertex -27.5 4.490625001490116 2
      vertex -14.745312504470348 14.398370325565338 2
      vertex -15.004472352564335 14.536894150078297 2
    endloop
  endfacet
  facet normal 0 0 1
    outer loop
      vertex -27.5 4.490625001490116 2
      vertex -15.004472352564335 14.536894150078297 2
      vertex -15.272137209773064 14.658171527087688 2
    endloop
  endfacet
  facet normal 0 0 1
    outer loop
      vertex -27.5 4.490625001490116 2
      vertex -15.272137209773064 14.658171527087688 2
      vertex -15.547160901129246 14.761683113873005 2
    endloop
  endfacet
  facet normal 0 0 1
    outer loop
      vertex -27.5 4.490625001490116 2
      vertex -15.547160901129246 14.761683113873005 2
      vertex -15.828365728259087 14.846985660493374 2
    endloop
  endfacet
  facet normal 0 0 1
    outer loop
      vertex -27.5 4.490625001490116 2
      vertex -15.828365728259087 14.846985660493374 2
      vertex -16.11454752087593 14.91371389478445 2
    endloop
  endfacet
  facet normal 0 0 1
    outer loop
      vertex -27.5 4.490625001490116 2
      vertex -16.11454752087593 14.91371389478445 2
      vertex -16.404480822384357 14.961582079529762 2
    endloop
  endfacet
  facet normal 0 0 1
    outer loop
      vertex -27.5 4.490625001490116 2
      vertex -16.404480822384357 14.961582079529762 2
      vertex -16.696924075484276 14.990385226905346 2
    endloop
  endfacet
  facet normal 0 0 1
    outer loop
      vertex -27.5 4.490625001490116 2
      vertex -16.696924075484276 14.990385226905346 2
      vertex -16.990625001490116 15 2
    endloop
  endfacet
  facet normal 0 0 1
    outer loop
      vertex -27.5 10.509374998509884 2
      vertex -27.5 4.490625001490116 2
      vertex -16.990625001490116 15 2
    endloop
  endfacet
  facet normal 0 0 1
    outer loop
      vertex -27.5 10.509374998509884 2
      vertex -16.990625001490116 15 2
      vertex -23.009374998509884 15 2
    endloop
  endfacet
  facet normal 0 0 1
    outer loop
      vertex -27.490385226905346 10.803075924515724 2
      vertex -27.5 10.509374998509884 2
      vertex -23.009374998509884 15 2
    endloop
  endfacet
  facet normal 0 0 1
    outer loop
      vertex -27.461582079529762 11.095519177615643 2
      vertex -27.490385226905346 10.803075924515724 2
      vertex -23.009374998509884 15 2
    endloop
  endfacet
  facet normal 0 0 1
    outer loop
      vertex -27.461582079529762 11.095519177615643 2
      vertex -23.009374998509884 15 2
      vertex -23.303075924515724 14.990385226905346 2
    endloop
  endfacet
  facet normal 0 0 1
    outer loop
      vertex -27.41371389478445 11.38545247912407 2
      vertex -27.461582079529762 11.095519177615643 2
      vertex -23.303075924515724 14.990385226905346 2
    endloop
  endfacet
  facet normal 0 0 1
    outer loop
      vertex -27.41371389478445 11.38545247912407 2
      vertex -23.303075924515724 14.990385226905346 2
      vertex -23.595519177615643 14.961582079529762 2
    endloop
  endfacet
  facet normal 0 0 1
    outer loop
      vertex -27.346985660493374 11.671634271740913 2
      vertex -27.41371389478445 11.38545247912407 2
      vertex -23.595519177615643 14.961582079529762 2
    endloop
  endfacet
  facet normal 0 0 1
    outer loop
      vertex -27.346985660493374 11.671634271740913 2
      vertex -23.595519177615643 14.961582079529762 2
      vertex -23.88545247912407 14.91371389478445 2
    endloop
  endfacet
  facet normal 0 0 1
    outer loop
      vertex -27.346985660493374 11.671634271740913 2
      vertex -23.88545247912407 14.91371389478445 2
      vertex -24.171634271740913 14.846985660493374 2
    endloop
  endfacet
  facet normal 0 0 1
    outer loop
      vertex -27.261683113873005 11.952839098870754 2
      vertex -27.346985660493374 11.671634271740913 2
      vertex -24.171634271740913 14.846985660493374 2
    endloop
  endfacet
  facet normal 0 0 1
    outer loop
      vertex -27.15817152708769 12.227862790226936 2
      vertex -27.261683113873005 11.952839098870754 2
      vertex -24.171634271740913 14.846985660493374 2
    endloop
  endfacet
  facet normal 0 0 1
    outer loop
      vertex -27.036894150078297 12.495527647435665 2
      vertex -27.15817152708769 12.227862790226936 2
      vertex -24.171634271740913 14.846985660493374 2
    endloop
  endfacet
  facet normal 0 0 1
    outer loop
      vertex -27.036894150078297 12.495527647435665 2
      vertex -24.171634271740913 14.846985660493374 2
      vertex -24.452839098870754 14.761683113873005 2
    endloop
  endfacet
  facet normal 0 0 1
    outer loop
      vertex -27.036894150078297 12.495527647435665 2
      vertex -24.452839098870754 14.761683113873005 2
      vertex -24.727862790226936 14.658171527087688 2
    endloop
  endfacet
  facet normal 0 0 1
    outer loop
      vertex -27.036894150078297 12.495527647435665 2
      vertex -24.727862790226936 14.658171527087688 2
      vertex -24.995527647435665 14.536894150078297 2
    endloop
  endfacet
  facet normal 0 0 1
    outer loop
      vertex -26.898370325565338 12.754687495529652 2
      vertex -27.036894150078297 12.495527647435665 2
      vertex -24.995527647435665 14.536894150078297 2
    endloop
  endfacet
  facet normal 0 0 1
    outer loop
      vertex -26.743193224072456 13.004232577979565 2
      vertex -26.898370325565338 12.754687495529652 2
      vertex -24.995527647435665 14.536894150078297 2
    endloop
  endfacet
  facet normal 0 0 1
    outer loop
      vertex -26.57202734053135 13.24309428781271 2
      vertex -26.743193224072456 13.004232577979565 2
      vertex -24.995527647435665 14.536894150078297 2
    endloop
  endfacet
  facet normal 0 0 1
    outer loop
      vertex -26.57202734053135 13.24309428781271 2
      vertex -24.995527647435665 14.536894150078297 2
      vertex -25.25468749552965 14.398370325565338 2
    endloop
  endfacet
  facet normal 0 0 1
    outer loop
      vertex -26.57202734053135 13.24309428781271 2
      vertex -25.25468749552965 14.398370325565338 2
      vertex -25.504232577979565 14.243193224072456 2
    endloop
  endfacet
  facet normal 0 0 1
    outer loop
      vertex -26.57202734053135 13.24309428781271 2
      vertex -25.504232577979565 14.243193224072456 2
      vertex -25.74309428781271 14.07202734053135 2
    endloop
  endfacet
  facet normal 0 0 1
    outer loop
      vertex -26.38560563325882 13.47024980187416 2
      vertex -26.57202734053135 13.24309428781271 2
      vertex -25.74309428781271 14.07202734053135 2
    endloop
  endfacet
  facet normal 0 0 1
    outer loop
      vertex -25.74309428781271 14.07202734053135 2
      vertex -25.97024980187416 13.88560563325882 2
      vertex -26.184726387262344 13.684726387262344 2
    endloop
  endfacet
  facet normal 0 0 1
    outer loop
      vertex -26.38560563325882 13.47024980187416 2
      vertex -25.74309428781271 14.07202734053135 2
      vertex -26.184726387262344 13.684726387262344 2
    endloop
  endfacet
  facet normal 0 0 -1
    outer loop
      vertex -27.5 -12 0
      vertex -27.5 0 0
      vertex -23.009374998509884 0 0
    endloop
  endfacet
  facet normal 0 0 -1
    outer loop
      vertex 22.009374998509884 0 0
      vertex 27.5 0 0
      vertex 27.5 -12 0
    endloop
  endfacet
  facet normal 0 0 -1
    outer loop
      vertex 22.009374998509884 0 0
      vertex 27.5 -12 0
      vertex -27.5 -12 0
    endloop
  endfacet
  facet normal 0 0 -1
    outer loop
      vertex 6.26152553409338 1.7000772953033447 0
      vertex 6.03827977925539 1.4617202207446098 0
      vertex 5.799922704696655 1.23847446590662 0
    endloop
  endfacet
  facet normal 0 0 -1
    outer loop
      vertex 6.26152553409338 1.7000772953033447 0
      vertex 5.799922704696655 1.23847446590662 0
      vertex 5.547475002706051 1.0312959849834442 0
    endloop
  endfacet
  facet normal 0 0 -1
    outer loop
      vertex 6.26152553409338 1.7000772953033447 0
      vertex 5.547475002706051 1.0312959849834442 0
      vertex 5.282017692923546 0.8410719707608223 0
    endloop
  endfacet
  facet normal 0 0 -1
    outer loop
      vertex 6.26152553409338 1.7000772953033447 0
      vertex 5.282017692923546 0.8410719707608223 0
      vertex 5.004687495529652 0.6686169728636742 0
    endloop
  endfacet
  facet normal 0 0 -1
    outer loop
      vertex 6.26152553409338 1.7000772953033447 0
      vertex 5.004687495529652 0.6686169728636742 0
      vertex 4.716671995818615 0.5146694779396057 0
    endloop
  endfacet
  facet normal 0 0 -1
    outer loop
      vertex 6.26152553409338 1.7000772953033447 0
      vertex 4.716671995818615 0.5146694779396057 0
      vertex 4.419204503297806 0.37988870590925217 0
    endloop
  endfacet
  facet normal 0 0 -1
    outer loop
      vertex 6.26152553409338 1.7000772953033447 0
      vertex 4.419204503297806 0.37988870590925217 0
      vertex 4.113558828830719 0.2648518234491348 0
    endloop
  endfacet
  facet normal 0 0 -1
    outer loop
      vertex 6.26152553409338 1.7000772953033447 0
      vertex 4.113558828830719 0.2648518234491348 0
      vertex 3.8010437935590744 0.1700514256954193 0
    endloop
  endfacet
  facet normal 0 0 -1
    outer loop
      vertex 6.26152553409338 1.7000772953033447 0
      vertex 3.8010437935590744 0.1700514256954193 0
      vertex 3.4829976335167885 0.09589346498250961 0
    endloop
  endfacet
  facet normal 0 0 -1
    outer loop
      vertex 6.26152553409338 1.7000772953033447 0
      vertex 3.4829976335167885 0.09589346498250961 0
      vertex 3.160782277584076 0.04269549250602722 0
    endloop
  endfacet
  facet normal 0 0 -1
    outer loop
      vertex 6.468704015016556 1.9525249972939491 0
      vertex 6.26152553409338 1.7000772953033447 0
      vertex 3.160782277584076 0.04269549250602722 0
    endloop
  endfacet
  facet normal 0 0 -1
    outer loop
      vertex 6.658928029239178 2.217982307076454 0
      vertex 6.468704015016556 1.9525249972939491 0
      vertex 3.160782277584076 0.04269549250602722 0
    endloop
  endfacet
  facet normal 0 0 -1
    outer loop
      vertex 6.831383027136326 2.4953125044703484 0
      vertex 6.658928029239178 2.217982307076454 0
      vertex 3.160782277584076 0.04269549250602722 0
    endloop
  endfacet
  facet normal 0 0 -1
    outer loop
      vertex 6.985330522060394 2.783328004181385 0
      vertex 6.831383027136326 2.4953125044703484 0
      vertex 3.160782277584076 0.04269549250602722 0
    endloop
  endfacet
  facet normal 0 0 -1
    outer loop
      vertex 7.120111294090748 3.080795496702194 0
      vertex 6.985330522060394 2.783328004181385 0
      vertex 3.160782277584076 0.04269549250602722 0
    endloop
  endfacet
  facet normal 0 0 -1
    outer loop
      vertex 7.235148176550865 3.386441171169281 0
      vertex 7.120111294090748 3.080795496702194 0
      vertex 3.160782277584076 0.04269549250602722 0
    endloop
  endfacet
  facet normal 0 0 -1
    outer loop
      vertex 7.329948574304581 3.6989562064409256 0
      vertex 7.235148176550865 3.386441171169281 0
      vertex 3.160782277584076 0.04269549250602722 0
    endloop
  endfacet
  facet normal 0 0 -1
    outer loop
      vertex 7.40410653501749 4.0170023664832115 0
      vertex 7.329948574304581 3.6989562064409256 0
      vertex 3.160782277584076 0.04269549250602722 0
    endloop
  endfacet
  facet normal 0 0 -1
    outer loop
      vertex 7.457304507493973 4.339217722415924 0
      vertex 7.40410653501749 4.0170023664832115 0
      vertex 3.160782277584076 0.04269549250602722 0
    endloop
  endfacet
  facet normal 0 0 -1
    outer loop
      vertex 7.457304507493973 4.339217722415924 0
      vertex 3.160782277584076 0.04269549250602722 0
      vertex 2.8357774913311005 0.010685309767723083 0
    endloop
  endfacet
  facet normal 0 0 -1
    outer loop
      vertex 7.457304507493973 4.339217722415924 0
      vertex 2.8357774913311005 0.010685309767723083 0
      vertex 2.509374998509884 0 0
    endloop
  endfacet
  facet normal 0 0 -1
    outer loop
      vertex 7.489314690232277 4.6642225086688995 0
      vertex 7.457304507493973 4.339217722415924 0
      vertex 2.509374998509884 0 0
    endloop
  endfacet
  facet normal 0 0 -1
    outer loop
      vertex 7.5 4.990625001490116 0
      vertex 7.489314690232277 4.6642225086688995 0
      vertex 2.509374998509884 0 0
    endloop
  endfacet
  facet normal 0 0 -1
    outer loop
      vertex 7.5 10.009374998509884 0
      vertex 7.5 4.990625001490116 0
      vertex 2.509374998509884 0 0
    endloop
  endfacet
  facet normal 0 0 -1
    outer loop
      vertex 7.489314690232277 10.3357774913311 0
      vertex 7.5 10.009374998509884 0
      vertex 2.509374998509884 0 0
    endloop
  endfacet
  facet normal 0 0 -1
    outer loop
      vertex 7.457304507493973 10.660782277584076 0
      vertex 7.489314690232277 10.3357774913311 0
      vertex 2.509374998509884 0 0
    endloop
  endfacet
  facet normal 0 0 -1
    outer loop
      vertex 7.40410653501749 10.982997633516788 0
      vertex 7.457304507493973 10.660782277584076 0
      vertex 2.509374998509884 0 0
    endloop
  endfacet
  facet normal 0 0 -1
    outer loop
      vertex 7.329948574304581 11.301043793559074 0
      vertex 7.40410653501749 10.982997633516788 0
      vertex 2.509374998509884 0 0
    endloop
  endfacet
  facet normal 0 0 -1
    outer loop
      vertex 7.235148176550865 11.613558828830719 0
      vertex 7.329948574304581 11.301043793559074 0
      vertex 2.509374998509884 0 0
    endloop
  endfacet
  facet normal 0 0 -1
    outer loop
      vertex 7.120111294090748 11.919204503297806 0
      vertex 7.235148176550865 11.613558828830719 0
      vertex 2.509374998509884 0 0
    endloop
  endfacet
  facet normal 0 0 -1
    outer loop
      vertex 6.985330522060394 12.216671995818615 0
      vertex 7.120111294090748 11.919204503297806 0
      vertex 2.509374998509884 0 0
    endloop
  endfacet
  facet normal 0 0 -1
    outer loop
      vertex 6.831383027136326 12.504687495529652 0
      vertex 6.985330522060394 12.216671995818615 0
      vertex 2.509374998509884 0 0
    endloop
  endfacet
  facet normal 0 0 -1
    outer loop
      vertex 6.658928029239178 12.782017692923546 0
      vertex 6.831383027136326 12.504687495529652 0
      vertex 2.509374998509884 0 0
    endloop
  endfacet
  facet normal 0 0 -1
    outer loop
      vertex 6.468704015016556 13.04747500270605 0
      vertex 6.658928029239178 12.782017692923546 0
      vertex 2.509374998509884 0 0
    endloop
  endfacet
  facet normal 0 0 -1
    outer loop
      vertex 6.26152553409338 13.299922704696655 0
      vertex 6.468704015016556 13.04747500270605 0
      vertex 2.509374998509884 0 0
    endloop
  endfacet
  facet normal 0 0 -1
    outer loop
      vertex 6.03827977925539 13.53827977925539 0
      vertex 6.26152553409338 13.299922704696655 0
      vertex 2.509374998509884 0 0
    endloop
  endfacet
  facet normal 0 0 -1
    outer loop
      vertex 5.799922704696655 13.76152553409338 0
      vertex 6.03827977925539 13.53827977925539 0
      vertex 2.509374998509884 0 0
    endloop
  endfacet
  facet normal 0 0 -1
    outer loop
      vertex 5.547475002706051 13.968704015016556 0
      vertex 5.799922704696655 13.76152553409338 0
      vertex 2.509374998509884 0 0
    endloop
  endfacet
  facet normal 0 0 -1
    outer loop
      vertex 5.282017692923546 14.158928029239178 0
      vertex 5.547475002706051 13.968704015016556 0
      vertex 2.509374998509884 0 0
    endloop
  endfacet
  facet normal 0 0 -1
    outer loop
      vertex 5.004687495529652 14.331383027136326 0
      vertex 5.282017692923546 14.158928029239178 0
      vertex 2.509374998509884 0 0
    endloop
  endfacet
  facet normal 0 0 -1
    outer loop
      vertex 4.716671995818615 14.485330522060394 0
      vertex 5.004687495529652 14.331383027136326 0
      vertex 2.509374998509884 0 0
    endloop
  endfacet
  facet normal 0 0 -1
    outer loop
      vertex 4.419204503297806 14.620111294090748 0
      vertex 4.716671995818615 14.485330522060394 0
      vertex 2.509374998509884 0 0
    endloop
  endfacet
  facet normal 0 0 -1
    outer loop
      vertex 4.113558828830719 14.735148176550865 0
      vertex 4.419204503297806 14.620111294090748 0
      vertex 2.509374998509884 0 0
    endloop
  endfacet
  facet normal 0 0 -1
    outer loop
      vertex 3.8010437935590744 14.82994857430458 0
      vertex 4.113558828830719 14.735148176550865 0
      vertex 2.509374998509884 0 0
    endloop
  endfacet
  facet normal 0 0 -1
    outer loop
      vertex 3.4829976335167885 14.90410653501749 0
      vertex 3.8010437935590744 14.82994857430458 0
      vertex 2.509374998509884 0 0
    endloop
  endfacet
  facet normal 0 0 -1
    outer loop
      vertex 3.160782277584076 14.957304507493973 0
      vertex 3.4829976335167885 14.90410653501749 0
      vertex 2.509374998509884 0 0
    endloop
  endfacet
  facet normal 0 0 -1
    outer loop
      vertex 2.8357774913311005 14.989314690232277 0
      vertex 3.160782277584076 14.957304507493973 0
      vertex 2.509374998509884 0 0
    endloop
  endfacet
  facet normal 0 0 -1
    outer loop
      vertex 2.509374998509884 15 0
      vertex 2.8357774913311005 14.989314690232277 0
      vertex 2.509374998509884 0 0
    endloop
  endfacet
  facet normal 0 0 -1
    outer loop
      vertex -2.509374998509884 15 0
      vertex 2.509374998509884 15 0
      vertex 2.509374998509884 0 0
    endloop
  endfacet
  facet normal 0 0 -1
    outer loop
      vertex -2.8357774913311005 14.989314690232277 0
      vertex -2.509374998509884 15 0
      vertex 2.509374998509884 0 0
    endloop
  endfacet
  facet normal 0 0 -1
    outer loop
      vertex -3.160782277584076 14.957304507493973 0
      vertex -2.8357774913311005 14.989314690232277 0
      vertex 2.509374998509884 0 0
    endloop
  endfacet
  facet normal 0 0 -1
    outer loop
      vertex -3.4829976335167885 14.90410653501749 0
      vertex -3.160782277584076 14.957304507493973 0
      vertex 2.509374998509884 0 0
    endloop
  endfacet
  facet normal 0 0 -1
    outer loop
      vertex -3.8010437935590744 14.82994857430458 0
      vertex -3.4829976335167885 14.90410653501749 0
      vertex 2.509374998509884 0 0
    endloop
  endfacet
  facet normal 0 0 -1
    outer loop
      vertex -4.113558828830719 14.735148176550865 0
      vertex -3.8010437935590744 14.82994857430458 0
      vertex 2.509374998509884 0 0
    endloop
  endfacet
  facet normal 0 0 -1
    outer loop
      vertex -4.419204503297806 14.620111294090748 0
      vertex -4.113558828830719 14.735148176550865 0
      vertex 2.509374998509884 0 0
    endloop
  endfacet
  facet normal 0 0 -1
    outer loop
      vertex -4.716671995818615 14.485330522060394 0
      vertex -4.419204503297806 14.620111294090748 0
      vertex 2.509374998509884 0 0
    endloop
  endfacet
  facet normal 0 0 -1
    outer loop
      vertex -5.004687495529652 14.331383027136326 0
      vertex -4.716671995818615 14.485330522060394 0
      vertex 2.509374998509884 0 0
    endloop
  endfacet
  facet normal 0 0 -1
    outer loop
      vertex -5.282017692923546 14.158928029239178 0
      vertex -5.004687495529652 14.331383027136326 0
      vertex 2.509374998509884 0 0
    endloop
  endfacet
  facet normal 0 0 -1
    outer loop
      vertex -5.547475002706051 13.968704015016556 0
      vertex -5.282017692923546 14.158928029239178 0
      vertex 2.509374998509884 0 0
    endloop
  endfacet
  facet normal 0 0 -1
    outer loop
      vertex -5.799922704696655 13.76152553409338 0
      vertex -5.547475002706051 13.968704015016556 0
      vertex 2.509374998509884 0 0
    endloop
  endfacet
  facet normal 0 0 -1
    outer loop
      vertex -6.03827977925539 13.53827977925539 0
      vertex -5.799922704696655 13.76152553409338 0
      vertex 2.509374998509884 0 0
    endloop
  endfacet
  facet normal 0 0 -1
    outer loop
      vertex -6.26152553409338 13.299922704696655 0
      vertex -6.03827977925539 13.53827977925539 0
      vertex 2.509374998509884 0 0
    endloop
  endfacet
  facet normal 0 0 -1
    outer loop
      vertex -6.468704015016556 13.04747500270605 0
      vertex -6.26152553409338 13.299922704696655 0
      vertex 2.509374998509884 0 0
    endloop
  endfacet
  facet normal 0 0 -1
    outer loop
      vertex -6.658928029239178 12.782017692923546 0
      vertex -6.468704015016556 13.04747500270605 0
      vertex 2.509374998509884 0 0
    endloop
  endfacet
  facet normal 0 0 -1
    outer loop
      vertex -6.831383027136326 12.504687495529652 0
      vertex -6.658928029239178 12.782017692923546 0
      vertex 2.509374998509884 0 0
    endloop
  endfacet
  facet normal 0 0 -1
    outer loop
      vertex -6.985330522060394 12.216671995818615 0
      vertex -6.831383027136326 12.504687495529652 0
      vertex 2.509374998509884 0 0
    endloop
  endfacet
  facet normal 0 0 -1
    outer loop
      vertex -7.120111294090748 11.919204503297806 0
      vertex -6.985330522060394 12.216671995818615 0
      vertex 2.509374998509884 0 0
    endloop
  endfacet
  facet normal 0 0 -1
    outer loop
      vertex -7.235148176550865 11.613558828830719 0
      vertex -7.120111294090748 11.919204503297806 0
      vertex 2.509374998509884 0 0
    endloop
  endfacet
  facet normal 0 0 -1
    outer loop
      vertex -7.329948574304581 11.301043793559074 0
      vertex -7.235148176550865 11.613558828830719 0
      vertex 2.509374998509884 0 0
    endloop
  endfacet
  facet normal 0 0 -1
    outer loop
      vertex -7.40410653501749 10.982997633516788 0
      vertex -7.329948574304581 11.301043793559074 0
      vertex 2.509374998509884 0 0
    endloop
  endfacet
  facet normal 0 0 -1
    outer loop
      vertex -7.457304507493973 10.660782277584076 0
      vertex -7.40410653501749 10.982997633516788 0
      vertex 2.509374998509884 0 0
    endloop
  endfacet
  facet normal 0 0 -1
    outer loop
      vertex -7.489314690232277 10.3357774913311 0
      vertex -7.457304507493973 10.660782277584076 0
      vertex 2.509374998509884 0 0
    endloop
  endfacet
  facet normal 0 0 -1
    outer loop
      vertex -7.5 10.009374998509884 0
      vertex -7.489314690232277 10.3357774913311 0
      vertex 2.509374998509884 0 0
    endloop
  endfacet
  facet normal 0 0 -1
    outer loop
      vertex -7.5 4.990625001490116 0
      vertex -7.5 10.009374998509884 0
      vertex 2.509374998509884 0 0
    endloop
  endfacet
  facet normal 0 0 -1
    outer loop
      vertex -7.489314690232277 4.6642225086688995 0
      vertex -7.5 4.990625001490116 0
      vertex 2.509374998509884 0 0
    endloop
  endfacet
  facet normal 0 0 -1
    outer loop
      vertex -7.457304507493973 4.339217722415924 0
      vertex -7.489314690232277 4.6642225086688995 0
      vertex 2.509374998509884 0 0
    endloop
  endfacet
  facet normal 0 0 -1
    outer loop
      vertex -7.40410653501749 4.0170023664832115 0
      vertex -7.457304507493973 4.339217722415924 0
      vertex 2.509374998509884 0 0
    endloop
  endfacet
  facet normal 0 0 -1
    outer loop
      vertex -7.329948574304581 3.6989562064409256 0
      vertex -7.40410653501749 4.0170023664832115 0
      vertex 2.509374998509884 0 0
    endloop
  endfacet
  facet normal 0 0 -1
    outer loop
      vertex -7.235148176550865 3.386441171169281 0
      vertex -7.329948574304581 3.6989562064409256 0
      vertex 2.509374998509884 0 0
    endloop
  endfacet
  facet normal 0 0 -1
    outer loop
      vertex -7.120111294090748 3.080795496702194 0
      vertex -7.235148176550865 3.386441171169281 0
      vertex 2.509374998509884 0 0
    endloop
  endfacet
  facet normal 0 0 -1
    outer loop
      vertex -6.985330522060394 2.783328004181385 0
      vertex -7.120111294090748 3.080795496702194 0
      vertex 2.509374998509884 0 0
    endloop
  endfacet
  facet normal 0 0 -1
    outer loop
      vertex -6.831383027136326 2.4953125044703484 0
      vertex -6.985330522060394 2.783328004181385 0
      vertex 2.509374998509884 0 0
    endloop
  endfacet
  facet normal 0 0 -1
    outer loop
      vertex -6.658928029239178 2.217982307076454 0
      vertex -6.831383027136326 2.4953125044703484 0
      vertex 2.509374998509884 0 0
    endloop
  endfacet
  facet normal 0 0 -1
    outer loop
      vertex -6.468704015016556 1.9525249972939491 0
      vertex -6.658928029239178 2.217982307076454 0
      vertex 2.509374998509884 0 0
    endloop
  endfacet
  facet normal 0 0 -1
    outer loop
      vertex -6.26152553409338 1.7000772953033447 0
      vertex -6.468704015016556 1.9525249972939491 0
      vertex 2.509374998509884 0 0
    endloop
  endfacet
  facet normal 0 0 -1
    outer loop
      vertex -6.03827977925539 1.4617202207446098 0
      vertex -6.26152553409338 1.7000772953033447 0
      vertex 2.509374998509884 0 0
    endloop
  endfacet
  facet normal 0 0 -1
    outer loop
      vertex -5.799922704696655 1.23847446590662 0
      vertex -6.03827977925539 1.4617202207446098 0
      vertex 2.509374998509884 0 0
    endloop
  endfacet
  facet normal 0 0 -1
    outer loop
      vertex -5.547475002706051 1.0312959849834442 0
      vertex -5.799922704696655 1.23847446590662 0
      vertex 2.509374998509884 0 0
    endloop
  endfacet
  facet normal 0 0 -1
    outer loop
      vertex -5.282017692923546 0.8410719707608223 0
      vertex -5.547475002706051 1.0312959849834442 0
      vertex 2.509374998509884 0 0
    endloop
  endfacet
  facet normal 0 0 -1
    outer loop
      vertex -5.004687495529652 0.6686169728636742 0
      vertex -5.282017692923546 0.8410719707608223 0
      vertex 2.509374998509884 0 0
    endloop
  endfacet
  facet normal 0 0 -1
    outer loop
      vertex -4.716671995818615 0.5146694779396057 0
      vertex -5.004687495529652 0.6686169728636742 0
      vertex 2.509374998509884 0 0
    endloop
  endfacet
  facet normal 0 0 -1
    outer loop
      vertex -4.419204503297806 0.37988870590925217 0
      vertex -4.716671995818615 0.5146694779396057 0
      vertex 2.509374998509884 0 0
    endloop
  endfacet
  facet normal 0 0 -1
    outer loop
      vertex -4.113558828830719 0.2648518234491348 0
      vertex -4.419204503297806 0.37988870590925217 0
      vertex 2.509374998509884 0 0
    endloop
  endfacet
  facet normal 0 0 -1
    outer loop
      vertex -3.8010437935590744 0.1700514256954193 0
      vertex -4.113558828830719 0.2648518234491348 0
      vertex 2.509374998509884 0 0
    endloop
  endfacet
  facet normal 0 0 -1
    outer loop
      vertex -3.4829976335167885 0.09589346498250961 0
      vertex -3.8010437935590744 0.1700514256954193 0
      vertex 2.509374998509884 0 0
    endloop
  endfacet
  facet normal 0 0 -1
    outer loop
      vertex -3.160782277584076 0.04269549250602722 0
      vertex -3.4829976335167885 0.09589346498250961 0
      vertex 2.509374998509884 0 0
    endloop
  endfacet
  facet normal 0 0 -1
    outer loop
      vertex -2.8357774913311005 0.010685309767723083 0
      vertex -3.160782277584076 0.04269549250602722 0
      vertex 2.509374998509884 0 0
    endloop
  endfacet
  facet normal 0 0 -1
    outer loop
      vertex -2.509374998509884 0 0
      vertex -2.8357774913311005 0.010685309767723083 0
      vertex 2.509374998509884 0 0
    endloop
  endfacet
  facet normal 0 0 -1
    outer loop
      vertex 23.08054279536009 0.10550082474946976 0
      vertex 22.72604537010193 0.046973057091236115 0
      vertex 22.368479058146477 0.01175585389137268 0
    endloop
  endfacet
  facet normal 0 0 -1
    outer loop
      vertex 23.08054279536009 0.10550082474946976 0
      vertex 22.368479058146477 0.01175585389137268 0
      vertex 22.009374998509884 0 0
    endloop
  endfacet
  facet normal 0 0 -1
    outer loop
      vertex 23.430453315377235 0.1870885118842125 0
      vertex 23.08054279536009 0.10550082474946976 0
      vertex 22.009374998509884 0 0
    endloop
  endfacet
  facet normal 0 0 -1
    outer loop
      vertex 23.774278566241264 0.29138676077127457 0
      vertex 23.430453315377235 0.1870885118842125 0
      vertex 22.009374998509884 0 0
    endloop
  endfacet
  facet normal 0 0 -1
    outer loop
      vertex 24.110546216368675 0.4179489463567734 0
      vertex 23.774278566241264 0.29138676077127457 0
      vertex 22.009374998509884 0 0
    endloop
  endfacet
  facet normal 0 0 -1
    outer loop
      vertex 24.437816336750984 0.5662331059575081 0
      vertex 24.110546216368675 0.4179489463567734 0
      vertex 22.009374998509884 0 0
    endloop
  endfacet
  facet normal 0 0 -1
    outer loop
      vertex 24.75468749552965 0.7356042712926865 0
      vertex 24.437816336750984 0.5662331059575081 0
      vertex 22.009374998509884 0 0
    endloop
  endfacet
  facet normal 0 0 -1
    outer loop
      vertex 25.059802807867527 0.9253371581435204 0
      vertex 24.75468749552965 0.7356042712926865 0
      vertex 22.009374998509884 0 0
    endloop
  endfacet
  facet normal 0 0 -1
    outer loop
      vertex 25.351855717599392 1.1346193179488182 0
      vertex 25.059802807867527 0.9253371581435204 0
      vertex 22.009374998509884 0 0
    endloop
  endfacet
  facet normal 0 0 -1
    outer loop
      vertex 25.62959561496973 1.362554557621479 0
      vertex 25.351855717599392 1.1346193179488182 0
      vertex 22.009374998509884 0 0
    endloop
  endfacet
  facet normal 0 0 -1
    outer loop
      vertex 25.891833171248436 1.608166828751564 0
      vertex 25.62959561496973 1.362554557621479 0
      vertex 22.009374998509884 0 0
    endloop
  endfacet
  facet normal 0 0 -1
    outer loop
      vertex 26.13744544237852 1.8704043850302696 0
      vertex 25.891833171248436 1.608166828751564 0
      vertex 22.009374998509884 0 0
    endloop
  endfacet
  facet normal 0 0 -1
    outer loop
      vertex 26.365380682051182 2.148144282400608 0
      vertex 26.13744544237852 1.8704043850302696 0
      vertex 22.009374998509884 0 0
    endloop
  endfacet
  facet normal 0 0 -1
    outer loop
      vertex 26.57466284185648 2.440197192132473 0
      vertex 26.365380682051182 2.148144282400608 0
      vertex 22.009374998509884 0 0
    endloop
  endfacet
  facet normal 0 0 -1
    outer loop
      vertex 26.764395728707314 2.7453125044703484 0
      vertex 26.57466284185648 2.440197192132473 0
      vertex 22.009374998509884 0 0
    endloop
  endfacet
  facet normal 0 0 -1
    outer loop
      vertex 26.933766894042492 3.062183663249016 0
      vertex 26.764395728707314 2.7453125044703484 0
      vertex 22.009374998509884 0 0
    endloop
  endfacet
  facet normal 0 0 -1
    outer loop
      vertex 27.082051053643227 3.3894537836313248 0
      vertex 26.933766894042492 3.062183663249016 0
      vertex 22.009374998509884 0 0
    endloop
  endfacet
  facet normal 0 0 -1
    outer loop
      vertex 27.208613239228725 3.7257214337587357 0
      vertex 27.082051053643227 3.3894537836313248 0
      vertex 22.009374998509884 0 0
    endloop
  endfacet
  facet normal 0 0 -1
    outer loop
      vertex 27.312911488115788 4.069546684622765 0
      vertex 27.208613239228725 3.7257214337587357 0
      vertex 22.009374998509884 0 0
    endloop
  endfacet
  facet normal 0 0 -1
    outer loop
      vertex 27.39449917525053 4.419457204639912 0
      vertex 27.312911488115788 4.069546684622765 0
      vertex 22.009374998509884 0 0
    endloop
  endfacet
  facet normal 0 0 -1
    outer loop
      vertex 27.453026942908764 4.773954629898071 0
      vertex 27.39449917525053 4.419457204639912 0
      vertex 22.009374998509884 0 0
    endloop
  endfacet
  facet normal 0 0 -1
    outer loop
      vertex 27.488244146108627 5.131520941853523 0
      vertex 27.453026942908764 4.773954629898071 0
      vertex 22.009374998509884 0 0
    endloop
  endfacet
  facet normal 0 0 -1
    outer loop
      vertex 27.5 5.490625001490116 0
      vertex 27.488244146108627 5.131520941853523 0
      vertex 22.009374998509884 0 0
    endloop
  endfacet
  facet normal 0 0 -1
    outer loop
      vertex 27.5 9.509374998509884 0
      vertex 27.5 5.490625001490116 0
      vertex 22.009374998509884 0 0
    endloop
  endfacet
  facet normal 0 0 -1
    outer loop
      vertex 27.488244146108627 9.868479058146477 0
      vertex 27.5 9.509374998509884 0
      vertex 22.009374998509884 0 0
    endloop
  endfacet
  facet normal 0 0 -1
    outer loop
      vertex 27.453026942908764 10.226045370101929 0
      vertex 27.488244146108627 9.868479058146477 0
      vertex 22.009374998509884 0 0
    endloop
  endfacet
  facet normal 0 0 -1
    outer loop
      vertex 27.39449917525053 10.580542795360088 0
      vertex 27.453026942908764 10.226045370101929 0
      vertex 22.009374998509884 0 0
    endloop
  endfacet
  facet normal 0 0 -1
    outer loop
      vertex 27.312911488115788 10.930453315377235 0
      vertex 27.39449917525053 10.580542795360088 0
      vertex 22.009374998509884 0 0
    endloop
  endfacet
  facet normal 0 0 -1
    outer loop
      vertex 27.208613239228725 11.274278566241264 0
      vertex 27.312911488115788 10.930453315377235 0
      vertex 22.009374998509884 0 0
    endloop
  endfacet
  facet normal 0 0 -1
    outer loop
      vertex 27.082051053643227 11.610546216368675 0
      vertex 27.208613239228725 11.274278566241264 0
      vertex 22.009374998509884 0 0
    endloop
  endfacet
  facet normal 0 0 -1
    outer loop
      vertex 26.933766894042492 11.937816336750984 0
      vertex 27.082051053643227 11.610546216368675 0
      vertex 22.009374998509884 0 0
    endloop
  endfacet
  facet normal 0 0 -1
    outer loop
      vertex 26.764395728707314 12.254687495529652 0
      vertex 26.933766894042492 11.937816336750984 0
      vertex 22.009374998509884 0 0
    endloop
  endfacet
  facet normal 0 0 -1
    outer loop
      vertex 26.57466284185648 12.559802807867527 0
      vertex 26.764395728707314 12.254687495529652 0
      vertex 22.009374998509884 0 0
    endloop
  endfacet
  facet normal 0 0 -1
    outer loop
      vertex 26.365380682051182 12.851855717599392 0
      vertex 26.57466284185648 12.559802807867527 0
      vertex 22.009374998509884 0 0
    endloop
  endfacet
  facet normal 0 0 -1
    outer loop
      vertex 26.13744544237852 13.12959561496973 0
      vertex 26.365380682051182 12.851855717599392 0
      vertex 22.009374998509884 0 0
    endloop
  endfacet
  facet normal 0 0 -1
    outer loop
      vertex 25.891833171248436 13.391833171248436 0
      vertex 26.13744544237852 13.12959561496973 0
      vertex 22.009374998509884 0 0
    endloop
  endfacet
  facet normal 0 0 -1
    outer loop
      vertex 25.62959561496973 13.637445442378521 0
      vertex 25.891833171248436 13.391833171248436 0
      vertex 22.009374998509884 0 0
    endloop
  endfacet
  facet normal 0 0 -1
    outer loop
      vertex 25.351855717599392 13.865380682051182 0
      vertex 25.62959561496973 13.637445442378521 0
      vertex 22.009374998509884 0 0
    endloop
  endfacet
  facet normal 0 0 -1
    outer loop
      vertex 25.059802807867527 14.07466284185648 0
      vertex 25.351855717599392 13.865380682051182 0
      vertex 22.009374998509884 0 0
    endloop
  endfacet
  facet normal 0 0 -1
    outer loop
      vertex 24.75468749552965 14.264395728707314 0
      vertex 25.059802807867527 14.07466284185648 0
      vertex 22.009374998509884 0 0
    endloop
  endfacet
  facet normal 0 0 -1
    outer loop
      vertex 24.437816336750984 14.433766894042492 0
      vertex 24.75468749552965 14.264395728707314 0
      vertex 22.009374998509884 0 0
    endloop
  endfacet
  facet normal 0 0 -1
    outer loop
      vertex 24.110546216368675 14.582051053643227 0
      vertex 24.437816336750984 14.433766894042492 0
      vertex 22.009374998509884 0 0
    endloop
  endfacet
  facet normal 0 0 -1
    outer loop
      vertex 23.774278566241264 14.708613239228725 0
      vertex 24.110546216368675 14.582051053643227 0
      vertex 22.009374998509884 0 0
    endloop
  endfacet
  facet normal 0 0 -1
    outer loop
      vertex 23.430453315377235 14.812911488115788 0
      vertex 23.774278566241264 14.708613239228725 0
      vertex 22.009374998509884 0 0
    endloop
  endfacet
  facet normal 0 0 -1
    outer loop
      vertex 23.08054279536009 14.89449917525053 0
      vertex 23.430453315377235 14.812911488115788 0
      vertex 22.009374998509884 0 0
    endloop
  endfacet
  facet normal 0 0 -1
    outer loop
      vertex 22.72604537010193 14.953026942908764 0
      vertex 23.08054279536009 14.89449917525053 0
      vertex 22.009374998509884 0 0
    endloop
  endfacet
  facet normal 0 0 -1
    outer loop
      vertex 22.368479058146477 14.988244146108627 0
      vertex 22.72604537010193 14.953026942908764 0
      vertex 22.009374998509884 0 0
    endloop
  endfacet
  facet normal 0 0 -1
    outer loop
      vertex 22.009374998509884 15 0
      vertex 22.368479058146477 14.988244146108627 0
      vertex 22.009374998509884 0 0
    endloop
  endfacet
  facet normal 0 0 -1
    outer loop
      vertex 17.990625001490116 15 0
      vertex 22.009374998509884 15 0
      vertex 22.009374998509884 0 0
    endloop
  endfacet
  facet normal 0 0 -1
    outer loop
      vertex 17.631520941853523 14.988244146108627 0
      vertex 17.990625001490116 15 0
      vertex 22.009374998509884 0 0
    endloop
  endfacet
  facet normal 0 0 -1
    outer loop
      vertex 17.27395462989807 14.953026942908764 0
      vertex 17.631520941853523 14.988244146108627 0
      vertex 22.009374998509884 0 0
    endloop
  endfacet
  facet normal 0 0 -1
    outer loop
      vertex 16.91945720463991 14.89449917525053 0
      vertex 17.27395462989807 14.953026942908764 0
      vertex 22.009374998509884 0 0
    endloop
  endfacet
  facet normal 0 0 -1
    outer loop
      vertex 16.569546684622765 14.812911488115788 0
      vertex 16.91945720463991 14.89449917525053 0
      vertex 22.009374998509884 0 0
    endloop
  endfacet
  facet normal 0 0 -1
    outer loop
      vertex 16.225721433758736 14.708613239228725 0
      vertex 16.569546684622765 14.812911488115788 0
      vertex 22.009374998509884 0 0
    endloop
  endfacet
  facet normal 0 0 -1
    outer loop
      vertex 15.889453783631325 14.582051053643227 0
      vertex 16.225721433758736 14.708613239228725 0
      vertex 22.009374998509884 0 0
    endloop
  endfacet
  facet normal 0 0 -1
    outer loop
      vertex 15.562183663249016 14.433766894042492 0
      vertex 15.889453783631325 14.582051053643227 0
      vertex 22.009374998509884 0 0
    endloop
  endfacet
  facet normal 0 0 -1
    outer loop
      vertex 15.245312504470348 14.264395728707314 0
      vertex 15.562183663249016 14.433766894042492 0
      vertex 22.009374998509884 0 0
    endloop
  endfacet
  facet normal 0 0 -1
    outer loop
      vertex 14.940197192132473 14.07466284185648 0
      vertex 15.245312504470348 14.264395728707314 0
      vertex 22.009374998509884 0 0
    endloop
  endfacet
  facet normal 0 0 -1
    outer loop
      vertex 14.648144282400608 13.865380682051182 0
      vertex 14.940197192132473 14.07466284185648 0
      vertex 22.009374998509884 0 0
    endloop
  endfacet
  facet normal 0 0 -1
    outer loop
      vertex 14.37040438503027 13.637445442378521 0
      vertex 14.648144282400608 13.865380682051182 0
      vertex 22.009374998509884 0 0
    endloop
  endfacet
  facet normal 0 0 -1
    outer loop
      vertex 14.108166828751564 13.391833171248436 0
      vertex 14.37040438503027 13.637445442378521 0
      vertex 22.009374998509884 0 0
    endloop
  endfacet
  facet normal 0 0 -1
    outer loop
      vertex 13.862554557621479 13.12959561496973 0
      vertex 14.108166828751564 13.391833171248436 0
      vertex 22.009374998509884 0 0
    endloop
  endfacet
  facet normal 0 0 -1
    outer loop
      vertex 13.634619317948818 12.851855717599392 0
      vertex 13.862554557621479 13.12959561496973 0
      vertex 22.009374998509884 0 0
    endloop
  endfacet
  facet normal 0 0 -1
    outer loop
      vertex 13.42533715814352 12.559802807867527 0
      vertex 13.634619317948818 12.851855717599392 0
      vertex 22.009374998509884 0 0
    endloop
  endfacet
  facet normal 0 0 -1
    outer loop
      vertex 13.235604271292686 12.254687495529652 0
      vertex 13.42533715814352 12.559802807867527 0
      vertex 22.009374998509884 0 0
    endloop
  endfacet
  facet normal 0 0 -1
    outer loop
      vertex 13.066233105957508 11.937816336750984 0
      vertex 13.235604271292686 12.254687495529652 0
      vertex 22.009374998509884 0 0
    endloop
  endfacet
  facet normal 0 0 -1
    outer loop
      vertex 12.917948946356773 11.610546216368675 0
      vertex 13.066233105957508 11.937816336750984 0
      vertex 22.009374998509884 0 0
    endloop
  endfacet
  facet normal 0 0 -1
    outer loop
      vertex 12.791386760771275 11.274278566241264 0
      vertex 12.917948946356773 11.610546216368675 0
      vertex 22.009374998509884 0 0
    endloop
  endfacet
  facet normal 0 0 -1
    outer loop
      vertex 12.687088511884212 10.930453315377235 0
      vertex 12.791386760771275 11.274278566241264 0
      vertex 22.009374998509884 0 0
    endloop
  endfacet
  facet normal 0 0 -1
    outer loop
      vertex 12.60550082474947 10.580542795360088 0
      vertex 12.687088511884212 10.930453315377235 0
      vertex 22.009374998509884 0 0
    endloop
  endfacet
  facet normal 0 0 -1
    outer loop
      vertex 12.546973057091236 10.226045370101929 0
      vertex 12.60550082474947 10.580542795360088 0
      vertex 22.009374998509884 0 0
    endloop
  endfacet
  facet normal 0 0 -1
    outer loop
      vertex 12.511755853891373 9.868479058146477 0
      vertex 12.546973057091236 10.226045370101929 0
      vertex 22.009374998509884 0 0
    endloop
  endfacet
  facet normal 0 0 -1
    outer loop
      vertex 12.5 9.509374998509884 0
      vertex 12.511755853891373 9.868479058146477 0
      vertex 22.009374998509884 0 0
    endloop
  endfacet
  facet normal 0 0 -1
    outer loop
      vertex 12.5 5.490625001490116 0
      vertex 12.5 9.509374998509884 0
      vertex 22.009374998509884 0 0
    endloop
  endfacet
  facet normal 0 0 -1
    outer loop
      vertex 12.511755853891373 5.131520941853523 0
      vertex 12.5 5.490625001490116 0
      vertex 22.009374998509884 0 0
    endloop
  endfacet
  facet normal 0 0 -1
    outer loop
      vertex 12.546973057091236 4.773954629898071 0
      vertex 12.511755853891373 5.131520941853523 0
      vertex 22.009374998509884 0 0
    endloop
  endfacet
  facet normal 0 0 -1
    outer loop
      vertex 12.60550082474947 4.419457204639912 0
      vertex 12.546973057091236 4.773954629898071 0
      vertex 22.009374998509884 0 0
    endloop
  endfacet
  facet normal 0 0 -1
    outer loop
      vertex 12.687088511884212 4.069546684622765 0
      vertex 12.60550082474947 4.419457204639912 0
      vertex 22.009374998509884 0 0
    endloop
  endfacet
  facet normal 0 0 -1
    outer loop
      vertex 12.791386760771275 3.7257214337587357 0
      vertex 12.687088511884212 4.069546684622765 0
      vertex 22.009374998509884 0 0
    endloop
  endfacet
  facet normal 0 0 -1
    outer loop
      vertex 12.917948946356773 3.3894537836313248 0
      vertex 12.791386760771275 3.7257214337587357 0
      vertex 22.009374998509884 0 0
    endloop
  endfacet
  facet normal 0 0 -1
    outer loop
      vertex 13.066233105957508 3.062183663249016 0
      vertex 12.917948946356773 3.3894537836313248 0
      vertex 22.009374998509884 0 0
    endloop
  endfacet
  facet normal 0 0 -1
    outer loop
      vertex 13.235604271292686 2.7453125044703484 0
      vertex 13.066233105957508 3.062183663249016 0
      vertex 22.009374998509884 0 0
    endloop
  endfacet
  facet normal 0 0 -1
    outer loop
      vertex 13.42533715814352 2.440197192132473 0
      vertex 13.235604271292686 2.7453125044703484 0
      vertex 22.009374998509884 0 0
    endloop
  endfacet
  facet normal 0 0 -1
    outer loop
      vertex 13.634619317948818 2.148144282400608 0
      vertex 13.42533715814352 2.440197192132473 0
      vertex 22.009374998509884 0 0
    endloop
  endfacet
  facet normal 0 0 -1
    outer loop
      vertex 13.862554557621479 1.8704043850302696 0
      vertex 13.634619317948818 2.148144282400608 0
      vertex 22.009374998509884 0 0
    endloop
  endfacet
  facet normal 0 0 -1
    outer loop
      vertex 14.108166828751564 1.608166828751564 0
      vertex 13.862554557621479 1.8704043850302696 0
      vertex 22.009374998509884 0 0
    endloop
  endfacet
  facet normal 0 0 -1
    outer loop
      vertex 14.37040438503027 1.362554557621479 0
      vertex 14.108166828751564 1.608166828751564 0
      vertex 22.009374998509884 0 0
    endloop
  endfacet
  facet normal 0 0 -1
    outer loop
      vertex 14.648144282400608 1.1346193179488182 0
      vertex 14.37040438503027 1.362554557621479 0
      vertex 22.009374998509884 0 0
    endloop
  endfacet
  facet normal 0 0 -1
    outer loop
      vertex 14.940197192132473 0.9253371581435204 0
      vertex 14.648144282400608 1.1346193179488182 0
      vertex 22.009374998509884 0 0
    endloop
  endfacet
  facet normal 0 0 -1
    outer loop
      vertex 15.245312504470348 0.7356042712926865 0
      vertex 14.940197192132473 0.9253371581435204 0
      vertex 22.009374998509884 0 0
    endloop
  endfacet
  facet normal 0 0 -1
    outer loop
      vertex 15.562183663249016 0.5662331059575081 0
      vertex 15.245312504470348 0.7356042712926865 0
      vertex 22.009374998509884 0 0
    endloop
  endfacet
  facet normal 0 0 -1
    outer loop
      vertex 15.889453783631325 0.4179489463567734 0
      vertex 15.562183663249016 0.5662331059575081 0
      vertex 22.009374998509884 0 0
    endloop
  endfacet
  facet normal 0 0 -1
    outer loop
      vertex 16.225721433758736 0.29138676077127457 0
      vertex 15.889453783631325 0.4179489463567734 0
      vertex 22.009374998509884 0 0
    endloop
  endfacet
  facet normal 0 0 -1
    outer loop
      vertex 16.569546684622765 0.1870885118842125 0
      vertex 16.225721433758736 0.29138676077127457 0
      vertex 22.009374998509884 0 0
    endloop
  endfacet
  facet normal 0 0 -1
    outer loop
      vertex 16.91945720463991 0.10550082474946976 0
      vertex 16.569546684622765 0.1870885118842125 0
      vertex 22.009374998509884 0 0
    endloop
  endfacet
  facet normal 0 0 -1
    outer loop
      vertex 17.27395462989807 0.046973057091236115 0
      vertex 16.91945720463991 0.10550082474946976 0
      vertex 22.009374998509884 0 0
    endloop
  endfacet
  facet normal 0 0 -1
    outer loop
      vertex 17.631520941853523 0.01175585389137268 0
      vertex 17.27395462989807 0.046973057091236115 0
      vertex 22.009374998509884 0 0
    endloop
  endfacet
  facet normal 0 0 -1
    outer loop
      vertex 17.990625001490116 0 0
      vertex 17.631520941853523 0.01175585389137268 0
      vertex 22.009374998509884 0 0
    endloop
  endfacet
  facet normal 0 0 -1
    outer loop
      vertex 17.990625001490116 0 0
      vertex 22.009374998509884 0 0
      vertex -27.5 -12 0
    endloop
  endfacet
  facet normal 0 0 -1
    outer loop
      vertex 2.509374998509884 0 0
      vertex 17.990625001490116 0 0
      vertex -27.5 -12 0
    endloop
  endfacet
  facet normal 0 0 -1
    outer loop
      vertex -2.509374998509884 0 0
      vertex 2.509374998509884 0 0
      vertex -27.5 -12 0
    endloop
  endfacet
  facet normal 0 0 -1
    outer loop
      vertex -16.990625001490116 0 0
      vertex -2.509374998509884 0 0
      vertex -27.5 -12 0
    endloop
  endfacet
  facet normal 0 0 -1
    outer loop
      vertex -16.990625001490116 0 0
      vertex -27.5 -12 0
      vertex -23.009374998509884 0 0
    endloop
  endfacet
  facet normal 0 0 -1
    outer loop
      vertex -15.004472352564335 0.46310584992170334 0
      vertex -15.272137209773064 0.34182847291231155 0
      vertex -15.547160901129246 0.2383168861269951 0
    endloop
  endfacet
  facet normal 0 0 -1
    outer loop
      vertex -15.004472352564335 0.46310584992170334 0
      vertex -15.547160901129246 0.2383168861269951 0
      vertex -15.828365728259087 0.15301433950662613 0
    endloop
  endfacet
  facet normal 0 0 -1
    outer loop
      vertex -15.004472352564335 0.46310584992170334 0
      vertex -15.828365728259087 0.15301433950662613 0
      vertex -16.11454752087593 0.08628610521554947 0
    endloop
  endfacet
  facet normal 0 0 -1
    outer loop
      vertex -14.745312504470348 0.6016296744346619 0
      vertex -15.004472352564335 0.46310584992170334 0
      vertex -16.11454752087593 0.08628610521554947 0
    endloop
  endfacet
  facet normal 0 0 -1
    outer loop
      vertex -14.495767422020435 0.7568067759275436 0
      vertex -14.745312504470348 0.6016296744346619 0
      vertex -16.11454752087593 0.08628610521554947 0
    endloop
  endfacet
  facet normal 0 0 -1
    outer loop
      vertex -14.25690571218729 0.9279726594686508 0
      vertex -14.495767422020435 0.7568067759275436 0
      vertex -16.11454752087593 0.08628610521554947 0
    endloop
  endfacet
  facet normal 0 0 -1
    outer loop
      vertex -14.25690571218729 0.9279726594686508 0
      vertex -16.11454752087593 0.08628610521554947 0
      vertex -16.404480822384357 0.03841792047023773 0
    endloop
  endfacet
  facet normal 0 0 -1
    outer loop
      vertex -14.25690571218729 0.9279726594686508 0
      vertex -16.404480822384357 0.03841792047023773 0
      vertex -16.696924075484276 0.009614773094654083 0
    endloop
  endfacet
  facet normal 0 0 -1
    outer loop
      vertex -14.25690571218729 0.9279726594686508 0
      vertex -16.696924075484276 0.009614773094654083 0
      vertex -16.990625001490116 0 0
    endloop
  endfacet
  facet normal 0 0 -1
    outer loop
      vertex -14.02975019812584 1.1143943667411804 0
      vertex -14.25690571218729 0.9279726594686508 0
      vertex -16.990625001490116 0 0
    endloop
  endfacet
  facet normal 0 0 -1
    outer loop
      vertex -13.815273612737656 1.3152736127376556 0
      vertex -14.02975019812584 1.1143943667411804 0
      vertex -16.990625001490116 0 0
    endloop
  endfacet
  facet normal 0 0 -1
    outer loop
      vertex -13.61439436674118 1.5297501981258392 0
      vertex -13.815273612737656 1.3152736127376556 0
      vertex -16.990625001490116 0 0
    endloop
  endfacet
  facet normal 0 0 -1
    outer loop
      vertex -13.42797265946865 1.7569057121872902 0
      vertex -13.61439436674118 1.5297501981258392 0
      vertex -16.990625001490116 0 0
    endloop
  endfacet
  facet normal 0 0 -1
    outer loop
      vertex -13.256806775927544 1.9957674220204353 0
      vertex -13.42797265946865 1.7569057121872902 0
      vertex -16.990625001490116 0 0
    endloop
  endfacet
  facet normal 0 0 -1
    outer loop
      vertex -13.101629674434662 2.2453125044703484 0
      vertex -13.256806775927544 1.9957674220204353 0
      vertex -16.990625001490116 0 0
    endloop
  endfacet
  facet normal 0 0 -1
    outer loop
      vertex -12.963105849921703 2.504472352564335 0
      vertex -13.101629674434662 2.2453125044703484 0
      vertex -16.990625001490116 0 0
    endloop
  endfacet
  facet normal 0 0 -1
    outer loop
      vertex -12.841828472912312 2.7721372097730637 0
      vertex -12.963105849921703 2.504472352564335 0
      vertex -16.990625001490116 0 0
    endloop
  endfacet
  facet normal 0 0 -1
    outer loop
      vertex -12.738316886126995 3.0471609011292458 0
      vertex -12.841828472912312 2.7721372097730637 0
      vertex -16.990625001490116 0 0
    endloop
  endfacet
  facet normal 0 0 -1
    outer loop
      vertex -12.653014339506626 3.3283657282590866 0
      vertex -12.738316886126995 3.0471609011292458 0
      vertex -16.990625001490116 0 0
    endloop
  endfacet
  facet normal 0 0 -1
    outer loop
      vertex -12.58628610521555 3.614547520875931 0
      vertex -12.653014339506626 3.3283657282590866 0
      vertex -16.990625001490116 0 0
    endloop
  endfacet
  facet normal 0 0 -1
    outer loop
      vertex -12.538417920470238 3.9044808223843575 0
      vertex -12.58628610521555 3.614547520875931 0
      vertex -16.990625001490116 0 0
    endloop
  endfacet
  facet normal 0 0 -1
    outer loop
      vertex -12.509614773094654 4.196924075484276 0
      vertex -12.538417920470238 3.9044808223843575 0
      vertex -16.990625001490116 0 0
    endloop
  endfacet
  facet normal 0 0 -1
    outer loop
      vertex -12.5 4.490625001490116 0
      vertex -12.509614773094654 4.196924075484276 0
      vertex -16.990625001490116 0 0
    endloop
  endfacet
  facet normal 0 0 -1
    outer loop
      vertex -12.5 4.490625001490116 0
      vertex -16.990625001490116 0 0
      vertex -23.009374998509884 0 0
    endloop
  endfacet
  facet normal 0 0 -1
    outer loop
      vertex -12.5 10.509374998509884 0
      vertex -12.5 4.490625001490116 0
      vertex -23.009374998509884 0 0
    endloop
  endfacet
  facet normal 0 0 -1
    outer loop
      vertex -12.5 10.509374998509884 0
      vertex -23.009374998509884 0 0
      vertex -23.303075924515724 0.009614773094654083 0
    endloop
  endfacet
  facet normal 0 0 -1
    outer loop
      vertex -12.5 10.509374998509884 0
      vertex -23.303075924515724 0.009614773094654083 0
      vertex -23.595519177615643 0.03841792047023773 0
    endloop
  endfacet
  facet normal 0 0 -1
    outer loop
      vertex -12.5 10.509374998509884 0
      vertex -23.595519177615643 0.03841792047023773 0
      vertex -23.88545247912407 0.08628610521554947 0
    endloop
  endfacet
  facet normal 0 0 -1
    outer loop
      vertex -12.5 10.509374998509884 0
      vertex -23.88545247912407 0.08628610521554947 0
      vertex -24.171634271740913 0.15301433950662613 0
    endloop
  endfacet
  facet normal 0 0 -1
    outer loop
      vertex -12.5 10.509374998509884 0
      vertex -24.171634271740913 0.15301433950662613 0
      vertex -24.452839098870754 0.2383168861269951 0
    endloop
  endfacet
  facet normal 0 0 -1
    outer loop
      vertex -12.5 10.509374998509884 0
      vertex -24.452839098870754 0.2383168861269951 0
      vertex -24.727862790226936 0.34182847291231155 0
    endloop
  endfacet
  facet normal 0 0 -1
    outer loop
      vertex -12.5 10.509374998509884 0
      vertex -24.727862790226936 0.34182847291231155 0
      vertex -24.995527647435665 0.46310584992170334 0
    endloop
  endfacet
  facet normal 0 0 -1
    outer loop
      vertex -12.5 10.509374998509884 0
      vertex -24.995527647435665 0.46310584992170334 0
      vertex -25.25468749552965 0.6016296744346619 0
    endloop
  endfacet
  facet normal 0 0 -1
    outer loop
      vertex -12.5 10.509374998509884 0
      vertex -25.25468749552965 0.6016296744346619 0
      vertex -25.504232577979565 0.7568067759275436 0
    endloop
  endfacet
  facet normal 0 0 -1
    outer loop
      vertex -12.5 10.509374998509884 0
      vertex -25.504232577979565 0.7568067759275436 0
      vertex -25.74309428781271 0.9279726594686508 0
    endloop
  endfacet
  facet normal 0 0 -1
    outer loop
      vertex -12.5 10.509374998509884 0
      vertex -25.74309428781271 0.9279726594686508 0
      vertex -25.97024980187416 1.1143943667411804 0
    endloop
  endfacet
  facet normal 0 0 -1
    outer loop
      vertex -12.5 10.509374998509884 0
      vertex -25.97024980187416 1.1143943667411804 0
      vertex -26.184726387262344 1.3152736127376556 0
    endloop
  endfacet
  facet normal 0 0 -1
    outer loop
      vertex -12.5 10.509374998509884 0
      vertex -26.184726387262344 1.3152736127376556 0
      vertex -26.38560563325882 1.5297501981258392 0
    endloop
  endfacet
  facet normal 0 0 -1
    outer loop
      vertex -12.5 10.509374998509884 0
      vertex -26.38560563325882 1.5297501981258392 0
      vertex -26.57202734053135 1.7569057121872902 0
    endloop
  endfacet
  facet normal 0 0 -1
    outer loop
      vertex -12.5 10.509374998509884 0
      vertex -26.57202734053135 1.7569057121872902 0
      vertex -26.743193224072456 1.9957674220204353 0
    endloop
  endfacet
  facet normal 0 0 -1
    outer loop
      vertex -12.5 10.509374998509884 0
      vertex -26.743193224072456 1.9957674220204353 0
      vertex -26.898370325565338 2.2453125044703484 0
    endloop
  endfacet
  facet normal 0 0 -1
    outer loop
      vertex -12.5 10.509374998509884 0
      vertex -26.898370325565338 2.2453125044703484 0
      vertex -27.036894150078297 2.504472352564335 0
    endloop
  endfacet
  facet normal 0 0 -1
    outer loop
      vertex -12.5 10.509374998509884 0
      vertex -27.036894150078297 2.504472352564335 0
      vertex -27.15817152708769 2.7721372097730637 0
    endloop
  endfacet
  facet normal 0 0 -1
    outer loop
      vertex -12.5 10.509374998509884 0
      vertex -27.15817152708769 2.7721372097730637 0
      vertex -27.261683113873005 3.0471609011292458 0
    endloop
  endfacet
  facet normal 0 0 -1
    outer loop
      vertex -12.5 10.509374998509884 0
      vertex -27.261683113873005 3.0471609011292458 0
      vertex -27.346985660493374 3.3283657282590866 0
    endloop
  endfacet
  facet normal 0 0 -1
    outer loop
      vertex -12.5 10.509374998509884 0
      vertex -27.346985660493374 3.3283657282590866 0
      vertex -27.41371389478445 3.614547520875931 0
    endloop
  endfacet
  facet normal 0 0 -1
    outer loop
      vertex -12.5 10.509374998509884 0
      vertex -27.41371389478445 3.614547520875931 0
      vertex -27.461582079529762 3.9044808223843575 0
    endloop
  endfacet
  facet normal 0 0 -1
    outer loop
      vertex -12.5 10.509374998509884 0
      vertex -27.461582079529762 3.9044808223843575 0
      vertex -27.490385226905346 4.196924075484276 0
    endloop
  endfacet
  facet normal 0 0 -1
    outer loop
      vertex -12.5 10.509374998509884 0
      vertex -27.490385226905346 4.196924075484276 0
      vertex -27.5 4.490625001490116 0
    endloop
  endfacet
  facet normal 0 0 -1
    outer loop
      vertex -12.509614773094654 10.803075924515724 0
      vertex -12.5 10.509374998509884 0
      vertex -27.5 4.490625001490116 0
    endloop
  endfacet
  facet normal 0 0 -1
    outer loop
      vertex -12.538417920470238 11.095519177615643 0
      vertex -12.509614773094654 10.803075924515724 0
      vertex -27.5 4.490625001490116 0
    endloop
  endfacet
  facet normal 0 0 -1
    outer loop
      vertex -12.58628610521555 11.38545247912407 0
      vertex -12.538417920470238 11.095519177615643 0
      vertex -27.5 4.490625001490116 0
    endloop
  endfacet
  facet normal 0 0 -1
    outer loop
      vertex -12.653014339506626 11.671634271740913 0
      vertex -12.58628610521555 11.38545247912407 0
      vertex -27.5 4.490625001490116 0
    endloop
  endfacet
  facet normal 0 0 -1
    outer loop
      vertex -12.738316886126995 11.952839098870754 0
      vertex -12.653014339506626 11.671634271740913 0
      vertex -27.5 4.490625001490116 0
    endloop
  endfacet
  facet normal 0 0 -1
    outer loop
      vertex -12.841828472912312 12.227862790226936 0
      vertex -12.738316886126995 11.952839098870754 0
      vertex -27.5 4.490625001490116 0
    endloop
  endfacet
  facet normal 0 0 -1
    outer loop
      vertex -12.963105849921703 12.495527647435665 0
      vertex -12.841828472912312 12.227862790226936 0
      vertex -27.5 4.490625001490116 0
    endloop
  endfacet
  facet normal 0 0 -1
    outer loop
      vertex -13.101629674434662 12.754687495529652 0
      vertex -12.963105849921703 12.495527647435665 0
      vertex -27.5 4.490625001490116 0
    endloop
  endfacet
  facet normal 0 0 -1
    outer loop
      vertex -13.256806775927544 13.004232577979565 0
      vertex -13.101629674434662 12.754687495529652 0
      vertex -27.5 4.490625001490116 0
    endloop
  endfacet
  facet normal 0 0 -1
    outer loop
      vertex -13.42797265946865 13.24309428781271 0
      vertex -13.256806775927544 13.004232577979565 0
      vertex -27.5 4.490625001490116 0
    endloop
  endfacet
  facet normal 0 0 -1
    outer loop
      vertex -13.61439436674118 13.47024980187416 0
      vertex -13.42797265946865 13.24309428781271 0
      vertex -27.5 4.490625001490116 0
    endloop
  endfacet
  facet normal 0 0 -1
    outer loop
      vertex -13.815273612737656 13.684726387262344 0
      vertex -13.61439436674118 13.47024980187416 0
      vertex -27.5 4.490625001490116 0
    endloop
  endfacet
  facet normal 0 0 -1
    outer loop
      vertex -14.02975019812584 13.88560563325882 0
      vertex -13.815273612737656 13.684726387262344 0
      vertex -27.5 4.490625001490116 0
    endloop
  endfacet
  facet normal 0 0 -1
    outer loop
      vertex -14.25690571218729 14.07202734053135 0
      vertex -14.02975019812584 13.88560563325882 0
      vertex -27.5 4.490625001490116 0
    endloop
  endfacet
  facet normal 0 0 -1
    outer loop
      vertex -14.495767422020435 14.243193224072456 0
      vertex -14.25690571218729 14.07202734053135 0
      vertex -27.5 4.490625001490116 0
    endloop
  endfacet
  facet normal 0 0 -1
    outer loop
      vertex -14.745312504470348 14.398370325565338 0
      vertex -14.495767422020435 14.243193224072456 0
      vertex -27.5 4.490625001490116 0
    endloop
  endfacet
  facet normal 0 0 -1
    outer loop
      vertex -15.004472352564335 14.536894150078297 0
      vertex -14.745312504470348 14.398370325565338 0
      vertex -27.5 4.490625001490116 0
    endloop
  endfacet
  facet normal 0 0 -1
    outer loop
      vertex -15.272137209773064 14.658171527087688 0
      vertex -15.004472352564335 14.536894150078297 0
      vertex -27.5 4.490625001490116 0
    endloop
  endfacet
  facet normal 0 0 -1
    outer loop
      vertex -15.547160901129246 14.761683113873005 0
      vertex -15.272137209773064 14.658171527087688 0
      vertex -27.5 4.490625001490116 0
    endloop
  endfacet
  facet normal 0 0 -1
    outer loop
      vertex -15.828365728259087 14.846985660493374 0
      vertex -15.547160901129246 14.761683113873005 0
      vertex -27.5 4.490625001490116 0
    endloop
  endfacet
  facet normal 0 0 -1
    outer loop
      vertex -16.11454752087593 14.91371389478445 0
      vertex -15.828365728259087 14.846985660493374 0
      vertex -27.5 4.490625001490116 0
    endloop
  endfacet
  facet normal 0 0 -1
    outer loop
      vertex -16.404480822384357 14.961582079529762 0
      vertex -16.11454752087593 14.91371389478445 0
      vertex -27.5 4.490625001490116 0
    endloop
  endfacet
  facet normal 0 0 -1
    outer loop
      vertex -16.696924075484276 14.990385226905346 0
      vertex -16.404480822384357 14.961582079529762 0
      vertex -27.5 4.490625001490116 0
    endloop
  endfacet
  facet normal 0 0 -1
    outer loop
      vertex -16.990625001490116 15 0
      vertex -16.696924075484276 14.990385226905346 0
      vertex -27.5 4.490625001490116 0
    endloop
  endfacet
  facet normal 0 0 -1
    outer loop
      vertex -16.990625001490116 15 0
      vertex -27.5 4.490625001490116 0
      vertex -27.5 10.509374998509884 0
    endloop
  endfacet
  facet normal 0 0 -1
    outer loop
      vertex -23.009374998509884 15 0
      vertex -16.990625001490116 15 0
      vertex -27.5 10.509374998509884 0
    endloop
  endfacet
  facet normal 0 0 -1
    outer loop
      vertex -23.009374998509884 15 0
      vertex -27.5 10.509374998509884 0
      vertex -27.490385226905346 10.803075924515724 0
    endloop
  endfacet
  facet normal 0 0 -1
    outer loop
      vertex -23.009374998509884 15 0
      vertex -27.490385226905346 10.803075924515724 0
      vertex -27.461582079529762 11.095519177615643 0
    endloop
  endfacet
  facet normal 0 0 -1
    outer loop
      vertex -23.303075924515724 14.990385226905346 0
      vertex -23.009374998509884 15 0
      vertex -27.461582079529762 11.095519177615643 0
    endloop
  endfacet
  facet normal 0 0 -1
    outer loop
      vertex -23.303075924515724 14.990385226905346 0
      vertex -27.461582079529762 11.095519177615643 0
      vertex -27.41371389478445 11.38545247912407 0
    endloop
  endfacet
  facet normal 0 0 -1
    outer loop
      vertex -23.595519177615643 14.961582079529762 0
      vertex -23.303075924515724 14.990385226905346 0
      vertex -27.41371389478445 11.38545247912407 0
    endloop
  endfacet
  facet normal 0 0 -1
    outer loop
      vertex -23.595519177615643 14.961582079529762 0
      vertex -27.41371389478445 11.38545247912407 0
      vertex -27.346985660493374 11.671634271740913 0
    endloop
  endfacet
  facet normal 0 0 -1
    outer loop
      vertex -23.88545247912407 14.91371389478445 0
      vertex -23.595519177615643 14.961582079529762 0
      vertex -27.346985660493374 11.671634271740913 0
    endloop
  endfacet
  facet normal 0 0 -1
    outer loop
      vertex -24.171634271740913 14.846985660493374 0
      vertex -23.88545247912407 14.91371389478445 0
      vertex -27.346985660493374 11.671634271740913 0
    endloop
  endfacet
  facet normal 0 0 -1
    outer loop
      vertex -24.171634271740913 14.846985660493374 0
      vertex -27.346985660493374 11.671634271740913 0
      vertex -27.261683113873005 11.952839098870754 0
    endloop
  endfacet
  facet normal 0 0 -1
    outer loop
      vertex -24.171634271740913 14.846985660493374 0
      vertex -27.261683113873005 11.952839098870754 0
      vertex -27.15817152708769 12.227862790226936 0
    endloop
  endfacet
  facet normal 0 0 -1
    outer loop
      vertex -24.171634271740913 14.846985660493374 0
      vertex -27.15817152708769 12.227862790226936 0
      vertex -27.036894150078297 12.495527647435665 0
    endloop
  endfacet
  facet normal 0 0 -1
    outer loop
      vertex -24.452839098870754 14.761683113873005 0
      vertex -24.171634271740913 14.846985660493374 0
      vertex -27.036894150078297 12.495527647435665 0
    endloop
  endfacet
  facet normal 0 0 -1
    outer loop
      vertex -24.727862790226936 14.658171527087688 0
      vertex -24.452839098870754 14.761683113873005 0
      vertex -27.036894150078297 12.495527647435665 0
    endloop
  endfacet
  facet normal 0 0 -1
    outer loop
      vertex -24.995527647435665 14.536894150078297 0
      vertex -24.727862790226936 14.658171527087688 0
      vertex -27.036894150078297 12.495527647435665 0
    endloop
  endfacet
  facet normal 0 0 -1
    outer loop
      vertex -24.995527647435665 14.536894150078297 0
      vertex -27.036894150078297 12.495527647435665 0
      vertex -26.898370325565338 12.754687495529652 0
    endloop
  endfacet
  facet normal 0 0 -1
    outer loop
      vertex -24.995527647435665 14.536894150078297 0
      vertex -26.898370325565338 12.754687495529652 0
      vertex -26.743193224072456 13.004232577979565 0
    endloop
  endfacet
  facet normal 0 0 -1
    outer loop
      vertex -24.995527647435665 14.536894150078297 0
      vertex -26.743193224072456 13.004232577979565 0
      vertex -26.57202734053135 13.24309428781271 0
    endloop
  endfacet
  facet normal 0 0 -1
    outer loop
      vertex -25.25468749552965 14.398370325565338 0
      vertex -24.995527647435665 14.536894150078297 0
      vertex -26.57202734053135 13.24309428781271 0
    endloop
  endfacet
  facet normal 0 0 -1
    outer loop
      vertex -25.504232577979565 14.243193224072456 0
      vertex -25.25468749552965 14.398370325565338 0
      vertex -26.57202734053135 13.24309428781271 0
    endloop
  endfacet
  facet normal 0 0 -1
    outer loop
      vertex -25.74309428781271 14.07202734053135 0
      vertex -25.504232577979565 14.243193224072456 0
      vertex -26.57202734053135 13.24309428781271 0
    endloop
  endfacet
  facet normal 0 0 -1
    outer loop
      vertex -25.74309428781271 14.07202734053135 0
      vertex -26.57202734053135 13.24309428781271 0
      vertex -26.38560563325882 13.47024980187416 0
    endloop
  endfacet
  facet normal 0 0 -1
    outer loop
      vertex -26.184726387262344 13.684726387262344 0
      vertex -25.97024980187416 13.88560563325882 0
      vertex -25.74309428781271 14.07202734053135 0
    endloop
  endfacet
  facet normal 0 0 -1
    outer loop
      vertex -26.184726387262344 13.684726387262344 0
      vertex -25.74309428781271 14.07202734053135 0
      vertex -26.38560563325882 13.47024980187416 0
    endloop
  endfacet
endsolid OpenSCAD_Model
